msno,city,bd,gender,registered_via,registration_init_time
4bVPhHMFT6ZYrkzqUkcQFv/2LZMzbWI0E47Rf5PkZQU=,5,41,male,4,20170113
XbtH5QkkDx+E/kGMgLWpxXmW0V6QgxPOUqeW/BtAePA=,11,31,male,9,20060421
Qy5Vw8i+X2WgZ430f27tIwKtPyQpwAUmRJe6i5b0OiY=,4,48,female,9,20060609
iLp1n8hnIxEneAAgEG6eRpZy1MDLZxl0tlWbWa1gHls=,13,35,male,9,20060706
C8ZozAkFkUZ+YTmdWjcJSiZ6DJT9rNaQvuFdrkH7jrk=,4,25,female,9,20060708
teyU6Vm72azf5utjYl8H5J7OqLQVLpAWtJBEYMnPvcQ=,4,69,female,9,20060713
8y0D4+ttSCrxOVQrjAfe8jMjbK6ejQqSeWh+ep0Wt3A=,5,39,female,7,20110926
3Cqsdyfm4nEpKkX2dr7PvTqfwYEpP6oRuOPtSNKMfPs=,4,25,male,3,20141102
t5yN5FwhvS85HXdLxWT4LQnBEuWLGrgULdkw7GlHLkc=,5,30,male,9,20090202
OMvOOgSWIt0d0oXGb2z8ycz6yxV4/VY000B9ErSYTYs=,4,25,male,9,20090213
fkiIqsB95ZopOfF3KPj9sHsITlFfhJI8yCLEq1eaxlM=,18,38,male,9,20090228
7yidN8cWzp3bqfnYIUoEjG/G7nk314XqflAa5OO+VNA=,13,29,male,9,20070628
gJ67g7tS/0qTcijQGZk6+qX+hb4Iuywg4SrVijqAVuc=,6,35,female,9,20070909
vq7V6ZnM+fJybuA0/ZJBgCxLC6ZV3ccEZzky2xlwnPA=,13,29,male,9,20071216
qPtkrt1m/8tX815Lo1tTchWTA2u6kBIzmtWbaQkC3nM=,4,30,female,7,20170107
f6yegP5EkZHL+1NoZ1m7O73IWIIPUreYb9RFf74pWsM=,5,51,male,7,20170131
WIXkbZ9jwtwrx+8Apnj6VlgQhVgBGGiQ/rWx23QO3pE=,8,21,female,3,20160722
3lCXbgqVwGgnQPvszhV72WrsoslxhkhVvGrIuPam0QU=,13,29,male,4,20160725
GwDmaMzGxx1FOFVs85BrIpd6pHP8o237otPaphKJdNs=,7,59,female,9,20070607
rHXy4hDydEBeBCNh5pSR6zDGc/CXCuAIfHR5gS12ROk=,6,28,female,9,20120312
z0qp1Ccq8zBO0ZXzoC4y9OBbAP3GVw4bC0ZOiFWy7jc=,4,51,female,9,20120403
zK/pNOymjiMK7L6NmatwBnDPBARldNuzs+695vjlF08=,15,23,male,9,20120424
fiUApm0bnyJrbV6C2cHRn7EKolAUby+ke+YNFTy7KNk=,4,22,male,3,20131110
QsDmUcvtQjimc4vNF8qQ0tE09I3sSfE6HNNs1cYNFo4=,13,42,female,3,20130618
xTU+phPukJ2jwpb83soQIihR1e6CH3o4KXDzfkOhqMY=,13,62,male,9,20061206
uaxig3rQHwPYFMVSoBTpGCSzjmBa2wSctUISbDNOHvo=,5,54,male,9,20070428
sLkvufLeRZJJmlytXefQxC3bvjOcoBSFe4bzcz5G/Mk=,6,31,male,9,20090901
eHTl6M99ijIBUPrO9zUVKhhKwDO7gPqbZU9/uoBq0UY=,5,29,female,9,20091105
TzhKxyhOEGAqj8wk5o8FCzOBTj8Xh4Wv2j0Fm6JIl3Y=,1,31,male,4,20170119
XYhnsYGXZdj7q6xBJAELU6hTt5B+/q6Ybv0z1GrQjeA=,5,41,female,7,20100414
jlz2aM3Fp6/1QztmSPqjO5+DsChHQslVwn9qJEAsNuY=,6,28,female,9,20100513
m6TpEdePtUIc2bNBUY9n2+TREEJNu27QfqR7KIHo3NY=,12,48,female,9,20100902
QWXWohwP2Gy6ki7HvXK5P9ks0GnDY07qTfBKvqLJE/c=,6,20,female,9,20150902
/Ff6G1PcZmBszfZtppr4byLCyRR33TwVcInvCXZ+EIc=,15,31,male,4,20170122
iPSXGXVY89vBAli8K6x9lapspTth/mbyckhyFG3XptA=,1,24,male,4,20170122
U940F1qBqDsSqRXhlYxd+9hBGXXl5gfzeCmgUrNpZiM=,5,24,female,7,20110721
M22s0JjIZx30jTJAp42WaODGIPc3ooORmJ64u8JvjYI=,21,22,male,4,20170115
LzPzh/jMQlpXt2Kp6feMt6+gm3A5QQPny1tjZUK3q7k=,13,30,male,4,20170124
3ckmnjPzovuQ7i9N476G2LYZ2itH7Sr/aKVztXp4xdE=,9,22,female,9,20130718
AU1AXuhQriNIxQC0uuejqAEs1mABCIg+TClnuhjFrVs=,22,23,female,9,20070815
6jrjlcszoLvl+Ycq2NPrTtTxvWZ7ayPWTKlTdBYh45s=,6,29,male,9,20070927
lCEzMT5oPvyT1lRMXRLbDyvXadp+IBGNQ+VZQs27Mrs=,4,22,male,9,20071122
goj8lz80dqe6TW6BpBfe3A4Rpbbd5Io4UFgk4cIelIg=,17,29,male,9,20071126
W1Kh+z0JmbPjB6Ug13a2TzM6abAs7gMyAaeOCtsBgfI=,15,42,male,9,20051105
droVCwHrJo8APbrIGc/ISdAlOWirnLjkxbDHQfmr5sg=,15,35,female,9,20110720
hGzkm2NbC+JoXt/i8Tjd8xc/k0rBBK/ZPYdvkqJ35pg=,13,28,male,9,20060709
k9mHPnsFhCLx3HLJV86JnnJuZNQfjWDbWFqtyPTTjcc=,12,24,male,9,20070501
sRhLR6P5WYcJX2Zr7tgPEDde24kr0NfCS6LAWToKI/U=,5,25,female,9,20070804
/jZsJbo+7qqFMh/yB+Zp+ODRn6zvv5JPP2RHIqK5CeQ=,13,35,male,9,20070810
hRHJfN8JaVqN38LV584EO8vJKi9Z9IbcI+eSbCM0Lps=,14,24,female,9,20071222
aD+KSIaf7j/vlhEKnJVIGngXCri7C2pIjRmSwiAcEKk=,12,48,male,7,20160421
wM2J8Mwy/xBizrg7RYMCT6hc14i9vMjb3qUublik2R0=,7,43,female,7,20100428
YSirns4kN44D8E52XRVyvLSnnbwrNrUTC9vYm1dyE2I=,3,25,female,9,20100901
WSp9Pq2E8Q2DXCAGekycMHxGAOfIY3wku0itRQrm6Zc=,1,25,female,7,20140915
MT8N91lnNH55lk0FdkwgLoHQQAoLdUM27w8s5/2p+No=,6,55,male,3,20140306
0nZ+g8aadvIKXVIT55xKn8MhvQW/+TbuvaJKpWevtp4=,22,29,male,9,20050520
+gQhfm0YmVRrwtb+CA6YMdyaqqAg3YcNUc4Ik2TlIEU=,9,24,male,9,20120207
TffEUKo3C6DUHy153jmuRuhIe7pu9zq/WLZwOiPqsH0=,13,43,female,9,20120330
buaODlLF6Ii7dlYVCGU8r2hyhuVUmziDyA+Yvhp8fSg=,5,35,male,9,20060629
z0GVXHktZouvK84Hq9eKbv5ADb6VPa6QpSzuqGRDg7I=,13,35,male,4,20161114
WHFuXdMHvlpnTTYgXddpKT8/rzK9vPnpA54lMKReDAw=,21,30,male,7,20161212
ljQmzVWPPjCupRvA107VkGZkHJmEsZ+cdDQCz7wgOD8=,5,29,male,3,20161228
vlLbghMidYkc6t39rP5nKYLU+/hnrCZopsXI9DpiGEw=,5,33,female,9,20060220
oO8tl/jpPQKFvxjNZ/VMxaigWQ3SOvfaG/0rB3Vkf8Y=,14,25,male,7,20111126
H+BZOKGN7PcvFnZRITKO7CDfvrNhuN4s5kwJnXGKin4=,13,23,male,9,20111128
+iiI8xmCo/MZnN4zx6/9DUqDvp35pdegnXBobnq3Os0=,15,27,female,4,20161230
KgjMU60+F/ahiFQBuBcud0CbnHp4XBj8R2nrwHKtOz4=,5,15,female,3,20170108
0nGYT4XM+z/3rCPH0mDyBXQ0VR0ZG3Aai2adlagyo0o=,17,17,male,3,20130814
q1B3EZ4Pq9NE4798hhkpOu59NStddoQdBpGszAVFejc=,22,29,male,3,20161126
BZOlCeoenDA1sRnmFpj90IhDomgexKWEfGdCpnOjk0A=,5,24,male,3,20161127
AlA2Bm8ApDC1tU71yilkNepIiiKz+ahSxCZqpVLFxf8=,8,27,male,9,20061106
jh4I9Bm8f0fZ7o8786Mp7zeC5T3ZNNtiq1stLuId+N0=,22,27,female,3,20130121
P7opfuxVBgfbdJPy3/W0oA6yWqTFPqPFPQTB3rrjanA=,13,35,male,9,20130217
YPtdRJmMTlOwLpWtvEfQm4gUfG0PwooSYb/vdVq7dNE=,5,27,female,9,20130303
x//kkJbFxWpnR6DryuubboVqh2wBVL8MSEwvNaNe1oo=,13,33,male,9,20080201
CeZACxIpIAY0E6PG1NHYIThbnW1SEO9SsotpiT7Rjkw=,4,34,male,9,20170130
I0B/OpmYHOjDBxU3OE6xXblGHscuUnSATJWGNa3NL20=,5,19,female,4,20170131
yLmlNfRweUOrfcImXw9zBIZ48N+3vra2I6+952tPGoI=,5,19,female,7,20160825
tYM11d6hwsHDGywCgvFp4PCpb5z2ndl3siA0O+07oos=,3,24,female,9,20070915
t5myL4pkyhG5Ykilem6pecSnZCeb5Rv+VjxccUOI914=,14,29,male,9,20071110
sj/NW43JAD23+XECAbe8LRhsAbsanGdc99CTgJSngIA=,13,26,male,9,20090407
vFrPIPfVQHqYcPwjQEfOsQT+Q70cm3dKUhOsTH5auBA=,13,27,male,3,20150827
6I6UNXx8vqIIcwpQFukH9ov78Lf6xzDxzP9ahyqPXKc=,4,29,female,7,20110611
yrr30ebaPF9/ptGn5DsvSn5TcDhdAp9qdFXYRFvyNf4=,5,32,female,7,20140525
+n0Jvbe1pjqp4ScDYbI0puQLzRbNV0+1EwlH6TFENlU=,15,25,male,3,20140621
Ak+BGs+XHOnc9O1KPVItQzw+d1zP6wH7FCgQSZ7Zwho=,12,29,female,7,20161108
WZw2UxcjUi32i6EHKjx3OnGNBjuLHrVzcvSVcbEoVzg=,15,29,male,7,20111109
MQUkOsIGoKyl2PTLpjLDaG7HVKaQnWvEAHY6W0xbzWo=,13,30,male,9,20111201
TXSwE9TUJ9XHJOYCQgU44QY/l8D9BGEp5DQyDOgqVdc=,4,25,female,9,20110819
+oUBvPYY13RsAzrEGuWG1L9jqT9lgQmLpmhfoVkPTqU=,13,24,female,9,20070710
2ycemqUOY2AUWEjzYU5B+hxWizL2JuN7eEZwvB+F6VQ=,5,35,female,9,20071109
soSosnTro6mLtClBazoQGe+D5CZkeQp4mf9IKnLezvY=,14,34,male,9,20071228
cMH74IaHKHgkfG7d7Z9/pEKY1orvec/9gi3Ayu+VqpA=,5,47,male,9,20090410
caEawuibBmvg0uT/4EmT/shZNrTnhIez7v5+1AKDXb4=,4,30,female,9,20090519
ypZvZp3UiQ+Tp+e9ZRnQiK5LLQa06d8l2Qh6fvD6fT4=,14,34,female,9,20091108
jsQZbbtsYryIFhIAqA3L43VPauq8X3fyLD9i9ikezIk=,13,26,female,7,20170214
fp3Fkj+C5G2fY/0kX57RvRDBEcvXjgFUerpThZaiBSQ=,5,33,female,9,20060903
q04GBHZIPkvlmpJ4w8Anhkg23QeXxQvCWIpByOikltA=,13,27,female,9,20141117
8v9g31mGbPb92fIeS/JofwLC2ZOTcxJb6iaQcamIAFA=,13,23,male,9,20110824
aWQrhQA2P0sjRJ4WGRDVaqvCPiCSVu0wZFTWsVVs9tE=,22,39,female,7,20131011
jQ+U+kSk1F4VcoB94I4WTt3YT7htzmWwuR1ADj9huos=,13,22,male,3,20121127
xvgG01OXxYr2mRnn1wPTCJHKyAaK8013/1tuKRnTcbE=,20,22,female,9,20070618
+nxxQpnhJIjQRlafyApEbFkna3ocJziWUFI/oATu4ew=,13,29,female,9,20071114
1XwWrmsLIWsqk+xpETSHjRx/vkGuI20zYUDi8e5wJHE=,13,29,female,3,20120121
u6siA6XP/Yv//6VClW7nUKebKOvxjVwAD509RKy6DjQ=,9,27,male,7,20120217
PtaPXIugqY7LGoGiLjJ5oH7EogazeZZkrNH9PrDsl0Y=,13,29,female,3,20120428
VGLbkOLlY9n6oC1bUL+q3DzHNaGc+9snIwFfXPW6njA=,15,48,female,9,20150505
xxBrsjLpcGn80V+wDqe2oJVXWwVFfw/Xtp/TYAQzYug=,22,23,female,3,20150311
JexjV9hYpoCmp3PI/qqW4djZsBeXyKhBZi2QW2g7xRI=,13,21,male,7,20130223
sAkVtX8zWGpteh88Th+Pvd2sQSTcSId6Kc9Ll/ZVq2Y=,15,42,female,9,20080330
JStat3d8/QGMU6NHhoLpHOSl7JOCZvskjkcm4BwQwl8=,13,49,female,9,20080409
0QBt4uW5OYxCu9FIPCilNjoG1t1psligmFnpi05bIwo=,13,17,female,9,20080810
eJDt8rSsbE+1HPq/NWolm+PrllXDVVEa1fGY7foYFV8=,15,27,female,9,20080905
pZMvkZUovmMTRJ9tPq3XnewoUPkBkfzsBMrvG05xyvY=,13,27,male,9,20140826
RbwPByWCClSR621EXsHWdW+lqz+6BWZagViiwyec47Y=,1,24,male,7,20150202
0s5EmxLGKlSsuNg6cNJAJCYZK6gjGSqU1Gr0M2lM3No=,5,23,female,9,20111023
NlFlvD8s7ObqLsdSVZBb/0xunKWKnMn8dHXHOYuh4WE=,13,31,female,7,20110614
jKddCYoH75iSRYOtDueNi/+PU4v5QWLIqO54kGOa/pQ=,4,49,male,7,20110104
4PHxnmA675LHN3E3eAXaKYGAYy5n/d0xPVn5QGUKhFo=,15,28,male,7,20110205
3DQleetbVnq98HiEg8l/Z3eEAwEpi9KZ2l6wbBADWR8=,15,46,male,9,20060807
gmpbbFLk7MODC1D6LM4QlIgln2bcbQC2rNzn5WxzvyM=,22,24,male,9,20060902
uFbzWBlPEILsLZfMxHQbDlzjPz5TJYTRRgWstJ1kIwQ=,21,28,male,9,20060225
QPkfSGGDZdFk0Ap1yVzirpL+wsO/9ycYWUPy1mRXnbc=,10,39,female,9,20060406
iGgc4CJQ/2ASQXdxeXLGrIEz04b4QwBa3mC+wAt5wFk=,5,41,male,9,20111028
AAdZ0ePbRuoKyS0E/bmmoHPWvGBizHER80lrd/s8R/4=,4,30,female,9,20140730
EIMKRKLqh0GI9RWPjPjn5T8lXdmQI4yjWJ70Y1TRpJs=,13,23,male,9,20090416
2mrlL0nhMxmcdMTAH/NclPf40eT33wnKMsS+lRYH4FI=,22,25,male,9,20090427
tSCR+ofvf64Yt3a6C1da5iDOxMr3loc0g5EADs8dMkE=,13,35,female,9,20080117
RuDFymOlIHcMmGsqg1djFwpQpDI3SyaqaSpKl5V1eZ8=,4,22,male,9,20110501
zSqDvuXG1ug8OmNMzPZEiV40WloLKwXl/pVbx/Zv5/A=,15,22,male,7,20140223
KKAuIiz0PfekBzJQXn1hCSzOGseyjuxZKZ4iTB7yxNA=,18,23,male,7,20141025
Jr0YCF7K98vgrVV6saE6Y6OArvrPLimqPQIvn2cZACE=,14,36,female,7,20110104
OyoKFpmdXP/J8b4+0HDElcs8etUjbe2IUiJuwxAxVco=,4,32,male,7,20110127
69wA3WWt/OsQ5CLjjt5QC05dwC7eCw6Ud9MlG44PpSI=,22,38,female,9,20060716
KzdFJZHT1i0X1m+TSrLI6Vwl1/0EMWE7Mij9Vu4IvLg=,3,27,female,9,20061104
+FhRIh0eayQZbwCOAAZb8ZdlgoOFBaTJsogbBj1aFcE=,13,25,male,9,20140106
ByqPizelojl4/25+rAlvwOt3P04bTw/7TQBu/zxhIHo=,13,33,female,9,20060830
gpYB0Zb/SbZ57BHRCVWDCX8LvOTd9XQVlaewdjaVmmw=,4,22,male,7,20140123
vgk8rtkg7+jwbbuZQbwV7SoRnmHWiCLpW1UttF2dplE=,6,25,female,9,20100111
rA0WbbmzFFCMLLBxns5E4HdVltxq142uKrhmXswAmYk=,5,21,male,3,20170211
7VuPEeWi8Qz9oJLbOxuo1l7HsJmaW3VMYTYUj+r3TBs=,13,31,male,9,20060723
CQFoUKPJJyNcNodRiybOH3rHWmfRcKa0DYD5idBh6YE=,22,26,male,9,20060801
qTNdap6jMXtIue8mI0cmA2SYt9fS0WfTpTQWJnFrwSg=,13,28,female,9,20061204
JR3rl+PzenolVs4k52a3yXd4irc7JAp5ogsSr7uPomk=,11,25,female,9,20070102
WCE9Qsl4Z+sINcRUCBEOm2lUG21jvpBjKl0+NmY2Kdc=,13,26,female,9,20111122
K86Rl49m/bJ+IbqxHQUiNu+1J2SWhblHH+hOxgXMPEQ=,15,28,female,3,20140105
PDmcGkd1lBhSrjN1vshTkbdz5iD2uYbHGAZyja0U0Rs=,5,27,male,9,20080420
qcDJOeM6ySUCb+JyBAErKi/djikVEIdtsFu0uPJNNII=,4,26,female,9,20080501
FMOdfz8ELJRAO4kwDluaEGKKHeaam5lCSp0t4dedjX8=,5,46,male,9,20050307
bY74hSIe3D1Gzl8FwI9Ai7hznkohn01uFVRFdJsI1x8=,15,37,female,9,20100821
aymzUgK1hdeB4OJxkb6fkv7wOfNGDqimPaXdpvUsGJw=,5,53,male,7,20110125
52O0dgkU9owkcFmvSd6TkJJcL9UQEk3i9fLuoki3MXM=,15,24,female,4,20151010
iWv9OOirbTdWgUkcVIIHAHaYVV52XTvOw7Gof24D66k=,15,25,male,4,20151014
utnfrxCS7K0lbCg6bR+sSfR0izl0VXuo7BcmVAcfl+8=,22,31,male,7,20101110
f1Rgz8F9A3VSuUG+2gEyHKui5XSwDGDiQMJDiINTPD0=,16,70,female,9,20101128
RANQmUd2fCfpkxw7sHSQhlmlrJT7ndHNkY9nT4j1bSM=,13,18,male,4,20170211
U/tREHhbIFaVHCC1Ei17w+Qw3Wwvg39Z/3vGgx6WN6U=,22,26,female,7,20111224
0eayVyLaDXB7uqZhJjSXyP2yLSDCHrCzRdRFps8e/a8=,13,21,female,9,20111227
Q/RTbmCGxymyspzby3KlAjbJyQT+en4lTniExVYO+O0=,5,32,male,9,20070820
4jufX4wMkRMrkWLu2K8EiRd0/fMQUD1PLbnISk2NzQI=,22,28,male,9,20071014
+SnNP75UR7tcQN6022a73K3lEYOuC0d4C6SBhTb1CC4=,15,29,male,9,20071014
HUuZsR4VoqPTZrSYKB19WqUXoqrF/Mf1l+hwzWyxaqU=,22,23,female,9,20160225
+hHzrZTkI60WffnfDU49LC7WBkq1LljxcqmFO36aWns=,18,33,male,9,20090203
xhFSsuz8iF3x3FMIgVTOPPt+2ETcnT5m844dq7y81qo=,13,36,male,3,20140330
mvJuAGd/T2i/cbt1RMgvW+gXHCysM7cHWZWUMZQxY7c=,13,30,female,9,20091007
1Tg5i8MlWOQZcaAxdZrmM2fw1jVDyNm83EHU8RuCxAM=,13,37,male,9,20080331
BCZTsf7T6Sc8siwJD0cLDOZ/1EnrXQzu8rvsztW0LKg=,22,26,male,9,20080622
nmXBKYJ5l8TsBGIrEnqh5uQVQ1zyMvUbC02zvXzhfuw=,13,27,male,9,20060502
cMbLzEvH3d+2vPoTv+r9ddq2r1dAYZvMZG2cArdGLHs=,13,25,male,9,20060713
4mky0ZmtjGPQ4aKHobXjXfuvvgT40Oa4QUXKqw3ZI14=,5,24,female,9,20060923
VX0Qv6fF5hf2qMmRnp+1Jze2DuUjUt8d26BmiX6oTNM=,15,24,male,9,20061221
0y68g+QECB+R1BFEKTK1R1wRQLWMUHzb7su1Z3tjybM=,13,34,male,9,20070105
t0GVLP7+x8U3eZp7V689ETLCG5lOeW2gHdLavhULER4=,13,33,male,9,20070125
TTBvU64XhnMQ6ZU7iBmTnfFGQIqT2ywMI/nKyPV7tB4=,13,41,male,9,20070328
9/iqBW5o5vaYroxr5t65KcEZ4Cj590Bd5bunnyioJDg=,5,26,female,4,20151110
qxvOyqt7VOxqSrbw1v5PzwKMo7WXg+ivdzDzc9eQzAk=,4,27,male,7,20151117
bth5OkF1K4yorh/LXhPG9uXFKtxWnuVXcATRKEGq5zQ=,15,22,female,9,20080112
/E95ybQDmveyur8Ns7m9DSz+Vrd4K9fO1nNDRVZ04EA=,4,30,male,3,20130330
zq+9fOEVffpQPWIhGfnQFkoWIteH5o5xhqAOLIayQus=,7,34,male,9,20040328
feFWD5HStshSB52aRuForFKOPU6YORdbUmGn5xdxedQ=,13,36,male,9,20040811
7WETlUYtkRPUE0syHkyIn/+kL6fI3DYb6dMbsQ8ywCU=,4,32,female,9,20041121
dFyUm0x4NThEfaaSVjuHQJbSW9+oQ70Csyun6ZjRrSQ=,4,47,male,9,20120908
ncJFqfag27ScTn7DtjdKVLpf6j0aMrSUH+0sC2kdZ3k=,13,34,female,7,20100707
wjNxD4J0QVDGQlcYeuKUk+kFi+IVifCNNkqSd3VG4o0=,18,27,female,9,20100810
FRU03T6x5ppfHZkMEtbRr8oOGLhmp1KFmf0SM8h70uE=,8,17,male,3,20150304
WcF86fLoaKd7hJaYB0VbdUegW6HIyigvo8hqGFoHn9M=,13,30,male,9,20160106
EKLjSS1OS5nkrXYxAsauGnrrd+sNkA8we9L3Bn+YIFc=,22,39,female,9,20100806
yEzNqtc4TpcSa8JZfjIWEcMyewvjb69Us2SHUd1UoJU=,13,27,male,9,20101008
/Gl3PtqumUnsvhmg3uUAskGdXrys7312RxfoXQInfXM=,22,36,male,3,20140817
0saa4rIygkNVSfNxUai93q0RF/XkOt2QXxdefGwXYhg=,12,32,male,9,20040921
aSCMmJX/g7derS7qLK40oFpr1Fb6+KZ9KhzGDxnd0As=,13,20,male,9,20050508
LgqvWgPEIYqzIJ3dR3z0pu4WkijpIQl2PRAJIljXCmc=,13,35,female,9,20060531
u2HarnneUa9k9fcrofqpgaItt+x12/jyubJP0YcNOv0=,15,33,female,9,20060316
hO/S4jHiHns44kDAqEQkgMZU7YF5oO61tgKZvZR2FSQ=,13,28,female,3,20130812
Srk0oRvQd0dfbQofls1WKrwadG6yBEWlz1WMnUlA3Hk=,14,29,female,7,20140615
KKZyKdIVu+DCkseLfSlPsBX86bubXc+uZvkqMh8lcJc=,13,31,female,7,20101216
rX7oPUJMqa6IbnpmRrNBfCqGqPxICI5AMDwKhfRmqLM=,13,27,female,9,20110202
v+XdJCB5GI3htGP1xJGl+jVyRu6sZlD6BwcUc7gpMgs=,9,28,male,9,20131121
9hFlpqAWyM7U7Yg56D8gI/TE5bnOSM5gzrO/FXDPKYA=,12,21,male,9,20131215
F1wzL8fddbcILUWGLlM3SQ2mwiDfdfz8c81SiYBd8YA=,4,28,female,9,20110828
EWWe9IyQnqUVjduU5txlsThtdniBNpKJt9EsDdAEDBY=,12,30,male,9,20050815
wl3G0AklNkTQvIYeBgK0l8R2DRWgjiHyFPIGcYzLUNw=,15,28,male,7,20140712
JdXTTomc9nPq/Ve2ntoRreojUqFKK9uLCdbu4uRhFI4=,10,33,female,3,20140716
IHYWeSM8QG3sRjzA3ola2ZODUESY2lNG6bwg82hOVuE=,4,26,female,9,20070704
HPEYXGpATnr0GD0d+MqdVKYkcFg5tH2rytgb9LUbGWM=,8,38,female,9,20040726
T6rIShwv/NG1nEBnDmOAcwvUF3nbn5UVf2IJlT7NEYM=,13,43,male,9,20050114
yxon5unKI0L3UM6+SEjjC86OcODkEk8pYJvEYp/+lJc=,13,42,female,9,20050515
K37yqKJiVJAVFC5uM97r0JzDqBCx+Jdxnvdkx1qEqm4=,13,29,male,9,20050721
7Je89az7PiOeVTlYqklNuyXJ7owwTend6kgv5xxDqew=,13,27,female,9,20050803
SOhRyio//0pTZ+bmoz9e05En2BwKBnYjFre3H4CbU58=,5,33,male,9,20050903
mVnmXQ61BAkLUHNA6xvjQHVdbskCCUpdqZqCL3yRUlI=,13,25,female,9,20060902
XrPXM8gampiYoEicPR1r20/HT2jPFjYCkA/H2TNT6p4=,1,19,female,3,20140913
0LrpaZsxl70AIS00dtCiGreKtwrTllNO5MIqUjJzX9E=,1,25,male,7,20140916
DKWrmLgdyw6YTc2Gj9Z+RUJ0+gOYHv7C9XMtMRcyDbM=,5,37,male,9,20080218
qlJcQhNNCpXnI+B4/476tYL0tIik1biWnEPvA+LKiAA=,13,40,male,3,20131107
wh/ngLIQ+tgBQqSn1o9jNf6VgXWxC580mTCvHvnpcVc=,4,18,male,7,20131109
Bd77Wmyj4DT6qRVy9Rmnl8zHHYwckYr3Gxg/vlTM5Iw=,14,28,male,3,20140713
+C67RZaLdIdxx0cBNpuE9RUp//eZnWDPVp0woLmtwA8=,4,24,male,9,20130820
k883PaMjHFDttK3tjB5r6FZ1JDVxH/4yrw6Ms7MCRB8=,22,30,male,7,20130906
FX0JIuYw4gQEkVbhTwxSSO8Uk5jUh4UulgVLfZrj+HY=,13,30,male,9,20101031
bdKMn3QJFzTbU76sJORi6T0gtaA6SydjR4I70XyAHm8=,22,37,female,9,20050714
waWzDFVBe+TSWQXPlAEqmROUz1eAAEFjb5t2nuTGiFs=,14,27,male,3,20120114
7PSVa6etSEnDme9L4A8FIFderIEFbohd0AwWL/WFptA=,22,36,male,9,20080109
oxt5+wqjkoJzXJN00gc6YJTqysE4QH4xnwwTFReoDbo=,5,38,female,9,20111102
CImrfvvS3wkJtNdr8vXVvFAwSblbzSVFgcnx7FgTOMU=,13,23,male,4,20170112
sk+BOcEeawniyesRnHMRk778BZt/rHHgmo715EyKzms=,4,30,male,7,20121125
VrW8JTw4qxFADRHfGgkVdHc36+y3GoJVqe7YvJYMjL8=,5,23,male,7,20121226
24KkKEBYDd4K3gwaLCFG29AWJHSTivaa5DZhrEzh9Hg=,21,23,male,3,20120714
x2Voi/KrW5CbD6avs0GS3TnCWQCnpzVVhYbkX/XhG2M=,7,22,female,3,20120730
4vT8gP4jKLvDjCojUv7Le+meFXj7RVwlsAT5nstr7hI=,15,33,male,9,20120815
ztVPoSdq6TSpZ2Xdku4lsZx8fiKZ/1FjCF2G52KuLTs=,5,52,female,7,20111103
Vav2LhWfN8ybhhtIltHsBvuk0/ljFwO024K+AxRmwOY=,6,40,male,9,20111207
iXKhUXtpHB3nRrbDm56TQtOOJN00cn/oUHoaZ6Hf+3k=,22,32,female,9,20110920
kEpcLpqcxTPXlA7zBgVOAjaXqIGOcSKFqnk2EVe75SY=,13,23,male,7,20141104
T4xiukbN5iZHZc3B49FRlheTGvjdbVa3mEpwHltubLU=,21,20,male,3,20141115
jpzBoB5gMBkHalCSaM7VpgTKeO0Mzu1Ep4WgpHad3Rs=,13,32,female,3,20131231
QMqaFpnhQzBaWUcE6AIJwrc9FDeqxcdgoaqrv9/0p74=,15,19,male,3,20140130
y4SgezmD7lJCE5po/9zEe2fRIE1X07ywigo7QTpSWqQ=,7,27,female,9,20050812
tWZ0ExB9/6mWUmGR414nZRkG9WCN/etpltv1CUhFXyg=,13,30,male,9,20051030
M5T0PjPa0iD4W3eEA2i6uGyG4qKibzE73fFVq2tgDVo=,8,32,male,9,20060315
rDpTumFlFC0jBAp8a07M8AcwOxMWkMiuiA1vaQMJpEw=,4,23,male,7,20110702
9X+R1zADmdqQgSj9k64GZqwT58CRCCBNz25d8awONs0=,12,25,female,9,20110712
s/hlOjRFCU0J65+1B3GDRBPsDLJdhL8DShwRSgTz8Nw=,21,24,male,9,20110902
35Qyc2QZ5YfUpnBky+rfeqQktdUUe247LhFEzugIVfw=,22,27,male,9,20050520
1P109u3cfhRDUmEdedYf/ZZuCeyWCKIlWwwazQDTicU=,13,27,male,9,20051111
X7kYC5PEdgUTt9Jy6/jZJvgidiyRlD1phec6LbkEYGo=,13,18,female,7,20170102
xOE4ZhJ1FljkPT29IheSZv1g6Nas3Zn6S/X+5+bJEkg=,4,21,female,9,20150927
dmTDovGPDRKu05NXVlhxBXUaoE8cYO+tIxEZFFWxi/A=,5,22,female,9,20120123
g+beUwS6wZoLlH0htSdA234gBiADMLJC1QSowJPc9RQ=,13,23,male,9,20120216
3VtKNQxgnYNV2eZxgn1MrK7ayPfr3kFnVb8/rL+apuc=,6,33,female,9,20120216
6I9HxB9mobvuwhxWK/bHGh/2vhjuMdn3U7cbNFFcNC8=,5,29,male,9,20120405
OAkJF7RPTHazWAEvnueFn6lfO6ySzvtwV7h6OHfJDhA=,15,21,male,9,20110823
mueFd1hrrYcik5zjpuDj5wTbqutXipZ4Y+LYdAQmHoA=,12,25,male,9,20110909
l8M+oK4zl/wCg8ZI33UyzTmINJOh2l/Az6qlUSTRSuM=,15,37,male,9,20060713
YnNuTeD5CbtRUX3iJZf+qYpXSN6bY1VVO+j2UVLlblI=,4,28,male,9,20061012
eXgPgCWVpL7E/aWTi8/MCE36lw56JNdU+zQw+T4SlAk=,11,33,female,9,20061101
/GIc50HD7pmc0a8t80k+XOQGrom9iYKefgO5sjNZcIM=,4,47,male,9,20070507
nz6ttDVVAdqeeLbX8UZfsVIQbhVEXyXZ2sxJCfiXz3w=,4,30,male,4,20160730
b+oSCI/qo39iMwoL5xqSiVv+640J+nFm2+5Yt9GnGjo=,5,30,female,9,20131029
hzkjOZI7qAtJRQOHyQxAdUtqJSGQvh0qea6tNOZR3aA=,15,24,female,4,20151213
nYLfOGzdbg1FuW7WHTRuFZBTmcHkFILYvJIaBL4ewkw=,8,24,female,9,20090526
CHMea+Eqnchspco2J6y4xlSRkvreBHA4aD78yMyIso0=,13,29,female,9,20080228
pe5y6b37+shtUwfTQvflXQuDvChtv3HL85f5f4hSCwE=,13,52,female,9,20080618
VAVy6kp5sMz5VmxHPZM10Mo/h2+d6zdrOMgLS4lUbKo=,6,23,female,9,20080703
W+58sej0/ghoRzvPkbXj9AHf7GulbOXyeQACkAhVXvc=,8,24,male,9,20081116
vSHccUXqyOH7ae1Zb72U3SUVrfaM/RmstWlBcAdqLls=,22,28,female,9,20131104
wv411LHs1l92vtJiwjHq6CfrshkT9kydfKQAXUJ+nYM=,13,25,female,9,20131215
cY9fZWHjbIkFPqLA4fAmXroM5PpQda179wC4WxHQgpA=,14,31,male,4,20160901
5fx8pZVDGPt7ZpVOjJw2/RnF96Z+lqjPa6RqV6Q6b/g=,13,40,female,9,20060901
nhv3mP+lcqnqQttFJuH2xsns4EcQ3clDVKHkRnOm2nk=,11,47,female,9,20061104
cVnX50z8mq3uVcpTYodULsE26i4cRygOqZOzXHMgzxU=,13,34,female,9,20061228
u1AUk9IJ79zy5VJLgEQ+OzcHfMZUY5V0IWJ8iTWcaT4=,15,25,female,9,20080216
ZdJteDvos9T+xLQztWyTffvN3WMuSxUhQl2U8TRrU+w=,13,22,male,9,20110624
CSi+10oOf9ShkR4frgIblgb0ffdGisgZR2bMNOH6YBk=,11,31,male,7,20101112
S+Ma4KZpht2At5IosKsQ8WM6g6XiNaO++YW6f7K4quI=,8,25,female,9,20101114
uNDMl8NHGT/cG9tYuYh8nYTmLarZtjq2iVndKgfCWWM=,15,25,male,3,20131003
uGW5Ol6xAinOiwwYLKS1hTLcZk8ua82iyOAXiyibcRw=,12,28,female,3,20131025
MdfxVK2Y/kJUjd/fwy48Do0hkwiNvamnz6+q6oLaHTs=,15,24,female,9,20091122
kzZl86f4kIsr9o6WDPPZQq9c1ewRqs0t8abGE61+BAM=,18,36,male,3,20141022
cb1qs1H1tCXT8KB1zv1fCZXyHTwYhcntEluQV2wE7OY=,4,23,male,9,20141103
Os/n7pn2OejEFGlKlZSggOu2Vb33FF/tAJtK7peimTU=,5,27,female,3,20141115
bt7XS3pU/1Ue/eukYOKfX98Y+s8zex/cYg1gNOaJBLA=,16,22,female,9,20090715
dRhpVhzbr7x6GYGqYbUv2el2/FGphSeNwXbHIiDPwYc=,13,34,female,9,20090730
gWRR+J7OHoolx+r8EO/fD1fIO8cH76mc0Z7WCTmA0Oc=,22,21,female,9,20090819
UaN8OdCUOk82GIjQ32Y5QBnUdFHjQhX1z8mIw1J3weQ=,6,29,female,9,20100407
SBx32aUfJG7OnzurGzPfuOwq2qYn/7qX/4R4vJLmTaA=,15,36,male,9,20100613
WS+G9CrJkRbN2Irhr1WaSGZIoPOLdjJZ+sVviVACD7g=,5,29,male,9,20100830
Edsd1xqWEETFYkWgAtYxNwSuyGZGeUlqFvas7wOOmyg=,10,36,female,9,20100929
KzK1Tvj/YKvxIoQXXoyeEC8pcgJLdlChXYCVOGwvC0o=,22,23,male,9,20120330
lQvGHvEc9Y5IHSBR1GNw17l1Yose9Qm0Py09B75BR5A=,13,30,male,9,20070620
L/pb2DXVSLFP0Cv95Pa5iQUX5p3zyNN5rtn9YB3E2Ik=,13,34,male,7,20140806
A0P0JEzFe27KCuINXkgYMHNApt8IdO2buB6dC6BwkGs=,3,52,female,9,20041103
swt63EdvyDVl1I0p/V1SVyXdQZOBQelVgpGpnOJLZgw=,13,45,male,9,20080615
rsBo8Cge2C+LedzNY3NKe/LI9Kfwb9d+UhUj3B51Haw=,5,35,male,9,20081106
BUxreroqIW13CUvyEPVFhSY9ht4152if0/VlxzEOprM=,4,27,female,9,20081206
iHntxtg70n9hO1VAvgXdS+7fPd5+p33Z4F88950JqoY=,13,37,male,9,20060605
urndtUlRZiPgbB0BvuSqRjyCWGiFLZaudkS434J1G7M=,22,26,female,9,20060717
oQmFZ0fVyPUI344QXYHQbMDwUM+BS79QlMebkT5ggUQ=,9,31,male,9,20061002
wtTXhcKbLJdqIC5Ihw056ix/6PxSSjsWQa+V6rjGs1I=,4,32,male,9,20061212
ucK1LoImCWpUGAv9vqOhSQBpSz/zJ4eJ3FPU1YZgeQo=,7,35,male,9,20070309
TF+b8gzL8Crx1AZVmWLEHYRHRFkggQsK8CVH7XlJsHU=,22,24,female,3,20140704
rnakbtArDPtazioxsNkmDvm0nes4C9Dd+CtBtyiydzI=,22,36,male,7,20111114
HdhywV+dyItEcJ/WlZPUqA3ETcQzYG7z3T0IEerjWHo=,22,20,male,4,20170109
xYD0gO3pJMQOQ4ul56l1rGgfsKomHLehkg64wKi9/cI=,13,21,female,4,20151227
JiVhRhmE244ZbNu9+co9acsFXnPM7KH/aCZqh9TcDvM=,13,18,male,3,20141007
6uiWGpySby9uehZ010SXhNaAEFHh4bhxSx3fHzLizzQ=,18,19,male,7,20110921
ajDrUWYW+L8lVkXpRKSwFE0O6eZnfzM6gcOumq4WmxI=,15,22,male,3,20141030
pHudbc3u9qZb8dN1fn7Vy8PQuneGXwIoprcTtpq/eI0=,4,48,male,3,20141106
+w/BTcSe7kiLYTWEOqF9VVoH3BQI2jMoVucRLJXO9tM=,13,24,female,9,20060802
xZEypVZ6bentljlsw692t+pVeqe06aUOQG/nFHRJ1FY=,15,24,female,7,20161212
duuL4sC37bBF5P68jhXR7stOUs/6tc4kfzs2iruqJ1M=,8,22,male,9,20080221
71bzvwpyXXvdmiaBylkgCoBma7VbAcTVTNxpcm/H69Y=,13,34,female,9,20100526
U3rV/R1sdJPmXEtbLG99YWg7ho6pXMmGgRtbDrnbIIY=,22,21,male,7,20140507
lHtYscRpKIHD6uz36MXGIbDLFFxKCvjSsN8nA75jDF4=,15,37,female,9,20101114
la5D5/BEAGttntMsbCdAlR3CnhrfyD1xwkjVXr8gots=,14,41,male,9,20101213
zagcUSzPJFKX1nxpEfSX3Dul2CeX8R+mOM3qceKZHc8=,13,26,female,9,20090327
jY7FUnqkHRTc3IWPD7VfIxN1/j9khA0YtwZvCkzn35A=,22,30,male,9,20141214
pZoOpJXTe3gJo9t4fMG/3BsZFDtohMon78xHSdrWbEU=,6,19,male,9,20170209
/FvDPRE/d4+Hr6QDQ/VDiUfkXcVeWMhtdLv+DaX9P4E=,9,17,female,4,20170209
O4LPlyh/XOsgEBID1qxwOR5x6CCDfyPVIh5i0zOHeL8=,13,16,male,4,20170211
KO2fLVdB13+1XZ8Y8ReKOpDkXieWtECJwZgelRmko6U=,5,41,female,7,20110306
PzE2d+H/sbakpjkcE2U7lPacWhzh49Z0YsjL+uDS5FY=,18,28,male,9,20070703
sgV0s9jbrz7ucA9LpewAksIjm39zpMhRlB3WwrExMWw=,13,38,female,9,20071217
MINoStaS3wSvF0+DlutMtXZkLqOyC7v1aqiJUrdOpW8=,13,22,female,7,20140611
2Ug7PXwHjEM4T+9DkI26WUQDthntpTF5STl3yBliwtQ=,14,37,male,9,20110912
w5qlIcfIs0uKCaNUf03blf26JG9MHMpzyR3yjiuFeVc=,15,22,female,9,20161128
L26QcgScdphIAg3OSsNR2qHoxmHeI/+Le2tjchwRzyk=,22,29,female,3,20120122
R9e/vzGB9Xvwgu3ypdL5VEMuQPOXHwz6S9hEiN3lgzU=,13,32,male,3,20130531
vN/4aH9j3KEv3gH8vN7n23/jeohzQBKg0XQRBAcVNU4=,14,40,male,3,20130701
pJwVGTcFRMqw6z++MqKWTdxONTk8OmropIxVqPRe79c=,5,39,female,9,20070703
vi0s0DF9fc16b0bsJp9RMi17gxsn3iPp6dmCk0IC70s=,13,29,female,9,20071028
SVoyhT9NnVkthPZlJkpDkB4kJ4AP08UskPECa6u9FHk=,5,53,female,3,20120424
tgz+ASyUlwWjS9NXP7QCgsdcULW89Ha6JPdnwQeFBVE=,6,38,female,9,20120607
AQGZ0Jq8qQIojTHzLYPmZaA3l+WZyK5PmMmI3iMvykQ=,4,19,female,3,20141012
S71OsqT2pGUFsbH/SKthfOtG+0eP7YEZNcXBEDzxYKc=,10,35,male,9,20141015
nt0D/KLWlPvF4zDgWKTA7z18EF7jgJZ3CjNz6rpMmy8=,13,32,male,9,20040727
bHVt2Ax2B+QABwP6XbFrhTwdPM1XYgEeY1zpc4GS+YU=,5,34,female,9,20050430
3uBzFdjJuoFWsaYH5ttt95xX5rJjATa4/EXA5e9CNSg=,9,37,female,9,20050512
pOmduDM51PcWL6xhnrbj7b5U27WueJ8KmtIb1B8SrVU=,3,31,male,9,20050919
ufq8Z66QY7eqavgqEB+HbY6qpWoXz2LNbyDNf8Bq0TE=,5,36,female,9,20070530
PYBy6x67MGv3EUsItlVJx7ZM63QFRba7Ga2IcG2r3Vw=,13,44,male,7,20110726
X8Bu+qFh5duxqBIHFDNGEP79zOcadcIRRwMZu1Pg2vE=,15,26,male,9,20110827
9VgeXtUA1WhOWaA0ylgLJnbqQa+7KiB5BJxTQV9u7dw=,13,36,female,9,20061021
NdwLXKvGlDm8VzaPdu51V0/YeG4qSNwlHgH6jHzQNG0=,13,19,male,9,20100529
f9G8ARBK0jt70dRLcz/xWpjiT2GFA0BpZCRj+bEBzpQ=,4,36,male,9,20100825
uElRUN4jfBanDjJ9Xy5NlPWQjY6QsnDWn2f2+zGKYNg=,18,36,female,7,20101022
/NIdw6gIXM0e5Cv/Nb4sI0Wv3jEytCjCbzwbnGg1oU0=,11,26,male,9,20090812
rQoWc8SmiDTGJ7XhP8Y3pH4v+r3a/I2bFi6G4cjufCQ=,5,46,female,9,20101227
zxs+SPlliv5mcPTyJ8oebyGZ0tu7GIYs8D2Bizzom88=,13,29,female,9,20110121
sbtHLE4cIU/KDlMDjtlNE/U7RiRDuHMORiSpmvRMv0A=,13,32,male,3,20141110
oQKKVMM90q0SsyWugx3gselLjYqbUgLYzb0Y2+/zPNY=,13,30,male,9,20120224
3c93L7v+mdXmkubmaTiBsqxZCpvkk+LaoJP6FCzPWXI=,13,28,male,9,20120322
v+wU/doaGw80LccDsE/EjmYmqcqhBoYU2P1rSSyduTs=,13,38,female,9,20071125
eIyCovtQjqvLmptBYpqVOmt8No6gExeCiVwNrfP0udU=,6,40,male,9,20080108
vTpwD/ntHvI4aK2OCf2XtCoOFAt7Pf5MQKuKoIyfe9w=,22,23,female,9,20140503
Lvapt4B4Yhb7q01pxIOVjIbQaaon5RXkL219EZjWsW4=,1,18,male,7,20140504
RS/V5estIWbWYAYZqEEn+JuG4ZPPZYnIm6qMktt2IPE=,4,32,female,7,20140628
jqf+IxsrV3fQapOXqcrM0jbAxqLow5PjOznop5iiCF8=,11,25,female,3,20130201
dLfmxrIOaOcosy+qO4pa0dA3jr7XxMox8BIx2r7xMhM=,5,33,female,3,20130211
ndI5gut7apuct9tZj0fo9jS/Ct/KMxkAgw2B/gDOImg=,5,28,female,3,20130302
s21tAks7MR7PAeEC+8al2b3jDslq6aX5f27eCJ8dA1U=,1,29,female,7,20141010
wZ1JR8chs3xlcfcaaQ/QhaTC0BBu88DZ6juwctD5xs8=,22,25,female,3,20141221
2H8p+XKSjN61s/u+53qvQrxN7EUR74lSrpEt1kL/S1Q=,13,29,male,9,20090712
7IMLdVlieL/qQaP3ly14/Qt1MEzdjkSiKd0pNV3KaIs=,15,28,male,9,20090817
wsFjH1TUt4A9jtQN27AmeeSbRx9Edm4Fc7hCviDGz4s=,9,28,female,9,20090921
T+BQElFXipozi4tNEv1PkN0ZU4QI9rgsG7cJt1g280U=,21,26,male,9,20060522
BhAkpi7NE169RKT+u598+gnXd7OzEpBbyLRLYgl4pRM=,15,24,male,9,20060619
VB8EmcuNYVBR9vQzMY78pg4x4wZJVP/6Xfh+KM0I9AM=,15,24,female,9,20070102
26hoO+8PMHRQIM5nZTgI1J2+RaIl6y6zEsBA0x7TPMM=,9,48,male,9,20070120
QuJnX9JdJsWYZdYyjWBG8rkHN6lufpgDVWkIGEVKKm8=,5,41,male,9,20110613
Gvr0hCERy63EsUZGIQqSuErtj1Qgf0F83TLzorBHBSo=,6,34,female,9,20110614
v4EcbTH6snPdDxfPw68gSO2dFbYd7vRb7cva2TdLbCE=,5,39,female,7,20140620
ey9xnSJkiiY5axlLnJT1NZCAYIG455uZby4sCi7NjuA=,6,30,male,9,20120316
dw3ja1RqBjl/6V+GZnn+3llwN6hJPX0dBx1f3gHMaIs=,15,28,female,3,20120317
13P1Afk2EwTKAZT2oVJTj5H5QvaRrY3b13ZJZti0jqk=,4,31,female,7,20120326
x0stAKYwSx0dftO/pWJ+KK5IOD2NT2srzcOKHrtQlvY=,13,38,female,9,20101019
Z7RC3ynp2H4DzEPAXBCJXHxmzhcP7JDYpp20/IoV4PA=,15,25,female,9,20080201
KBHU7rS0L0/hY9DCPHGkgiqTfi7SkxcXaNHGeROHvmA=,6,42,male,7,20130506
n43dk/wGMl0hVd1GRmMbcN1MamQ6ny4wd86z1W1CPy8=,14,21,male,7,20140531
t2NNGXAUTNvlEs+f13yyyN/Pyh5LsaVfyAdiKrgvOh0=,15,26,male,9,20080309
XdFn/C0jAQB5UEXgm7Rij2i/Mp3gr5eqlO3AyX4pgzE=,8,23,female,3,20150208
avBH8S1PcTFT8etIazKzt8FM3dbUvIWGjCl8ucg8oso=,6,30,female,3,20150225
ADvcXSwFItKrfcZ8YwIMzaZuea8j7n8tX3Xkk3m6EHs=,15,16,male,4,20160411
v1rj3Egs9IM+Oe8LU8IqWhIA+1goUyH+uhVvGcILx8g=,17,30,male,7,20101209
hXo510F5VoHmTPjnxGJgO4c9w/I8oL+4Iu3Vk3dE0Xc=,13,44,female,9,20140106
XSq8t8Z72w14g0jo6Ezjzrq9llZVMYcl4JFbv1vSJOM=,22,25,female,3,20140117
J6Uo6ariybvYvnup+6Q2liH8VodowgnVHPc1yKiHZRY=,4,21,male,9,20141024
389NBnpJrUTd8wvnWfMdwu3Gnn6t6iRYtS+vj+K2FDM=,9,43,female,9,20060330
2jqJbuzoQT5lsJ5fu908Nh18iaMdQYtz6bhhmbDq9kw=,13,24,female,9,20111126
5dGWMv9qqso+jEkFiwXeJYbstaS//emgZeoWbumoAJw=,5,36,male,3,20141117
0DcoTVtLfx2CoxFBjsiRJVwW7LaH5TBueSBvBE9g2u8=,18,31,female,7,20141118
GM4X4UYP6vGxuVkjqab7d4FiGcG0Zt9yBy99pVtiOr0=,8,18,female,9,20141125
zl7vaL2jSq/ATarp8lMCcyeNh8rG0Ibp8L5To6YLPR0=,13,24,female,9,20141204
yK/9uWyq/zKAb8s7DKt4OL/ddkZ5tQoME6mF5F4HiNQ=,6,29,male,3,20141213
snG23OQZZJnDcFBRWy4tF0XKOri0DOPva7pyCwhBWTQ=,14,23,female,9,20080202
Ip9WMfvqzmPTHcOWz2q8nLPVZUgh45O+mw3MhdhV/6M=,13,31,male,9,20080208
8HoUHfuh+bLurdVjHEIsLgvuTWVTdQb+C7H2OctbCZs=,14,33,male,3,20121117
KPdIU9dg80gLjiqyzvztMtahWZlI96a0eYG9Psuvvcw=,7,11,male,3,20121223
T5kUg84USHTC5flpKPpZ9NC2Do336UqrET8RcCGTjVU=,13,30,female,9,20110711
gWQiXCwuzSIBifu32AhA/S3rPMbO9TUUz3wanrFnqc0=,22,26,female,9,20110719
iH+kxXQH2KyX7pfiZr+N7EXNE7Fai5mbyfREQcBizDA=,4,34,female,9,20100808
SRfryN6XCzfY4JV6aHZ2iIWH0Vgb3iDkg48IHnvOFHM=,22,28,female,9,20060727
j9+OJyT7JvJqH0Htwcs5PS2TF8fKNKvVA+Zku2/VymI=,3,35,male,9,20061023
b2RsWNwsQgFOnXIKOxc0/tDxnv7m3YGFxHFPY8hfYFo=,5,36,female,9,20071008
xGktjss4nMAthhbnex/GpSTNfnUsTfHqpl2TysceMzQ=,5,38,male,9,20140418
jjCtGIHB3vIaWGDC0FjBmyDf04v9vBqJrRuQqdtafDQ=,13,43,female,3,20120518
30cbFA2xFy/XDFcm2MPCu7yD0uRUTHwiQSVtfGmMWMA=,13,33,female,9,20120606
JtQxKw5fPs2jMPr2bHo+5MstpVswyNo6Pnj22QFJrMo=,22,19,male,3,20141007
nw6U3WXo5YnG2Kf87cw5iuw3d9lBJ3FNq32ojCkjS4c=,10,30,male,9,20091130
UIuqWZZuHny9EE4fVrTefI5CEUJN2N9sg0AAPmddV9c=,12,22,female,9,20091114
fpLWPVxpG9ZlPXQtrpKLpjvPv+yrBSm2p/eDSNFSnwI=,4,30,male,9,20100129
ow3ewdtMdjggmnmlozduurN+PtzxfQ9f8yq0Id8ZvQI=,22,27,male,9,20100130
/tcdH0qtOTvLX3zyfNZQL3TmgCLlo9wpEO8LXpFcszM=,5,22,female,9,20130926
Qdzyt7XScr4e407dXDgDr7DTJ3aqS2BrHd3eUwTqYy8=,21,30,male,9,20070617
8Dkj2/KgL28RDK8HnbXdscJxbcHs952OcO8mzcyctRE=,8,40,male,9,20070214
MrVWb1enTBkOmghVEnzBVq2N2fBcgOcWu8EH4nAc2IA=,1,35,female,7,20140515
i5jb3DiocmcoXYbBDpRpGKymBJAXCq5xXPJUhjvAbJA=,6,41,female,9,20060503
RYDAMccfLOROgPvNuslLutcHK4vdlDCniUmSmUT8bEI=,15,29,male,9,20060823
thESFO+ira4OYDZZh12YqUXh5FVFBoRvCL2WvTZ6YMk=,13,27,female,9,20061015
gCs/6SpVNg2ecOTCY395HRNpT7fwv0Xjai+BNlO/pqU=,5,28,male,9,20061217
vSSU1tsFkSaFiuaOzNTzX95z8m1GHR/Q/8LsQKRlCPc=,14,24,female,9,20070424
+9ycV8EzY1LM4tUcFqMeh3iewIkNsBTgED56FyZxNug=,6,33,male,9,20130403
y3NQe7J4GmlpxthMenjb8zu54GdqRnRLmohvzqigDQk=,15,24,male,3,20150703
l3w0QBbSdM7vW9vKiC1vCwgI6u5ldsyguGflYjAK8yo=,22,31,female,9,20041016
LVDb2yjS9PcLDuJn2M0Fqesab01QF8Hd3Umn39L1GS8=,4,25,male,7,20130508
i/qOzkR58Pt6vpvUXA27tN4uRdqJuwy3J88HEn2aP4A=,5,25,female,7,20150918
p8lqo+ZLYyXKHsD7CRJv7IquftZxSyy5N0p4Lwy3JiM=,13,35,male,9,20071209
TA6xZhe6Kn9VIgBnwropQst6u/J0aJ8btjI7GynqyLA=,4,27,male,9,20090504
sd/i/auTrzRqhJGJtD0Nv0CXrukWe+dGrAZRVLg4cGk=,6,37,female,9,20090615
ESfYdSHoV79yo7bmIynugANZ7A3Gb823c+p44EnhL5A=,13,26,male,9,20100121
Pp+UuMYViP8sQJEjjRv+4Pm8rBqwEeuDCJWVcxWXllQ=,13,26,male,3,20130314
gG9Nz6Sv5dU0CqnjR59eqk4bcJ8LO7DTDAqTI6y67VE=,12,36,female,7,20110708
Qz++EXPAQYnc+Q8pFYdawzH/LaqdlyLNw7oIV0lX2bw=,22,30,female,9,20070520
3X9Cp1F0AAHQX7ksCkr3uhefWWDB3cxKI9rPBsTa2KA=,14,33,male,9,20080413
3ztLHjrsciE9fPg9O7yCN8UQVpJ1g6svEZV8lSpOyY8=,14,32,male,9,20080424
GSd2jv8t/DV32WB8MVAS0avJ3qGQh68Ne7K2PHKUT5E=,5,30,male,9,20080508
pUaoVoruvQkn9VzEa/Mv8XmOHn+cpSAcJ9f48AHGRxs=,13,26,female,9,20080516
gHBkD8tFbJ9pu3S1tIW+nmIEf/Fy6KQY7CNUGUkVJ0U=,5,32,female,9,20080517
gWIAbF2T9zSpvodkRVlo8JnNyefS4usKj061HiXFr3o=,11,38,male,9,20080829
swjjEjDLRiewVaQIZKo02BBt1dvC5epl8mT43CniqzQ=,5,20,female,9,20081221
qHzq8SrNltWBO70uQG4Cn2weyxIbSgHdR+tus+DNm4c=,13,56,male,9,20070825
lRmdb5YU8O54R6+uf8z/CUtNWsSNhtwy8Q9gpzCEUuE=,13,33,male,9,20090824
p7PXuzK+jW73U09VBBWlBVU7F3Q6YzZjxm2c1nnXt8E=,5,28,male,9,20130812
K0ar76z51HEYTHT0ypzapAH773K2RrG3WDvSq04K29Q=,6,25,female,3,20140920
4xbLADdjRYG9wRwgtBs/od1b7UqnBIVJwOnu9LRFW7c=,22,19,male,3,20141221
fEahVjmJcb7+gV+RgahErCNCB+lVqd1zNZtZ7dwAJ90=,1,21,male,3,20150104
M3qMlrv+p2OEmBkcSZGIdQyEopqr0gIuPBB3A9p3H2g=,22,29,male,3,20120916
jVygRYpdF0NgDOa1Y5hQW1wup691Gp0uDeXj8E9pFq0=,15,19,female,3,20121118
IzpUoPIuEycrz0YH+Tqo7kpELu/CT2GTi6rQA3KyVPQ=,13,24,male,3,20121231
cJHrA92lIyaV9l6cSYmOv04SVqJK4mUqEQExYy9e7fk=,6,24,male,3,20130727
YW7/BBkloNu1yenv6OIYyUs27wY34sh2BdYzf+r07w8=,15,25,female,9,20070218
dTuGqCyMcnyRTPtK1620AKFxlffwy7OtXbEB5I3hMN4=,12,28,female,9,20050115
kVWDXJpgjiFGQ9eUFWyErceeMT6KMO8Cg9Xa2lwZraQ=,5,52,male,9,20050220
tMk/zFe1G/F7Gon+qPej04LhxuqFAH4b9fo2KjGQm8I=,8,28,male,9,20050418
xgKvMfsxCqKSeBMu1kbqh8RmHZL6/2DAzgH8IphFTxg=,5,44,female,7,20101002
k40at9iH7kb+0yQltmyOJZD5etxTMjdSX4SoLEb3jyA=,22,27,male,9,20101029
joutheQk9AypEzOQyB5ncDG3o3C/lOnV2H54mgRwwDE=,14,27,male,9,20100828
vHTAVEewER0Q6Gw1sFIcOT0iT+yGZ9+jua7/h2u9e64=,1,24,female,3,20170219
hOJIbiSrKK7kBZLze37wj3fT9YFZmRqErU8kiihY9UU=,17,29,female,9,20100322
jL7HxPI0Ru/AxJ+AQx7j12mzmUuevnue6PISuN7jxRc=,22,16,female,9,20100903
H2lSDumFNQgmKP8+lanSZk0jk3K6TwOfmdiVdSBEpNo=,13,22,male,9,20100228
kzAhwI/kdN7IO63zAokKuWqgvab6GwaM+rwn/6cQWko=,4,23,female,9,20130815
APfGaO1ZaBqD/66WlP10f9QACTQzLdpuA8D0p8s36ug=,18,22,female,9,20110331
0RZ5ZGL6q0dCjMCgS4M1IXPL1wz707gmGlm+Ke3or4s=,14,22,female,7,20161027
LYHE2JUQWw29G+z4aQKX5BBLLvBS2DEW+wc88zBwukA=,4,19,male,4,20161101
1b5xqtSuwZEQN/+Txt1T7Z+kz2u8ziSyWbIVuzMK+DM=,4,32,female,9,20070723
eZgfphVaX7uhg6UPRJs+iSfa0SacA48yXTJk2fef8uk=,13,28,male,9,20090322
Ppt6t1MbSrvScHaN/nOSCJhJ1EAl45U2OjwEwTsdo2M=,13,30,male,9,20080322
xIK+wekKPYHerx1YHpVHTxLH6UU00Z1wwCPpXIbFkVo=,22,29,female,9,20081024
ft7aEUeTefzOzceLUf8Q0a1Hc/rBknFwhrLUbKRqsqo=,13,23,female,3,20131023
7xuSHB6NMGiN6pz9+rU4C2AsCH2Nd8gPFGOmEF8yNys=,13,27,male,9,20150520
/kqsPEPy11215uHvyNBLvT1VSStF5J7qg82a7ITOhmM=,22,25,male,9,20110326
lHqd93SyuAXs0Qmm4WeN+InPyqXLbYRD7TqYacxnOkU=,13,16,female,9,20150625
yA7kaEHxMh0yirB1BJVsE+Yb+k4KIofnQks8++rA4Ag=,4,31,male,7,20120112
Vk/jA86Sf94/w5k9sV/RAl3LrUwEr3WeIIBX9RxqH7c=,5,25,male,9,20081027
8gzdTy7iV616JcpWuQxM6l68SQm+eu6HmdVn9rI70Bw=,14,20,male,3,20120919
x0O33PR7Fbs1Hx4l1WLK3QM9zlE6+SzGzi+IF6OHTJ4=,12,27,female,7,20120925
QwiAU2OF/eh939GUet6T+e3E+bkgoRc8H8JPyqzL0KQ=,13,27,male,3,20130715
GQ8wgW0DjUIQhWB8CmI2WfOC+bfbN11bsu7d7o93CqI=,10,26,male,3,20130825
PlBrUvFWK+B+3vtcq0LfRSJeoT0xeG7qMtb7b7/al5c=,15,31,male,9,20111017
ZyloidNl6RG0rvSiApzqJb01hrJKT577K2tdmmTGPec=,1,21,female,3,20151101
gk8Hc5Jsi6rXIg9fOOWmZsFbMslVIqTapa8FRVveVXQ=,5,29,male,3,20120614
bxmkzuKKDVsjT8CDOY0AyqyAhaL6EZegEfYBRHRV9IQ=,13,28,male,3,20120814
9J8Qx5dZPo8twUqNroiWIAE3C/bnblA5MGABej5AZas=,11,27,male,9,20090509
KVO9WsZEk074++vJuFiCTBIVrzsE7lOfU3qZtOx+IJI=,12,29,female,9,20090613
+Ba+7LbCFYK/vpFAxgemAehDTEUuMu7SAtmqEOYG2dU=,22,24,male,9,20090620
u3yICVyAqnJwAD8F3YS8M6dcjmT0t5BGrmxQkLt4SmQ=,6,36,male,9,20091225
g+BENkxtTT2OesuEzEz3SqhxVFj2pIwEIfQE+uYK8v0=,11,49,male,9,20110720
FLOXbZ8M9FX6wWeBhFcymlNvI4B5MkdCBqQlegxbyHM=,13,33,female,3,20130117
Nnup4IhXCVU0z5kyxT+FRzJqXSOQoRrpNspF3LtYtMU=,4,24,female,3,20130311
av3O4qXYIq2Fmhk15j6UeFdS5ICgQT+vor/M0Hx9wOg=,22,24,female,3,20130315
sZN9ET5MdQttP2AiTkGPjjqHlodJlPiMAn6EkS6uRl0=,13,31,male,7,20110614
ZqZKbK6yiYNxRKldt0MSp38ZAVtUsmRXa4rAHDtL6OQ=,3,36,female,3,20130301
jpKxUoOQM8JW6TTDKMHoZ6q1vH1TimXZQvsFH2z/Irs=,5,26,male,7,20170224
mnue4hP8rcBR8r6DD1PRNxOe362PIzat88r7wzwseeQ=,13,25,male,4,20151231
osKpft5BdFc+8sAX8tCrxr1znn3hVL1+FLy0xLjClgw=,13,35,male,9,20061002
yh5BWkQddFfsGu4Q52f0XmTyKeO8e66khbwghSwEQic=,15,54,male,9,20061204
jBH6fH058nrKw1PhBX+qkaShJCVS/HJiwWcw9tbDFlI=,5,29,male,9,20070830
UGPKkbdA/lNfJgR3Z60qa0btu2lFakKBtSO8NQXa4zI=,9,48,female,9,20131124
SMgujADWOi/7H7AoRHWOwImeuy5+CuJ8E+mxUeAFk+s=,22,26,female,9,20090220
hqHm9C/G9s6AGv/LtIyjXJZc5UH0RUrc2wetc5njC4w=,12,29,male,9,20070726
Jo3H5M4jp8VdCpG+aVjjJt6ntgK9Lbj92FAw05SUjBA=,14,31,female,9,20070803
uPh1kpShClmP2eQkkya+bHwKnSGWZ0yNXYt0+7Hj+I4=,22,15,male,9,20060702
yu3EIHNYiifSclbhLuAgjNGSKGRkJLj1tc8V2Rs0OJ0=,22,33,male,9,20060812
WYqL1Be1f1SLRnzH1+FKcm/A+D/gdOJUMXq8pS2aA0Y=,22,22,female,9,20070314
B9IheN+aHLcW53yGJEjXCSVNUOLLuglJLm4jdnPtvDg=,13,26,female,9,20070408
9vJbeEG87aGdLgtz8qHUXc8xGy0miPJhtCDlM0t4vCk=,13,31,female,9,20060202
cYXn2p+yIP3vBHzVQy9bebB5xNad0Ze0DIJRvCLOEqg=,13,35,male,9,20060826
QfoBtt+MDT0YyCwiu2oRSnoMh/Vcdeq6y9ZBMpPIIQA=,13,30,female,9,20070310
lbAyVuN6LBVrofLel4jdRUvFhiybN3F3xas1Lk7P0sY=,14,28,female,9,20110404
K5bn29N/lrJHcrhJxhtWc+a40MV99AinhgXWAjsI6sk=,5,49,female,7,20110516
BCdwRTvjOv0KOaAHfPnas8UmlXafJ67b59MYP04OCcg=,15,20,female,3,20150215
eb/5zgmq8b2FBVH6OixOMoC8HTBKx4IEfFjfAF/GZyM=,15,34,male,9,20080217
LAlGyesRh8jEc6IapipLhr3vrZLFQnBmWaSx7sek4KU=,13,25,female,7,20120929
GU1r9Ljr6JsTpd8s3LNnJPcqod4EHJtbf1c2LOBJy/o=,22,23,female,3,20121204
Eqrwwa5vI5UizeWWyTe4TnnviUPuTxi9WKqQWj7wXNg=,5,27,male,3,20140713
0XC/H1vjbfLC+6Md1bA7LK254P+5WEBh1LrUJrXdy7o=,4,30,male,9,20070602
KlHA2dwjwS2wbRZ45XlnBwq8tQkJKEt34NX4QzwEDCM=,13,32,female,3,20140821
XOWLBDOPKbxD2tq3lkjQe+tXsoG6AXeIyjNk9e4ehjM=,13,27,male,9,20090513
fSJpaCpfl50Dk4FbNsZwXgbXX9uJNs1hsqoKtZHIwXs=,14,28,female,9,20090619
lCzCz4c8uR/++USL9Qtx0ueYJ83venhRQoH/3WJXuBg=,11,26,male,9,20090626
IwW5NgO9Pw9/a1btG3Fucn+XE4hTJzYsX3lTUDpj8TM=,5,28,female,9,20091010
QGS+IcKoy7xSx1Y8SbFwhCFpM/LNGY+MaTNPm1ZIxA4=,22,23,male,7,20140401
RaaATQkrvHv2EzX/mxzo2T/FokYN9HcEmBKsqnQTZ1E=,5,37,male,7,20100406
LGttZoGAw8mbhV2IfSm7aMKAs3ki5U6IICkn9NnLD/A=,13,41,female,9,20110813
rNbxCadP6TfZb5bTy2prdvWQYhM3ysSXFHops81N/KA=,15,27,male,9,20121026
G0aYcf98gW9zA14Sz2+kmfYZwTW8HAJWUfCQ2TuIbo4=,1,19,female,3,20121129
TuOJAlixaObUVS8NkPLJRzxdcnGmzq4ebRWOm0vDoDY=,22,34,female,9,20050804
0ynkMliO0OnY7F80mb/9pTTkdXf9MXsckDjQ/fABcFw=,4,23,male,3,20130528
SHm92CIeOW/USmTYMDB3fY5naoeia/YxmoSE4wauNOU=,4,49,male,9,20091004
FfqJy85dtelyo+nmWg1UKmrfpO2RCCMxx/l1vD5m8EA=,5,44,female,9,20141017
4PVxR5tR8kUEhxfsU8GA7Z7vuHjg0s5xXMA3ifhmAIY=,13,56,female,9,20090603
Diz1U4s9C3fPmHEFYes8lVnQZJojlvQBw6+mp4msDLg=,15,33,female,9,20090411
2PfKXS3hsxNB8HscsXX3YJTA4a8ftYBINhvoudOuON4=,13,19,male,9,20090510
Eomi3aPGV5fONff+4TwCLuBQUJSsLTmSdDhVouhbYws=,15,56,female,9,20100106
9wRV4FuKxEuwsjRz/c08wZQIXEYc8aSu0DdtZ8hrbI0=,13,40,female,3,20140914
6Q4wFAJVj9g8KVc83sBAtxCUflPznooMktB/q2DZLaU=,15,22,female,7,20161106
+y+5nHrrF3F5hJBseB3qF/2g/IKcnMWOX0yDB6XNmWI=,5,40,female,9,20160710
2rzA4a77aLqf8x+LD8OaEctvQS5DixDCHcR6id91urs=,4,39,female,9,20080626
xW9NUVrCUt2eHEwg5yM3NTYiYZZ+7UNN0G/y29u9H/M=,11,32,male,9,20090817
8G5+OMgc/wWcWlp25gDlCjS+tAXraz2mXiVPpw2CcYk=,22,27,female,9,20080407
I7Q13sL03OELQI3sivrcN1KPFTAgVhkiGKyAZi2JF7g=,22,34,male,9,20080420
4NLFe6Nxav4f+XroZPgU86KqWw5ofxt7ZEHmOD1ylI8=,13,26,male,9,20080517
iz21w0nQdZDDn3pE8asgmYNbRIXXulPq+TT2+NQId2Q=,21,37,female,9,20081007
KKZcoj+9UR8yfC6nnbDkA/NG5A5qD+Qs2evAHvX1kjQ=,5,37,female,9,20081007
u15+BMAzA8YR5rivBnOAItZTNdApIjdnxyalUj/LySo=,13,19,female,4,20151024
NEzW5x/OLkZIpY1KfCBGJZXqmu9FAzPqDUW7jy3tN3Y=,1,24,female,4,20151203
5dvtG6IlzAL8qtQhNDKbF2ZxleqfZCXx1VZmufeQ/3c=,5,33,male,9,20040330
qlsDgpZngn2F+k3SXGAsr7S9nh6UnT897dop02lZpKM=,22,25,female,3,20130206
FZ8S/qDdx6rDgSzMubQCaI3PaTBcwjUr4FdBr8yCURU=,9,20,male,4,20160124
UfJn/Hd4zlTNh8JMW12EI8bfnOVre1WZmgvoSdwSfdk=,12,24,male,9,20110613
Oz6JoBnSKOGfhrjLVyF980gQgrPc4kiOxDeRsUUFn3w=,1,44,female,4,20160927
ZEOJmPjOkRmxZIfjJEyBsqQzkoQmxfkFmT1Sz4BCw6o=,4,43,male,7,20131223
jfbMjij96GOOmZWkzh6X5+2ry15zAcqwGRypWc2RkmE=,5,23,male,3,20150807
DHZNSWE4HMyZyZSnHFyXDbv0ZFS64QGOgbUM3bo0GxU=,14,28,male,9,20110802
GuIN1ZjA71r45a+3KtFW57LCPed74H0AjwGEeptSZB8=,4,17,male,3,20140625
SauEqvtBMu723utS4BbRP0XiHcDsW8O4RFAnonzx1UE=,13,25,female,3,20141112
rW63u9YmVpjYbwwJeC/fDPCGn0BG0i/pUDhB45i8NpM=,4,24,male,3,20130724
pVzAxjcpcwG7PeYj5zReRJZPFR8L3Ualm3qTbzP2+rk=,13,26,female,3,20130917
h+jDdcYvWsP4qkc1RNqVOkVUaIxWq3Rf6cZQw7f8DhI=,8,24,male,9,20150409
RDzfAQQnyWZB/Q263Fyqm7o3q2RvnZyaxQGcG6fG+BI=,4,35,male,3,20150413
tQzhuq9pJCbsVv6L2qhA6pd82LB065ST3SXJPYKXQR8=,22,24,male,9,20110122
Z508TsykZ4NbhvJGf0qQGkevAuuwuYMgwYMWZer0NWY=,5,38,female,9,20110201
jNNkmfMBF1YWo1V/YfawnOpM65jOdOC0CXGt5Hf7t8E=,15,26,female,9,20110218
dv9gyI+2lKGdawXSjzfoGkLMpAt2KEJpTDKIq9uQfiM=,22,29,male,7,20110313
AR9aHvW6TLDo49uUfnpho9+87qPjLR3Yr9ffe5mdFIA=,12,25,male,9,20110315
IPhIz6EnpSbuZAt99YXpuGo/62rINKW1mcFLEClsMEs=,13,38,male,7,20100914
bTz6awGi7JZEG2gkxB0g3MYrALnG9rZ8KoJVnGnetJg=,13,44,male,9,20070614
oHzREIs9dgC5QEDsAi4U6XKGXlGL+qVkjPpiIWO/kFk=,5,20,male,3,20150204
jZoMa+W1WIopYNNfwhOq+IumW/U5C3xU6EJljw6UxA8=,9,25,female,9,20110615
x9iUkpKWiK2dJdO/DcNK1RD2N2tIFMUNuTleSqqaN24=,13,29,male,9,20070916
IpsqPjP+jOtzxhs8pzJma6ZiJX5QKaABFrTNkKPQnSk=,22,28,female,9,20071031
c08koi8OV0ojfXW+4/mn56KKR71YckmvYO31WjhR/ek=,6,40,male,9,20110121
j2wg6rjNik7kyJ34eRzfdzuEWTV/RRM/Jico832k/O8=,5,18,female,7,20140702
qeuA3WMF2/lojApjORjP+oyWU+DDJyslE2CWbqikPko=,9,24,male,7,20121009
eKd9y+XsmzeHPl6CS8dVwHdSoyYotCllX061YeopA1w=,13,21,female,7,20140509
tz+U6/1hgJlp7dqotT7ZTcLdEQ5jL7KZTmqve1C4ke8=,13,15,male,3,20161010
z/ol3ILMZdgpsn4WgCGApBcp6ULbLaXl6fs4UYbHm/E=,15,26,male,7,20140316
P6TaEZMv2HC28VgosuHC3sM/JIf79BH3VGMIVPntfFs=,22,51,female,7,20160322
SSgW0elxK9YJhFqjeL1E5ide7BSyWSxKA1e8Xb1xkio=,13,40,female,7,20110720
EP2nZavJjNzLFlCLGAv86UUy6VLas+fxcoCFClu2ZCA=,13,31,female,9,20080121
tZ0rsX1B40o/BlPV8l2cG+9loB8d+z+zDxvlMhMDfTY=,6,26,male,4,20161231
5nuW1S2FOWPxff5h8QuzSWtrB2aWakUKf1tBPXnhmjY=,10,27,male,7,20170115
6Kf0CjujAtR77MAHjJvlqXLem0q5I9C249uJVBDMnio=,6,31,male,3,20140614
DqFX/3sRLH21ulOEmlqhJuLxGeWPotzFg6+FwIrhZTg=,13,28,male,3,20121126
Nkjnnx6KNws3PEDjLnNfrkkG/rXITNRUks95I6O0Bnk=,10,26,male,9,20121217
akmKqTz5SkGUfYJ70QcAnZ3Nk0IjwC+dx35n21DaUQ8=,1,44,male,4,20170214
uWuYygtm8LBwYVd0Hzok+S8JlMYq9Toj/MyIqv2xouo=,14,21,female,3,20140413
PCFAesBQJ4XIYxtsg8gvLX32lurt5uw92K7zlQJqIhk=,5,17,male,3,20160804
cYCafpYuRIxb2Rh535hmrYCGN5zOw0PRxxNQdLWIN8g=,5,19,male,4,20160811
oJkAsG1B2+OJfTfmCvzQFRH7vO7eAAsMGEoOff+kkzk=,13,34,female,9,20070818
c0w786NsjePGz80/+XfOXG09h+F1KbN60NICwrZWf5A=,4,37,female,9,20070901
oEGYuG1MtrUlp+BrCmV2AFoagreBZ/SL6rH9uEOHXSI=,13,36,female,3,20120706
+jq0p7+Z2I3xJ20xgYp2/Hl4vofLTcyHirWSUUrBOWU=,22,22,male,3,20160213
bmpbK9tCfQ3P1gVW56Ha3Eknau0WJyKnmBpZCk37s4M=,13,21,female,7,20140616
huvkqwo0z7iM5G492RZnjNYasfCG8e1j6cdrX7Qb058=,13,29,female,9,20090515
J994mtOLMMT2t1SsGIvJiNh1bR4uo8iHsbENiLvlae0=,5,47,female,9,20090613
m2+fNvSlbv5c6Fq5yrAGxFllEEQ22JsUGZNEYtfuTpE=,5,32,female,9,20090809
SK21EXE25jO8Z1GNy7hnFY73zqmKw54VrzjloU3CNDo=,22,25,female,9,20091201
+ttAUl1zXcssW7zDHnSAv8ynflgJXKgwTX0vQrmjt6M=,13,35,male,9,20080618
RXpHXydt3EqJr1Yg/ZEg27MDlnot4BIUr0WXSDd8IR8=,22,53,female,9,20081010
rY5ODhlao24d2zjo8o5nB36XPr6PXeuhWxDMNW9OJMM=,6,27,female,9,20070609
g/MUQ1DhVYxF3KAHTlxaQEwmPzQQNuS0+B4ZwZf339k=,14,26,female,9,20131230
fELm4k2DtdMu+uidOUlFjXF5Cgd635OgifBgRvgTIdc=,5,26,female,9,20100309
UPxsIc4x7Qjp5uVSNEZH4NQiUKMPJzc7gcZmPHE4a9k=,13,28,male,7,20130717
szsvWRlajgC7k7adMmQXG5n2hb+LqrAGAYwKSuaLkLs=,13,19,female,7,20130808
pTREmg2vVfKJGwXjMhmlWLarAakY8p5ic0q1LozrmZE=,14,30,male,9,20130829
tTydr1XsN3m9P52RCSu/AqSQGbK+auzKJ/+BTwstnOo=,5,35,female,9,20080321
AYwt7SUL9CEnQQv4CO5qvoP8KIKN9Xt1OhL4Yf5PNyo=,15,34,male,9,20080607
s4hj8nvunX62FWz+4SrMvUk3GwDdSzVi6blC1xJTXQ0=,13,20,female,9,20111015
sH1B7/h32g7Eg2k97i4SyJ8IgGbKaACYpii3WYtDVT0=,13,23,female,7,20141101
G5ZUENj72POl6POOiLWd5L9M1IObSTjsq1MkVVeDBx0=,12,23,female,3,20130609
1pAdofkUtBrVTw71WPAbvkvvQIFaDnMw7tVef0YTC5o=,5,37,male,7,20130627
5CAWNL84NfypXiUKWCMu1vcKnhoVaabUIScDQqtA2Mc=,12,29,male,9,20100102
zH9NRvhFlXRqOygdkZJngr3cKlTmRE9uikjhWMvsqqM=,9,28,female,3,20160314
W9ivdlGcBTBR/ZG0gRig4jjhooxEmMQpTMGFc0rs8/4=,6,32,female,9,20070218
tcUw5oYzVGA4I1clWNSykjhF0EgfPduYLExMVm3eDr0=,17,30,female,9,20070416
9Y2rgIfYmT02QazqSfO6BDo82y2yZiDi0NtYp2D73t8=,4,23,male,3,20140623
8eG7RNzp0gNjYT1hUofcBLpkWSx+bASXgnhC8bSDTY0=,7,24,male,9,20140725
FIPNOW3r+dHDZ+8+S7+2kUXumpxHnzDPrhPjYm5Up8o=,15,23,female,3,20121205
XIFg9w5SvEMgM+dBMEbC01R/ZRy5vQHlbjKzyI9x8L4=,6,27,male,7,20140601
wlifB2941lDsyGXtw/g2HDPrUFIRxZufDCGZ4ILyqZg=,21,20,male,4,20160801
n4H6kqH6HZwBAt5fejPXuNoNo5SGsNgIVjQQ4zQ1lTk=,12,29,female,4,20160908
a0MhdlLc0YEgo6UwEHC5aaG/JdIrN/5tNak7J2mu6Cc=,5,35,female,3,20141031
5kdXn8QnZGL61gx6+iPYs3pnYT83tmCMzKDzNP+yRF0=,14,19,male,3,20141101
/3M+ZH/odfY0OBxqNIQAKcRMM3tlb/jhE0L9QYa46Og=,22,21,male,7,20130907
C3TV6Q90Fw0/PL3w9Gfq8aaMppCe4nMFhPAKQXr3i9s=,22,26,female,3,20120526
bhzLz6klc69t/HM7GTMxjQ3DSfgDldZrTqX7kclNbwk=,5,29,female,9,20100113
nRWDWihyt+BKe5EDCWlN5ajdoGCRqPlIK3Jn8EPXU+Y=,14,28,male,7,20100307
IZ4dhjV/Pjn3Kt1vw351LLQ+xKDeGJ9Tmbm+UWGunp4=,5,30,male,3,20121004
p5J08+QgoT/3AjkAPUXMfP1gaNpUAULCToT1mu57gss=,5,17,female,9,20150124
nMPi6sI/UU7o3LSxFtQ1cKaq1itk+siOOAlO6cxPd3w=,13,21,female,9,20150124
FNEQLtTLn6ox7kvO2vpUmyvoH5vHWKSYRRGEYFgQ1V0=,22,26,female,9,20150102
Eqg9A/xE1G1+jiGiDO0svrBIFk3yHWvFHbMwyJMQrLU=,5,39,female,9,20061204
K/ptL9dUBE4EascfZYPRmAFgJgbuS4hnd+OeQHASNi4=,15,23,male,3,20111210
/BRv8vW6n9hF9Wk4nGA/W63GDLqPokm18llWU4C356s=,5,37,male,3,20150114
1F1yjJkXGERtpnak19uE5sUsKG8H0FMGeVz4T2FNAE4=,5,32,male,9,20040331
BtV1SOcvoANNuA/83LWiDNtWTuM+nyz53Ig0j5XdV4c=,6,26,female,9,20050904
ZxPJuo3OxyKRH5tvDuhFcJWm/OzWgBegMuGKWIBYh1c=,12,31,female,9,20050919
Lq3kgFyraNq4fEEBiKrkQPtAbVSPh6AOjOoghnKwyIo=,5,28,female,9,20091029
fk8DejNVmahNBb2epYtf0i1T/OTkOGtivnTvjVVV2L0=,12,29,male,9,20091107
UNK80RjqzDby0gxkOV/kWCaq4chYeuEgVe7qSIgHNvg=,13,42,male,9,20090424
DXhE4r8H6PLyGNSRA5YI1bujZ/LYVljMSIiqUqyRBqs=,4,60,female,9,20090504
g81iWX/C3cqpWg6m5PLKfp/duNE8bQuEUcgsGTrZuy4=,5,31,male,9,20101019
96e+M4lSicmRvbi05SJY7Pq9iYzB6ZQ74O/3vmDW81M=,15,33,male,7,20101107
iGUfJIO62O9MD/vlZnQUtzfropTBMp9xUZHuMwKbzB8=,8,26,female,7,20140606
WaWhbP+DKmFJjfKdP5uxN/3dHiI0++4shcrATPO3Mlw=,15,25,female,3,20140718
i0SZot2gqC+cRMzwuss0rcuszLxr1jcXuIgIzvwBhqE=,14,37,male,9,20110709
ZT6N1OtXuO5SMDv4BVLA0oWXFgBsrjA3A3BXfzLclQE=,5,21,female,9,20110819
rOHL8YkjTdWP5/qPdN18f57uy5xJ88IlO8dV0VFFYJU=,14,34,female,9,20091105
rskY8cEy7nBjJiqIT9sEofQluhjfVQA+bLQfU+7paB4=,13,31,female,9,20091213
VxTCks0qNTXR8ijKzYmY1H/VYAbWuoSHr/fuYzGwemw=,5,58,male,9,20070423
RLNqveTEeIl1ZvTC3megzrfid0l+ERhIp2UX9jmaYtc=,9,38,male,9,20100313
F9b4FxpICCk8hVHQC375d5chCtmoEmLKhd26MlamW14=,6,32,male,7,20141122
EioV3jfxXgrihpG48JiuwIDH67svHi8H+t+cUYGNbE4=,13,23,female,9,20090824
OLJLfbEhgOqvV7Mw+ZN/OgPuLFzHSVoEY6UIeM6jWFo=,5,41,male,9,20080417
2j7PWAlaWyR1PmyLDuBFHa5Y9yKIiJhGI5Zpx/fSjnU=,13,54,male,9,20081221
cB+fyCYgHUhKpx/zwN5cFAuhmCFQIjcXQOiCtUgSpvg=,5,26,female,4,20160430
VgX+qfoJndyH0bIZ3LwQq30QggR7BSSaDzC8kjF4udY=,13,24,female,9,20090430
Ib7CSC3UW/1IETkSmyWw61fEKPLhBKFcwD1AmqUFb/8=,12,40,female,9,20090807
Z69jcLZEs+73iM4T3noWqQx76gTCPCEuIVnEE5hOwic=,5,28,male,9,20091206
hzuKKZErMoVew6UkweAV2epfZyGUqgIXwoNeSEKSe2M=,5,50,female,9,20070409
aXaNKoi0dmVvJVa4yWUNrFey7UaDCN6d4i4FiptB2KQ=,4,26,female,7,20110117
5VSNNpHSe/GAF3gZVQt50d6lg0auxiulq/3Wwuv3iG0=,22,27,female,3,20120316
aHs4uHCy1Wj9U4WbhL1MC7J81K6STlKorYg09+cxStg=,5,21,female,9,20120517
owrnrq3UdD2oTaxr6dDY+Qy38dxHRFhLvlp2/p8EbWE=,4,36,female,9,20110721
X8XdhgiL72nTYAOw1pbog0VuPEdtUoJpYBngzwZzi5k=,15,27,female,9,20110801
O49npVwA9fU7507HvIxff/X5M4oKBY5PjBS8Ycf432Y=,22,31,female,3,20141014
it7aTvsGp6ZtbNdBkfRKULjWoZZewZlWRZ9WCU/9aP4=,6,34,male,9,20110623
L1RTqvRtvjUhpJ8DBLdO2yPzsvLNDr6rqKd9QDaMOwY=,5,23,male,9,20110508
1olJqIOTspeeAooJExKRvE828Fr0raSe8Yt7OoOTAXQ=,22,23,male,3,20140531
Un1ZZbHgPfgmS7R4yJh+zs5lEnDeZ04jyXl9s9YnESs=,8,21,male,7,20150711
vty3iukbYYEL+W2FW7wvuhnsTKIdDpK8rHR8Ib35+JU=,13,30,female,9,20110822
cHcOsdI6CDdeHJn/jUWQ7LTS6SloHHYbqoPOM666oVo=,4,28,female,7,20140614
Ho2nZ9VwVpVcWYMwTSmXwOS1G14vr7vv4y9eb/NxBd4=,5,23,male,7,20110727
TJswbaVBBsK9ps2MeCZmtMr9iVvxnv6g69PHPnhPc+Y=,4,37,male,9,20040328
1knDmxudjpmx5pz78TtwxJwCBPwe2vKX8fn3FkxeXtQ=,13,32,male,9,20040329
8de9xOFEcFD09Sn6/N9rKSMLmmawnb2V2HPnTrb4CyY=,14,24,female,9,20051026
jgWsWhZZCAI8sW5e9WI3jFlVRl9P39KdbmaBLgbxw04=,14,22,male,9,20100502
46tZ0FpBzHr99BkSO7Md8feHfT6DYpvqZfSLzumhqFw=,11,28,female,9,20100510
Jc2nGfNLAZa+tBW9RISXZREwcGPSz0+6a8s8pUSVgbM=,5,35,male,7,20100924
gAyih/MP5hBdct+L3uPuvXPI4HvjQ6SGPK9CRw3Glw8=,13,34,female,9,20101004
hDKF1hStSMnucgttwO0n+5Y2cayG2HF99I0F3dySe0I=,13,40,female,7,20101007
VmbwjybiqdNcWk2b5HRlzSICkXsh/PW9TvfZH4+K2pc=,13,29,male,9,20090407
m0EBg+yMiWkD54sxsw+Wpns2Cr2yTDm2Qma3S1qstH4=,15,32,female,9,20090617
dJrWxDS4oOJaPJpLI1xyOaJWWGypD5yrtgtZkj9ojMI=,15,34,female,9,20091127
tJi9kFdeKj95ryaD8d7BsovrlTWb3nPyND/X4PMefIM=,13,38,male,9,20091222
kVS2/Ttp1Bc88RE+xY1rMgNEl0vhjWMLEcqU0fOipAQ=,22,49,male,3,20130429
I9Z2RvsJijqhwMGtRp4EeyPhJUiyhr9jja5MrDmK9hA=,14,40,female,9,20060312
f/6jSqNNjAMdsD68YN2EwPR1ng9Z255qdx1kCdQWN5w=,14,36,male,9,20130224
H9xkP92gix5Yv7noCzhmK/NoDxRELkIVTEGg3YW+F2k=,13,24,female,9,20100301
dzY24emY7DX/ex5WY/U/zmJSu57dYsNAPLtdu7qtpiA=,13,19,male,7,20130822
1FFOUaZiGWYidyisTPTAER5MoluqEza50BIDZEQ1nJg=,14,35,female,9,20090418
4igXztKVKqF/axBg4o/13JM7xa3UZ0XN7arIMsSxyTs=,5,27,male,9,20090914
LgvOIaXYyZ0eIl1HLqEpryspGfxqPmxS+x8Xubh/cKc=,5,30,male,9,20091117
zsTTDYOEKRcb3B2DUuuM5cNpo/FSroBpygptbtk1mfY=,22,19,male,4,20160314
nohmytdpf8bnyR/SkofIhzJSrSEdyiKfngQKjyRkw7M=,12,39,female,9,20080924
BrUxJfeeYtkTG1LBCbbK5qMbdwJLQ/bkXcppyofAzSw=,5,32,male,9,20090416
9O6OzfC0bx8OertmKbvtz2W3+6inIC/MEvKBTqTlsLE=,13,28,female,9,20090604
egQjG1N3x+f3camdNcQTwPEe9jLcMYmc+xLIW60Y6Wg=,22,51,female,9,20110329
zzz1Dc3P9s53HAowRTrm3fNsWju5yeN4YBfNDq7Z99Q=,4,48,female,9,20140611
SxQ5TnAYt7rU6R1THmWHT++iTXs0oudPDfxZjuimyKw=,22,42,female,9,20100418
4Po7utNmVvBZGPnJsYzPR5g6dPAN08z3+Y4TDMGvdXw=,4,46,male,7,20101022
oXI7JzeH/MkC/KBRPvoLbsEbMLZmQ4g4XzoPV+qvnKw=,13,27,male,9,20141110
XGkp2Qxqv19L4L00LxaDv2vIBIAn80+cJvxeNpldXNQ=,22,19,female,9,20091121
iy7QCsKg/0fAfqh1RkopW18itG8pqopNQPeh4Gu2CtA=,3,23,male,9,20070830
eOqeBI1gdQ9vtPO/LMu4EDoAzv6uNsHiLtjzm/CZXlA=,4,25,female,7,20120914
oUqtDuIq42wzFaN2PEexskcdNsIiBjxJYTZACMbic90=,22,28,female,3,20130618
BPniUHDsPgeImC8uAgZSsXd1TDuZAmIO5euxlACOZMA=,15,26,male,3,20111217
q/N1tkeD86hokBHlTt/2Fk+DLmgC0uhnnyMoj0LOW3g=,6,29,male,9,20090427
wmlqBW/0Mr4G+oq7MUn1bXMqzCEc2k0y8stugnEHBEU=,6,32,male,9,20040916
b9FXMveJOIo6AQFRBvHcuaYKL9NMul5sCWkeD3c4tZQ=,21,31,male,9,20041027
f7TBw0ZcPuBEidCKuq54qcSazzyUovsbUyKGBA9Vd1Q=,13,36,female,9,20041216
5jDHBPXhfnEblF0H/8uLPjfMeRh0egZJOOLjZ5aQt0o=,14,39,male,9,20050314
fkfd1XVi/M93wu6jld7z47//iaiKxM8h8w/nvygC6nI=,10,25,female,3,20130924
RpLva8h16ubRGWm0Emrb4L//XjQk7a2knuMb6TLmVL4=,4,23,male,7,20150717
+muJ+PxrwSDP5K8/1J9qFAl5FM6L7GjDfY23bSc1kCk=,17,35,male,4,20160422
eO55CzplvZvvOiEvdzkqOkj6f9w1ciPxNN9SAbQwvh8=,13,25,female,9,20130921
ZY5fPuax0WOmTWVXhsyu5mggOLUC2T9jAh1PRmAfhR8=,13,19,female,3,20130922
RG8JgZZBeku5huHOt5GFmlfHvmTfDqYiiQYZEFf6SI4=,5,34,male,7,20131122
8epQ1ot79h0qiCzwzO/HlQ3gqSOKL4seRLkdcBZdM84=,13,25,female,9,20080217
OqDyhiZ6YYuOp5hdRt8LIyaIOfJ96+nedW0Z4hR2jVU=,22,19,male,7,20140508
65EgvFvQ6pYbcFQu5ikOK4UbFinf+brMpNgtiGKYFMs=,6,41,female,7,20151201
ZGprD8cFvZgPA9jZpqzZQ8wJfXNJoyyZKRH+pjVB1k4=,13,26,male,9,20060304
Xx+/iQ/mpmR/SgC7BrFtKS9+gFnUvG9Vey40mdJ9mbk=,13,23,female,9,20060330
R4gGwTioJpeas6TIytb9L5kfiykmWE3X8/Q3JM+yIag=,13,60,male,9,20111106
almu/TIsn1TaPYvY61Xr0+EvU7hY3+141hihK34LeFU=,13,28,male,9,20130203
T7dBiIgittE5bAS1+Zv2ekwymV/s9NqWEcrph6n5J0s=,4,37,male,7,20130222
Cxcs8uc1iU02pnxGzRxxjFQakWone9eolT6pCrvzvb0=,6,42,male,9,20040327
q/JaJL41h9Y31j2V6h2MqbeDg2RyBmi3f1w9hUf+gqU=,8,26,female,9,20050225
+gmdPXpJDHS01ySEPFvTrb4gFXS5/eXaT93vaUu7b5M=,13,31,female,9,20050925
eS8ya1AsmyVkfW/yzdAqA069JWyES5YULZemVPAAIqk=,15,26,male,9,20080201
7nNruG0fFbJZFKap/YukhyJLY4wfuMgJC3k8XHsLh7A=,13,42,male,9,20070812
mJ6F813tYrejZ7l+yru6Zc67fPiN6QqTa3UYqKroXBk=,5,33,female,9,20070828
p9Yo57VViJibaAJwtfEYZva7OlOlPvK/FEsdMlRnyFk=,15,38,female,9,20071105
fQpfs5t8i2GVu1FWp26CJJ112joMYEjGVVQ2Mg0qBTU=,14,43,female,7,20101224
VxOkw/CrOE6IkgZy+E193juiyapRV1+mjBTIiOGpfEw=,11,19,male,9,20110401
EkJdMF33lIyHwJAqU2aGsgMF0pOozRYwUDBtvhR+F6g=,22,19,female,9,20140528
sU8630g6HjOyWNyChb8lIo5HFn2zExEXY7VLX1KckZk=,10,35,female,9,20080401
nlh4+2N57r7ASkMF/G3CvKLBVCKODCWMmw/y4ky9oT4=,21,31,male,9,20080512
TIG331ztfV1nLH22Dd81hByu8ln/+iOWHAcBOPBFe34=,6,32,female,9,20081128
OUf+Dj/0DcMCFU8XOTwqGdbw2jG3uarKj+hxiCDhiM8=,13,26,male,9,20090112
z8YibWISmJEF29LpW7hApB5GgV9pRsjOIwGKRt3MQ3U=,13,36,female,9,20100730
XGrD4pxr5Uewt7PGeTwfEumA+TXNAb390GUn7v6zEg8=,13,29,male,9,20100924
PlxuHtGFH6m588opx/zlGSiNLKS3bBjhcrFPYr7zpXg=,5,29,female,9,20041015
OItioX4ohj7g82aXHiuCt59rPJYWVgTcIp/vXwTbYug=,14,33,male,9,20050130
yd911bF3EPQytFSjUS4Eyls2SdQcvuK6jve++y6TiR0=,13,22,male,9,20050423
/r1v80KcZE6wZWsRjU2DNL19WWg2RZVTFf1IUA5o6JY=,6,53,female,9,20101120
vUhmUOiPz3iQQvuHJSg2RjjxITA7ovhPTxSjKJiHy3Y=,12,33,female,9,20071231
YHVwoDp9WhDaYpMgSzDKX+xZohQYsTgbPuBQDdOqPEY=,5,40,female,9,20070602
crQqIL81jGUB/ZyX0+9PfyeL/C3iWMXDlGBTaQtARUg=,13,34,female,9,20060428
4FKEkvER8rvxadQvqZJvACwNfFaj2EAxjC3tVyrhymM=,5,47,female,9,20060811
kgAELrjQISvL3zrJ38Togluc60Zb70IQlBiYl1nnu6Q=,22,29,male,9,20060924
UesLWAiTqkoZn/WiSKMXlSgJHlisw9IzUTNl5lo2Zjg=,5,48,female,9,20060924
x7aU11yONgbV+DqHNZ2Id+OaV1rqXatlMq9Rq9WN6Bo=,18,29,male,9,20070118
d52CE3ILgHRLN3oBsMMojlwJBLCkDSWOfKGadQc32Ws=,22,25,male,9,20070216
Ge+fFhvyJCDdjUjOiCmb4f4Yc+rnx8kioaXeYcsRY9w=,6,32,male,9,20070225
wjSGyZ9D+J5FcMKx4su/uS0Hm5ugZqkMrNKOl5ykmYM=,13,35,male,9,20070421
swlIPDZ9QQLi0PvOu29wqvmenjcVuG5u3Vn7RlEJ1sc=,13,32,female,9,20070127
a7qM1AKe67XogckRKSU/RHOuuemrXTZ7Td0DVyHaZ4A=,22,35,female,9,20070214
MAFloN4qckabw2lXAwRswUbx3TxWN9x3L0p3sLxamJY=,22,34,male,3,20130818
74ndiGLFGwK4Cq7B/vzqgvuaR0aYcUFATaZjh1/QlFA=,15,21,female,3,20130822
gy/BvQ78q8/LARYDS/0NmesviKuCjaxKxf3F6wW+qVY=,22,29,male,3,20130908
sGmGJbVt/0I2E1UQ6x6DnO1eAyho1SehcoRHh/WCTxk=,13,30,female,7,20130914
83PX9clt/Jh//4ZlGsJ49d9oMMz/UmAnNVL9/55Yl1s=,22,31,female,9,20120710
tQGv82Rxo4qFTVuaunGWRiyIE4HDC/OVPzfvtCocrfI=,18,21,male,3,20150501
QuDl2/oNlIFMaMNdZZ44pxk1u0zMntPfTOh7MVr3iNU=,22,24,female,4,20151111
lv6MmsAokVRX1rg+rSk2nwcDH1CBppW0F0GXMxhLJp0=,13,52,female,9,20151122
VUjqEIrTGRFLBg+nPQQ9rFWGg8Mn21hVbxgbKUnnc8g=,13,26,female,9,20120915
vE/oU0yCRTpBxsax81T9vKfKjJ+UbdAIQiKqgToIE9w=,4,26,female,3,20141118
ltCcGgnmo28mqqOJrlwtizSioJdMuJnvcNEU8RQa/gA=,5,20,male,9,20110214
dJdubM4aCKl5Jf+uFr7D5P0VTexV1Ui82Q+fzi40u+g=,5,23,male,9,20100817
xiGSQnfubTGgYIZIMUbimMD3G601jKcsy59Pp+l/bBw=,13,27,male,9,20101006
e4M3EUr+tLnBKkwKhv3SQqfGCB0QnsTQ/UVbY05/FxU=,11,18,female,4,20160312
9l+jfA8AvWch1TUrc7ypx/hq+TNQy/za9hmt/PZdZdU=,9,25,male,3,20140701
ae2B5eokA+uT5ITDAPdWIF0ZE6M3ercEGh1SSHFWCu0=,18,31,male,9,20040914
eovdHI50TjYUvjyE2wK/9ywey4J7cqMTLJGp/Rs0nww=,12,22,female,3,20130609
UEMZ/1INRA2uZwZ3u2WxAbCBwHa6fINqNmX0BN/kEjM=,13,36,male,9,20090813
0CUcI14UFzybNLUIyzwyGcmcrB9667h+oFX5BJkRivE=,6,34,female,9,20100119
/Y7z7HcZ7omt1KX6CIj6CSJU/kmHmcZc9Ahh3ejJsGE=,22,39,male,9,20090612
R79PNO7OlJ4uHHBZeXHi/CokIISIK0Lt7yKpshVDARY=,22,26,female,9,20090719
pUGDeYEAHC8mRt5TvNzNzkQ1hEcdfEYQ8hSk2uks014=,13,47,male,9,20110520
STX+9uvqupYlMAexmkTNaEiqbhyLj/B8gegU/VZMPcU=,5,46,female,7,20111223
eDaYW5XJ3d2vw5DXAWdzQlTNralwsg+Q4bQjADlXnfk=,13,24,male,9,20131016
KUi8irrUgqRir/8f9u8n16yPa+LvRiL9zkDLM728P98=,13,25,female,3,20121224
/QzAbtSfzwvVmFz57Sbdfa4T5kFD7vA126hIr3ZTzRs=,3,22,female,3,20150105
XznSsL2mk0/bRlCOpUlNnks/lpHg60MpwvrqBlij9oM=,4,29,female,9,20041014
rlk9QUOnhfZdSNVzRqcKKrTJkk6UlqXBYGU30hC1rXs=,8,33,male,9,20050313
HobkAM2nwosxfttL1WZMPFM4NsC4lU4NMMDbvyc9ERc=,4,39,female,7,20120417
i+OLnkqXhYyv3SNiM97hhxR47O9kPAHg3XMP2eHNCgo=,5,29,male,3,20120525
X/hyqfi0Vc2NIbYf+Vvq69AnFTh3p6k0IXhwpKe0MUY=,5,26,female,3,20120603
MzHRNKSi/SjXPWjB8GwhM88jfNfkf4qxeXa6JMwIVe4=,12,29,female,3,20120719
rWjck6R4Ft6Xc4ZM0JcHRJ9t3mEKEDHuUyfrFcsD1Wc=,15,46,female,3,20131015
i1DEH0bRgbi41vojEW3BhxgKqjBgQuEa88ximTRUtZg=,15,28,female,9,20131114
ePRc2ObtAl3iAAfS0K6F+x0oGBmneqsF2jYMdKgvMBo=,4,32,female,9,20040712
G6YbDG0LysWqqneD9FT0U8jwzvQvdglFzGlWqApqRSc=,6,37,female,9,20090404
ylJV40I/BPvtdoqgMQ58Rx1RrEmZbXKvNg7tjyXBrps=,15,21,male,9,20090412
YBEZ0orFKfVpm2oJU0UN+iTg0Oz+8jWoGFLnNGGczQA=,4,63,male,9,20091008
RnKyVD9LUtV9fW/q4782KmY9AQf1X1ZLl1M3rROFYVE=,5,34,female,7,20110209
6TL+WYAqRV/G3tVPJf3xHBslzAlvYOx6Rc7RkaBMfdk=,13,17,female,9,20110219
eAzQJJeCGeq801vWJ1k3udN4Lh0haOSrcB39e2lcNsc=,13,34,male,7,20111223
00iVF/VnZrpmeWoFeXlQNFgEkvi0Rn5UArMQENjxIjU=,16,26,female,9,20141223
WeqmMd3j//GiGe1On0dqtn3ADdcQ1xzinCec2E40GU8=,4,23,female,3,20150602
JFZBsRJugdrzYnqZQizA3mHm7YnepV80tOBYnfkJfFc=,15,29,female,9,20110730
0kaE8WGKOzY3HI0QalKmAjn158WPqgCdYsieFQrL17k=,13,23,female,9,20060624
7hTIJprTfWL4wEWwrnlyvsvYWQaxWXDU7Ic8kzvpNC8=,13,22,female,9,20070223
eq3JGFP2eIbLMW/ov6iym1WI0kn2WzS1vg6Y4HD8Vsw=,6,27,male,9,20070407
n+qqy4+AD9bKS610rK3BnBUSNuIZzDZLP6dGBYfahuA=,4,49,female,9,20070412
UKwORBYfo5EoTmKyz88YgY9ZmeR8l9i+rouVe1QbyII=,9,25,female,3,20140307
y7EQABWnrNPEBpLK8fY1HpR+IVs/rgqPfrhkoEuI9bc=,8,25,female,3,20140422
1d6Cj68Ati6TqhFYh9aR2JZTDk0udPSgr0BeEVCd+SQ=,13,36,male,9,20100313
C3KWA7qLsIB5I5OK4gqhS51gZldSzUMdCY5KFGdVizM=,5,44,male,7,20100505
s8jHCDu9UIJchanywSxgrZA6R6tVDdDR0KK28qNpGp4=,5,21,male,9,20120216
/9mf6kJx0gHVIxVDiEhUhG5iKjSgChyiE7Qx200qZac=,4,26,male,9,20120503
fnJTkpOWM+H8MWZk/a3ILo2iLbrE/ASc6EYxS8yCreQ=,5,25,male,7,20120622
wPD7b4+vi9VMfiVztP0lyll19eIhDA0/xbyMeTccvOM=,6,36,female,9,20110620
/aFo028UoCHL6AISib+0LPkUvtJ/FENdxa6NbSgQ6BA=,15,21,female,3,20120916
dD3vNdvHAADlWYWRuRd2N5sVQXUJxqeERhUvDyFEjWY=,5,25,male,3,20121002
k4B/IP/8sMHIBk7GKoPh1YZ3RSleHxGsSIvDbuI2ttA=,15,33,female,9,20100828
DuoVj7GebcExPU3G1c65vZF97PfZWaVuD7k5Ed7D7Mg=,5,33,male,9,20101108
n0uFlATUx0wc2yL8mqSOeCSpID8T6lHp5JG2YZhud+U=,14,34,female,7,20110627
dziU3SE/A+KBS4HbdaDdKm+H4AZPf+mGof1dRPXLEWM=,4,29,male,3,20130824
T1w+7h0o5KjOFpxwwXIcxnaNkG6wpmIx/YnDrkXViTM=,22,29,male,9,20070614
+/g0m+e8jYjfEBUs29HU4Qb9fIeN9e1qx2WTeH2/jSs=,13,33,female,9,20070608
sFHFaDN+toTuUXXyTa5CMlyiDj/dfzpy4oyLECIgSXw=,10,31,male,9,20080302
P3tCtOfM/yojWTh+52r7BWVAa7vHsB8R98pj1rI0djs=,22,27,female,9,20080113
AUZ/1govjBIXYXgQm5cnK4ES3nsk4Mstq5Q0+Aj/NNY=,13,33,female,9,20090320
IVXUnY7TxWZOlBevMmm2WKl/9p36r++aeCipXFfXzQQ=,4,20,female,9,20090503
YUiQ17+iU+eov8kHzP4JNmQxEzXulfTVTL4Yb6a0XEQ=,13,28,female,9,20091205
7lvrR1ikX7AITYgiYc4ud6TXcQW+0fKgHN6n1MMWnYE=,22,23,male,7,20140208
XBD0JV2t1LXUwHMKDzm/7mDcXJHXFGO5Yrs+0sCf/CM=,13,32,male,3,20120125
lGk5peFWftXLxob+OGmXx5pbIC5UTWwPwHIbtKbwMiM=,4,25,male,9,20120307
DfFSTzTe1G3GrhQ9fPz0OCRzDNRamYvMX79YPGSA2pA=,4,32,male,3,20120331
SgM43mCnW7QxP8BWx+eydrxTRrpQvJ1gMvropoXlibQ=,22,26,male,9,20070725
sb/WXJjTL33aBNt1ZSQEqeo+UZQUQiRlxa7+W3AdHig=,12,29,male,9,20071014
GhgGU1RTlXzdsEZhD+sZ9WWs54fBHykd3/hGASEcLsA=,13,26,male,9,20071127
xihzYXatR18m92johf70kKsNUASgJVNpPRM1GWOfTkA=,9,44,female,3,20150129
hmLnV4LUvwLVngIt0Ade5IejQuFAY9h+CNMhHHjaS2M=,11,21,male,3,20150625
1Mk+vQ+Aondd6caqTDl1gtDhvEK/k98fS/xPhqefvGo=,22,17,male,3,20150626
KfYDa74WnFKwD+VZOw4ti5Ik5G43MRTarhmCWkou04Y=,5,29,male,9,20110917
+VNYPveqlrSQaxEiNWmH7L3i0Q7J6l19oqMtrNPDc54=,15,25,male,3,20140627
loyhoHSt5+nBpttNrk5h0R7/1lKl8up7EmWIdOJBhOI=,5,32,female,9,20070715
eoJcP7rG2LiyWBjhnjMu3uGtJffsyDplOcudMrZRNJU=,6,19,female,9,20070920
GBsqDkfCliphRWbfcIXNx4p80P3qWrwbpmRFl1N/LgM=,13,32,male,9,20100408
xZ6QlqnezNE+gGRdizbVEwrKK8ase/pr6lln58Gke3w=,12,24,female,7,20130610
Q36xbSLTH42qcSkcE9nSr8S/aIlPQlQ8n9elqUdL2CM=,22,21,female,9,20090602
nQEeQtzbg4sn942M0hxXmt0QGZfbLtsdMqJ78ZHi8xU=,22,84,female,9,20091018
FMWMWcVvzLlluKhzE0wDYXrJImm6r2q+61r78FNtkq0=,6,23,male,7,20131002
5XW5tRHhzSLGvUxSIu7HJsJ3kBLSKx7h8gRouvAr74o=,6,44,female,7,20110917
4efDtsa6GNZ7BtAA4M5NVQzLstNWoEw1TE1BodGSXJw=,5,35,female,7,20111010
0xA1Og1h1rwz/S8Lht31LnECnwp6iw4EZbHTAjDruRo=,5,30,female,7,20141031
ijgdXOt5oh7o8WX8LOLH2YfHsX1b+vRCJDO2sSMEaac=,22,26,male,9,20080122
em6VskSezC1sLp2MtNAyiueEgzSz8MQpsU5TUeOXW9Y=,4,32,male,7,20121101
YJN0fAnW8eMtp8XO71Vgx2aU37Ti7T28V8RiwchZlK0=,22,28,male,9,20130102
AxbvYtZ56h9sqWFem4WfcWpdqf1f+ZXr0pyKt5ras3Q=,5,32,male,7,20160113
sh11Neg1JhCm1sngDi+MfHc9ZZgAq4/2on2wPRd0MJs=,14,24,female,9,20120522
aF4shQ+1/sa93ENCWEWkkDME7r+rFtHEjwAXQvvWMa0=,15,21,female,3,20120725
/PlpwDku5UXYWzf+61KKz5jQB2es1BfEqjsBzubddfo=,13,34,female,3,20130115
Fh0cWi/Iu85QvlYH9JQ8/fY0me2T1LxETsgtesxuzbg=,11,30,male,9,20120925
3OGY17CTegk4asA9YerBNXXo9Hwn2nbTOOqOAEqlWc8=,14,21,male,9,20121124
QoyGKqfWR8ljO2nKpc3EsYcReEXoqKGb4/A0cQpADbc=,5,49,female,7,20130107
ui8a1NieDB5AEiafW6eNuAN242oQ+iauhityZ9iNIsg=,5,45,male,3,20141202
xfy1CqifqWEeHK+p8vlXduTEl3BnelBVuztxuo5ikbA=,22,32,male,9,20131110
5zcNLIsEGZeC4NfYTXzbNTCJNQI21nv1JHEKWj0iQ+k=,22,27,female,7,20131214
EyJ8ea84X73f2eNzS/yutgtnP27yOcU4/OR2YWadgRc=,4,23,female,3,20131222
Hq5nKKug4a/LJqk21Q/XpS19CVP/OaHJ2RVWRtz3CB0=,15,19,male,9,20150315
2cCE+ADkc7FGlutxsExGyGgqGBsISAWw/5+pj3KIjJE=,17,38,male,7,20101025
hIRE1b/SLrsR+PVYLXcbJLvhSv97T8su1Ee2IR0q7t8=,22,33,female,9,20060317
JDOeT06iafuMtOeB/yMHZbRNTQFp+XlDoV+pTQTEm9s=,5,24,female,9,20111002
op64vOl08129xYhd16uOrUEHb8wZ437T16rUhNlW3CQ=,5,32,female,9,20070618
AkjVSwOKfwhYTln60MCqmkxs9WrgxTVMh1pR3wBpKLk=,13,31,female,9,20070906
YSvRltYuJVfKVEJQqAQTX1GZ9f0CDHRK5CApFDFlYTU=,5,31,male,9,20070908
jvOChkZOH1/q0RKTkV/capFkIVt1klNwTMTfBijYcKM=,22,25,female,9,20070927
I3nFN8zEUOIzWPNe9iAOSAsI630jwXFd3NDLHXR5EOE=,22,28,female,9,20071227
nzMoVbeSG/xYVFI/wcs74FK4zeJIx5E1AtXvSME0jKA=,8,33,male,7,20110602
VfU3KmsMprRLefKBiiTdSaOgKpbwskwr9psgoCcLe5E=,13,35,male,9,20110202
DaVfQ1EBdEan+obHkfBQg3hio7vUvPKY6D1bJpv0Yfk=,15,40,male,9,20110206
TEDoVZ7h0XVagNrEqJu48pDDzv9mFB/SyqiYEn5PwTI=,14,31,female,7,20110325
DAziHx1qXzp1mwjqVpNeopD4lMxxeC+F2eK+BFr3TAE=,13,20,female,9,20120717
uoPAUYOhZ+UxHLRjqJOTBx7SoxUPrEl87ylh2ajp4MY=,15,31,female,9,20120722
tK45OZQhe8+ouBQNYlrCpz0Z2Tv0t+fCqFdbtx1a9zs=,4,30,female,7,20120814
+71SzTRHwsa5DH5GRUJu1uU1seDW9YBjbl5YFfvFl1o=,14,30,female,3,20130108
rj0MLfqBue9B+Ewlv7tdx8un1zFxSivIzNsoYC0Nd0E=,22,47,female,9,20070617
fIx8DzDbhl9gjJMUfhISbltrrhlPk48DxsZqYrURPQ8=,22,33,male,9,20070810
BQNLqh4bJxj5Ku2sEyYxvrFi7xaxkv9fQaDBwzoTvwU=,13,26,male,9,20071008
6hhZdQta9lmS99TFkGBw5BRZTaohgOlzT/vSazH3Oqk=,22,22,female,9,20140609
J6nOnWCIOpVqMZue7/fZzijN3Tf/rW619JYUUqBN0rg=,5,49,female,3,20130628
3LQcCqScMOn4uw+iO3KYIZ4kDlcUEDfyoWQz1av9JOk=,5,22,female,9,20090329
edukCS/E6V0A+HdR7WbCgqxAcJpT6XfeqP+3eISofAI=,5,36,female,9,20061103
z9bE6H8Ko3RgAmT/t5NTHuKIiEZNpsJnrkgvwMyrnqM=,4,27,male,9,20061119
tv92cJ0kga8I7KDGi7PkGO6jWfSQRX1UWd3e+ld3GxA=,18,34,female,9,20070116
ygL+6TDe3hRYPe2ytf1Ro7+dy4c7VD3OqPmj5DEaGnU=,11,31,female,9,20120902
xKbfHlSn53S75f4RKb2BRH7Sg+6AuIXtrVP0QJfg7Yw=,3,22,male,4,20151117
wiBTbkTOpLNxoLmdIGDCxJ1aRSagICI07lxGqklbh8k=,15,24,female,9,20130111
5aR5aSDLrFVOmBMBDCVePAuwo/y+7D7M4ZA8yx3+FCE=,15,24,female,4,20160327
HZoN9//WwS+muwmhk5vvn4Q9AGGHcb58YQWJ1PUp1n8=,5,28,male,3,20121010
593+N1YTv/CyDhg+P0A0JLIT44+mXgURVY8NFC/qYQs=,13,25,female,9,20160217
BmgEdETWaSz06jIrA7ei28/S/lTBAH9RWhFl4xaZeC4=,5,29,female,7,20140202
7voe6NdHDHooF7PYlUlWY8LebUdzjRbq2n5iR4OWWUg=,5,42,female,9,20100215
IbUH/pLWl75AkfXMPX9knSx/7igTyS13TL+LE+dbP2U=,7,23,male,7,20161219
075VxbDulEcU/KGa93OUvb9gRcGoLIdw8zFaPnZQMQs=,5,19,male,4,20161226
8Dfy9kxZDUwbwSqFl/sOL04lN/LPbq95TfBXHa5CDx4=,22,25,male,9,20080411
PhWocMP+3lhv+Gk3DjLIEUFryA8rqf7DVxrA3l1ePv4=,14,34,female,9,20080617
KqXL5HI8KPUm3xu+pkMMwzSFHxqKddqtDVONiL9cDk0=,4,22,male,9,20081214
KzjcD+ulYaF2ReqBJ+NLwyrkM83eicw+3oNVXMsH4lU=,5,27,male,3,20120518
jJkHQfDO9/rC/TOllYmaw23nvKyjU/CbF/d879KEios=,15,28,male,9,20120604
Y3MvKtK50ZTkBBRuETegeGMs27q6QZqrNGy7Iqcr0ss=,22,25,male,3,20120610
3NuPUNXnRUi2DdOXJdlsWYoNPPb7jtO10WNepFnF+w4=,12,27,male,9,20070804
yfyTK6xq3lpyQAaBJUPm5fj7edLzJ8hxlR84HYd/PLE=,12,21,male,9,20130820
JTByRbLH0arSGJVYrbv7TbZ4yHsNmjDC5JCfaetaj/E=,13,34,female,3,20140716
tndxvGwYSqx86NIWUN2IqCI2GHzoMVE3biTQNMJ+MX8=,8,34,female,3,20121008
p1nHasdvzOH7PBgjVJP/cZuEcqoCg6iVdq/qRtxaP7o=,5,27,male,9,20080422
G/lR46dgRchWbCKSHX8Vg9p7rr7ZgASw8LoFTrAtJ10=,5,44,male,9,20090126
hjFgvo+GjqP7RjCLmZV6XzkVhK6nVFX6SEODOXLb6Xg=,1,25,female,7,20140610
EWVBFH7TCwTYGz+Bu+jiX3DftAk0oSuV1CdQjpqSfog=,5,24,female,9,20140108
d8LiYCgauBFfy5+3PtjESUx6YSFdId7HLUBdF+mzUZk=,13,35,male,7,20140109
Y+LcIY+xh5fYnGA6BenyD4Uiyv1Wx9pW7mSA+AO6LbY=,1,29,male,4,20151226
j8furfnuBmrrHrO/3emzs/ycs8bRv2aIZ8OEBj4A8mw=,6,38,male,9,20140423
UAVkYImfH4os5S5VTtCI54ut7v+g3qCLUPt+6C+tG6A=,4,44,male,7,20140425
ZrYM4Bg1n1flihTL4yrxwL2vZq2G0NXHxSKqKySPcsQ=,5,24,female,3,20160502
NbvKQ1bsHFW0k17jxkqz3S2Ib+NOqKRh6w/SEZFARh4=,11,28,female,9,20090521
o3n1FNHJW5tBlH+Ez5/TH/hgyXjsptBhjwUwfwnyptc=,6,24,male,3,20140817
qoVXFH1tKeUFzDRYRpGrzz00Kbpl494Qa40SrE49Phw=,4,27,male,3,20120728
TLDEj/Xu/FCgN8Z/JPzmiMCAvbL+k9rCe5hzxOseEQA=,6,39,female,3,20120802
sY9mYn1ewPS4AeZP9My6y/uzkS1py1d1f2rnJIzTo3c=,8,27,female,3,20120807
YC/MDz8spaYi9wlcm0hiM2vQg3fBX+4u+aReBkVTkF8=,5,41,female,7,20110313
4idYPFNh2yXfuJmeuRQPwfZ/O/f/aRnpWcnGYS6JqHw=,16,34,female,9,20040326
OuAW1qJzMsiLaLrPn/XqA6edxCHJAwWO8UaSDV+Gh2A=,4,32,male,9,20040725
xkTVS6cKNhOoUjHjDHzoua+m9OiUUyQNQswJKJUqlo4=,8,26,male,9,20080714
MREmErF3UNzF+d++vcIw5XsFzy8unkDlL0qcGasBumE=,13,17,female,9,20140711
+fQSj1WbVUaTYprstag2rxvChu/fpq6jUmgTzSQzU/U=,14,30,male,3,20160203
fKKJgeL2AREoOYQsy1CX0kq9kYxTrJnkeJD4ykb6ckU=,5,38,male,7,20160216
5BHrdTylhfbd5yxHvSdwtJhjFrqlGLRPV+i8ho3E3hs=,6,21,male,4,20160223
+S8rEHvj3/rO0GGE0U5R2MEMj35vfpkxYCu29BKMQp4=,22,31,male,7,20160105
HdfVA3F+qDypCtR/l3wrlsWKDJvtJl7vxhnutIhmrBw=,13,33,female,9,20110618
0HfzHS3HO5cWBK4wA3vIW3oxUwzLyMiJ4e4ssPwx1+I=,13,48,male,9,20060503
kbdWWLMhoDhGlcgsDHKW3K8SfciY+K12Kn+Qp+xm57g=,14,36,female,9,20060628
kQt7riUWmxNimjiIZf6cYr538xpCOQ306Gtp15StUPA=,13,41,male,9,20070704
Aw3C2m5DsT/WkZGY4SmlMmyXCwANM0C8L9iyMW4fiJc=,5,33,female,3,20121002
Pd4rqRRphgWkfCZJ5PhibU98vwRK3fmLlegZ+L7biAg=,5,28,male,3,20121203
z37j1UFTUW86e3iZhQby8bfLB/dQREGBaB3CyO3zKMA=,22,26,male,7,20160207
/NTrCuqmxy0uCUPzj/tYiwJWvpMRKFD+a6mJgO0wtoU=,5,47,female,9,20100129
WMKUALP0eOeKYFnuLSKYzV8vMlPtHlYCzni3lv3roEY=,15,29,female,9,20081019
3rg6RX421S/fKrAGEFlohUz7Jhlqtp0ntErXmatE6Cw=,6,18,female,7,20141201
VbF4TmhsY6/xmNnhL1mDl9/WtT6YB9aT5vwKjuHrwJM=,3,27,female,9,20090819
p20Pp8LLSS+hhhu8gF96+lNmZq8mcRMKCOpQjsVY5sY=,15,20,male,9,20091122
6i/ZdUG5orb7A/JCQ2vDzqoJMB2mSXFE8FvFV0bbxEk=,8,38,female,9,20071216
ccujipfAsvAisWqwmBkYuCOLXxED5UNLrxhbILINgQU=,17,35,male,9,20091117
BgNNsUqDSnvALozlgkrWFgIASUcoIojVR8NfN5vgxc0=,13,32,male,9,20100129
KkfZig4z08VEVPnkZuLTESiKVLPc6PbMvUchsfb7UKk=,18,27,male,9,20090413
FSmYDsIBh6hIjdF7aNCGgseOuouphVmgE5d+JNUWKjg=,4,30,male,7,20140509
bp0Gv9Jh1cb7yeOH59/4D2cKATwzlfeBAK05/KWPfIg=,9,35,female,9,20070524
Uv1xUDZMSpVzajTqJ0BKuFUeSYeh/ogrhLXCJL6vLzE=,14,43,female,3,20120412
Lk69JzpKMlGs6lq7Jnxqpxy28zR7GyMfkyZS4UNyuH8=,13,24,male,3,20120516
nWYNEy+u4QciY3lhC8NvfE2GBG8RQMeAi0RsDFc9JEY=,13,40,female,9,20120524
oGQusoYKU3bJkSmK5VC1Phbo2R1e6pW1E847geyG7nM=,13,21,male,3,20120930
Rf5AXX1DVv8D9nq7bJx7lw1Amddo9+WIyD3woAGgSCk=,17,31,male,9,20071217
GXRUr15SR7CqHIZpoaOZQdckuKeGnM848LBJOpGvHwI=,5,21,male,9,20080903
Q3Ffp5YnIdzDxwwuB755t9NaY7X4qjJnf7GZd6OLaQI=,22,22,male,3,20140808
VhoVw6NQJxyZBj14X77G/4+y/Qp6Hig2gpcT/MXqlWI=,8,27,male,9,20061006
eQMJM4jTjKL+e0Y3TSh8yg07u5HCSgG2Rxtnsrby8jE=,15,48,male,9,20061016
SNhuTIl3T4C4PFlQ9G3phlpWU/+gxodHqPY63BZVkK8=,15,26,female,3,20130224
sdzjrJjrXehE1ARjI1ueS6Z66mVaiSSkOc4ECpLJBZ4=,13,28,female,3,20130306
8WLm03SoRs+vtc5zoJCtXHdn8BUAOUUEuiYmXGTIQ5E=,13,31,male,3,20130307
+nzUk+sl7saNtDtwhRK8NT0cJPbhU2HTItyMpTDuWa0=,5,29,male,9,20070914
iK77WC6M4stlLvs8jM1VJCh366mKZbhkUc3J4pxfnDI=,9,28,female,9,20080110
pRjiA7yBUH4XtuBJBVeBjv5KCoZF02sfoGjlV66BEFU=,8,23,male,3,20120807
KIW6VDgRTOknVC8ny3np6tCND38uHlvcgc01X/YppjQ=,13,33,male,9,20060728
QUAo166+HrETn7dvThiMnzNrf/tYmSrzHNhzN5MHzQQ=,13,38,female,9,20070203
TfxRCZ8juBdP6eX+IDh3MPl9ho7GQSVb94P4QW9o0QE=,13,28,male,9,20070313
FQAeTHFyOv0urfXWei5x759W9Rm+dzeQZ0wtm72E44k=,11,46,female,9,20070317
XmmBv1uS4GXRsM8wYcGILd1IEVrQzSQPmXoyjbERN7w=,13,38,male,9,20151002
3YVk73NcJ/37FW5ze2lcNHBEDLfP4H42QCWpeftwk08=,1,51,male,3,20151128
jMWuT/saZEqrx03vGx6dfSlR+t/rUrzRR3HwJj821tA=,6,28,female,9,20070401
LtG3k8fJp2pMzK8TaXyRih0dDhDvPupvK/quRfPiyEo=,4,35,male,9,20101014
S8gRKIEpOOoEIqXAjzyHDrp1GyZVQ1pKy0hFUv2LPGQ=,4,28,male,9,20070719
zrGBbO3FzG4qg7BZqTlfHFi0r6wb5qO4VIkbBKUqYRE=,6,35,male,9,20071029
WA58g2HvQ1cZC5bTuRn2FCegflAGIzYNYvD9uUxyxF0=,4,29,female,9,20110822
V6e2PoJ9rslH7PYmS5qUHDZPRL3R/LCDv5yvPM5bN2s=,15,20,female,9,20141027
6Km+5GRN1TKh+KltpAlnin1Hz1e7Xlkr0bHMlqnw20s=,6,32,male,7,20121214
YjF0N366r9GMsrhlmKCzg2FXYWPersKZrW52SDBrua4=,6,21,male,9,20100319
fc9YaOSSb56jyajedRoq8526RB9pZ7YJQ2SU++lhYVQ=,14,17,male,9,20140515
Wd3siG23vGB7D6GED0gR2pKB1FZpWgrLkKLGnZAY8+M=,13,20,female,9,20110713
QJYdcjFb6uj6mtXZxq1N/RZNiUQ9XnSsssUDN4nOdiQ=,22,24,male,9,20110831
aL7eHdXfTrZbyKkERUFzQih815KqgMY/ptWQ/PyAxmk=,12,53,male,7,20111018
aGIuhyofj3JGEQoB6hoTBeHpEjwokvI0oD8+ntbMfhg=,13,24,female,3,20141202
bIRs6hS5E1Gd0Sp9kUQZx9cE5jrn2/jVEEgs3Dmo/jY=,4,26,male,9,20150106
SNTaOpe5iKyYElma2HW423+ZpeVqR6fwS0ecimqs9ZE=,13,44,male,9,20061016
MyPDP/zKpVNJ4GZOom3yW07fBTXKSjITL8j0du3RdLQ=,14,16,male,3,20120820
24wNtVXfmTGytMfeAI0EFqKRo3mzRCsP8kzKCZoQEyM=,13,38,male,9,20060616
jeWIboJLAwN3eOc3hKmz3A7NeoK5za5FHaG0X49szvw=,6,25,female,9,20061003
nGdQpjWnC7sRNRxxTHATquc8fqcZCrz5xRKbmUMrHEM=,13,28,female,9,20061006
yUHAIhcCBeN2sPmXXDy+z5EGCNej3QjUF7StH2ETz/Y=,22,26,female,9,20061221
DTN5n78iOmDSWTYt4u31MobxBiDMgTnIXFqID4Bz14Y=,12,28,male,9,20070503
B+UJYmBWHIm+m5/egO0dkC7lJwAPGdJKqmK/IEKNhBI=,13,26,male,9,20040721
Bs5hbbOMN8YTg+1sMjCMWx75mdCqp6PzEWRcbwUeJ9M=,15,31,male,9,20040917
jh1FKEyZlU6NEqac0WISbP2HnsUZGAZa8YH1y8XfknE=,15,58,male,9,20050502
6lodsgiFq63R3xpjsASiqNZrH9ZXCq7eJE47v1aV6R4=,5,22,male,3,20120414
YxdQmcTwJDmkIJNEXphgmdYL09hZAMeMWdc6J1O99hU=,22,28,female,9,20120605
eGq68HhFAULB0jLv6OLFhCqQ1v6OSgmZZTzUT5bucGs=,9,41,female,3,20130107
ZgC0tUnRvA6N6+DJUmlKM4Cc14osSsq74aWsHb+XRlQ=,4,37,male,9,20060226
mDV4NYDp6yeqWPink6tWwWbzz6Q2E0XnGZjRkjbllsc=,5,42,female,9,20100809
hmgKBN6a4pf/WVapYABxaM86kjv+H70FLASwSlv0LMc=,5,52,male,9,20100815
PNIZJrtfitj7cbEhqCgkLBmMyPmAy4x58SUSnX+KmHI=,14,39,female,9,20080722
FNwA+8qUQZ5TvzRPFZIslN5FMY7Snd6S8Emjf8LYt3E=,15,53,male,9,20090101
4edO67C7Sc/wj+FWq23MbAMNgSn5zCDjbjKiJHl3lKo=,16,33,male,9,20090503
Q6zRmBZADmrrE0mptu0ot3PcO93+na44+5HpXYYFwsk=,13,35,male,3,20140606
mZd233TGmtCAqZtmr+AehHcbg4uLEd0MtE9YNwyaU80=,11,25,male,3,20120726
ms3pumNtlmjmVItUCQdV8WnoCRekkl1mSMbLEAoDDG8=,4,25,female,9,20120812
FwINGgcgSC0ZJ+TxfbdBOhxa0XGXvn2WNhmxvaj311E=,14,27,female,3,20120828
HU1E2g4CHtbEek7COkk4/VHNZnU6ihhU0YeB8l27QGU=,4,19,male,9,20081229
7ANo70RWwzqidvX/ncTCgq9XhJwjQooMzwI6wAjzbwE=,5,24,male,3,20170205
+1tffLq9zOXe51yRVR6GL8sd4hkZj5r9LMqKrcqBgV8=,4,29,female,7,20170206
N6HV/CZgFZ221HZhCZalECXkK6pJDjtjlgaywbOp+Qg=,13,30,female,9,20140619
cCeBWSW/PxblOlap3/3TphZd2hT9WQzFBFdoIId80lk=,8,33,female,13,20161106
5KElj37cFou5RN9XdxczoLIgmQED6Ma4vT0Z2yQcS6U=,17,19,female,4,20161109
SzIPH1kpnieTIhsyDh7wHBQzbBg9ql+neEFvqtnh6SU=,15,27,female,7,20161121
b53t2u+SqBSCFGgh277n5UfMFeFUcAs35n1CxKdjizQ=,18,26,male,9,20110125
f4yxV53h80SVOTmT5zLA4WEX/fwj6Kd1I1z6bD9f0WE=,5,32,male,9,20071109
ZeUYEGnR1JLfa0fGs/k2UVp3rGbgnorRVy5lI3cvggs=,7,21,female,9,20090322
gHQfZ4qutob92PAOp7ZI9I4Ix2BWQClMiZ4ffwXgS2Y=,18,25,female,9,20090530
5znH8wt4WglyjV9/Tbges+nvZ1GAq3GgJ1/zkync/Lg=,9,31,male,9,20070531
dS1oM3+O0yJtG2Hn3F6xjYYKHPgpF5ihXyoEpLmmVfw=,4,21,male,3,20150106
hKzm2PAhYc5yfGYV3pvw5Nqk4CAxnxuTHbzLbf2Bqeo=,5,38,female,9,20060904
i3TB9Wk/GcDMvQKOFfbyYi7+uKjU2mvlZNEBUHNtQqA=,5,36,female,9,20070117
sMkuOGJYWc1HGnS65Zj3YCCbh+oAGEqQQkV6J7xyiGc=,13,41,male,9,20070403
1cxUW7edsCyBqCVLyx8rEwvHDbuwmG9Obu7RtGhcLtM=,22,41,male,4,20160714
PRHNIlOWhvsop85xkafQu9eXGhJQDXz5+ppqQXGlpa8=,5,44,male,9,20140605
mRSWvNSM8rkdJEMQYcw88iXfPbWTxMg/JEZQOl0PhbA=,15,49,male,3,20140608
WwLa4BBHjM/HtyM9jia0D2n7bSFljoqDh4QbRSmGYj8=,6,26,female,7,20160926
7+c8BGWY6O+9pfw/pVyyP1wISk2aou8MK7kKYURE0tQ=,17,29,male,9,20100731
gcVyGvmIH60tKFQBakOWo2DpEcq38n5JiZewsqWNHgI=,13,32,female,9,20100401
RaA6AACWxDDCdyx0ZNupsqK+/3Bh2lQB3BX4I4WBfCY=,13,33,female,9,20100514
dLBELurt1Dpj/DlJDA9hCYj3JnVC/TbWj/uLRZkpRY8=,5,35,female,7,20160330
sDMlr82zTj/qs/rTJwfUHur3NG7BfbXKLkNNcov3Chs=,14,35,female,9,20060130
msbiBRenrxt58aBOi4nxAO3NCkAqdS1nf0SEbEArOqo=,5,46,female,9,20060220
icYM2FBtiOdlpDZcJ7BigqZlc2U6kB5WcGIKJqgO5K8=,8,41,female,9,20060402
haeN3J819szbK3md7LeAYA689d9aJdmkGg1oZ0AS+x0=,5,33,female,7,20130910
TIk1tBNCNo2jMTk7q3YAEE5B1yPoFsQvnrNBJ5lYSWw=,15,43,male,9,20070807
fHUJBxvvWG7knv0LH32EXs6SJ+y8SMPku29z9eY+IDM=,13,29,male,9,20110917
LGhVlDMCDnlrTvKGg62t5778tRTNPBjLXVYgw2Wl9QU=,4,46,male,9,20070123
9U3HvGJJaXSogclU646ZmSaAXDUiuY1fQKWeTKd0zCg=,13,31,male,9,20070222
Rd/MwhMMyQuz1fl+45CKmzmgp+YhMUIXMloFPaweR+g=,13,55,male,9,20070313
2HdKOgLdmNXfxsp/u0mEkX+Z5wik+6yKYkBxmea5e8I=,22,33,male,9,20070413
KIBn6ZGzxy+49A71d2nv21KlG/X8k5GpilftMTHWGUc=,22,28,female,9,20140608
IVVceebyyW6xRKq36Wc7keckTiv9npUF5R3UNh+7bjo=,13,20,female,3,20140713
qPwDYexufF4lYrOlMB9U7BXMTEwAa9GNmhyPMhTfnLU=,15,36,male,9,20110213
xXc3hmk7S9D+LJKqIzlYuyeHQR+9ROYobCqyH4HTnLo=,18,30,male,9,20110411
LWUo5oeWpxV3nsKx/VGtFjGmdinfYc1l1AAoMQtsY3Q=,9,32,male,9,20060227
Amk69pZWKxByh6C+hLLb3YCLy9wuyvIH46NA5rWtQsA=,4,26,female,4,20160624
9BStntdGwanbM/rw/rJ8w30g/rNqBFF+cOQprLwPYEw=,4,29,male,7,20100317
DJO5W3YYUApx0F2xlfOo873Ikg7H3ZmHCJM1ywIXNgM=,13,30,male,9,20040328
34B/62YLKpMVrqt8a3llJSQE0hmaN+GB4iVbXcav2TI=,4,33,female,9,20040811
nfD5j+Z9G56DWZ0XlrhKXHh1+WBY2yA0o8iIymT7ZpM=,4,32,female,9,20041121
VL46j2d5M0Z3p1dM4GFF9VS1DSWQG9F2zD0g3rybg1Q=,22,31,female,9,20050106
XYs3L9vcE3M4SQtA0wNDkc7ZdMDOLHvgumMQ3wUGAyQ=,15,29,female,9,20110103
B0EGje87EBCyGoPJJsAg84DyGQd5dz9Jvgj1KD9KqDk=,15,23,male,9,20110211
21c6MzAYltKbTFBV6FZDhqcljLRfurtkBOyqtlQ5NXo=,14,31,female,9,20050917
oavSr0enVR4m1xfjWk32H35ovHrO7Uu0V+zzb1hdyLQ=,5,24,male,9,20051206
3sLj0UYyt6dtoJymclU7PdDq1qLHocyKABu3dXA7VWE=,5,42,female,3,20130909
+I13qnXtTJeSckd3usRBnFe4bHCP1btRHLV7SohbCok=,14,27,male,9,20091003
kOjmZEdT+tht7A7083hMXuUUEJbxKF9kzYbjW6rL5ok=,6,26,male,9,20100106
/lantB7fYJ+gg352KlUg7OP4JdBhAy8C/yli7/ymUI8=,13,29,male,9,20050114
pql3dkbYvpDmjNHnsyQmsKkInmXM2dslEX77cbY+y04=,4,32,male,9,20050318
6dNTlI1dkpURqyf/q0nCQlIHv9H5ddHVsLZ/egFPcA4=,13,28,male,9,20091026
P/SzSO9MRrgvafil/Xsd2scY3THQzCaSwhAC52CYD4s=,15,25,female,9,20091120
fg9+e0Kg7etfGwsZWjG6g93zMVh316z3xHkCccHtxC8=,13,24,male,9,20100107
kCdJY9EZPA9XcGmhpgLFh/0Dp32QGqJCuJpoMXbuuQc=,6,61,female,3,20140319
o9Mk4g7rGKv0I143GjylB52MKuvJqRykWX5MGbnsP9o=,13,39,male,7,20101109
o+7Mvke/p/tyfIqoaO+3dwiDhVos8DJzY2sMwDdau7E=,10,42,female,3,20141022
KGtx1jtmiJAzidyjhawZmUT55Ts4i54rKR+Q1o2gvWg=,13,18,male,9,20080121
ONCo36uGKPF123NYPDT8v3KgKDWmD6Az3qmz5KWH81Q=,6,21,male,3,20140516
59Ri6XMZ6tCdWJjIibyNA9aI3WqcD8T3s0F4SAFU5Xc=,13,27,male,9,20110911
P4Y3/QIpc/2WwLtRkT4JS8EZxdOZiDSw9xpYzTSpqlI=,15,22,female,3,20141023
+cJ7e6Cw68oM5MZW/sang+yHpwU7syUOVwJwA/bJfVU=,7,25,male,7,20101204
ABbfL+Y66oejECK3BubqFLzAUDslnYOjc6OdE1XZloo=,12,22,female,9,20080420
sjh8NBf6mG8m5of4+01VESkmnsCEYTY7k8BJVS95hLQ=,13,25,male,9,20080813
uaR0ywQs5BMiM6YFGJf6OKqwnCW7lcfLl1lZ+SkA5MA=,21,25,female,9,20130930
SUO2az25A1IOSFPXJj97S4G5PnTJRvniY8ZhY7NAwig=,8,23,male,7,20170301
Zb1b+YO/RZGkuqerfYNQgMdEM5lxOZgvS9e9dZLHkmI=,4,19,male,4,20170313
9IUCqpRZSfnTSEUQcBZqX1HNA5K0CDyzud4TCd3RSWw=,22,22,female,9,20110710
ar5V46NAW7wsTQVf7A3JRr9QgEepRh9uOY+NVaQIsB0=,5,23,female,3,20131113
IrHllJ7LGnnkV80kHmK0nL98ws9zkkCufiG5bB8pFw0=,5,33,female,9,20080306
SX92j80SgRK8CIsL27jLxY3kLvn4/7WogY/sA4oPxLU=,15,27,female,3,20120226
dMXXc5GZ9bGzU49KxNFNTQdBTWeywTAQeE143JBNXYE=,22,31,male,9,20061101
5o/v84zlPGxxaLWQM4rNtCwYF5eAEjg6DhJ+JYHS278=,15,23,female,3,20121218
fTXeuM6WQtwUykixIe7XF+sC+DRx99QKHDTITXKPjcE=,9,24,female,9,20130105
vvILutYXHluFRN5OJvUm/Z4Lb0zfvbLq0gxxjeQM0lQ=,14,42,male,7,20130107
RCZ6GXOEDC1Gxaou+51uG8DfpR1btFLfyKi3NdXc48g=,5,38,male,3,20130206
cNsLEPoh3aODLH+0kST06qlTlOXGI7CAq4eTq6GmFyw=,5,37,female,3,20130215
UMbOR6o0alM2TggZbJ/nYhcRkjhVeJI9R6ELdDU1A8U=,13,20,male,9,20150827
38yzGah0o1u1wmptAmfyWnBEo878YHdDg8oGCOasuz0=,13,18,male,9,20080521
L8l9db7182W+h5Qnc5F6/kmkNMPWKbeOy+4TZ/n2trM=,6,33,male,9,20080528
qfjW8NKgt16owQVIoupz6y4sDj4Tlgtrj7fbYW/C0+U=,11,19,female,4,20160303
sihr929xfO3YzbiaT2SQhcG/2qO/TcXtGFcVK5wVPxU=,13,26,male,9,20100517
QhXYravuLZm1H8jgK7ssbCGp8go1ut0AeA2Kz964qA0=,6,37,female,9,20100807
rGuC9yjRuMVjTrRA80tCn/Pi5MC+pXJsuiUBgio/52I=,14,35,male,7,20141116
QFTyqhLnAmJtlGkqb//uTQQfX3l/IjBkXtuoexqH+rE=,6,18,male,3,20141209
L/1SKkY6FK4SR5W5MGCtEQdNZ5rjz0NFZYxbJf//Pjk=,12,28,female,9,20140706
9nWzBzr8lApiIqFOxqRdNbQrZZ3FXMU3WStD+mURvlk=,17,28,female,3,20130911
laDK8v0B+HwUHNyiSFLsuj8/Cy09tqR2o4iZE4ksOAQ=,13,34,male,3,20130912
ctiUyUamiQ2hz93NDatDJhi+UHMuHezIDzi7jECpdN0=,13,19,male,9,20130915
Uclkul/JAOjkIZHMxmlrhpxPV/H9BVfDhIvsQRPg5QE=,5,18,female,3,20150614
nVFm+3j83EjY9sGdYJHPjm0upjOVSD4EC58mBt3COlQ=,15,25,male,9,20110925
iWsiVJMOKEVz+kaqMfWg4WOjWrp+NuKH90erBKGY92I=,4,19,male,7,20141119
7Kw6R+MX+PT474PeetOnRa1tqoj4v5YasdFHvffXgp0=,13,20,male,9,20130911
0lWTCr3q6r5gicKtda0nisMnfUnD+Ms4uMo8vui6yWY=,10,24,male,3,20120929
mfUWkW6EgwhZ3c8MNt/7L4bWN3b92QxZ53qOpjKGkpQ=,13,33,female,9,20100103
A59BQuAtZcT3GR9rwODpajZqelIHQktBzo41Tomzkt4=,13,26,female,9,20090430
DiOPnDh09YMZUWZWz362h9uVz99qss1sRC6QU6wU93w=,6,42,female,9,20070716
L8qJJCUXSj//JGEaoer8x/kIY4omwQGwagC5+TNa5Mk=,13,30,male,9,20070919
6FfOz1c7s4Q23t7z/k/mWgptc6Qrb6JXGkn8mpBOBWE=,5,37,male,9,20071015
GQ0kYBSSPTkeUR3Bt9JfXbetJHvY2PWHZ+LsS7Q7L/8=,15,22,female,9,20120220
Bl+2cxalaLMnrJNa3x2XW1cZExyUkuy84arn3HpgZNk=,5,23,male,7,20120226
4JxAYCo76LFkrJVfXqE5Piwey583fRnVsLBFCQyXXCw=,9,26,female,9,20120503
xo0ditWVTgwcA6JuK6LZcSenwVSKzsIEzNBFamBQz6Y=,6,30,female,9,20080225
+c36+cd6SVcvuSFp2fL8teYxJxGl2UY5wjXW9GJrsvY=,5,23,male,3,20131106
CxZgoyh7A7LrZnzDaczFTV65bHhGpW7dg24/L+eN/JQ=,13,37,female,9,20040331
YtmoG0ZTZ8eCc7ASae+eIrSR53UxZqzMLPOCcSbTl3g=,5,55,female,9,20040806
FtmF9PtWAEbvNQebwjUPdZqWOMWV0lBUq3a5LM3pDWM=,5,26,male,9,20050213
xiOR0bHpaSTH8W1URhNJYshyeuNhm/zlcrG5TlcpCQU=,4,27,male,9,20050416
Moa8JcUWdPB7KazWoxZ3Rj/beGsl6FfNDcyS3YcS3JI=,22,25,male,9,20050827
aFAG9NcDdpLOq6l7TfsDnMJ1Vfei40xLR+/fooSGqCs=,5,29,male,9,20050902
PriDBg7BrciyjUz0CijoejsPX5UwJFoZ+ER81CuV5YU=,13,34,female,3,20130209
NzVMZ3HkOoNQLIyA1KSW3WBK5z+f4UhXx4ahIPzdD64=,9,28,male,7,20130211
ii+oCemYW06CRVxKEZKEMsyrKHqurV529pzbqHlckYs=,7,25,male,7,20160506
6357eolVxbyDrJ0879/83pE79s0gJxxyqsmO7tskDWQ=,13,31,female,9,20100107
G8X8QvC5oMrVc5cVDkJhzr2TlaON8pnmCrssq8JrLD4=,7,44,male,7,20130713
ohtVbaFVQSpKIxYiIzSQlNEEKksIE7KZmifH8VAdMRw=,9,26,male,9,20070616
Eg8/T2GtqT5jjlWvoIWO5PAB56T41v2E8AQLgAAfZWw=,5,53,female,9,20080507
FWdHqo/iiOUSDj/u+Y8788llp2j10yXUhdzoQbhH+tg=,14,32,male,9,20080421
BZtPI8tGdkERvPm7auid8EGL0FRH/+G9Gq1JBpZjk5M=,6,38,male,9,20080628
8oM7RLfx6woBpQX3ulqWokvYwt5yHO1lt1Sz+SnQVGs=,14,29,female,9,20080813
+LGeDI8w1roZHsvdwewCE2PHe7Bza58ufHtvxJVgNDI=,13,40,female,9,20080930
9FoRN1bwhkiIVtOfTCy644Ii7JZaYdoVKyN+m6e1qss=,6,37,female,9,20081129
S/aOzXEu+SMrwSa9yysqC9tcUAvO/pVn2MTAjYoFv9k=,13,29,male,4,20151204
VS7FH7PaEaZFzkba5cNR4Gz8lIbTonCoKdqHJgIYFxg=,6,25,male,4,20151230
GkGXOtzgrYy93ojajCja+mCm5oWy5pe84XxIK9gKWSg=,6,19,female,3,20150208
i3xG+8X3PJ9ix51lTzeUW8RMFQIk/tdkput9yrJmZ0s=,22,20,male,3,20130119
X4ZF8DM/FJ6QjrVmwPyy+ikrcy3VP8QeAEoshPctq6g=,13,30,female,9,20130323
sBpx3b2QCvDcdEGZQUshp/r0Em21n8s3fKeze7ZrG6k=,15,33,female,9,20060227
8enI7UtqU2FHfFEL6tlUWKKbWBGfCbcpGMeDgFzaP5I=,15,36,male,9,20060316
P03wNaBM8DyRE7tQMHaWvagPDcO4cvAXnAEQ27Vfy9M=,13,29,male,9,20071028
Ts46QYeEx3fsmJ38jPrjm6r2i3LmKaSivDBwDmyQun0=,6,37,male,9,20140515
8xR2HGsmJjazkOwhi7/hX7CQIyjgW/rVOVeaTNRyz4I=,17,22,female,3,20121224
GnznVsIqC6ChVYvO/zaQPCKZSJgCQ5QD/onpH2ABSr8=,5,40,female,9,20110515
CKzhQZEqJAZzMeFz6YM4mrCcIf0C3feInPVpkIlUmKU=,5,51,female,9,20050323
qEp2AyB/P8WwJX/FUWO1EgPhj2qip8gVH9NmJwOaT7A=,13,21,male,7,20130719
IyIPk0tO/VQTeZb+FFKG/Sjt+hMXILBEkbwjqKzo4Qw=,6,26,male,9,20110926
4QT30HmSXgsEfgAed1xeEp8g0yUv2MMGkRGknNOzkBQ=,5,41,male,9,20080503
GuvRj6f5Wfxlv41csTTE84f1xwKQFEnse0Hso0+dPh4=,13,22,female,3,20140905
fB81y1LXndhV+kBWmTcESsC8eKIL00V6rJcQe3wws+U=,15,28,male,3,20141009
xM2Z7zsn7QG51BiIMva/zxgMYjBSGcTLMU7hxhcOMRw=,1,25,male,7,20160721
nFLjoaSujnYs9pnegGFC/L0aDomQMT8UmU2YYDiN5wY=,18,36,female,9,20100613
zxD1qGKKgTZo8ZdSL7JwV1dSQM8xSU5gqDcxSF+zusw=,5,18,female,3,20160905
PlFLD4xXI+0fT39xLaH6L6ivFg3uVZqt/xmX8jaqHSQ=,1,21,female,4,20160928
VdMQmCkTnTRtE1QhG0OsI9RKjcpHjKAVzYbBVep3Bfo=,14,27,female,9,20160525
DFHFEtNJ6EsuDM8LMEsUG3xRHeN9TZ1FEIQXzfmO5wE=,6,27,female,9,20100803
IkkuM//6uxaOqXAZEtVmmJNc6RhgkjSE4WKDKCUYz+w=,5,41,male,7,20101203
pB7qi4mAnYZn1yPEGEcKIVj5AmuVI/WPJ1JZEmgqPXM=,4,27,male,9,20080503
KF2BF9fhp8nnNufdDhcbsylAMoObQrSWW8r0sn3Euh8=,13,26,male,9,20090830
+SBDat8sOKnPpoFu5UiX/PPpRbCemC0Nuc6NCJQtnoA=,21,23,male,9,20100309
F+IbrRveneIpzbcM2uvNuy8XfffLpyc6Q/bmKg6EUm4=,18,32,female,9,20040402
JiFDHj2hvbZmR2F9Q+ArlhMf1iRAtcIBEjY7E6f6pJk=,13,28,male,9,20051016
CrPijQGQCCTA9d9FVKKIlM4m131eNs7/fDZSscRZQV8=,5,40,male,9,20051109
lTH3RFoRPYx/FLCPWzC4/1RFL5+sO5cbI6rJQbeCwBI=,15,28,female,9,20060208
9pTT1ySTESh1YngvM0w8vaao0jfCeoORKmqCjyKuOq4=,5,44,male,9,20060312
uaS63ZnqDn40LdfY65qioW4vua0gT3V8KGCq800G7CU=,13,32,female,9,20110106
s5/9Ah2uQwJFf6mR1uOYiMfqS2ZaLyx2K08F9g3aiMs=,12,25,female,9,20141017
CUyUoD7LcoUIon74TQztkKc9LA6Xjm+wx93IITHwFfI=,13,42,male,7,20160806
LHoIb/2pGkit5qJ+G/X92cZiSBLDQ4d8EP83DA9u/7w=,15,26,male,7,20160422
vb4W3+WE8Lp8fnsuJ++XHhTOSfwDgw+QrYoOnplhwaw=,4,26,male,9,20110611
dIfoaWof2A9VgZqr9se8u7dQIWUNYY2gMAsuqS0MhiE=,4,33,female,9,20070709
zC3o6DOQmvGB51a6IL2KgTMb9FOBKHSgb84h2FVKyuw=,15,42,female,9,20070903
SRCddfXUsDGBGgjNj004Eqa2NBa0gEkF6qKE3tKquAY=,22,25,male,3,20130408
aIQB5pGHnOU4FlE0gvK/XJvHcSFV9JU3psd5760EqgY=,13,31,male,9,20140613
rAmP70XuuYPzVcdbfjWOcVR9pTEceYm1zK5PO+eYL/Y=,13,23,male,4,20160206
A1evE6hjmnqOJoG8AfuH9JpGjJ0F0Jmf2+uoe1lwvuw=,5,38,female,4,20160223
5FVpkpy3hEtEn53on7w1hv5yTAQ7ZiEZYoogeeRV3Ik=,4,29,male,7,20161024
jD89IgrWzvkh/4Plo6Sa+XjGVwGrjsnDqbUBgfcUL2E=,5,48,male,7,20100603
pwHQ6g2wFNYvUvNMRMSKo8bGYNzZ6i4/ZLryL7o6GbU=,13,25,female,9,20090331
lu00nUjZZY3XfJBUFiKInykQF912GFaE2lThKg6u7i0=,5,25,female,9,20090404
oWjjILl5ZpL+mIyzmuOeFvrH8mxyopelJa/WhsfRlG4=,21,38,male,9,20040724
oaZeubYpAyIfRHUpg738R3xZvBmJdZxzDjm87uEDEhI=,17,41,male,3,20121230
g+RWiNtLhOaTH2q0iFUIKzpQlGKFrmuDME7uhZpT1QI=,14,44,female,9,20120204
Wg7365SAcvVanWN4c8ps7MpFd6YgZ1Epj9yEVu7DqNA=,22,35,male,3,20120317
jrEvsD64sATV2mh2D81b4tmnmsop5Q9ogzHV+lNOCn0=,13,30,male,9,20080106
+oQ1kb5/fQd334YqjeiY5oAhugwcJhbZeNTrkTIaHlY=,6,51,male,9,20060316
R6wpQ5/86taFkWlGZfVe2OuZGyLUxaN4yHMom931SaM=,5,26,male,9,20060407
uLPXmqG3m+ePdHNnhyYaLt798DhnIkcCHJlFYUpcw3A=,15,43,female,3,20120622
lrGxHAB4hk+LHzuMwKEDnN74uAWvYViY4S9LjJxMPXs=,5,25,female,7,20120811
pGhEzDLvY3YKg2dMDxtBJ/fCPiWCquAPeFQsxkRCTnY=,13,47,male,3,20120822
JaOCnNOQjWzN4U7dWxUelzGsLPu8iA8TTYxIbDMLOPY=,1,49,female,7,20130730
t1FnJo2W2AkOzxIp2MFmILCuFJj2O4yKhhNewUJ24yo=,13,35,female,9,20060115
oQzWogHJ55WXdoPG8pVaAZrxI6/NC7n6u5c/8OuKvd0=,8,22,female,4,20160221
oHL3o6pmlG0n0wMJE9LUyrF/+SwVHTZOis3AOxPeihs=,6,27,female,9,20080125
bvuibP85Vp0Go5eZhPTJ/2kHJTc/X+ggC+WqaSlfH3c=,13,36,female,9,20080909
WIr24QWE2OdA+KytJFDxN0MvL9lJbdLlxQD126WUV7Q=,1,26,female,9,20081104
c8WVHMKLWMnDd9+M/y7H8tXcT1rgyTMlptt82mUw0yc=,13,25,male,3,20121014
Zdhg7oTeAmZhgCi+BKwKBrtG29hGfnPIcFdzFzplHPY=,22,39,female,9,20160709
E0rZIdqSHG2Jx20uL/ATr94AtBa8thBwv0bcTrsEpJY=,3,17,male,4,20161125
XRulr8LdV1EJTuVN/v7WDc7M2YaJIeaJ4/nIZ1KKLSA=,5,27,male,7,20130302
ROSYYhtTL7gjmGJfkh3zn7vDQJlbs+9CxrIknfTW8y0=,4,34,male,9,20070411
HoRQ1EYEYFI0t6tSXMF23gS2+Eqo8Bh8M+cSl45k6Mg=,5,44,female,3,20121004
5okY++NkF1wyCoaY0+z4q2IHigBq3SdFZesCwx6/bkc=,6,24,male,9,20141102
2yI8lNW/iLFk+SmDR4juSceqPBvBmNnOiLY4B795DUg=,13,13,female,4,20160121
bkhLQZjyOC5WHOIFZPkNc01OOI7n0AzNjX7wO49xoEo=,13,28,female,9,20140728
kftPPJImsHnas5PhMq9VitMwSYhOZS66XIePIOSSGL0=,15,38,female,9,20070803
6QY11i6DowGwRKDB2CdWWYEklWgGRTDeWhgdgJMZZHg=,9,23,female,7,20140826
hb8/bIJ0mCI2QspmqKU8pm9lRGQYrl3QUfwQViLlRz0=,15,32,female,9,20110403
GVaWfMJXaztiJ8XyGTIorJR2hh6TzaIZK04PicFV0SY=,14,53,female,3,20140222
RD1syq0+Inj9LV4BGbNkvntpIPN7azCg7DHev9MlUJI=,13,36,male,7,20110127
McIDhaXfxk1F45KLfBQ2jm2MvYYQ06dTgHRgk3MgptA=,9,31,female,9,20110228
uSn9tvXqBmHrXxxrsmrKM1KNIPPlJv8Os+P9sm1rr/Y=,5,32,female,7,20110304
2G4AaLomEHv2wI8EN/ARInk4y2RvBqLsLbfNzOMF6I4=,22,36,female,7,20110312
eE6c8NmvaaPP8YZm5DrGJOahMew7Rx7fQcxhrNfDYlg=,6,28,female,9,20161011
HeLD2FIKGornevOokFcOXFfcRy1qsGyXGOlgCw8C+9I=,22,26,female,3,20140514
wQX3w4fmyWhOnKzGM5FkuTcyk65KCTeZMeX6gYdlExk=,13,20,male,3,20130201
kjYKVlHvozmUVK6+uKlXx6YEYX7G39ZYD+9c48b16HY=,5,43,female,3,20130221
jQ+NvMU+PiQKojWx/Ty87zF23E0Tr69TGtUxW2Nfouw=,13,51,female,7,20151110
66tyfGj3/5FhrgbWD0CZFYy6ZMFCBgbKDWbNrM/ufdc=,13,25,male,4,20160322
v/oeaYq6itXffo54IerdsEkuUNkAe66yEirv77GYzEc=,4,20,male,7,20150806
cczq7YEK0X1DInLnslIAKR8Fe0TzlAqWpURYtUAM3Xg=,5,35,female,9,20091225
J8EWbMWD96Ww45aKEZYeJ1S3TkHhUu630wqbX699n6w=,13,37,male,9,20100131
lnuZdJlp81acbGAkaKKTPqHGO1gyH4+v6DIU4NZaoTk=,15,21,male,3,20121013
GiwOY8l/lt/hovRLP3bbB/J1JSDUUvA6MwTbYTfnl9U=,5,49,male,9,20090917
fRR/pIM43nxeiIreV5Av/ph+59EWOfD6ViyLzQQVfaI=,4,32,male,9,20091124
ca4eKAp+tk3v+24JbgI/LEFyGJ4Ye688SZgkBS+7PZs=,15,34,female,9,20091126
0xr+cNE1/4RLEdlAyZCgS2RIxLFZpiUxsNgFPa9/rts=,5,36,female,9,20070917
ozlV2WzQlCRHRyahLfeXmLMitRg9E9m8Cuk03ftSOWA=,5,47,male,9,20071104
QMaDFMY+0/zIitZ1q/1KIikMSfOrv0dJ6/Q7cO+aP2Q=,12,29,female,9,20100502
wqU39al+VyZY82sdd1mZ8G5VpB8JaC/6ORn0IK9iaRU=,22,21,female,9,20090713
josJuzfFB5DrHEEJBiYlon9fQqZASxL5rVbBS1gEe/8=,5,39,male,9,20090810
1rOTgEVt1PmvX9ysz8Vtl2+HxaHSXI+SIi/56vwqKyE=,22,35,female,9,20091002
m4Uox9EFwbjPzDSfulik/3h4ibPHFiVmapVD+7Xp4zQ=,5,30,female,9,20100101
dkTy5MAz+0KztSbl/zbGKvm5b9yMjB1nMIbM6H54CYQ=,8,33,female,9,20070609
NtIPKQq9w7wFI66HGaROSnf17Ita1uxMzerrggXh6Pw=,4,20,female,3,20161027
W6xtdbK/DUf4eBzS9H2m/JZCt0FYjaLohEIZVOahnpY=,3,20,female,9,20100501
/NX4SlU9nWU+jQpWyFJr5+vIaUuDP+qtIq8Bm0woOQs=,13,36,female,3,20130111
1kbelXK8lSoi08N8go7kNQdohspPmq/BeXPdEZwXR10=,4,22,male,9,20060913
CeJ2pEhrDnQvLX1tB2i0O5apoOcG7MoDeL5aUQ5A5mA=,9,27,male,9,20070212
ozudqcZi/DL3vkHX3C+OkJJ4qoN8SNFL+j8rqEWD40A=,5,27,male,9,20070309
GVnB86ncS85q/Ow2jGYGG9g+xfjY207rOLUNZzCQRoA=,12,27,female,9,20131117
Yrzi78budOw1WHFDTrXZHUkpMtho/o4+vi/pYkVPB7I=,5,29,male,7,20141130
1H4ao07BzCXde4CEOygWjG9tRE9wOV5RH42wNFMeI98=,17,34,male,9,20070514
PjB5bLv/+or4hOCsN7un8lEuzua0x72WPwt/ygp2ZIg=,11,23,female,3,20121016
KJiy2ZYQ6A+DJLVJBXM+yGLTInOqG2ugaa/GdD4Ga6w=,13,51,female,9,20100530
UuqUK2Sq/P6B8A1DmyNMaPkuJkYh8Dej9fxekwIe6TU=,13,32,male,9,20100123
G3JMbJZNypzJjkJiXRjLOR6ZiUqI8M5X460xB1FIWj4=,14,14,female,4,20161113
KS1GQHasR0jCjEPkYADVcVqh+zrjvv274UAYKqXSZ5w=,4,24,male,4,20161115
V+zLtXEZqlT8SRuB+7eVGqeq6/kZhYVh6YcvKHcLaas=,9,34,female,9,20070518
EGm3r7k+pCIJq0oRN4n42x0TH8hD2n/+l78/kn9kGGw=,4,18,male,7,20151219
7iQ4E0CDriXcmD6OEVX+f/LaLPgKC8dIsqssDyw9xJ8=,22,31,female,7,20110619
oQb/AncHrypTJPMEXbOyb3f0i1Cx3ldqcM+cjzRiMHY=,14,32,male,9,20110716
vb79y6s+Uir3NuUr/c/P4YTilVZlNCFYRrs4+30jvvI=,18,28,female,9,20110522
0kRYdYXlcv6Wc5rQnJlpI4YIdoGaht1Qkf1N5z+t7sc=,22,23,male,9,20110610
f0OzpFK/K17g99o0u2SdgWpgs9Q+0izgOxZvxh2KjOI=,4,21,female,7,20131115
43VeofK0dRIorcfiZNdaDyJW6Ktbet3Bh/0U/fSjN40=,21,20,male,3,20140109
HuJ1cdxQV8kDflq3aA5yEMPiNbAXFbkvoY2xY6iK9uk=,13,18,male,9,20130517
NrstaQLSx0UtR1sTpma4uEbPVNiH7hL90zyyhJ7NeE8=,4,34,male,7,20130608
tVreKcLl7N110c0WLkLhNYld/A/EWh09xE/FVkfzu9E=,4,17,female,7,20150418
QycX/dKNgpqgLBZhWjd/iW+yi1JQXFQPEvwlynQrZ+A=,5,45,female,7,20100517
SD2o5tmIeGeEW7BBhzE+PjO2S1PX7v695v25vtw3ga0=,13,26,female,7,20100728
GYUFQE9GOlyaHk+ehXtkJdQCbO52GjRgnzPzt0DMeAU=,13,33,male,9,20080718
FZn1DMKKeAmmP909AK6m0hutkQVF70+kUiYGTjetaG8=,12,31,male,9,20081029
gh8cliLMEmMIdfn9GCytjFqDDzLi0N7VejIE7sTEAU8=,5,39,male,9,20150726
WaYCM5WWuCjyY8nf5xc0SBng+COjKV/NBEk+sv7dxg0=,4,26,female,9,20110923
Ujxbs+vUsWBPy+tcrRVV34quD+gmCu6GjHWVkOB2nkk=,13,32,male,9,20140222
94MA9wd194tanTHy3gVXpqRExGOfKuE5RT865QGLRMI=,15,45,female,3,20121206
znQ7QK/O3FZiB3QUKoQh4dKoZbW8GWjKBeJqF9m4ONQ=,11,31,male,9,20090929
vPjy8J93WNwqAWhG2p+LrqwsE8SZDZ0+EmUZTpJDK5o=,6,23,male,9,20130619
4Qhv6A5w7k2QxwMfP6ohlahEVSgnuBseXrvGu8GxY6Q=,13,25,male,9,20110618
f6BNf64x0riBE7KSeMnZiUSpIPONx30OnU5rzgZPisI=,7,22,female,3,20131005
1wmhM2fwaQp2OxYlpwVx4Ugi8bYSoQXAbSnDIqNLYS8=,6,30,female,3,20131013
hdwr73WnjRy9pik+DBn2eMZqu4OpYrjJx5DmlHfqBpQ=,13,35,female,7,20110123
oVyaIJwHT3pDlvkUT7ziJauWuOVQ/94thi6wAQJaOkI=,13,35,male,7,20110211
DnnOJNQeyVCD4sSGv8NKNk6sP/urBzOrThBeWhhHCfI=,13,24,female,9,20110621
DZUcsxIcyjWqqioYIZIBHmmEZNAvMdkyqlCW00fXN8o=,6,32,female,9,20110721
KpzyXE4t1c0ef4ocTXm0GuYMEd1F1aRfS8TAhvlaCCs=,13,35,male,9,20080128
o1GhgQlJJEUpXrPUFhby1R86k0lxLSySjEAesUAipvk=,22,19,male,3,20120922
t76YecyFoxbMwO2Ekf8cJQlKR5KC4ySG0cstiPsdUZU=,4,24,male,9,20121008
CPSbEgB+Ivs5ZNjpZpa2zlnW08mN+d2A86pHYzoUSko=,9,21,female,9,20121025
k0fJ8qXUeC2xTnayTFN4gXlsZTze1ZY2xzzgirIQaYo=,15,22,female,7,20160226
w4cyFRnNIZZKdQxYzT99cw47xibW5XoDe7EHhBGoEgM=,22,31,male,4,20160307
+ZsAqwmpzbxGMf6gmvbRm08BfcmYn5iB7Iup+swbqnE=,12,23,female,7,20140523
AtCHcLj7BNubvCpB6VkJ+N2cHBpR4M+9BBdtYxSAmqE=,5,33,male,7,20100531
W6YksGI4DLTIX35i9Y+h65DZ+GscHcuUe8Gw48cYyb4=,13,49,male,7,20100802
zh5KMfqVA//2MhzWgtucjHg6SfBNTLxXw3om61/ML7Y=,5,45,male,9,20100904
gSPBBBFHXYJB+1pwdtXLOfh8S4aNaG56l4MsWn5RXjc=,5,34,male,9,20100913
4aWjRTzAbjQ66JpTjg+qaKMuvfeKVubF5hLwoDNbeeM=,6,46,male,9,20161218
h3JPvpmXRwBsvhKestkWwl2MRQluAVyJy7OHeYB49C0=,4,25,female,9,20161221
sMEglw3lXRucoi8j/dzf39h0TkmEOPQ9Zcs4gQnkCd8=,6,38,female,9,20070607
dnbfEMoRGeQ/r3qzWVVmQRR2FVJdQ81feWTdsA13DEY=,5,28,male,4,20161113
/E1+cDssfuRaJOdGMbBju3sHcmdgueKpHlIKHTbgqEI=,5,28,male,9,20080614
/DTmhXN/r6MXldF4EOGq/0hstlLJo2GPhfkG2W/OEUo=,22,60,male,7,20100802
vmgl2YZpCkWC2GHW6qPU/s2caYlfe+GY9BohWxLkvbQ=,5,35,male,9,20101029
6aL7Y80IIdw9qGslGTc6ySd5GDfxM0abZjNIkHXoLJ8=,22,35,male,9,20040328
n8lm8NXuAtD0+nXCvzVUqCuh9YztZlTlV4WS4siLYf4=,8,57,male,7,20120201
qeJmjtThSnJ6Xx4/1CC8obByl/uQZH3KqjXUeDEwdfY=,14,27,female,9,20120423
Wa0sNuZzs48AyJo4THD4lM/vdiQHAtDV0hG5BuTUwtE=,13,17,male,3,20151110
yMJydFmQHFuu87Ib85z5BEC5Wjw7L6GxrfTRhkKBaBA=,15,28,male,9,20090619
QI1mgGk0i5BeNysK+JMTZ5C8e8VqpMSlTFBQFdBRGiU=,15,25,male,9,20090801
DCDGJVDw16jeWvW0aPRBoue4hQnXwIZJMvLL0di2aAw=,12,31,male,9,20090812
CPxCqsp8xPRbVOz4hlwVfv6Fqq7a/F7cZO1h5hkSeQs=,17,31,female,9,20131225
j9V/HLDks5HuY2TCu1zEuRyFl1/gUqjJLAVrJyCif2c=,5,18,male,3,20131228
HHJkAgkOUzqzfWcAcH//if/nUnNeBt8k3JaercDMdzY=,5,29,female,7,20110519
nJGnXB87OsX4FOGlpyL3qho6nVXAC/zjjXJg/ctzObI=,13,18,male,3,20130722
/B+wLwdVb6pIu9N72vNm/qz71JjtsYE9TZFcaXnjN/U=,13,30,female,9,20110716
d7w3bcW6KEUTKcqXFyKctVCISd92291gprBqTv4EjJc=,13,25,male,7,20121022
jMW3fwfmhL5bMs7AEOTHvvaexWwV4Vjq3grhC8vXA0g=,17,20,female,3,20120119
/uHkQhXCjdjj1DYJR/QWKq7I+CIyuxeq3jPNJUgiDm0=,6,38,female,3,20120610
UCe/JflPmV7msJM1kCM/maPicvidR0zORADn8HZp7z4=,4,18,male,7,20140525
igQmkj0eoWXehVb1HaIcTJm3j5Wx1LAde8nR9ncJiTg=,22,33,male,9,20060716
s7Cy4d9S0Y3E3Mn8UYBRRS1jezwVwvc9mJ5EOcPfWJA=,10,27,male,9,20040919
cwNYfpWmspMUI9xXIdzBgyq7nqS5pOPcDhZRBlKnsa4=,14,27,female,9,20041118
k1o0zcF5Y5+DAp5GwZMlrRtbjcqfEQWKr1D1VLXm1KA=,14,39,female,9,20050913
Z6hHtcOBzqAnNrrqasnE888xRw0ECicnjB3LYmoAzcM=,6,27,female,3,20120803
NG/9JktbxdSLcwuuU3mH0yE+aQZafSsRiXQcL93F4vc=,4,34,male,3,20130830
wrf7LNHt3Iznmdpjul/ClxCyxz2MBFyCe/06+6IxS8c=,22,29,male,9,20071110
LlK97QVlKwVB5WIMIR2GIaDqcFbYIB0rDvPMJq+pTMc=,12,24,female,9,20071209
imM5+04Uaq9/DhCtCtwBTXCgxVcUxob10tOGVxwb0Uo=,13,35,male,9,20040725
xmxO9WIiaYYrBtGW3+oYzbgoDBVFpqulh+AmBISgYdI=,12,34,female,9,20110114
5NWElNmocee7WmhBh7CSRFmoXFR63m/vlIOSyPdR1k0=,13,52,male,9,20110321
C23qaCIU4CVaSzyadUL+b3NkfZ1icfpI2/0RVucUd7o=,21,34,male,9,20071218
e/DV0++oKDsLblMZI+3ila1CP3SgXM11RIYqZ5QiJnw=,4,22,female,9,20080127
YJjHBy9+CeJ3181eeXTRxJm686YUF1t6gvrb9jf3MSw=,5,35,male,9,20080215
ljuvLkYU7uAhYWIw3Sf3Vsut+n7mwVWeYTzbb+ukmvo=,13,32,female,9,20080130
MqOF0QHKpkkTSNe6RhQxnU8lWaVRZWEhjkDybSxAOmE=,22,34,male,9,20131106
LssiFAvMxT7HoCDDcKdok40Dd+ssfwWEsFtkgEI1bIw=,13,27,male,3,20131121
AEB9W+4JhTYFQ1HUTi1AI86BKZIxwgZ4ZCGFJ36XDSo=,22,23,male,7,20131204
XkUBaO9AdX2HEtns5IqabpsHHGaE+11IHv+GJ9uZW0g=,17,33,female,4,20170224
v5jqxgReg6V9TjYR17YzeVOpXw+0oSmV2C/5PtY41No=,8,24,male,9,20110116
nLoaa89JURHNqV9N0aX7EPTJLZ3h61DWhO3L6/z/rYU=,22,27,male,4,20160711
lpHmhOrTFlLXPEt4Qe3La2Toai38xs6YNZ8JI6Pvu18=,15,27,male,9,20060601
rmR1fRRI6MJoATp7gMxF/sR6R7NKdTMPL2Br0ilO3co=,5,42,male,9,20070420
Zhgx5EoZ0/gqwv+/kpOHOnmWuYxTjmVkfQwfMK/1ICI=,18,20,male,3,20140524
oHmF6D3hjdBej53HITTPilhp9b0pyTDOwIfM3uCNX9U=,13,25,male,3,20131226
BbfnM23z827SHpFvjerUe5NH1EgvVUFZLkJH1s+YbFE=,14,23,female,7,20151228
8bpcMXkUVzNC4fT+vYWtmhD/QcifrT9DyAPrERuJzwc=,22,22,male,4,20160102
nZIFZ2CQKHNyrBHUNl8QKYYxJNLWoNaCjWr2RsoAQBI=,13,27,male,9,20060513
id5VkorO87iKzrbbpvF2ZqK8k35+BuoJEc68LZwIKyk=,4,27,female,9,20070101
0xjoXwEPiZMX5ef6fbgW6SNPLaCX5Duxwg+5/3I4KiQ=,5,25,female,7,20110117
zCT2GvcziKFQF1yF+j1eHVnQEYUcli2rss7SkmlOddE=,18,30,male,7,20110201
lyea1kFsr7fw2rbOCsJy591V+nS0LOzjm3ZPB2T+v2o=,13,32,female,9,20110213
r+9hj0aETix91hWFq4vFdQKgzeA713T6ZZdp2RwgBIM=,13,36,male,9,20100516
nEOIYfBirxvdBtkQnglXAxBVCiPVPs7QblFf+lWjgBU=,5,48,female,7,20101006
WPS7/mtlXkFBWwH0v7yRp61LuyuLmwJA+xp20TioYh8=,4,39,male,7,20101026
ugk/LUaErxQh9zubvTJd1Jmsew1CJ9L3mM/blxQzCsE=,13,21,female,3,20150308
b5s2IyHk8c3rDRd32Psmn9Fr88ypLWcr4aLlN5171fE=,4,22,female,7,20130718
dcIyboidf0+Dy5qPXSHP+yVvB/P80zmvfGLKzqazdoY=,11,32,female,9,20080815
36ecuIC4HzogyuUt6Unx7zELkjZcTeQAqkhP8ULHXMs=,11,26,female,3,20140515
iWmyduqSEAIX+Mv01u9MfRY5dC3UF1s2PuFFqfgNGJQ=,4,24,female,3,20140611
jBFZ4c4zIKK32eEZbHeIZri2Co3LoWevocFd5nOEhQ4=,5,41,male,3,20140704
fByxgjen8I23KT07Jl1kX3VSYPUaH8RoV4ety3x6DBo=,5,31,male,9,20040819
0ktxsMzOnYf5v5O71CWqjTfWSD2SuckAa1NIQ/g1zOs=,13,25,male,9,20050717
CsBuBlBYDsrbycmgwvlJ7AihuIgadEGEOfSeB4yXkLs=,15,40,male,9,20110611
SLljROVxvKTjUzvi7O14HAhYhZPFUl3UdYT3q4QuW4M=,4,29,female,9,20110617
16hZz6lyeo4CsrCWM4R7bw8Cff/ndBrJUF/rNy77RV8=,13,26,female,9,20140628
JDG1JueDhDEZuWE7fo3yYmp+hj32XwVm0/2rUjIsins=,12,29,male,9,20100130
PnbCEPFs9PoiA0RXUPUcaErys8NGH2aZqFiucGRdNxk=,5,20,female,9,20100227
uccyzhDwjKQrH/Lwlu8p/di0hbQajwgrFUz5fjloNSI=,4,29,male,4,20160202
MS5VxY0iIkPnQ7UrhK1Ulm6Ac1JK+sWZACnfOt8NvrQ=,3,28,male,9,20060308
CHFnakInA8Ti7itntKDmxGWXYXwxwY19JyanoFGlwyc=,13,21,male,9,20110116
l4SKKEkH+Xawruq4Ds6tnr0qJQqcKk5TDHiAMsf5L5M=,13,55,female,9,20140628
4ybrETiOtyB2KWfaeO0zkHCcIrRNj9ZEreb95fgHzRU=,13,41,male,9,20110113
ZzZ1H0xE5Q22zLqVzIqNZX2pbReDoFNmkCJ/Jy+BsbI=,4,52,male,9,20110130
PUIoTm+7Eg6IZlgylFpi3s+TyjE1x4VhI/2l9H/nUBg=,13,30,female,7,20110304
jTJnXVvkznUX1O8aumu9f3OO/7d176wo2ohBFgLVK/Y=,22,27,male,9,20051106
vHGhbxrUXJHPgzRYMVqDkiDhzNRLgz7lsnI9otIoT+s=,13,28,female,7,20130923
/06QCmM2NPRRRZ2XFRxBfCciTjPUwrUpOI6YFWQxdQ8=,5,18,male,4,20151114
Sw+LItSSj5J1Siz+ctIle1MaJjgmIMWA2+eVP44EHpI=,12,28,female,9,20111019
W7FS6mmhSZVE9dk8zYmGFV+HdbX4ajSI7eIOSudOLoI=,22,39,male,9,20100926
Nae9c5zdqZhAkruiODw7OiC4FPyW5f/B4/SVEsy6ojQ=,13,38,female,9,20101025
0Ccpv1rCoW7JpUy2q6PW5xODKvn6uyT3yH8LUGoKy6g=,5,23,male,3,20160516
y2goFNgQ6SjNnormMd5X5YYjNSnxjFb+o+rDRTODgsA=,10,21,male,4,20160518
89ofaPX2aj7tifcSB+QpYB4dukYJS04JxKs5IlKrI4Y=,16,24,male,9,20080924
TbZRRG+i4kAtFl/4DAEQG7S5ubLD9q830RWKK8e2XUs=,1,26,male,4,20151110
AQG32sCHmU2yq71EhL8N4v6kpE/8bLjpNBTRuPVTasY=,5,46,male,9,20050630
ELfBe/Fs0zuk/dA1Xp0vz3AfC6dKL2gL2uOqVqRjWvw=,6,33,female,9,20091108
6ovQM2EFTbDkHf9rmjo3LOlaC7Fqlay1WlzyARcDG9s=,13,21,female,9,20101120
YKGFe5fQtxt8yQ6aZxsQ5b//0wL73YSkyZRSh5jCuoQ=,13,30,female,9,20040401
OPFayw71L1aaywHB3etz68sMWvI9rG0yY1URX5IKvGo=,13,33,female,9,20040507
osu+QVPF66wXWrjT+XYMGBrhTGLvXS4EGgrc1mLcq/4=,8,32,male,9,20040716
NUzu1h9yd+Ig8N8xyKp3YxZIrkWMncmwjgACCOYyVOU=,13,35,male,9,20110419
GGYzKY3cALYsSpnaWUn2w0YNvL6EUzlm3Ys6L0KtwT8=,5,52,female,7,20110513
yX74X0Trhfrp8K27uUdCw9j14Aa2hRrUAE/CStsunws=,13,35,male,9,20100527
/3ndwCCcNUTfRbCG4Cb6TvgT+7Q3I2aJGEToD5kWD7g=,13,32,male,9,20100626
S0kFldr/H8MzeoeLKEJm4v1yEssPAeJW0JCGfdIrGjo=,6,31,male,9,20161007
uu3VshAyJ82Vgp+zbquatU8+aKlxfbsbm5xzII8ZWjk=,5,26,male,3,20130108
qUfk9o2zsWud9/zhD487GuhXY5XxHPStnutUY48fgVc=,15,20,male,3,20151206
ul596SLV10a5pAzn4v1jT9fLFrbfxvt4leXzcdCrQR0=,13,20,female,3,20150728
ihACZDY/EBnq+cNaocSRHe+MCF4EM/iSkDlhwboKnVk=,6,39,female,3,20150729
R/mjTHiTLK0i5Wj/5vFroLweo8xrOkd/MfFZjk9j5d8=,6,24,female,3,20150809
SMM+nkEjB/CmoUfdhGIXry4OPI1nkiguSq+I9Lzefe0=,13,22,female,9,20080517
QXrk6TTcDpIV8C39SAXsNEIjtJbPz6O1E8sITqLzaow=,15,50,male,9,20080617
0zXsBg1EPtxlmOHYSfSSG4hnNZB9s5cgJIGhPG2RZGk=,15,19,male,9,20130212
tLjx2o8NFli9eou/JM9JbxqcRPrPWqUxdMHaGYmMatE=,15,36,female,9,20060427
+xixsy3uy+djLakQZeo1VIMqYHGSb8nr+WkcjUyCFZY=,5,15,male,4,20160710
klNBvAPkQbxekiyhxNGsLh/j7m+tvDEl5eOQtQIcFI4=,13,33,male,9,20110316
wHWgbkEnlo2ghCwyTa+IRWthH7Vs9Y/eDAa88QXvGe0=,13,32,male,9,20060126
U1aVGyp8YaC2oixD37Q+LYyZh9dVQMcNja4uqC+q+a8=,5,29,male,9,20060228
xqiFVoOU3iMXhVwCf9tMjQtYmSSlGOFIRqI4ZQLuPAs=,15,26,male,9,20060409
tb0+Pdn2pXArAdRa0I01//CHXW5i9m5S4CSobq5F/6w=,9,30,female,7,20110809
ju8Y6ohhZMfqzf0MiIQxjiNub1ywNnzyx02z+ew8hDU=,13,33,male,7,20130307
udW4MhilxqOdsTJXvfCWlCEDAd0q6VkOecZAS9Hnjx4=,6,46,male,9,20130315
qp1TQlZTkAuc9/SgYF+hhitpEC6FqC/jKxWSWGHVWVY=,13,26,female,9,20100110
fcGICAS34lFPA2gFIqzOWB9U+I3PIEDv3xmHjey3/8I=,13,39,female,3,20121225
ZP5XDp0cW9OYidBazOvxLmkF0N0wn9jCXMSMBNkIUeU=,14,21,male,3,20130819
c6EUyJiRgjEwjOC2UMl4Z1iU+3LzK8m9VSY0hIXRK6E=,4,22,female,3,20130505
sZu9M/WDqDDb0TWgLricQY2IcciPt+3Am/xEB4C9/Bw=,15,32,male,9,20130623
0AqPO1hcH5EdX7ODVoHhk6ANBzyj8iizVbT8LB7P4B0=,13,23,female,3,20141112
Ivqi06jQWH+e4xkh9JnPPH8a0cCTk7rBtlUEMT2/u8E=,5,33,female,9,20100711
w+46rlx/Vb2OEcwnfCGccQJVwGox3qrK+QzO1y21QBM=,13,27,female,9,20100926
YysTGMacV92eN47QvjvcTe29Zmz4DLrHJyQuzH0nJa0=,5,32,male,9,20120318
hcw8ujMCxHx57WltcjfY2pqEqSD14ZxLGd9RPWrumtM=,5,34,female,9,20120511
UsoEkIHK5olyAD2Jtvwa7yTNHX+4f6Cmw6NtGsN9gVo=,13,23,male,3,20120520
MN/4eTO4g3o03+MJ2s0OBQ0iqhNKn4VzY2228vgl98M=,4,38,male,7,20151206
2c1qrxa/JmLmU3Ixq8KIJDf9N9JRqF8b4M5CSvfjfn4=,5,55,male,9,20070905
OOroO7hNg18zKXbCfOrvnoGbATOyXimv0FSKJaIIn3s=,14,32,male,3,20120701
FZdlruKHw3CzCtdXtKfBDHIPKRkiAzBRqox1lxr9188=,4,25,female,9,20110403
6/W9ycfNjvaxZFeS7ILyWerQwUOYzqIZOUZfo6WOzYQ=,13,30,female,9,20110504
H5wG8uhddZqEV4Q/p2FfX3/q8nmBAiYFhuo7ipqBfKg=,5,20,female,7,20140724
tHTL+j2tGwvXAKU5AJL/FE75dXDC6UIORANNodLHCdg=,5,28,female,9,20071115
n+fsxRBMLQhltXrc+RaqDr32Z0Q/tJuNsI/5lWzQC/M=,13,24,male,3,20120611
Z8sGc+CCScLUPiwWb8+eCvlfTvsEiLh4qtWLnm4Pky4=,13,25,female,9,20120801
UAOCCgmYBwGYyn7QIHurqYLDsnC4q2b/bKIwqaUnNZw=,15,28,male,3,20150322
2JV/k5mAWGWHRU3MOzjz0HKRyx1Mo/JDDZEs2zOsBP0=,4,21,female,9,20150406
k0VnlpU5Ctpy+UTm/LXMW3Q/quSEWP5f1uZiRDJVH+M=,10,27,male,9,20110101
j4+P0AdDy8twp/cDU7VrKnCpNpXuOKwdOLEpQfZO/E4=,15,22,female,9,20110226
oQ9zY1uMYpsHMYylAtBfIfQZPRa6vGj9j7k+YUx2+00=,22,31,female,9,20110612
LcnVwbt/lVSx8D/So0OWVgiRGaxYhSeu5W35GD5kL7g=,13,27,female,9,20150211
bQa06+7pS4n0mALm90oXveeG4CkS8K2agX3hxZxP60k=,9,33,female,9,20051002
8JWbcRtQ+jtJ19OosSvxD2DT57fiF9F7rMh88p7KULo=,5,27,female,3,20141124
wfITbCxJiSXWuTVOLfm9o53bo1LsfldNa8cnCIRU19Y=,5,39,male,9,20141227
xEWCIFZuSwwN5dOJdQonMhUUKfmqVJvHf6Q3RDuSPwE=,13,14,male,3,20130821
Q6JoxThb8FbDCj20Bzm6sS5bU1RnL9bPuQloNvG20tk=,13,21,male,3,20130908
//1tIUeF70BEHRxcQ5SuArPy7N8GVh4dBCaUutmysAQ=,13,36,male,9,20110313
zXMyiby62FN/XtFJlHqzczRcIPxU4R86b54QUM54elQ=,5,29,male,9,20110528
dDAtlfjGfdDjePuFTfDiCmK926FzYB5aexXmBWOsQFA=,15,25,male,9,20161012
aAjVhkCBmtXiYfCJSC9xbFcQ7DAS0r68DWRjwWMWOgI=,6,37,male,9,20150627
bpUZcJsaIOMQeLmsEsCUhM8SYrSvjuZT0J+35hcst2o=,9,29,female,9,20080910
XCylv2VZpnIc9tHNdHr6rGlU5QUhtGEUnZmTZmiOsig=,13,31,female,9,20081017
aaeZHu8nPoqJ30GwtWh+afH8Bj8vmnlILp9MAg30oG4=,13,32,female,9,20090206
rX7WJfR87u5K6K9gbITbZiS45di+h3SdPGcwmADI3Ng=,5,41,female,9,20090307
os5Dk7zRmHzT3LMQNSkNqbWZ1GUnqnsqfCHZ/6a+Vis=,5,17,female,9,20140710
I+WSm5TqxAl8Dro3vFM5bKjHQvjxR15+3TV6Fmt+6Ro=,13,38,female,9,20091205
CsTp3NTB5o43roXZwXm+L+oVc+8S9nwKrg3hTmv+258=,18,47,female,9,20120909
lmSxxblXVI8qIJBRm5YxHS+0Ktyd7T1mr3nzCJ8fq2w=,8,24,male,3,20150811
VCxQSuIUNxJ5guUH/JT7ymXp9WxbaYVWERl0XvrBkuM=,5,38,female,9,20070705
YlDkV+3AX4m7c/iJGLcN37/G8tZPqIyYbAa7TIBpKaQ=,9,46,male,9,20070810
/JJ1Qqt7SkXbecK/3Q97H/qrW8vKY2ELC0/ErqNxzvE=,4,28,male,9,20071108
6SyMrD4I5iFTeNHKc+frihqVqQOwqz9xBo1M6UMubBM=,4,22,male,9,20141220
ql5ngzi3IxPlW4GT49FvEDtrZUFqPaZCvUvj6vd/ObM=,13,18,female,3,20131001
AxzsolMSnuGSxvGohQmH9gmOo80TrYGwDe6soFum0SI=,15,22,female,4,20160307
orbSfnKfosHz2+IcLTl5BJr7Pz1m06jxYAly2nNZPnI=,4,37,female,9,20101211
M5/VXvmfOA4W+fAQsXEWNcZ/UgGPdz0AlwEIhyEErls=,12,30,female,7,20101214
t/1rJz5bNBFDhh1H0HgjVAugJ15J10odm2z0v2AW+O8=,15,28,female,3,20150825
LLS1s1FuDmRh1mWREzJon/31AifFG8SKxY6/3+OLunU=,11,22,female,3,20120310
FhgXOVkb7CCZaqJKuQ0RvEuR/o0Cv3/H3aDxDMegxiw=,6,25,male,7,20120402
z3uF9LUY170rSMdMh2YwiPrRQn8hX6W4EvOW22bkPLs=,13,19,female,3,20120414
xjonaaadDfXq9YmguGn9GkWNznqS0ACd+wFNhHnE5Vk=,5,37,female,3,20120608
GqfJgDEUMk+I2pDZYI6sPt6lK/Zd32e0zc4NEl4+ovc=,13,26,female,3,20121216
fqaBFEckHfX37nx8P4LiXaKyDde9UiSFXJG6iZebOIQ=,13,40,female,9,20121217
NszlszHmycYi+GNUHycfxQJdxGXCIqIcbm3Hey7b4J8=,4,26,female,7,20131118
rNJWIl2uvL2o+m5xP6Wbu4Pzokslrb2eQlGYe82r7fA=,4,23,male,7,20131119
Iev0EcwYTb6R4joq6Mfwpg0kXHg4WOtfpEIA3dGxWkU=,13,21,male,3,20121109
Qxq75oD9jjBiP44J9lhCDdr7KjtpNhe7zYg2N5y0GL0=,13,18,male,3,20121130
/aKn6LMD16yaTLjoMsN+LaXlrvbUdz12VDwnAs+xpOg=,3,55,male,7,20121220
LANg5Uwv3cdIahk7wHVfbBOMOK2HOchl7cpmDwyfw0k=,11,24,female,3,20120730
q1eof1KN8ROINi0jwr1xp8N4clY/scyNBOqjdw3d7wI=,1,27,female,7,20161107
OBzE+vZOs1KghFb8TRHg54aSs7JfXyp7ERmWk2zOPJ8=,11,57,male,9,20101221
AcylUPbdfbRKBl3tJMFQNEZMs/tWKipvdobdtgvqmDA=,18,55,female,9,20140704
7ZVIDvJKZNaIpy3zjOd+FWKRS6p6+jatYxHxtZUtku0=,13,30,male,9,20060929
iTVC0rK5D7glZNFBGZGF98d6a2xBY2vqaiX09yRtZgg=,4,26,female,7,20130129
XIh50q5m4dWomo4qSmYCAOweNOiGOwb5oEG4uXTfBy0=,13,26,male,9,20100416
trvV2Zexrr8ZU5e7XyzDvDXQCZJCkD2EW/gWXA9+DSQ=,14,35,male,9,20100516
p37bwapDVGa7KB0Jm99+4oF+MwxS6fUzFtFyj/QN+qs=,13,26,male,9,20100815
UHpQw5DVmLtGl6MMa0hE/QjZhnfR/viqWzimvGorf4E=,5,30,male,9,20071107
gpWHzEnpXAtiwfy0b8x4p/ZxoF3mD6oVftDr+XKxQpk=,13,30,male,9,20071202
z3mycjqysXcGyt1C1K9F9aoMVHdRMVIXM1OBCnKLiFk=,4,28,male,9,20071208
dAk0hpoDH97/zngeAs3bjbYVtcNLFh0l2XyhHfR3d1Q=,22,26,male,9,20140615
3gZbBCEI6O1SZC40aiOi9jl2kt6W9yDDVgk3qnJNir8=,13,38,male,9,20061215
oXLUkjY/d4u2s7WUmOmHTgWqPWYrLw6YIyaOL8n+yxg=,5,30,male,9,20100413
Dr6a/mdsr/UlR8L2aAHHUrXs/wTmR8VIAzTto3slFKA=,7,18,female,9,20100423
Nk3eIwlptMMA3A+A7/s2oOEEMk3iBwZ/hnqu/gLpnXs=,5,29,female,9,20100713
Fxenvc1lCl1jNk8Z5uZNE0f/+r0edMTC19JrbTFRN2U=,5,32,female,7,20101004
tr0XAXInENXjIjc3woovZi+NQKoTiOyNjmIue1iDh38=,13,41,male,9,20101115
Gq2xvS8hHCSEreTMuDFHPO3jlBUkx1iyPNsbantSnMg=,14,28,male,9,20141207
vJPLY2Pjze4jHtpbIZhc5sc0giTD+0bylsMI940z20s=,13,23,male,7,20140525
rpS83Y+I2Ofdmv3iBXeTeuZHauvBom3SOW7s4xmBq1s=,13,17,female,3,20140531
4CHj9lb7SxWYEv8fyXJToZyQJkATb9MWMKz3abulst4=,15,24,female,9,20121108
yk9ibj+uP5snPH2iUuXWCOwQUA2u7dmumF7NHNxSwRw=,13,27,female,7,20110520
l7ytI7t7XsROySgrPw8ejGWzi35fUHIUjDc6aIhMp84=,15,25,male,9,20140916
8waCkRRADfHxW4C4UbkiznAoZTJ42EgE6ERo0wbPLHw=,22,25,female,3,20141012
noCP1oF3S4kVIfJ8oNrVdgsB4qwg9wsAM2QQTZF6LL0=,6,30,female,9,20121005
ZB95XcD8bitXvvKZNMUNOOrdB6l/MSMQzUqf/nawrEE=,5,39,male,9,20090718
G9CWWXzlQc6sVJYj29yJoAyJ87upfxEcILCyqmW7+e8=,13,20,female,9,20100123
VfkJzLygPxetpuFtClooKDfCXdSPKl7zoP+AktGnmOs=,13,51,female,9,20101021
WT01p7dSyRefMKZcsyJue/fUP0PDppNrYua6cHs1B6I=,4,50,female,9,20070725
eTQJpWg4xObcMOuo/xyyE8tdisgww9wSXH/42Of201A=,22,33,female,9,20070924
x5YI1Nwz32MvMJSlKx9HPjd1Jq5aaUlGEpA3lfbEsKk=,17,22,female,9,20071215
WS8+tftpq8PsewVycpF4O9y3H8W424WNOhFYrCbClOM=,4,32,female,7,20120708
FMgIRNnL7PaQ+WvqtEMk/dl3s0IrWLf+AUuc1ndYdhc=,13,45,female,9,20090819
noeMcXP/lu6QUrjsdxt1v/VwcwOf9zbSo+L6BA2I5ro=,13,22,female,9,20101104
vzp0I3QA7GKz3DbErHNubvIbfNopbx5aW49V223wq+M=,1,24,male,3,20141028
14WR1SphJ4Vo6QdgcoTjcbM+noOwXX/slmvDfaWc4bM=,5,31,female,9,20140720
Wz90rCnmHn+5A6m980iYGzPjI95zzij5uzlrx0lw8NA=,15,27,female,3,20140724
yesaKw4NJ5rnKYmy0OL1Q2H8GsVehA5o2SJf2ncYNX8=,5,51,female,9,20110719
prCCgv6VlPHtVltWb4XvmAWXG5XfgBoWtsgKelsFTLs=,5,27,female,3,20150714
P8HPJZcXYErlVKn+aHV2oqkdIk//07bmkvKah03dQs0=,15,32,female,9,20110126
gnOo2UjpRQX8ITHxlRqWR/UKg8H9HhNOorAygZghyes=,1,30,female,9,20060621
Z1l4Nc/JvP37z375bTtKO3ko8/HzkpKDPGIHXDW/g5M=,5,23,male,9,20121221
dA5rR1JNYY9tuO4dhZwiXZ3KWD+nKzXf0bg9jFN+pLY=,13,23,female,7,20140718
/Qfy3+Lig16vrpWuslN6sA8dULmqN8VHYJ10/dqi11o=,12,30,male,9,20050129
W2N9aitSgujcrpvrR/jkt0b/eqKy1MmOC41yTr05hRg=,5,33,female,9,20080222
Wa5hQzsxp8XsqVHvR9zxkFIaNfofWjUNeoQzqs3qVMI=,13,27,male,9,20080826
hZRe2xJN3TPPxsbRdHHewLH5xzQ5vaotlV4XoGjWxmo=,6,46,female,9,20081220
Mf23t4D8OYDtEP+hXoUdDyU9HJHOwXp5ZVEeMmr9xVI=,4,28,female,9,20070616
W/BA0PX9r6PHGY6PSpnKZGvrRx9LxRKCTCeFbeP4OWo=,5,25,male,9,20071016
Y8vYWEmyIeo9KOoWbs0rcuvpGL3exwbj9nIu5ZZjMEM=,13,39,female,9,20151105
iQ56d9g85GI1sqoKE2O8wAVLO3UMNUCLlEATOHmykBo=,5,37,female,9,20080509
41AuDMCAGCSaW62/VBZTqQdNf1rl0fB+y3PUwPkL32w=,5,25,female,9,20081230
zgH97LnPfQTDovzXLdXGBxwFRp2E3TH2SLZ1tbMR+HM=,13,44,male,9,20050220
JaJ/nBewiQMbcYnYR8qBZjdRyyStxfW1AtU+YZIVcRo=,13,27,male,9,20050624
1aDd2z6MP1PjZvvcMZq+TD24t5RKEA5KFVJVKoRpLPc=,6,28,male,9,20050904
QgBm/tlKbjgaVPpumkk1UvHNAPMIc7Z4u8j53qlkOb8=,4,27,male,7,20140603
wdq7nK+zy8lmd9E5woUvc0Ohy9on3ikFbs+cYlqv7j0=,6,29,male,9,20090527
Vbal0bHG465xb408fN9XI+3Z8pIOSUUOgslwLZ6CrKs=,13,35,female,7,20130731
F9Otmr2L9mY5gnrjiHrMAaeRalMcXbe2CyMlZ5RPrtg=,13,26,male,9,20130812
8vj192HRLj2J52mnH3nlnbXAguCyRdBl9dIsTM/6y3c=,5,60,male,3,20130923
plL42snJvuvBIWtx+QQhIcCFwix/RCrgfNZyWnpt5xs=,8,20,male,9,20150524
p/74S2+bttcBjxmtOoUrw/a7K2tCZIO7z2rlByZXmuQ=,13,17,female,3,20160227
ipeRtAlL9BbGUkEEGgkdiORMjpk4Pzf0qwdGEsUx4Ao=,15,23,female,3,20140407
24+ikkIhsBgupUsEPOdTbyK01p3OjjHGGBEjr0+BHqY=,15,28,male,9,20070728
JJY7FJCDofyrMhiKf1go6OVVc+3vkK88RLGDwYl1jig=,5,22,female,9,20070906
48bGr7Bu7TrM7neq/fDGntj0lrSHFTuqHnODlimi+F8=,13,35,male,7,20100427
gwBQxo34y9/AnQOF3cPVEOptFL54tQHn4oG38xt8qME=,6,20,male,9,20100627
vXPuGap0iMmzI1/lmOtLTcyWXwNfMOHzodCXmJmH/T0=,14,27,female,7,20131210
ccJsHQ0FLD8tmwECHGxpDFjsHhyK1BovkrmtNvlOxak=,5,41,female,9,20050919
qq5+M6cage7uwVf5Q7Ejqln8uOapREesOgvsjvpsNmk=,22,42,female,9,20051119
d0K9FfqMswKlNRr7rOow/dC+hvqvZJSfItWp54BSKmQ=,6,36,female,9,20060210
KIcAigg2k+31bvmN+Cns4v2aXa+hoy542EyAip/EdWg=,1,32,female,4,20160710
wGj5X6p9Pn4jMfbpG8nKU7Yt2fGPDeY0H21qMkgo/JQ=,15,30,female,3,20130930
obN50cFFh1eU49Lq0HUyg7n+wA5fo7t9ub5Iof778jw=,10,31,female,3,20121027
Kk0SaEflW6gjlds/Y3Vlymfj5Cekc7cq2leB/W/j5sI=,6,23,male,3,20151126
hp5Nu3DqhzQ0/3BMlkbu3Mvh0NjteJ7YC8B/RcGP908=,5,23,male,9,20070814
LJA+Ufq+fSUImzXo1EH6Rk5r2q9iY8K3rhv3sW0of8U=,15,27,male,9,20070826
80BPCESFDdSwjC2yychaBSP9aTJAzcJfimPvgzjvwzs=,9,23,male,7,20140209
g9I/r2l5tHVKGU0wktlTAaXwiT3+6aE4MMSuCTmGYX0=,13,27,female,9,20100126
F47kzR7+WDONpm3i41TsPz9zB0/7/ILfy6sxRjr++lA=,13,32,male,9,20051031
c8Eozvswhi/nGK7Y0YOJ8QbAy776S8Z2Omi37pBKG7c=,13,38,female,9,20060103
af2jiyZpG/oLwpiqXgkMiwz8rAluMYdWeX4zO7bscSg=,13,23,male,3,20121221
zEKPOIq7lHQjSQGgg/yZAoUWkW9mF1fUdaHU3jGj4X0=,22,26,male,3,20140609
h3x5GLYnvdR0lRM4yzbWCCClyEQeu2LFjeCLSR+x5+M=,5,19,female,9,20140616
lzsKpFpTmwl/kfFHMGCh1RkxhY+0gIJ7B3OE1MCg1yo=,4,44,female,3,20120830
w9tsJZMMa7QIx/1HTK3tcWQAjvIuzAhVuCl0jNA6MWU=,8,18,female,3,20161113
KT9bGDIoBE52+b6qmXMoJvdWhTCdArREQ/j278bFw5Y=,5,28,male,7,20110308
hq92nzqqoxp4TIfcBfw3tyGTgdc8O7yG+Qnx/3F/H2M=,5,30,male,9,20040717
5liD5wkkegkjwDb85xDdOF4+hBK6RyN0HIiqyrd/uWg=,9,25,male,3,20130206
HiCq0BNTQ2RJcVgGga+njNzV9FQqPar/jb6xhRuPvyY=,6,34,male,3,20130226
Vd193abYPaDXYxUrTevVzIu3NHBqn7J9pJtCqKUxsxU=,4,30,male,3,20130319
oJMXCOb9GeDBb6D4HlvJ7obe9VTHdqdQyNDISKH3mvc=,13,22,male,3,20140521
ipdDqFReB2HpnLfUjMu3lTCA4QZRuCOvW/2MMIqSluI=,5,40,male,9,20051028
fzp1bSedCjTwfzM99y6ufoRWcbnU0s+/C92cESC7ZZY=,13,40,male,9,20051105
7pLEP84pIckNW6zhB5mBrcfeFnEYkjX6IKQV+AThAX4=,13,35,male,9,20060303
lzSf/CQ4kxp097f6bxbh7twR+j+HkDCe0dGMaI2EG1s=,5,36,male,9,20060329
hYGTk6nN0pGAYdO8rqhXBjhuq0LH0UCUgoCO7NJl0mE=,12,32,female,9,20071009
cNjpIQZdupTiXDxkAHqVGp9Cz0S3Z9H09e16r2jQSJw=,14,24,male,9,20140114
dm3Bzui7Qh2LmWxa5y5EoysZYL+96JSAFl8/WM4q3UA=,13,46,male,3,20130211
B7eB9fTVPDqItN7CU3hrDkJz5M71l7UzzHwHazE8baw=,4,30,male,9,20041216
4VyQ2X24oJ8FdLX9PcaR7bNGmDpBEK7RX67+EA3q5TM=,4,31,female,7,20100825
1mrAemsylm12zhOEKhJmx+YgX/NmbNPhfuKi2evpQ88=,13,30,male,9,20140616
OXdYzTWemLh66Y1EhKOtP+/wrYHdjfrvoiaeQcfKi/0=,15,27,male,3,20140624
9xOvYqXGMhUFFkzlWknRiWnZGk3SuWf7YAV/E78NH/M=,15,35,male,4,20151221
CxtN3yD9dMmYWGy7LQRwz7tqVgf6XnYxp9/tOadszzA=,5,37,female,3,20140208
zKYTtDmjts9Q3SFpu98eGjhp6p3L71AGwvXVgI+q8DE=,22,21,female,9,20140521
kvz30uTfwjqnJqEPUQdM2r2sIdh8hfnu4yxHmrOCHwM=,14,30,female,3,20131023
an5OQFE94N+Z+huS9nhxcloJT8fj2b1fndIzlpe71RU=,22,43,female,9,20090504
AUdpDSIIMLdTpXM9x5Jg7IOrrCo1R2gDhPqQTkEFZL4=,13,27,male,9,20090812
PIbO7yCDSkZ+Z4UoZzNuNKXm9x1VYXnZsL32DvAbShA=,4,27,male,9,20090901
MuKNOPu4mTmvjReEZHVGagJV9j6lPOZ36gwiGDTtmOE=,13,22,female,7,20120210
+k6UpFVFkOHy28y9wzUZ+AmQ6FYtxeYGHBEGTEU9FY8=,10,18,male,3,20140726
XL0lnmqKHWzU+z76R2vvt2FtLlqgWPUdLJaG5gSgTgs=,5,24,female,3,20130720
INA/hGmhugphvfbruA8eyZQGuTYXb1W5pYjd/6/U2jc=,13,25,male,9,20110327
Cs698Pus9+Azvwaao7Htye5ikFsu3D9B9HsP7B2WRuM=,5,31,male,9,20061010
lddnlKN1C+KR+lO+wEusqjAkqeZ2324GpVAJ0Dh6M3o=,5,23,male,4,20160710
BVkW0zDKByfNGJLKc+GrtTz0PetKjOtPBtgzdXdx/1k=,13,23,male,9,20060619
A1rqBcg5AdfgoliGPg6ijeAbFI4/wbPfd3O19heH/rc=,13,35,female,9,20060828
t8JYAIL8ilxCHb7qmmsOpY/wAYEMEpdVdgwL8Fw+bWM=,22,31,male,9,20061203
hz6fknh6bNKYO9q7wWVu4JKYE4cUtOZDjt97hnYeQII=,17,29,female,9,20070105
dEuUWkVdF49BO30j54gUqRfAgQnVurP0/DXbWD8U3Mw=,6,31,male,9,20070213
Lc9US5cXEoyBbnepPJZV8pMAWl5SN+rt30dB2HcMkwc=,4,38,male,9,20100216
A33flr9VCxp399lmRnuPkaznnUIRVt3DVx5GSTaT8jE=,14,18,female,7,20141019
bxIF2brqYbCYpQHlXlABTsdCgNvIdBYfGOleWt+PeZw=,5,29,male,3,20120920
xLWFIgRbvqLrj4SHT0u/EZXYh/U8KwmQsDqxX2dXKho=,15,30,male,9,20100603
hOWOpZOXk2ciyrzESw2LKCwDHU2In49KFYer3vKGLzQ=,6,33,male,7,20101101
h32t1qGlLLtw9bP74XETuom+gPkxfv9V3q8YVo7nnks=,5,38,male,3,20120701
+CWwjFhYpmHXEd1VGXQ7PclDMy/xfhEoHHNOu2USSUg=,9,31,female,9,20080101
xFeRG21NM0xHeqw88anzIY6wsXfDsD5m5HDK8K2Ghug=,4,33,female,9,20080204
wR8oekzDuqDK7zcU3q9leKcPab3R2p+Q3JHbSEpBoxQ=,11,22,female,9,20060810
Te00TGpf3doiTBOgVGl3OHj3PddsWe9xIig9jauL5Go=,5,35,female,9,20060827
zcuWjvPgZGh1JnpYOIyIFYE9Q6D+5oSYxn+XUfQRXJg=,13,24,male,7,20110310
XfH1qwuvaANQW8d1DtDCt8lDNLctsK+TEzVtvwnEWzk=,15,30,male,9,20100205
1yoCpg2vCx+5NGZoMkPkAeiavpx8D6SKpJpEuQAEiKc=,5,30,male,9,20070610
WfMaV8U3DQOdcG3juuJ6tDsRMlH1+r19dx8fpRB4uOk=,5,38,male,9,20041116
0UtJIJp1S+Jab4sda0b6Pn70FkdoLeAZUhLb0HU8Kbs=,13,25,female,9,20051117
+4JHum5+BdJekgnGDQK+78t5hk062ihA/ZshB3OGOjc=,10,27,male,9,20140112
OZ5Q6EtN9FKMX85gRuiLiojS0VVLsZCFLCEws/faMVY=,22,28,male,3,20121210
bzq8QUz4ID6CqWC0N5iUVxKhqXxQ5nm7V7yIIT8wnHQ=,6,25,male,3,20130105
1ExfFYKt7Br65QCl/yfHzjSfi7MHGd95c78V8TLqixc=,6,18,male,9,20110629
KcXZVufNEDhEAUB0fgd14IesIYqbj8TygIR+bMLo4Yw=,15,32,male,9,20100731
8bgN2UrfZcAnhqcVhWuIlQxi4p2qgfZWYGR8DO6nV5o=,12,27,male,7,20161229
53CmSy6XMri5RqG4McJhUnQnXE3ESasXFqa0MfiTJ6c=,1,31,female,4,20170111
ndXm3ldgdyKX6QXn18ID4bNZ77o1Hx6YSk82p9xvGz8=,4,28,male,4,20170112
rxB7HCm8Ckz8jJ3O4Ijb9SMYaQZiDw/IQ0sk+NqB+xE=,6,19,male,7,20160720
VzPAiYxmYZcbKBc7GYFonWF5Hb6nqQgWEYtnb+fxNk0=,18,32,female,7,20160818
drpuz1oSQtfjoS5dyDLipGd/QBS05gtASiMKSuc+x70=,22,28,male,9,20130509
P6BVsGuu9xYgtyGwCKaf/oPsUMLDiDQki1m4KJp2roQ=,12,27,male,7,20130527
ZlhNZ+uoGMtPsC8N3CV1DGsrvNqlqSOB3CLizyDKad4=,13,53,female,9,20080527
NhQMVNKcQs2HgAZXBqxOqfrPEAvyUN0eQXMEZqaqWRs=,14,24,male,9,20090117
/OiWF2vWWDQQU3USUJmxH9CmrFjHkAHdib2B1aM1NDk=,5,34,male,9,20100502
SRTq1P6l2EAQhXzaTXJzxB8tYGxl4uuqqgLAscIxkAo=,15,36,male,7,20100920
IZlXQCLiIphG+Sl0HWdKhcmJUwSCNRwrGyorutM5BZk=,22,36,male,9,20070828
dg5mq0TYYsKZUu8fsBFmxibO/tO2w4u8e0s/lVH2l+Q=,11,40,female,9,20160905
wRrQzr8FGqlZPLmweYjJYmuiZdHTWKT4Pcxi/0b6oO8=,4,26,male,4,20161004
jJYvRfVRcAiLu2hOiymbgwTnIhUQ7jGspH0OhSAjAhM=,15,42,male,9,20090720
PaGE5O77FJNS0qM42wGfmFX8KNTdWwbcO9LYwDcSv34=,6,37,female,9,20100306
oZpu+QcCJtdrYx8aLx7yBovSFb63m3HP8vXNvR0xWiY=,13,27,female,9,20140616
4vRVHGjh1FFUHhtVDsKKT7chJRHvw42/5HlU/PVoBUM=,14,18,male,7,20140628
FSGD5l2uDnEt6QKXILjWkcS1dS4TqfSPtwxGQzLqOIc=,13,32,female,9,20100522
0tVraea4k855AA0KJJ0ZFBnOhKLt0KaASB8otjYYSjo=,14,42,female,7,20100528
5y4DVdRhljFrKo8g3MACtTzyok+qRb5PPbS2QkQgBFM=,7,26,male,9,20070304
EY2gW79dNNlIR4VJ70Gm3MQ94ga4T70njUwKxjNGQvQ=,13,25,female,9,20120916
qUT300+GzVoWbFYiOAhkkDZBtODwxme57NgxXxIkvCw=,5,39,female,3,20120922
k72mkNMdh8PME5Fwss+h5Iq92YsAlOvEEwRcLsYfZlA=,5,36,female,9,20110213
8c30FzQ1D3Ydlyw04I0COyrrNTt2ccHiOKPVlDKbO48=,22,25,female,9,20110327
pNNHf34kajerdKNmYAO85f9erB/abSE8UnFj6F/p4lM=,5,37,male,9,20110331
c4mN5NXTX6+sZ/mU4kbTT9gGWAqJEiksgR0X0sjRsfM=,15,26,male,9,20140702
5WXmAWtCeGQGlDkdYd3Tam9jFaqfyLprLZq8KOFNndI=,13,43,male,7,20130406
HYUGTiJ/9mTtFeSRlcBdFJNmCmRXjH42N+lzfoNtDHs=,3,28,male,9,20090430
6PbjTf6qdVeYLFrhKhmTM97PVd5u2b1uSCw0Po8GncU=,13,29,female,9,20090102
qeo7/7ZRBmqaLuXtXmMaq9xMRmDIdpbdYnVfnuj9kCc=,15,51,male,9,20110325
FgvxfnANapG6dofc8cbvbXsgtfQIVzbiT0pDYul6XY0=,13,32,female,3,20130605
tcqxVRXc0l3MqGehhTT0cHcJwEHuh/kmwxhmrlsxTJ0=,13,25,male,3,20130618
dy8ErGBkY6BZegM2vv+iRdD4noSdXat8dV/6s8GH30w=,6,20,male,9,20130623
NMmPUhRI8FCeEeo7HIlL9ILt1u39dtS4/lUnoQcubWY=,6,32,male,3,20150814
oY6mQp1yHMYtIJJWEVMlOcW7Dful+nMmXqidzhk8KxY=,15,24,female,9,20131030
MBtx59bqlm4nnT+/1LtbxPhl3C3Ir+JNDOecg5E8r0g=,13,33,male,9,20130121
/G4T5nonEIgEkLvFtlelpjH5AgHcqWRa6qJRqhgzEq8=,13,29,male,3,20130317
TRnTh0wt9xgGqcLgw5iogPXfuak3APsOOh1hpggLGCQ=,13,27,female,9,20130522
ezOPX1TyG/RJYgPHzB9rIWEas9f/zrbfY55MTGKC6Xg=,22,17,male,9,20140717
+RSm62guXBJ5oOzfPolayq5lY1jMMbGumXF8MqZn5Bo=,18,31,male,9,20091004
mFeb7FLu76hCMg5A1M32U3b+Zpeb57IO1TW3U0zXNjc=,8,28,male,7,20120917
7AqIBdvcIx8PdSebl254AQ8JK03JpOXoOyP1B5HO6YY=,6,24,male,3,20121117
PqVB8VehmNSupeXiFkBzXZPWk3mnxjGMv1kfAxjQ8xE=,22,27,male,9,20050728
m+N3kCvh7REueadOjDldJFd9dyxHhFxNGj7tUfSaBQI=,13,49,male,9,20110518
u9m1J9vQXrPUL7ZZwcoPdrx6KmnKXsZkklGp8RHw9Os=,18,32,male,3,20131027
fH09k03L9wN15//SnPzOw44Ig76GeXKGB1r4kmnUgkA=,13,37,female,9,20100516
U2E81kHpIjeCVMLkwuuhR0vFPBUNoKJXXQozQUweZ8w=,4,33,female,7,20120221
zXxdi0+TrKROPH+K/sVX7VwJ8PV0n1/lA+aMiFYJq3w=,5,44,male,9,20050429
M70pXdfMEBi1cEefDPIpsLCo53q5vmGYos3aE05e5Z8=,8,31,male,9,20050928
E6Oq77Eky0qMFeiU7eYAnKnkNHQxdZ28mCBu/BD7N10=,6,35,female,9,20060310
Dka6YzwfZVscpXpXZdheVI9o4/yi1E1GzETa/dxVomY=,15,33,male,4,20170214
QQoimhj5ywOShZdo9hKRO4vqMgb6kQhYLbH0/nmpkcw=,4,42,male,9,20091226
z76d5tidIueZREd3ahTQjfce3wbaAz62Ata3fWha99k=,15,19,male,3,20150328
5bw4mrBBwy3jjt6o4Loca3HujqeXWfgonKXmETbLjpE=,13,27,male,9,20140301
nnciIhjGs9UxH4Xp75zWnqqr1oKVc8JWOjTaUpxH0TU=,21,27,male,7,20140331
kCKBQZoTO+g4Y/LyqC1CielZ7Hh2H1KebvI36xiKENI=,22,37,female,9,20080125
Q00RPEqGHEPgLA9W63rV6TOUpHzllN1n9d8PLVBIcsk=,13,37,female,9,20061029
rtfDmtGsNvurq07NVv6Inccc2u04mucVLP2ucAZ1PQc=,15,36,male,9,20061207
QJ9CySwCo+iomREZt4ZMItswwQ89yeizbBwsBIwF3To=,14,23,female,9,20070318
1CiKjF+HuvgB52hEhaRYkJWNff0MjAVZpu4cIPsBiYc=,15,20,male,7,20161108
tb92+x8qLfznL6dNZMumX9JOvnnaoKFbJJZ15fodH/c=,15,22,female,3,20151015
FgAMZjpbEu/FCc95FEm38kcK9gWplPZqDdfLiRIeY8k=,13,47,female,9,20110321
HVSVMVi7iB0zU452wxSJ/6XY9swLecxZdn4mnty6Wsw=,13,34,female,9,20110327
3uyGAfVYK1kvBOQRO4n9WTVpu+6NRD8DS9XKct60ysM=,14,26,male,7,20110331
unsDGkM7nLCq25KuaW2bm7o+0IQaRlTe3X0/SpMuDi4=,13,21,male,9,20120121
wBgEedr7v7gK73tkeVONLflU3R/gI4OGAo8BBQMErBw=,22,27,male,9,20110607
opLwH81U0uX219Dnd/tFAb8Ia/ETGfhAiNbiM28LOzc=,15,25,male,3,20140301
oZWIh8q8L98TnwYR6MkhJYQMlMAMCBr9DSuMabGh8r0=,4,29,female,9,20050819
ZLuFivOZncZnoXKNHx2qNa6kJSv2SSpVl2LWg3aYaaU=,13,32,male,9,20060310
gWBGMCrZ88vDNhG+qQ2dnoJJB3XbyjgmW3VtxTRP9vo=,22,32,female,9,20100926
dygEyXpX1Y4aArBd9DczxA695ZbLbKDjJiVzNBo30LE=,15,33,female,7,20101012
CqQMx4GnQWv7rVnwAObtEyBq6hupROTAwLD9IMJxFwQ=,5,36,male,9,20110709
EJbpRsI0e8FpRR6W/J0SyoDvS06y755ubVvVarxihUU=,14,31,female,7,20120302
S4YovA5v1vcWQVZpscNhzSoAf56DdKdH8IjWf4zX1Zs=,4,48,male,3,20120511
2bwQCjZnL/2ZXizMUUj7YrqZPTlLbiNpZPjsZx7YnxY=,22,25,female,9,20150706
cGczdHUcw4TGMRtpaLZsllheSSUWRUtVuP/gfYrDbAk=,22,30,male,9,20061017
1JpkwpYthIasPcoGmBNeElTXRQHrz70qSbFcG4vfXbc=,4,21,male,9,20061030
3Ouk5ZjgRE0d1n9BB0B1mnSSZY8BVn7f816c2Js1dCs=,5,29,female,9,20061104
4cXcLmQoLW2RANMeMLQ1sFd0icAdpjQMsL2QOGkHP9A=,5,29,male,9,20110908
gapm7OlLz6Cfz6v7/gFsXKGfb24AF2ghAGOuLlP9J7g=,6,20,male,3,20160705
g72y0SC7XyKpUsWCMrabhjjDvzYapaFOM8HYOQcPpGs=,5,27,female,9,20070225
lAshNICMluK46tuX13ViEW4O/7Hkwc1bDxMiXPEUNcY=,11,42,female,9,20070423
gLBuhTpeBdmneupN14JXbjPTMKgxH99ys3LEKAjDYWY=,5,31,male,9,20110207
Z1ct0qCJwWg2fK0xxoT/rNF0d2RMxAXcKiveILTYEh8=,15,19,male,3,20130827
LacQhcglQ3/8PR/perAewMwH3oRwnmSO3PdEsKuPTos=,4,29,male,9,20100220
PGlQ3pFO34gyXE7LXiWHwygHxeKL+NipfQ5CoeqhoAU=,13,23,female,3,20130910
iWUO0SaGvmgPqk/xCSWKrzISZzbi4fFg2dkLmXaPFCg=,18,27,female,9,20100421
1xUJtUqElNeKhxtjjuP9c56mPSvF5M5DZaAhHSNiYoc=,15,37,male,3,20130214
ep40FhBr0suZVKSVpFu0Vf8XTLIjNqMxTD2Fgh1qGFA=,15,33,female,9,20080105
EBnCbt+WbyMPTVZ3NAT66aAGZ4l/ovl63RewVXFpeyw=,13,39,female,9,20080210
lMir6l8oRXsaIK8d6cYL8TS2DqkUehgQriy20PSjw/M=,17,25,female,7,20161216
eaQiOrbguf74KrLslRgFC7sw9EY0+X3FoMjPouu/AOI=,5,35,male,3,20121102
DdEsJnP0imTLl/8U0hjVDKGWv5gvu7Re6gKN67CZ8QU=,13,29,female,9,20121107
wLuCoB8PD7p+O6bJ99+1Bp7Rk+sMnF4Gh3vHBJLUWRI=,6,22,male,9,20170213
aVgHJrtCe6gAnE3v8mkzRbgxj2OlvJjrHjxzgp9YrLY=,12,28,male,9,20090408
KHrgiw7tojBht8IiDx6v0Bp15AiTjPqU3OjMoqo+Mh8=,4,27,male,9,20090516
navV1DRdL5MNUBuXERVEUcIfpzN1x0Lx8fb/BI3EUdw=,14,32,female,3,20130311
Ye++TicOPXuOwP7wREbI/5MCPRBwBxDafCKWD+hQNmM=,5,32,female,3,20130319
zJ8CoTCg55I78BTw3EPadqz0Sfqebgw9yvUOm6RmzY8=,14,28,female,3,20130401
MW38q4DZaea9OrHgYVgSrKsRYR5p250kQ/EeZZ24DJY=,13,24,male,7,20130522
7l01X9N/opyac+swwrbCx+E5roUi5pZAm7SISB6Kwik=,4,35,female,9,20080623
xE50YA0hnYs6jBm/XRUdDpo+8iaXsHItOxCYGxLX7vQ=,15,27,male,9,20110622
gg6eqZCZyHvJXN/R2RFF2fICGJnkb1kQzze0dh+cIaQ=,4,29,female,9,20110719
LGs6K7GmHCyHof5s20/LHMs0859hreyrEpCFn9u64GA=,13,24,male,3,20170201
61oYjuLiP8AErW+mg2L3YG3ZhV79uoNXo7MTli9/myE=,5,17,female,9,20041021
tbmpKGcKRzfRRAMAZ0M/kmasseaDxw9/AdSZmTxjDOw=,5,17,male,9,20140314
XOlStwM15elZwWy6n3UFH321lwsnpXM35vYL4opPJy4=,22,17,female,9,20140330
FcfzVwhJcX3loYeeuXzoplOmM45NwZsOSu8lLNs/mBg=,4,31,female,9,20040629
pp7vLL/lZqg01kndEUDrZGUa+QY6eoRQRaEjqmCydSo=,5,35,female,9,20040926
XRYm09eCIj2+uuC8wxaZwUjBaL4Nqwqv8PupXMlWed8=,13,22,female,7,20150822
+Ulh/R+qeHK0Er79mIWYL3+l/0R7KsPFvndCMkdVDks=,12,21,male,7,20150823
9MVtHWmJ/QhyicF+neVLEW35L6gqOSPNQGxxphtphL0=,8,31,male,9,20120506
oo7HAjw9cdiGeRjYafoDYEALW0SmNDUBWh9IFU9WQnY=,11,35,female,9,20120507
PIqtiSUqPB/ifFBqri7xxwd0rrYUnkHst9Ee5giWtjU=,4,44,male,9,20070613
KgDo4hQ9YohSUNTl8ixUT27zAxkjpIQ3h/m4DPacm5E=,15,32,male,7,20101019
ihqkJP/eql3pEDB9hflCn9fU/duY8GAEy4qXz3Y+rxM=,5,21,male,9,20101113
X/FkHwummUY1SXbEJ9VCNlwsUTHJtXaldmQVxAyVqzY=,3,34,female,9,20101209
xA0cGgxnZ/GQ+5+vLjLkkGPspVz1Yeh0pruk8csmuY8=,5,22,female,9,20140525
rUQXg88jSzTIsX4iJ+NmdHPKwgxAfTGIfVZaBoi9kYM=,5,18,male,3,20140611
v1GIbFn4rgcuLRhDTaFhQ4RPR1f+OYjPF6OjI+cx+1g=,13,34,female,9,20100124
V3bqP457H5qF8B0yhrRjo/qKE2xZOqAhXbBb9KHA1Ag=,5,33,female,9,20070317
1PYSxWL837ywqmLfSH8sUF4gzpcyMIXYpMkzi+dX1vM=,22,26,male,9,20070909
7Fa0h+SIG8GUoJTEzIF0hV1iGKudGztISof0WDzWbsc=,13,34,male,9,20070724
X2tSDX85PuIgJTcetnBeirMexKt3Gl3rcyB47g0JFm8=,11,23,female,9,20050505
aHZHHFLVZpHwATHgNCUPA0/nIfTeC+NyN1hs/rUjEAc=,22,26,male,9,20110722
Gn+r+eTc+fftme8gXDnqpw5vGBSQ4pgoGvxepr3wC3E=,15,41,female,9,20140829
1ZuY5OPi9bBDpxMBkWOYZ9lSDozhwSflj43ihUuIwT8=,5,46,female,3,20130919
ZkFG9TErxf5QdcF9T+jWAF6TurWeN6jK+56M5lsvfhY=,4,40,female,7,20100430
qSU7ohvLfpx6d1aQk4v8hVqYhaLGPdd1yfsOOocuyfE=,5,40,female,7,20100506
rnV4rzGVYqi9qaqc7iMccpomfUvAc9zOvn+PERSBUmE=,13,26,male,9,20100511
pDBDjholAhgrl61n7IE1z79n0jdBd7HlBdJy8ynUHi0=,15,24,female,7,20130823
WqX6I7F5CgBPsXnzKXaIZZYPPw25RapNYzv1bU5xnPc=,15,31,female,3,20150817
GxyNBEbEAZg29fgutZFDdKX6DRJOwW4RL2HdvtC39OI=,8,26,male,3,20140304
P+7oLuxsuOP+rdIbKbNe/Q1wZbFpHIYIECU2rU3Z6wU=,15,39,female,7,20151101
4oBg1tvASrsQfMPH1KFsckAyXFbkn8s9/jJuliugAwI=,5,18,female,9,20120705
HjxllJQjTKvaB72v3u8zYRlN+Bxd8IqJWxH44q/W2sE=,6,36,male,3,20150417
fYYrk1zuDQRYLTt7cf01d5mO39wMiVyZcj+uy1rc6m8=,13,28,male,7,20120628
zDTZvMlcbXZXJOyHZJTyJ63tfTCQGekUxeAJ1mWZUM4=,4,37,female,9,20120721
rnCCLzINX37qeqvmX+/7tEqrzAwDU4QlX9ID489UbIw=,5,50,male,7,20120911
wSxdF8fdazXquJEdxs9Adz2l+E8jAntaA8ciSA/0wsU=,4,26,female,4,20151201
jBnTiSSwU7ad6OgIcSes+wDv1OEUkpUKoi2Tk8NULXs=,5,37,female,9,20070611
FheRCkGGFiYQ1XYq4C/1w3LIZpLLVY1dQhaEeKNDkjg=,20,20,female,9,20140726
AoD+tP2FKX+Nd2WewN3jPwf0BP3lEeSI0f2n+yxrO2I=,22,64,female,3,20140705
swROajQiI7V4y+et6BqQFEt0ur+oHol+0mHlI0bxIQI=,5,58,male,9,20101226
7Uroev5SnxDpjfeLoJFPUuYtt9LY0q/pMeKTYgAfBeo=,13,42,male,9,20110130
FLo7gUK1FqdkryXUHO+l0CuXmK86mjSt0IznA/oZdmQ=,4,32,female,7,20110208
lgQSJg5nnWU6oBndevwBSWQcx6VzzMO362YGsWmfTFM=,13,30,female,9,20100920
cjDsXkbb7OszQh7nQI6ktIxrksohshw1sIkz6cOYLVU=,15,33,female,9,20131126
Y8d7bumd9L6ufvZZqyxweUmLKe8XwAt2sfH/Sk3btsc=,22,19,female,3,20150321
RwD4V0y5jDMyppVhU6fnd/P0xwXN1OPVn2Uz7Qk3WWc=,15,26,female,9,20141220
AzRCELw6l2lM1szNw2Ns5i3proVIXoo2bkMSwFyg9so=,1,21,female,3,20160203
r7GBjRpIRwe6rbJzjbKIQiz/SKAwRxLYRjvzfH/i0hk=,5,30,female,9,20091202
R82whp7z4kifGli3Vkw+VisH43UIO2g23E+ZHgvdr5s=,4,29,male,9,20100207
GthaNDOV7XxiyLrIPAvLIMwm0rI3bBwApvQwH/YWKNs=,14,43,female,9,20060226
yotz76oX/mBBHFz6+8/YPZwd8AXD0PaMkRg8QzzYD90=,6,41,male,9,20110119
xbS/Ycn5/nmJDDETwYHLNS8rvvxvDrdynzwQijkvnCQ=,22,33,male,9,20110128
vB+gznUev2BhyuuO8+5ux2dDbwy0rJcHbf7jtVPi5M4=,15,23,male,9,20110820
VsbrnPqDDxKxC+wNbsqpNSim065uy5IDN7LFfFQx7+w=,22,26,female,9,20110928
VgIGI26NW9AanIrJ2X9nXoeptU2hy1mf5Vm92wBJj4s=,11,34,male,9,20110507
aWZAFQOwlbH9vdx8+1HAGJezzid2khj4AbWmi6uXgwc=,5,34,female,9,20041018
Gy3928UjY2HrLVir3Ow2J7VcN90hxglaQM2/2ry4594=,5,24,female,3,20140915
4xCp4W+uVQtDK+YLd19pxClheSugwP0j24VCtlerhDU=,13,26,female,9,20100710
5WdeWBnD7vXyvuIcze5fr9hegNJNxH5LLZyxoV/FI6k=,22,31,male,9,20100728
joicZfx2564Zazs5/ZUxEKt3ivWhQzoYJFCIRVdXmbA=,15,28,male,9,20100807
cXJLAwLoHRlJFfw2+qeKk4918nzJSc0FtJ7x3AU8YPA=,22,48,female,9,20081228
eD+Y5h5H9JM5mIs1KaI3DruO+deTFMxRrvHROppvq4Q=,15,28,female,9,20090426
M4ss8GT5tZ6vMrVsTK4jsilJNF/5mW4/VEGYIcGw8qM=,22,21,male,9,20160515
kigmTzvNJ32zfjSfWLYv3WR+rmJq0vOHOdSDINfi/BQ=,13,41,female,9,20110417
I1N3auYs41fzKFhIoysChbDYu3B1FlNhEcECBuw2s6c=,15,45,male,9,20110530
rFgz5MHxcS7XIH/2lM64C2rxcOAf2K+jMax758TEU+M=,22,30,male,9,20140211
M/7ZeZgHJB2tmrHn6Pqof3AN/tb0ptixPK7gSNOEopE=,14,24,male,7,20110530
QRi0tFLsZX0Q+/9RBPk/KjlotQ8uBMpieSDrutw5k6E=,16,48,female,9,20140725
MkbpAr3Uajbtpxn5aoVHqH/Jv1SibmkMkbu3JcvyONs=,6,27,male,7,20120723
kJHXbNJBxx7GJMzkszGxw6bnVfFuZeryJMl/3W+L9kI=,4,28,female,9,20120904
NGxZrRFkon2RfudIfUA54qCEMqBAV6iXfKzuTdy6GPw=,13,23,female,3,20121201
j0HvMPHwOy2UmdMNZvoiu033flR7qzLza4lvJXszf9M=,5,38,male,7,20110516
RxWYh+/u9QBiLz+xPkYRO3kBh7dxc6urnss9Gbc2YAY=,13,26,male,3,20140626
hTHAz8ZB8vfcK2oK2Rnsv9tu6kE1DmTL6Gd+XWj6CEo=,1,48,female,7,20140705
BzLlQeiXHX4aHqsgiB0Qogw7DXs4a+Cr4xgBgjEfo0g=,5,28,female,9,20090516
61NFTGbBpPNxybwyF5zLnAmaEng1d/HhsGTuTQQjPlY=,4,24,female,9,20061028
QHFZZ1ZMvAss8Igk5d2/rWtoLogjKLJYVRHZjjCU+Pk=,13,39,male,9,20070227
7GyvBDZy0BU5S4u7l0xCce0KiJJ1huvRNhZMpz68BRA=,13,45,female,9,20070402
OJQE0GcIq6o+Yp4oSD/Jyq2rHqRYES5696sXrdYG49g=,15,35,male,7,20100425
dzA8JztL4VYmQFuMo1qY2HHFlNQIeiyphpMUYf4qJyQ=,1,19,female,7,20140719
QkuDpulIF3ii6DUIHuDvA71MvS2XL17PCEFOkid1amI=,4,37,male,3,20161213
MAAh3GgHNnjMu5MKV6PqVlhQCXeHvcdRtIXDhsOxyno=,15,21,female,3,20130819
a4IFq4zHAEoxQ3pOfnpf2wiTqerVwXwCjcM/Dhr0pC8=,4,60,male,9,20110531
lzwVmlalXVCJRPjgYdIB5qwM6GVrZT6fJ0x5cc3x7SI=,22,17,male,9,20110122
+NL64LWREmRDbrFoEtCylGBV+C8B2lGUcaHPl5kTlGA=,5,23,male,7,20110129
QlI9hEpCOxZ/4T3IE5QC9dOCUvG3+XAsrn2srBqTDaE=,1,20,female,3,20160113
1Mxbfs5TBwpQ0j/8Jd8r7lspCIMZZ+4okIKjeehiDu8=,10,46,female,9,20110104
GzutE4hG30xBYjmTV3NpfzuuB7xoQ2fNZu3xmIazqTY=,13,23,male,9,20100306
BbH81OvQXiDYlV2UpLgEvKMHwbtdBV9GHnyDpK9GgVw=,13,32,female,3,20120830
oThfeZaOImvnSYIkKfZ4NZXWmW2gHfq8XxKljUtY620=,13,35,male,9,20120912
Wc0MwI3I/wkxbk3WyxHvyuVQiHzwj/o4T1T9ZukaPkA=,4,28,male,7,20130712
8lypPZYhP/vg1AaB6+vXW6twrmyAds/LXxgE4okqYYw=,22,49,male,9,20130806
Kypar5PHUhzQrFtEdBx9Y65K5hspqmcfQOQ4O4if0Ao=,5,18,female,3,20121008
zFlEiLege4YazBShU2R+o4KcD8Pku/DJAW+mtj3s96s=,5,43,female,9,20121208
Pi95ClLiqwIcI30veJrTnjp5r2+PiGMfDcmRZvQ7oIE=,15,33,female,3,20121222
aCOPheJ2BNiGoUzHqpPQYLesA/XSEaJkLCoAjFcZCAI=,13,45,female,9,20090810
Nk0wg5JHL9wW134rT2QrDj/HLczvctTs4qSdj9KVzlk=,4,27,male,9,20090812
UBwjMb16ZgitO8hkFPgn7xGeYAeZLAiM3qI+zWRt+vo=,15,27,male,9,20091107
31L853zgvtvxljhFQce2BH2omhIezqoNh61Lg1+KfDA=,14,19,female,9,20150315
HoNzgZEdbBP7lr6JYZwr5Wspmwjq/fJySkMSuFibPfs=,6,26,female,3,20150318
ITy0lC3hQQ4Ui7v+X7zMzL1Lv0cCO16xHzT4Efvjnqg=,5,45,male,9,20110722
TwT2DYn9mvoqOfEQ26xjjyXq9QXObKk+KojJLGrDCG0=,6,29,male,3,20140629
Hv29yf9fOUJGcIHUwIRoXfGspXJPeAlLoZUcr7LTL1I=,5,27,male,9,20100425
muRGKuE2+3PDxHUbYAuxNyoAI+Fgi2IJwP3+95yPDoE=,13,32,male,7,20100504
lffMwa8STIJeOXgU+56FPR8iLEVDf9G55dZh1uJ4+mg=,4,31,male,3,20130724
GL4KQu5y2WiaDimBxevobxzlIEISpNCN4lDxFOfvU44=,18,35,male,7,20130907
kx9oabi3Sj67mwETvPsw6vxyT0BJECBmOFuMFcOm44Q=,5,42,male,9,20090220
mAnImzR9K9AW4nlevO0ye3Z4DX0UmO0xxi0FcglN4cU=,9,34,female,4,20161109
Nkh/N4daoOUVqZqEkF+6jDgCl4S8MmC8xZ+kpNJaiV0=,15,28,male,4,20160708
2lD67C/qslvsK9MbX9v0lMsKNg28jr4HF434IZFsWDM=,17,36,female,3,20140426
GSCe632pRNNExiA1SMPqt74i/7X77t9TKNCLDw1B1PY=,3,67,male,7,20140406
gmpdZEyeI3T6UufYhxA5v3KKZXmNhiiATYje1Y5hsjQ=,5,34,male,9,20040713
knKV3F++MzJXIo0MalAqTbjFbw03rOXI5Z84hgeNoCo=,4,26,female,9,20040904
jnS19CIC56RUix3zVgs8sCsYEpzy76K1lasEFe9PITY=,13,26,female,9,20091007
HApxo4HVlQbkLcpbyFP0NFy5dgbXJYCTGBM9kKKXcco=,13,32,female,9,20091105
27NyAQTk4hVwjesT8P8WoX+upg4YupJgSjZiNQqYlII=,15,26,female,9,20100110
hEJlTMp/PkyW3/pUzacL3jNbTux9b8J48oLF6fDNEow=,22,40,female,9,20090127
tSFZ2SB6UNt1u5Y+X7ykIOGIy5kZ4gNLZ0MpYZCslxs=,22,24,female,3,20130130
JZPMu09Mktedf3TRcCDUzzhS6RumZgqcQqKvpJuVWuQ=,4,23,male,3,20130206
hJwudaz8nVi7O5cj3/R17avjbBOJ/43XHI2l16MOvjw=,9,28,female,3,20130307
zqbo2Q6pRMiuukOO/ujYqaDeEb96mOZzkScrAkMZJtQ=,19,22,female,7,20120227
e5Td6QYQR03kEmsZGyzFH+fkChkM0nho0bBAVaC+LNs=,4,40,male,3,20120430
sFRoG5qX1gEA/0oip6mp5iLB49jBbc3DhmtUa2vcHcc=,15,21,male,3,20120502
KdDuHWHra1q2Bi3SUNt76vZnAebkUv4yh7bWMSzEd9c=,15,35,male,7,20170121
oXrxVtq7U1RfGcEdj85q/5Eh4mOrwKLMJx4voL+s5xI=,5,30,male,9,20120404
0dclRFeOZwU2c7S6HrPg+kDQE94ok6A5FOHqHfDNZYE=,12,30,male,9,20120530
Msfeu6aBTZYtYRpSV8pcRrSx6eeq22hF9m67m9AWemc=,13,28,male,9,20141206
Y3nVkDPLyqbKYd0FTc0Z/9ORcBesDe9Nlhfo0l3Y/XE=,13,39,male,7,20141222
39AxsY5rzLJWDKOeBLb7KlgsOO1RdKQx4Cb2y7lyCNE=,1,19,female,3,20141229
U+Wx+SBByrSQN5sbUK9/bCFnAWZdrReMJ6So49KiL8s=,5,26,male,9,20111008
LfdoTcD9I5qoMysVUn+nM3srH3TIPy/dSnnU6ar1Whk=,4,22,female,9,20110520
JaI55yZjVdNe1yVcbtfVltAbGaIWRQiFS8HRCdjo05c=,5,21,male,9,20110605
lWrfUDF/9m27hBPFwyAA5xD5tI56TIZT402Fe8X/G7s=,17,31,male,9,20050930
jaMDLlt/IKSnHlfdIRbo1MIodMaJQDAJAJ/NqZwiYvk=,5,48,male,9,20140703
eVJkYHqnePeF3RAAiMI1TdWwrHUpvxoI4LiA4QrUTSQ=,5,23,female,9,20110204
diel4a8u4i/Ve1/QwcFetXTmbhwAq0VnydrlIzCDhSo=,14,38,male,9,20060715
fByOFjb7XrW56QPMGvo0/YHJArgi/c4Gm4PZsYDtuJE=,13,23,female,9,20060727
YgHqIBcTRsFwII8oYDctSwF3DBISRGgYzWThOcSlK0E=,18,34,female,9,20060913
gkfSHyJtHm5hqY4BmfZnsJKOPdFBJLZIghypbDkkQZo=,15,27,male,9,20070222
8HP+TYeAst4HpHgr067kvtiVMogD+KOSLYNZOhLKyuA=,5,27,female,7,20151222
3qzUiYDrCxj7AkDtZX7QKtJdYCRRNMkpPwFmfT6Xfbo=,5,55,female,7,20110107
QHcRzXJ/8lKX0oTBnzfYcmv72LKm2f+7OJkdTnHGcY0=,5,32,male,9,20100327
P3rt9IuZtd3f+nHevFrSaVqwqTmLuW0XduP/adCmXaE=,8,26,female,9,20080625
AOlm4ff4HtjJmYCqRNSFjydRP+el2busVbyH7/a7GTU=,4,39,male,9,20080727
7jRHLCQ5dUFhQP58M7OOVzXmCoTcAKe6N86x26ChRpE=,22,26,male,9,20080826
fEC8tz4USXdOYu1rr6tU10rPyMP/R7ZBEFmXURU3b6Y=,15,40,male,9,20081029
1MW6DB/FMTglzYO8xYdlXvPRVNFwHogDf2JKYgE0fqI=,5,29,male,3,20140611
Y0wz8bBSlh7vb8HnXJNX91cd0XXwKKCrB6K/LUm6gfo=,8,25,female,3,20140312
CGDJo4n7gbkxtvuAUQdET81Glw6U0jlcpqs/hqVDCI4=,15,20,female,7,20140405
W9IDz18H5sjgZBOusTFNSOrF14Abm98QBFBjY4tt7QM=,11,28,male,9,20060728
sCyPKF47tacq77ZNXHAFtH8G97v6xY74MhYpeQ8mLlM=,11,24,male,3,20130114
61clPDNfvUZ5fIqQxFC5zNn92hGODD5SAx0cn+cimL0=,18,24,female,9,20140928
ZW49dViy+vTFD77GrcYN9C6FsrPqcQizXgMMCLdlFqs=,22,37,male,3,20141012
PkTANJVtrQyvXZ9Khiu2Lt36XvGcAEts+hJaFuToL4E=,13,20,female,3,20141026
UwVWFs0OO5/5tlQmQ/KiCiqQFzF8snM+0qP7JteEbQI=,13,23,female,7,20141030
FkmTDerx4bhOaDM6sBvPJ+rcy1eRrn0bNjVd3wV2pvY=,15,27,male,9,20080316
Pm+LK2j7TCCsFX7Yr6qgmB5ndESc5ha2EjoNHPN/Bw8=,4,32,female,9,20080401
g2vjfAZEEVmyev/bRipHpwNLssjl+8VaqrsIwRvYUWw=,14,37,female,4,20160604
j7BavG5CZcvTLyctU8RlEPh2wmKd0d2/Jvu0Kktl3+c=,22,24,female,4,20160625
mVhWwvEfDB2TTgJ5PYjGfvV15wyoj1qjc7AWJGmCktU=,5,25,female,7,20140326
72k2mBue8bOmJ3BerYA2uqbkb6YimJc6rK0BKEtZp9g=,22,27,male,9,20070703
dAfIsCZcTF9Im9AnMV2PqlZNssVr7QcCx3WfYk+6LVI=,13,25,female,3,20121124
AdsUHoYZYdi/2ZLRy+J4Bo7lgS1WmIMRd5+AZrn1Yvs=,15,19,female,7,20160903
LFvH2yX+/VWxF0xEF9FPLcFRy5+DqUL/eCYe3KEGi3Y=,5,24,male,9,20160915
hvtWoyfgj7EM1bSBY6EEeQ2IkBV7nJVvFlRTDVkb4es=,17,22,female,9,20070820
lNf9R3FIMKOJk/HKscSdFv7zyL8XCbhmonfS5ll4eS0=,15,19,male,9,20071111
/IoekovUvspJf+gIroBlUsseRowj7Awp+QagQxEnDO4=,22,25,male,9,20141213
Lb9gdGxFVBPd6yH5P5hvv0UiIB1zpFUeK9QTvIqWG0E=,18,40,female,9,20040717
cg++2z30FQM12rYuKsQKu9IYqpsKFD+YW5eTZtONbLA=,22,31,female,9,20041014
2zgkoRHC5jwqMJThRtOTM7B1rfNFLH1gXFHoo5WRXeE=,4,21,female,9,20130515
5jm+ts1KMn9H8cjKOPax/oQlJgahH+HNdrb1vj5wajQ=,13,28,male,3,20130706
fX6u9xC3yXyhcythsSp6pA7thPJmh+X7diQrt8DAXB0=,22,30,male,9,20140613
zXzlJEU6vFHlOcC8M2Jcq5HiyNHwVKscr59sJ24ep+4=,1,17,male,3,20150811
5UiwkfRadQnO9lks6eMJDCwREqnMExLIor9xAuteJcs=,13,28,female,9,20080516
zIsDvL9jMSEX4MsRuOeN6g/XhUnhPV1SXLt1unzM3QE=,1,15,male,3,20151116
jgSYCf5rnLEJDdDjMwyD3Bt5byVJzT7Ywpq5opLy8QA=,12,21,male,3,20150711
rcrTH/JY8LuM89p/fuNjT3AhX9xcJjK9XLDl5GwpkkY=,12,26,male,7,20160518
03a7Efi4WhiqLR0RrBV29N7r1Cp0DZAP+v5Ary5B5t8=,22,22,male,4,20160523
hxmoT/NI6s7QnrejoBl6DJ3Lcf+SMWIJOjH3OCCT1WY=,13,23,female,9,20160708
1rbygT50NqK5x+WEOwduGsnsz0/mJuqgYRNzTG2gy6I=,13,26,female,9,20100722
voW/qK9wbbvDhxWwFjgKv5IYzzIj6RyGgOKCujRRUYw=,5,32,male,9,20080201
Nz606EYo2HoaXGIApHx0295VBK3yxabKys1HB/FBRQE=,13,30,male,9,20080207
qnHAnmQUgSJbAy5TysTtJsLV8S/be+BG9tRNikgqixw=,5,26,female,9,20110619
II7VMdBtRamdTmdzBQKHSIC+0Ai9a+BvXT+rP9jVUls=,7,27,female,9,20090224
HSpomYnBbMxbTriNV7dsKW9VH3xROYgZ4pauHtjQQh4=,6,15,female,9,20090930
9BzZ+olK5nAbC21AiH4nKkF86oiNK4rYfz7SH/Ro884=,13,26,male,9,20091105
5p+eYxR2Bb+z75cGu1wuT0JJbuwvfLKuRGBCTB+epMk=,5,47,female,9,20101226
/2YJaJ6idI97D6XnC4b9m17n/oq0mSTvo1o7sIW6Kto=,1,58,male,4,20151111
ls5aOIG7DgAYlhRPt+QzQ2J9xiMscouQhftn+Q87WkM=,18,23,female,7,20140807
tp/yRT60CkvpLcKaVvmmNsi7DHeM9oNT86dvMrtbUes=,13,43,female,9,20110902
j509xyN4XPEbaLbF15LiMaZ8iD4SuNBKDaf0IWIMSTQ=,1,21,female,4,20170212
OPX1fVNHEsfSunBmqMjWG9LHJ7MBScy3Zf+b2w2OMbQ=,13,22,male,9,20140314
v1rlnvIYVTRhdDjjGwL06L3r25IWhkYjKABSbX5HAQs=,13,37,male,9,20101115
nq50tQ0lkOTnDeNtZ0j32TzRGfg7LMS5rzbIkHxAM0E=,5,25,male,7,20101207
tFgVuGakt2Po+8Je/GwT3ni8qc/Mcjkk8oujcD+Hptg=,5,18,female,3,20141027
bDgZ97XBIDHGHOY3liDX2ChuKn1oB+v/uyiH4MH1Qew=,13,22,female,9,20141110
ENLKVkQfhBkGPS828fTU6ikTvUUaKDgtfnLUYRwBlAU=,18,23,female,3,20130505
AIqUXkVxf1Ddkvi19DKR507K4ynlyteCKwBLORRKqW4=,15,23,male,4,20160412
8HMdGuPXd3Y638D0YPBZFtcRxlBq6KQNPGxl6QUXU4s=,5,21,male,4,20170114
1G5C8a6wfyvwASex6Plgje1DiGKI3QPgVm1QDhy/b3M=,15,38,female,4,20170120
FGl11NDFhum44oSO4Ja9O2CZzhmZR6mVir6nVq2WgvU=,13,18,male,7,20140227
F3KZzxxVI/tQVaAtMdu9YG2ozTZzhkiQPXyog2s3xBw=,22,26,male,3,20140301
3cCFnaH9wiNzN6qAAaZ1jizL40Zj3EdkDO1nf7RCSYw=,12,24,male,9,20100207
WLvitSpMx4RPZXBg3XmHYoq521t3y4iG7EEx5uWPdOg=,5,36,female,9,20070903
qg/N1RAhmAIizYaR2g0T8FwgPh69I/dItgXAovJ77SA=,4,25,female,3,20140515
ha+d3a8qTvI3RwdQ47SVL4j9XHYrEQ+Aq6L4YcBD7rk=,18,22,female,9,20101128
VwCSxNLdUcmqgABYxAZBokM687Tv6I+3D+bEmHCe+Gc=,9,39,male,7,20101214
susZyprSYmkvc0Be9yIpCVucj3FosLaSMok1EnAi4L4=,8,21,female,3,20141031
tlpM/PAFVS3TGa9EkpiZfam4GQ4xOWBlPebFgRhs0Ss=,13,32,male,9,20080120
OrQe0sJ+8ghkTb49bhoyKFV/749SnUhPVckwGapFtUE=,4,24,male,9,20110226
9vfTUsXLke0kaeIZjMiVKP+NloLv0K97xJz0Ee57eY8=,13,22,male,9,20140217
4WINCkwT12fpVFCJysAUPwXilG+RZ/GR17u2MFm5a24=,5,47,male,9,20051026
9LnHRrMPnDg7ZT8hOQsKwkRj5ziQbfv6Xu7kFDTUmd4=,5,37,female,9,20060322
nGtVYbZ2QDcQPU3URI2+6JSw8FAOuVJ0HS2cGvRPLEM=,14,48,female,7,20140210
s26i4Im4igEd60eKBRwOyQ6wkNaZfNNdTcdFNAZUmK8=,22,25,female,7,20120925
KKE6lP4sx6RwlnW9jIb5zC3dB7R/UZytNMDofuSKcbA=,14,28,male,3,20140312
Bj7UE77NfOGRq6nd9OxralKETqWaGsmm8R01OrW2YD8=,4,22,male,3,20140314
0N54GbanL+/E2TTuyiJc/VNPq6N86gB8+R1gMfXhck4=,13,21,female,9,20110904
epRlLm7LgPw6B3liZte3r0N6l+zGtLN5IyvnQDXL35g=,5,26,female,9,20110928
zRfxG/hOjJACsSSaHbWwdpinS6IMHMaBFgh/r+ljdGE=,12,27,male,9,20100903
BTIom82mBwM6FvHmiQy0fOZ6Xk9f6JhGV8ZjRqf5aAA=,14,33,female,9,20100917
ffqx4dbnOfG/RQQa7JzUgaAhwrxbkxQf0fNKEQBSDiY=,6,29,male,7,20101014
Y466VqGqH/Mh3FbscbqC/Oel5jefiA98M0n2qU8Dv/k=,13,23,male,7,20101030
i6wiPnq2GRKNEFCpeetRi47GR6RW6vcnKco2YuDm30Q=,5,20,male,9,20081030
I+bmaKMGsjNdcHvjFkNdKuDlg4JVVvslh60pNe8Vw4s=,13,28,male,3,20131018
VTDVZCE+2jyh6QGJ3KzWNQTibacvcdXy647vrNlGA0c=,1,31,male,3,20150713
zthquhnCuA/aL6e9TE4CC9MHy9+u5M/a7Br8q/vzuw8=,13,20,female,4,20160526
uHY4sIw5LMkRk9wWoZKeWZvweGlQ2pwnO/hEqNNN12A=,12,21,male,3,20160527
thXMy6tWlZjtQ4PeS+9FbEKy3r5dnrWb14jbi25A8Xw=,6,29,male,9,20130611
hnARK+3XKsNv02c6knZbIn7SVS/DdeaVkP0WIFkIhgs=,6,28,male,3,20140412
/Sl4R5TlBUlDKX4wAXKVhU6w7EUTJgc7DxptwJv8+nE=,13,34,female,9,20140422
WSJYw/AjqY7QYtQxvCrXD1iXTSLO9z87AbiHBuocUQM=,5,20,female,3,20111210
Uh/zwFkMCvS5noCgU7XWdLWKOdAtxcbE2FFsI3KVNtc=,8,19,female,4,20160709
NJILGQSPeItmXOpBPB73MFpYhIfxq+GqaS/Pjh2ld9A=,22,25,female,9,20080223
gqBW/JuirpStx2Jh4FXSo9nOzMKGtHdVoTKXx6rLM/o=,5,24,male,9,20080322
EsomHY12ueBjZD/eh39rnFTg3qQ9ERbFOZMnGPRANAs=,17,31,male,9,20080823
fohD6lGnt7vLQr+W8iCjU4Ck7vrqbO9fisrgOEjbI0M=,13,29,female,3,20131104
i6DYrmY0ndc/UdAHK9yCf3jBm6dbV5NoNJZMWuGjbW0=,12,27,male,9,20160516
Q747Ydk/k8qmVPuh2NaLo5q6Rc+sidrCH02FffUiFZs=,6,29,male,9,20160521
7kZ/wlhlJlWt2HBQznT7n7WT85FBRDfAxvrKL0rtItg=,4,21,female,9,20120308
S78wBXch1rvtjQOftzpc3Fd8BaCLXzehkjh05+f3K44=,15,23,male,3,20120405
Rcvpua5sKA23Vb91rjjSlzxOxnYFFLUUWnyJsk0mBTc=,4,32,female,7,20120523
4JBHK/S387EgCllOWAeuT0LDH20p+D6PuoFHpNckAmU=,5,50,male,9,20050601
JhMuboVY3DPCacrRvUtDQljinUOcvb8/v5CsaTH/jF8=,6,33,male,9,20051005
BQO6UPW2B3AyaZ7VkHs0it16sytzS9CjvxwKTpkMm08=,15,55,female,3,20140916
A29Am/uxyIwfbxdF3t2TcyomFvd7jAJCIOlWGeRufig=,22,30,female,9,20110530
X9031cZa4tBwOAXHT7pJgB/TO+ZeSRogWtSOr/SvU7Q=,22,22,male,7,20131020
cMhV21JZbaaAf76mVywWsbZSMbJM2DsdeNsJag+8xqU=,14,49,male,7,20111223
/3+F6uJhdR8hwdVSU/cpRDl3LYAM4V59f57/RBNG+aM=,5,29,male,4,20160828
LsovepJYpFInxUb+Upnl3SKowMLJ/GASlKeAzqDI9Rc=,15,27,female,9,20070712
Mh/PWa4RUwxxEFo6lNRm63650Cmqf3HQ1lX7lJhxFZc=,14,36,female,3,20130916
N8AGUMKtZw9tcSjZ+yxK8tXz6YluMRHDm4YpmhkVtno=,5,45,male,7,20100416
I4Qk7JyPuut3jzfUtjvk4LrHlxiWFDB58d/jFdivU6Q=,13,39,female,9,20100818
B4BEHEWxtcgUwe4M/Lb+d9aRB59pDIGYRShXIj/egTU=,4,25,female,3,20120719
ZZoHkQH8jLailzdc+Jf4DBV2mNxdlpu3pup2EyWBWgs=,13,25,female,9,20120802
ZoxjQIeWkKJAN17dYm9WRzaEq2K46tLyatwG4nmPsn0=,22,33,male,9,20040719
osBzzzSCUEfzjFe92DPZmOePlyA0g5BRZirtkAKfRAk=,13,34,female,9,20110221
cxbwAxE/j7Tx/R3DdvfYFa1rU7NtYsNu7+XbbMNr0oY=,13,24,female,3,20140118
raMBrXqW7/BU8pZ7bjjiayDgTs8t2op30dYE2DXa8NI=,5,19,female,9,20090322
qPhb1BwPwas6eTJAuvZ0QZhox33HiWqjtLCGb8Avsd8=,17,34,male,9,20110130
kfYd+cbR27zyo0fscOM4RveruvYypgcmO8OxszPZKMU=,5,47,female,7,20110317
IdE4Ky7Uf0k7UfZYsOVq+ci1+dF2B0tG1SMy+VQ29/8=,4,38,male,9,20110423
JVztBR+HzJDYmIrS2nWlXaXNNbAnIfTqClh6EeEG21Y=,13,19,male,3,20130228
+tYhuU4Ri84wSXGLTBpDScHBbYtziCxdtU95NYvyyXc=,22,25,female,7,20151024
4o4a12qqdRo+58yAwzc/f8X6J1XGxuWMWIEo3UNymY0=,8,25,female,9,20111031
4eV+L6q/zKYQwdmcJ6I/k66iiMUytoMvDcqrSIivuBA=,4,24,female,9,20070429
MtAbuztTjfe0rXlS9OGmC/+1TYo8dOo0RHqDys+E3M8=,5,18,male,3,20130706
bgu/qaKwMRWus3/JBLfdIVxfYIfV8KliB4yHWUor2rM=,13,43,female,9,20050511
2szjktMOeatsu7pY6QGJg2LggY0tDehhuG8aHdmdFbg=,15,32,female,9,20080329
1mnoDbY+Nu+Cim0RJHH1hu/KqtpbyX1aGk7LgCWWOtY=,1,16,male,4,20160409
QxQxn/Q1oSQ2Y7+PNJYoPbV9kxGZn0W6fhqpOIoqe7Y=,5,23,female,7,20131008
xp5c1KFS1KgK1ZZm1KFaDbv4jpoEyBY/AhUv+8Luvoo=,22,24,male,4,20160428
+ee/xb9K8ApAa4ea1Q7HHhu0rvI8kGJly+A0HsXrDU0=,11,23,female,3,20130815
bgpAThYIVAAE4TPgkAWdWOSBeOS37VuqlJNpgCugLnE=,4,21,male,4,20151110
WJw9oGWdzNHAJqzx4MsnS0BI0YBfyzFWYF9TtFffgfY=,18,50,male,3,20130621
7k1zhOj5H81N1toQIFnmXZWNKzZFM66JN/lZ4TrNmZw=,15,32,female,9,20041110
c/WUDhS7GFQoRvzAQSaIvbaFDLs+F75wC8278OEI7GI=,4,34,male,9,20051228
lI+KUBLdleaHaWHpvdXmyisecrrac3QULZNnAxT0CSo=,5,35,male,7,20101006
qyqit2du7EI3AbejU/JmSCoAZBf9K9rAB87YHqHmOag=,13,22,female,9,20140308
gWGjjZBTNwl2hKFVjKMYJTIs256f3dJ3BW3lnZgHBKA=,15,32,female,9,20150819
nnrIeJ+Ja1ki77rgLJbYj1J8+g+OBNwykquKq5EwHWc=,12,29,female,4,20160404
HrZiGwZNeMKw2AuO9HBicHQ+d1bj3wWEsiQXjAVJfO8=,13,24,female,3,20120602
H3Dnu0hGGcjbCP4rVxp9jmhXWSw57/TywcjVgSAin0w=,3,33,female,7,20110422
1REw+okO0YJV7XBn0ULTb8wSeohiJWyZHlyddhhPNJo=,5,30,male,7,20100610
ycCYElSoiHc2N8C7Rqaoc28y5VLfv2olKeLdQivUEJ8=,5,30,female,9,20080214
RubnMXGC668S0XscXzrZk8e9GnQ6qzZMxJMDow9wGZg=,22,28,female,9,20080301
fYcQvX1BA9kXXjvZUy8qd/gS3JGI84WrKLIjbMLvxbw=,4,35,male,9,20080312
aRZz+F0Yjx/46XowocIl53EF6hjbQawt0lNl27cahBs=,14,25,female,9,20080414
Bj6YGHlh1prJO4ta7+a0/j3VYrpDu2yOj2XLAaIC8aA=,15,21,male,9,20080627
hH0fQE4DmKdRdaXSkg/0++U6Sp2mnk1/w3EB3o7QZ7g=,22,28,female,9,20100523
9rShw62QRKI+XLGtx2C385b868CEHKYvii19Z+Q/EgI=,4,30,female,9,20101112
eg7XO5gxnLksFaxasYNB3Z281vCBUMaJA6wxDtNwlkg=,5,23,male,9,20071104
5uUuuhM4ulfDGvqD1b2LfWHZK/sFH0V6PwcvDCw+MtI=,13,27,male,3,20121024
93U4RFd0b596hC6e6wBiZfBuaRK2oa5FhPX23IAdp3I=,13,25,female,3,20121116
QMvWDdpnvGE+NMWvcFaW2K1oSo0RD1pJPMAyDiXxUGI=,5,29,male,3,20130109
LoBP0+JqJd+Xs3IBTqAWjSuSuLbNK932kGvOG+h352Y=,22,51,male,9,20100131
b8f4dRKOgRa8SraKsKwZ5WdTOgHbDGGMxfVcC0lPhbM=,13,25,female,9,20070618
J3XmfIlSSrOGEQI7FvXzuRqN4JdZw8cmY9kmoE6KIIo=,3,35,female,9,20071025
sF6zFssKUC82V1gTfNLYkYM2+e8/qRuDM9srEgd0H8o=,4,35,male,9,20130425
jA0nGDvYzNFophs/cAzWEKHJ++GDpJ5wIEVKYp2y040=,22,34,male,3,20130613
SbihJstZFYwnBhnAk7+9oHA96O52rEbhhqokyHvVMgE=,22,19,female,4,20170219
2WtSJpRYlSJyPAnTZ9qV/ygcSH7MxFdGwcKYYUzdx2s=,21,17,female,9,20170321
TrVTeyEAOuIRQhi8txD80oO1Ma6NvGm4xbnyPwcqBXU=,15,25,female,9,20130221
wSP0TDehcUkXc424jpMUe+ac+nbUMCfEplvQImA0xMY=,13,33,male,3,20140122
g1TIm85pK7nDmXK0yS6h9TzSTnFTnTb2c8LvkRse1L0=,4,37,female,9,20140128
6wCSHA3Bfox/zEQxARw/95ulx7XpkNb3iXETPuizEKk=,21,25,female,7,20141011
526e+YqM/595MrHud5o/3tvgUaaipRFp8t9ysg6H0hk=,1,44,male,7,20141013
LsUJp1fCz1nONBl7adBvNq9rjNMgdC5khBsgYb6njmg=,3,22,male,3,20160716
+u7BRsYNAGc43cU0ytl/PLL9oZsvzWK1HuE+xlTtcKE=,5,26,male,7,20160723
AlOpOtVOmnAJypOrseakCUi9nZGzJiXbgIUH+eY6Ixs=,22,26,female,9,20141107
dicuuEjnpR7CDc29sJzwk7sOil09z23+NxPn75dZzqo=,4,29,female,3,20141119
+/y6g1/zLXyrVKarjzfUfUso5dLljoZI9LpdG5i8I20=,3,22,male,4,20160822
ThrIgd30EGHsmA1EiRCTwK+XsQnA2JPpOR+VwouEWVY=,5,41,female,7,20140102
HI+4qvc+VDGdpu3S3CA9bvOu9CANNNoQNiqhRYkuqbs=,6,23,male,3,20140124
KQPcxZAacgKihzhgcKrALXZSGDEv3cIsPoB/z6edI7w=,13,27,female,3,20140125
rvknzLUKIo6lmNdA0sQ00GO11XypZArcbbV/7AhA4B8=,11,21,female,9,20090708
RH/Tik/ZniPR0jAPsP+gCho09f4zO/ieCMZMQPIs7Gc=,13,24,male,9,20130712
QT4Yi/Wdc/6UzE4F/ccDsFSsC0C2vzsopwY6KHqVsCc=,13,26,male,9,20130722
EloMdmHazBqvJg039r7IVlWN+0XC9gBmbuSdM/R/J2c=,12,26,male,7,20130307
/nXH1d23FSNiZDU97c2rBszISvjIlOeEC4ZNPvZlk0g=,22,25,male,9,20110716
5KqKwIsYgdqkiL3QWvaluRArGtXFV+Neb40GiTWJVSs=,13,34,male,7,20141119
hn+M4vg+tJevYORzlZxc8u3GcFtgbV0Z0wCpCHI9HiI=,1,32,female,7,20111208
+YdYGUOeUQYy4xgi3U4OZE7r08+Y6spR1uop/9jpkM4=,15,27,male,3,20150613
VOYm6KXU+Ljf2uc7YFBP0dAQx55iu5MfYIaljjD/QIo=,4,26,male,3,20131121
G7O5pS+rauzimTXwYuWXH0egIw4uxoodUGeuAkig+pY=,5,28,male,9,20091025
9qbFY4VEV09BjDmF1hyg7uLZN/LULtLMNi/tK+e3n6w=,10,24,male,3,20131218
3GufJt9HTnHxztY2WU3ZEsee3R8ByCDQNDZSKkldl6w=,13,20,female,3,20151113
WJ0UVKVHqLVFCI6KYvpQnhcotmuz74pIsQkN/IqeH2c=,22,17,male,9,20151129
NZrpIvqYXimFSItqSZ2oscdvRCQld/uy99P8VosCO/U=,4,25,male,9,20131202
/KlRaX/RgoH6g4JNo3hTp4qbGy+BbKblyPn/oFJ0uzg=,15,38,female,9,20070208
efNlEqV1ji7FCnPTp2YCQRmoiqhU92xSDwUVtCfkWq4=,8,27,female,9,20070212
J140BJY5EUhZw+jThHplWz7H6Bc+1DASmJGQ9IBw094=,4,34,male,9,20070220
e/dHSTp/L2nAh8CH4sAWAtV91BJTRwBgq3T1PqQysy0=,12,26,male,9,20070310
LugZgcgeHSQSDVA5+zUKq7ab/2beXldF76V2aZyx+nI=,22,31,male,9,20070419
6Szb1IZzMgaZwtUCGznxZLgtfl0KGZoDfthuqv83Iuc=,14,28,male,7,20160305
V6HaxQXmT5XgFf/tz7oJt1juBDNnxJivN7DU6U6GuVM=,4,28,female,7,20160903
mUWMRCFI0hYdYOHVMYrIhFCqK6WHI1LNek+SqYoTWTo=,13,30,male,9,20070504
JP7t23sxwyGwj1f+doAs9LkCSNpsITZLk530q+dlV6w=,4,26,male,3,20151228
YuWJy8+5DQ1KYORzpqqoCZhWV2Cm5k92mohzYCmO05Q=,4,23,female,9,20151211
5CrMn95X1vog0KPx/lgnI+8nHNLzCMo6s3LtgV3EOZ4=,9,25,female,3,20150521
hIKOLKCtbTicYXXjSj6L6K7l4gJ68D+zqpn5Q8S332Y=,8,29,male,3,20121004
nMSll2JK+dMJp4BO2uo7j7mEcFpFIJBDday6Gakg0sA=,15,24,male,3,20121020
B1AvjvOzWmP64ZXPMDwkWWTk05lLNJey0Zp40vMfPzo=,13,27,male,9,20121120
o8nw3kJmh9RoLSIU++8pR+o1LXSe1hqaSUHp/Bn4yT4=,13,30,male,3,20121210
zg6Fvej0DzPRg23NgwkMxsk+5/9Q5LY3/o/lKBnohD4=,15,27,male,9,20051227
pFgm7o8+IMo72CGUyA56H8PqfTpdW+Wx8CCjZB3Rp2Q=,13,25,female,4,20160601
lBjg8QrAtDl0LdC6HnMMjh+ENwtOD3O4Tf8S/4MNaMk=,4,37,male,9,20060321
P6AAC/Kxr8cTovL6rhNc2RWq/SjAGtwNrSOLBTO0Xbw=,10,35,male,9,20150817
KAfBZAHkvoSbMGCXMy2gzd6NU/Ayty0kNMKQbK0GKto=,17,25,female,3,20150819
oRdYiWdBdrRxW6ROFPQbj7Vy0y4Z3Zq6/dAcRTXnCwI=,14,33,female,3,20150924
I5yID4pgU7CMiLh+NjGT+06SgWt70+W2DZgv1/LYGh4=,14,49,male,9,20101226
D8QVULK4whqqyWpX5NY6IsiqNcgN5VQk9MYQR7iE3ws=,13,18,male,9,20130723
UJWjKj9zf0rUjQrooofD64SRN1ekROxQ828ttkZPV+w=,8,25,female,3,20130929
zMvY3MdC1TB9KmdyzFGwVeE666k9zHcdXSz09lG8BMA=,5,37,female,9,20040328
iBLtbOyzfuFH37zGs++hQH4lbV84QiXpIUcvcuUjl5g=,12,27,female,9,20090411
P0FpBR/rF0XjgvaMfKhOicKgtT3mKFqFCciQRXWAzzk=,22,47,male,7,20100109
Ozw98kZjWFLh3aY8ZMstc2b5pizf3n1m+YTSnAKUXv0=,15,33,female,7,20151218
5NMBHweWICrp7sTwojL2+ZzMz1bVqthM4V9hRsiHuwE=,13,22,female,4,20160414
Ixm0m5FZlYtjqX/mOb6y1T1QFMzZYX0t90AMK7yXB2s=,14,23,male,7,20160421
08a+4Rkl1IFSU6Pzae5Qfl1NklMWAA91WypZYgZWkw8=,5,25,male,3,20150710
i/T0zpB9Tk9xBshaWLdEDi/n9qufwMSByfgaA7kyHwk=,21,31,male,3,20150713
yR29FN8GOePren0M7t8eSQutJ6RVd6TUbWNA40rDaZI=,22,31,female,7,20140530
yMBqxuouuYWcuMGoF20iVUz0GcDPmQcghfvhwb96Zjs=,5,22,female,9,20141014
UUOEmD2ctnFWQfwpgFLTqxBqxlink+GplXcM7wkz4FM=,13,36,female,3,20120203
LxIZs9JYfMnSPoE4FhJ32hhHXBh/RVsBJ0YNtMT4u5E=,13,24,female,9,20120212
6/hbJzAYO3AS9rLpCpcjdA4/bfWkWD7q1i1cC0uY4DY=,15,24,female,4,20160108
7aKhhL1vMpRqt50pWOZ1QtnTdusoVbhTEnUp8Y6BiKI=,5,19,female,4,20160620
4NDGPZgpWuafb+9hw9rgMDL/Ajczh24vmntnTs2qSJo=,5,25,male,9,20120918
sSlhQ1vZJl4tGuatVlfXCSz6oA41J/NGe2OHzWR/7ws=,3,27,female,9,20041025
BKOKbiBQ760CsTb0OPUJ3tP6YtrIgrwptXPXvCDusj0=,6,37,female,9,20051028
wIa6BPKbfRZ7Ysa0V7nHMUQ9ViECikd3Xa6pj+IfwqI=,14,33,male,9,20070517
9BqCInGSmbSNT1LcJ7+eYRXyVLs0QjKO/Z7Lr0xex+0=,4,29,male,4,20151221
xWuasimeIJcWTDesutGahKbPlAbn+yvuGLAnIDmjGcY=,6,19,male,9,20111221
eWfpMBZTfY0xJc8QGM/deRakcMuAZugcLNiTNT1qdks=,4,27,female,3,20111231
767+TnKAI+ljkga32VCLRSaktQ+3EKlk1qjKz6XQ44M=,4,26,female,3,20121123
V4AY55pdXVV5HH5huIXIXa9GP2zQXzXq1I+gTpf2BIQ=,22,25,male,7,20130115
6FMndMO8WAOXpnkSSgY4COPPOR4emEN6KeY0pcRdEJc=,13,36,female,7,20120101
B9lua6MEwNHY2UTF/l41/9NoQR6Ad/y7EeTFdKb/yoQ=,13,23,male,9,20120102
MGWKzh5dpcx9Po0/m+wkBHR9n9jHL3ME+8qsLBlK0dU=,4,29,female,7,20131025
LLa+hfCYP1GL0P3Zjt0aqRkV+0tqx5/ri1KwP//c7S0=,22,17,male,3,20150203
NnFG6qXbabUR+4Ud9anG3UuEOWWSejJT2ihriv/nQoo=,13,29,male,9,20151011
EWlY7Wf1KNuM6JxPfIkaNADCUOGEDqrBhgh7W0edo2E=,5,40,male,9,20070703
PxeF6nyrDxfGmTAvpjGP7vIIdNQlFEdUC0Ne3ejPqp0=,5,23,female,9,20070727
KKL7cHNRLNLYEXHtEcFb809o5kmaTI0XMEvZfdVjhPA=,5,25,male,9,20070807
6RDXC1K76TAc/Emo4klMtha+/PNyfDWDDzbxlAcpZZ0=,9,21,female,7,20151031
XjAovFd0ki/McRn2VNEHR7ADD7wNdLRjHAgxz0O674c=,5,23,female,9,20111118
985+KNr7QC18ZlKGCPcfHkXd2B7j5I87ZZZ5heiKyBs=,4,26,male,9,20090104
n4elj5reIyhUw/u8sWee8W8gyqPC6XQ4AgGpSNAGuBY=,4,28,female,7,20120109
Kn2tU80JPoUC6jCo/j7MLCC+6rcc/gpKRTK2xz5iV+s=,13,38,female,9,20151002
0VBtssvu39Bo0brp9lyZh4GdVfsvC98S9s4WPSLV8Ow=,6,27,female,3,20140807
Yry8eAZzFqVFbke8F1nH/a8of5K92ucM3LF3cU3Enwc=,22,40,female,9,20051025
P4/e7RbUJ1lntmExPQoBn07b2KE94rMESd2vkdIs2ZA=,5,27,male,9,20051221
rff/AkDRlJxgIl6PMKvrI5el8wZn7ryuyiGDJIEo5UE=,4,26,male,4,20160714
HpYK90+wJAvohEiWs5E+7z+10sRIYU+qkiUter9T5ZM=,3,26,male,3,20160329
Uz4v4/TlieMQ78PA0lYJnVSU5r34f34IFnkWenkmy9A=,13,31,female,9,20111126
8eHktHeq97WLuqKsaKfIZoj3UOUDqgg3OEPDRkocta4=,22,34,male,9,20120106
jFFKpH0BKYHGTXxEb2lakQupD/M0uccB+tSnTgy8wFI=,13,37,female,3,20120308
f0pUZ1EbNeW57o0sZSR6gvUZHvaNIXtLdM0qnHnOlGo=,13,21,female,3,20120402
PoVJRqqng8IGXTXMZjSgAcPOp/22XZdfag4Yl4q+pMA=,1,44,male,4,20160820
RFcuo5bzR1RLNIb3XRp6evQ+cv9ZNZkjPb/6P8svwjE=,6,22,male,4,20160504
fGEuCF0X4LkmZHutTZwRs6cnmtuPDeD13D77dQKC2Lc=,13,25,male,9,20130910
ziXbUEGqOfePLFkBqpbXezDtNyianxZUfR0urjVSphM=,21,25,male,3,20121111
Cc3YNqDvssM8xq9YstRrFMWdW87YS8UoBc2fzsWVhRc=,6,31,female,9,20140623
IBzzlQuznluSjpBPkJbIvdcz83o1xFXSBUnqsf+/X7A=,12,35,female,7,20140624
SDVN2KLKwpMEX9744RXJbKbGQRhWxws00/udl6KGn9U=,15,27,female,4,20160606
y4NwDNT9jSfQ9AG1lHM5mRgVAMNYWitusTesQN5Xx64=,15,36,male,7,20160718
Ichuoz2J4IaXcwY/hAC45kon0PEMiYorTksSfDjwwVs=,5,29,male,9,20160804
5hQGQZqXb7kXNfToWZOCW/eRXmNaU/7MuId0pLLuslM=,5,32,male,9,20060703
C6Uel3AmiwremgQRmzDsLgJvmcS6ZCRyXgvNXNYKcXU=,5,28,male,9,20070316
l/1A1yamou37fAeXp++zWyIfJ0qgutdvIkFMdUEZwoA=,5,42,female,9,20070413
M9qTBMIuYWMqfzJK5aLMGkcK3Wibd7oAPTtLWdq8M70=,5,39,male,3,20151027
e64/zIrvkvfQUyy4HomqvEzpdhb8OxGKmwLPz6Z3NUo=,13,36,male,9,20070414
maM+GAEZ8117fK6Rh2tw343S9v21koAQRT3QOMudIis=,22,32,male,9,20070615
dAhIi8OY9oJzJtQw9HPr/S2dB0atWoILMYVorQ2lyY0=,14,34,female,9,20080521
UyPjXyNkLutjMYKZv5XeNENi3scMk63xwrtOKsLcEZ0=,13,28,male,9,20040402
ixpRvrksgszWxk6trKNSLpZTnvHIvsXzzdCtMHygDpU=,21,30,male,9,20040722
vBfpYMcCObu/71UH+cG19sZJbziSR2p+u8RLUXie/gs=,15,41,female,9,20060826
cJp9mPzCGTMjFBTqBlFkX0ST9umorxaWEOalx5559Yw=,13,23,female,9,20120518
w1GEnSjUu8xk9QbDC7/Vjo6HIYXzeHOEpyCxK26Dr2c=,13,23,female,3,20140404
dNo7Jr81mI1b+54eZc67Z6lVMcp0n22ujTzkqXy5HoA=,22,19,male,4,20161204
roqL7e1Tn5pMddqpiCOgdDZkKvqIkpR6A1/ZfkdUeu0=,4,28,female,7,20161217
ujrQD0CK5BUyLyPt1McD5E7D9RPAt11QDC9X7Q2nAag=,15,30,male,9,20140515
6VVnqxID2SPbM3bWlTWtH5j/kcK8dryfRwTFK4OjW24=,4,34,male,7,20120803
raCZT21DRhf/PbNHncKilrPDOWYr1Trgeans+yFlCvA=,13,23,female,9,20120820
n/678Zp4Col/sYEM8l2ApSJKCI8TTks+74Bq5QW2kAk=,4,22,male,9,20110613
Q9520YtowUBQq9krA/jPubvrJmJcZwzw8idd2jIRrYk=,4,25,female,9,20140501
vJcUjPi45ln0QACkIMtfUBla6iSdJEz7kDOtiYSd4cY=,22,26,female,7,20140501
pogKsVABadmwTcXmg83G3B7PX6EJoK8OPGpuEJAzY0U=,22,37,male,7,20110521
THhO/+KcWQvZz+c9tGqYHvyKSz0dRw+9OFP/up2vYiU=,13,45,male,9,20110609
aPNT1xQJ1+jYXbSiNkfYi/sPiSui2hBtmvFaDxtJOCg=,13,26,male,9,20110329
kW3shyQETwGIOC5r19ZwFqzgaGsOHtl2MSbivyzDHu4=,15,29,female,9,20110523
dRan3GnVG+bW4aFYQw+4LaDFWc6QDI9GVGT4+i8HlgE=,14,33,male,3,20140722
Zj4zexm+tUnuKQg+sUZ7l+1lsIt+smszkSD4cvhnmHA=,8,35,male,9,20091027
IzwyWtpWIhg0MYPp34+xu8fAA14WrzQNhLb0glUArzY=,5,45,female,9,20091119
sOcG2F3BvUFXdVyGegEx5HirTA5eYwb7g/uLWbe8Qr0=,13,19,male,9,20100108
3Ugp1FZcPyQLIVBCcPAOue2D/oq/FHYZDMX+/b/vLm0=,4,20,female,3,20161210
tKYg/hMo+QJxvv9HrGRDnKMgojD4QznjREEKxgIV3XM=,4,51,female,3,20120523
TRjuHCtyIfJCQYADNg70wo2dkN5iXgtJY4RC5vBlegc=,15,30,male,3,20141227
dhlSXNYdxoGEQmdJ2x7bOEPKBdw2VZd7OiSY8edrG24=,4,31,male,7,20140521
wV49gE3I4uK/ukkJMwx/cLBqDkWn3DtVydtf2EFSNXU=,6,25,female,3,20140626
rq54COasmjaTabGcrZJpqp1U/080oCGciXYZyCuxIzA=,5,27,female,9,20100430
RyqmfKLkgH6fKXdO/TzoDJ0dqtrz3AuvvsRL40GLzv4=,4,33,female,9,20110315
CJ52r3WpHJufNJ8g8+HE3nlaoFrNoq+hj5J1o/hlZMY=,6,20,male,9,20130118
CygqzPShGAQs/yKab4F2s6BN3zmLhzaUEEz52D9ubvk=,3,53,female,7,20130214
JwGDhZ3dmhoy6S4ClMEFxNYi+gG83nqEUnWJG0MHgcs=,22,14,male,9,20130313
cO/LwTBLQxqrHa7YDbYkpSW3dT9fvH3T2793d+KRHxg=,4,39,female,9,20110615
6dFCgk+631hS15ETKIVky2n+PpAkdHl2KsLTjozN7ps=,16,17,female,3,20150104
rCbZdlgIz1jKVIyabYwp5MXiTiIyCCawcuZMT9PhMo4=,13,32,female,9,20070711
2eTVy4ooTm8EYCeYGT9Wm/BhYmrubgCgJPc6vYfE9ZU=,4,27,female,9,20100418
Lr72s80RGzLGVIBQrYOe/On8aBMjExSYTsMIrAlQ798=,9,51,male,7,20100818
HhjB21+NIFNSzPydRzDaOhkYQGfNnb9bgYdl+KKTqLs=,14,42,male,9,20071119
5t3JujheNq7m7B6WKRdhmJUerfZ8A/k7msq7yPqRcUY=,13,38,male,9,20130821
KMpoyxEjAR3YzOWPLJEdT6gbJGsxzkuTySGn+Tta5Tg=,13,20,male,3,20140726
6EZN14I+Bgtz1IITbDb67406UFkzCrDq+ICB1kLPuVQ=,14,39,female,9,20060423
e1S3u0lc15RWV+5xVhuWEm/bfPFlAO+FiUIc73+NDp8=,12,24,female,9,20060626
Le6vVNXhmJ8Ez6OQfeRJiMQ+Mg4SbiIa0wYNKnKfjLA=,4,27,female,9,20061024
NJFv/cd1azPnxU0GYADnU6TPypDDhAkQTDy2kj44hWE=,5,36,male,9,20061122
RbV77wJ7yqEkF4mQXxpCMxrXUSIAJm0lTN+febzXq2E=,22,29,female,9,20140513
H3TxTacAO9g0CzZuE2LkmFD44YCu5qNipITkl/HdiRA=,5,24,female,9,20140601
vxz8JxqixjRqoQeY5IamYWAuqYLcK1/UXsM2MGjRcfI=,15,19,female,3,20120227
zOn2L/UQO0Ts/HtwfyGGvve4cZcFn5yUIUpXclEqzSQ=,3,29,female,9,20120306
F0R0n7NJlH94v0Ck1BM4uDP8YUK2mfla2/RZgrNnycY=,13,29,female,9,20140503
T+HEg57YLWoYWlmIR+03fROBqgeALpjAZ8HspCDR8fc=,4,40,male,9,20060402
w2VXWdzwOIvFRrRNIHkwn+ImnKl5ZhYjAenahozGkV0=,13,20,male,7,20151208
XoYJ5/N8li44NQ/Fyzw63VP1cwUlVe5VZjcJZQlXL/E=,15,36,male,3,20140216
Wv7ItmK7v4qLzP1Ppz3pPcKyu4j8bCYC9eR/MCxxnUY=,5,29,male,9,20131023
iTiFHe2rvcWGAK4AmjH+JoxVqm2+SX9x+25qdojW4W4=,13,31,male,7,20110224
oza4ewI1I8RKJetPOVCH4bW1ssM964TBc0XwM3cBZfk=,6,20,female,13,20170209
hjgLtO1SGV/RqMtB338XBPQhjIgz/Yf76SnXfqJiQ1A=,4,29,male,9,20051022
FBKnkne/p5nnaZd0ai/3lBboRoGvIh4KSoHCXQBHU9c=,16,48,male,9,20060408
/d6RNbJB0Y5f4wCZU0B1JlYz7LE3zqlttMXy2kLES3M=,22,31,female,9,20110403
CmCvUft1tZz0BzfdEXqW+76/tmY6pT2Q4Gt39JemxN4=,7,37,female,9,20110610
xPPyBg+Ys0eM2PSXFqd7yeLQsBPiX8jbPRRdClY06/8=,15,27,female,7,20110613
r1IYJg+UJwog2eB9vtM+a5f7fmlw1TfpaEiGO82Fp7s=,14,28,female,7,20140615
y484ExcBhEwzl2PZokC4w+paW1B85I8h/Q4gfzarfSA=,13,19,male,3,20140625
2wgbklXYfikqjxYAGYgu817ALFjQOaJd41slsks3gac=,13,28,female,9,20130214
35nVKBCJy3lJlkT6F/RaMyLHgogmDHpU4wK4gBPc3Lk=,13,32,male,3,20130224
end6FephUJWXLw3+S3+0CtbflQb6V4XlpNe9Z8g0vok=,14,32,female,9,20130305
RcYmLG+JFnILGd6omZ+LOB8KJrIEpkHq+iE3nKT3/nY=,14,32,female,9,20100927
p47rApwCXmv0WtsOlo4z2Zfq+jPQaYn+JLhkXDKBHqI=,5,35,female,9,20040723
a1Bex5SDWKAuhSZhdReS8L5uy47AMeCn7myvzulPsWk=,13,22,female,9,20070401
IUxVKWvJAreFPw9N6aB94fXEjvVEETcl84QYFAUB8C4=,15,21,male,9,20120212
x3KH7wONE/lj3muIlmr6pFXscz62het+ouXPHDSXY4A=,13,38,female,9,20120228
TQlO40/3Q7so0IN71KK3oQldVy2D6VDM8zrVexvQb8s=,17,23,female,9,20110817
lBEOL3a4rKYXfNJ52Kivt/P3A3XpJIZYDNJkx6oUfzw=,13,32,female,3,20120829
PbBoH7uBmcwgxH1Hp0+tKW0AM2KHetR1nWhZrvsoGEQ=,13,22,female,3,20120901
gfX53lSjqsFDBKB80wBPwfLASo0mP92cYFC2HPdLlyI=,5,35,male,9,20090720
kkaQhp+aLF62z6WfV9ejMCJ1hIKvi3cWDrVc1hp0QW4=,9,27,female,9,20091021
eclmlbCZl6wp1RFuz9pGvLdKsFwe4kbpQo5MEWnfLmQ=,15,29,female,7,20140427
AM0yvvgNOZHUxlZuMAZysUV2QBvNtnaM2F7HOARwMlE=,18,23,female,3,20130714
gP0dbyMexGUG0naljsLgloIc34PQbAUVyFqhCpbGHvQ=,13,33,female,7,20110219
Lm6HP+6Vom+UXSRB2IW6l9TM0KFW/nvle0tx7xYWMk8=,11,27,male,7,20131204
5fkx3vA7UMIXrLoZ7sxJx6c0VNbSXS+6wrk/o7jFLXk=,9,29,male,3,20131220
I2xYVoyqM6Dng4oSQLjC09L2bvNtubVE44h+5DUrxs8=,18,26,male,3,20131225
7PosMdUjK3QKaYuaIJErLBrv8eP5O41IsalP2+Q/hjI=,4,35,male,9,20110406
ZOoUcWbNe9lLl8iYnTQw48P42a+dIa5KTsrbsFl1tq0=,6,22,male,3,20140805
x/EJdz43umC0br+Y20UgBtDEMr2lYXX42GYuv8L6qhM=,3,27,female,9,20141223
dk1aOrLfkjKWALxf3yf2vrgHgYbqd/1dewF/nFonu0o=,13,22,female,9,20130417
LVjXHuLxDS067+Y8e4Xzo/wRBz+UOO4P4ev2tc1Ef8g=,6,31,male,7,20130420
qR2wM9+MMQ+eQxk6tsY8YNvKRb0UYq/k7f4np4FHM4s=,4,43,female,7,20110121
zr+jrbkFc3FVKH9ZzL+qaAZZB23S5akZWvkh3O/0aPk=,5,37,male,9,20110217
0Szu/NObD6kdGFna/phLrQ/Qv8oGLpR2MXh03ftf0jc=,4,26,female,9,20071112
TIrUq6GFp1J71X6NifTXVvZr3j7OPTn5MXty6t0Baj0=,17,28,male,9,20080101
yztTbSiLj13NM8rImBXt1uPVNZCNawmH3HhoaZWwkys=,6,33,female,9,20080121
jowfRjD52n0QhjsQ2aCR6WxkAZ7ZDHXnwSWSYbgrMV8=,13,32,female,9,20110316
LE8yRf10TimuBeMdhhLxlxQcIbeHPdotVLN/YPS6pMo=,5,26,male,9,20141114
41YxNeEW14Lw2HlLiFFQcPKZ8kSFBDnG7tLk/D5KD4o=,5,18,female,3,20141201
dUpWRHllByy3HYiC7RJ8nwNtttAefDviWZZWwOz2qOM=,15,29,male,3,20141204
gSEtUVrZ6V4QEGkYr5copkevdYOg3Kb48f6xVhbvxIs=,5,31,male,7,20101013
thari0pbt68YeVxWDhtGoWQTMtxsAeQutEh7trxk4Pc=,22,38,female,9,20080614
HKEqn546dM5wqBTFWW9/BqzBnvl1IR5n0uvCazceeFE=,13,17,male,3,20131017
hkO9TVz6pnbrWMJWOf3l73eyDz0MnmQgING/pt+U/HI=,15,20,male,3,20130925
2zN9D1pqXD2wBQJ+6LrpRb+0QdLLjaBvaAnYkx3J/yw=,13,48,female,9,20120606
4dOPxWBXO72iZrUq6WWMuuMGY5xptX+w/jO0VW+9k5I=,12,24,female,9,20120726
1JSpseQycbmKumsgQmKgX62fsAwq6Co5Wt+k9D+1RjI=,22,23,female,9,20120914
H1m95PncdKLAaz4xDaOp7JPrWXY3EwwitH5b5sUAR1c=,14,31,male,9,20091124
Uj4iJ+//V+OE90PB4d0WCJnre4CGz1j3syOrUDxbcNc=,13,37,male,7,20110408
ZDRPUiWm7V3BU8zQW7dLruthXvu2ohNqWLF1CyXoEu4=,11,63,male,9,20110410
vbB6lvcyNKzM69OE1aJ99LTvCsmKwCebGi3f7bIm7gA=,13,31,male,7,20110418
PR9NkDUA0O/wUPrXP6wATet7667EkmAI1IbXuMC2vPM=,12,24,male,3,20130811
HYB4a0uITf+r3TVE8DWhr7XtYjVatkJATdMIoBOUpy4=,4,31,female,3,20150610
bE3KrFZCM2G43Pj7hGqw3nHc1jAgEjnMrBC8QReJmbo=,22,20,male,3,20130205
xRtwA5rzw5A/J1qVM6iTexyiC6HLcC4YjrDQdSutsLE=,8,28,male,9,20130221
Ma/N5FGblPUk00oCmlL4iZljy9FY8wAHyb52JanHbLk=,13,40,female,3,20130223
M7SP70b8rWoXRaDKxbFprzCkmdOQOdMW1UkQIBNnHEc=,5,32,female,7,20130417
juE3HSbzM1jtN/AhqWJhoUvvoSdmqyKq0m8zCa2zHLc=,5,29,female,9,20061106
RTIkmzn69DI3fQV+G9Nzhv7XRRQgqXWZty34LiHprLg=,13,50,male,9,20061123
E7xWJE0tCIpCariS/vWx3Jg08IjtfzONkzq+2AJz7FY=,4,25,male,9,20100426
5o5IpXvKrpo2+pevRojhKuA84NRCvlEcSfrQBu5soOw=,13,27,male,9,20100908
TbH7M1pF+OxSEJABhUdxQJruQzR23Ctw10HNiSu1BRY=,4,33,female,7,20100920
SiREihkMaJ9+c03/hYcpHeCo40rlMmpQ+h/eGryGrXw=,12,28,male,7,20101029
1cHxdqTOtKHNMyJa1EIIuUqMTXlqaNikt+oJrUuHbeI=,15,36,female,4,20151125
tqOZ2ElIqtSxfIzeEMIPGkIcUMpDgy9zQCHtXao3rBM=,4,46,female,9,20080401
Pg3cJV3mFRol5Wgp+rCqPiNTzn1pnN3eukwvgBw4XxQ=,17,57,female,9,20080511
SQbX3AsqWvF116w0kE/PgTBc80OSmwofUyI1f4Kbqeo=,12,34,male,9,20081118
BQEe7KyfvYDcgErP/te/uV9WYeD2vmQtVIJDUqKikQU=,13,31,female,9,20081122
m+BjcbRw2b2dHkggW18ePAMIWvm1MaM5dEsxc720Nkk=,7,42,female,9,20080527
zBNWhzjZnebpAq7sbVNnKTMseAFzsF/qUVANC2umQ/Q=,5,26,female,7,20160416
cCDzjnt/6L6UQzRkCRqPqTgq+nKlVAEQOWlH9q4H2B4=,18,25,female,7,20170103
ISYhxMS86//j2zrnO8E+b1Bc3SDG6aTw9cyUPyrJ6xA=,11,25,male,4,20170210
Ce4xa9AQACgH5Wd8xbXeqoyIlg8TT6rxcY56YpZHTLw=,15,32,male,3,20120603
QazB7Yd6Usf8HQY70NglsV92gt1gUwpWp5UziTl3yWc=,5,24,male,7,20131202
y8se0p3EOGH8sADCcWLpLwFIlr5Lg2jL3K6aQKM9Ctk=,5,23,male,7,20140122
qCL2sv4DQ2xSkZVpTKgTq/iINBhT8/xG46WnOoANVj8=,22,32,male,9,20050426
Pv2xvNmh1K1HoqA+gw8xh4MHlucVc1RRabzn/obHwbs=,4,60,male,7,20160616
SXqe3FveCTNrOnK0U6lHA+wR/IHyRAZ+GwNlRt9gbUw=,13,26,female,9,20141205
jNapIzV8fDCWNkqI+t28Bmml0NJo/QWhbrxKdFYqIkE=,5,35,male,3,20130702
eeMcyiKEi0Gs7fX9WI11CanhuE7ARatGS5AX/D6y6Dg=,11,44,female,7,20110531
kKpKjawz1sCWNIt2AG3UU8IKzaVdnZDgoWf4tOrGWog=,6,24,male,9,20110313
DBZtvuZgCbc5EsYV8HoZAQ9PY/2l9+C7TWsrk21hsHQ=,17,19,female,9,20110416
f/dX1TU+53eeFL6QknPDsZjj6RMO0oq3D2e7zI3q558=,13,25,male,9,20110511
dYbcv/IwXvrrqxMF6Es6BTpfqTvygQ37SXBWz+qJMco=,4,37,male,3,20140425
/vmQGCvCseXqr29KkAbySALyEGyPEEGtkYgIKxSbJ8Q=,13,30,male,9,20090402
VEVM0n6isihfjfgXCA/NRMr0ROpW/nu8YtnzFGUxMZM=,13,57,male,9,20140221
ErId1wsN9nxw3tus3LvUmIbKPLdcA+omv9YRMre3D00=,4,32,female,9,20121225
FhR1c9/tpo7doOcWHLYR4NSZACajoj99nGnYkaheSyA=,6,23,female,3,20121225
7DIB8UqM7LUaw3rPn51hRhK5rjvuGvurW81Bn5MqHhA=,14,26,male,3,20130105
IeczMBekL6y+vV1BY/K5hSDeYyeVKdoYTe77FQsK8Dk=,13,28,male,3,20130329
r7ySJaGhpqVqI9GgBv/5lZpMIwfJhEzdkLRCKi6OH0o=,22,28,female,3,20120101
Dp0xHMgKn4Mego2IM5t66CN6xBmKuRqm6sBbDmuSy0s=,1,22,female,3,20150829
D+fZ48I46UOmUw03EG9YsDobEbKwmd7JCjbwUG2yWnQ=,15,22,male,9,20150505
2jacpmuzp84xOigsMRslIRPuWSoRrgqvQkCvJWh1JTc=,4,37,female,9,20140224
5W2dAWBhXvSwotXODbAZZfLX3KrsZXG0MH4p9a3T+ks=,13,61,male,9,20130604
C0WA40zJ8x4f3sJH5mISRvWQsDHbXJ/Ei0R3ZOF0/aI=,9,18,male,7,20161009
s/O74Popnb25SKlkkrzoF5eZF0pY5IqAIG84XdJRTTk=,13,38,female,9,20161022
wkbjKvVA8QQOKz9GtoPYwIPURxz4HA8n63VpSNyxkKE=,13,32,female,7,20131222
VBWgklsQfMlZHeDvQj5Rt5Rnynmp5wFVsuqz+8dYwV8=,5,24,female,9,20140112
DlCZQ2E6Cp1qlYL9cU5nha1UPSjwZlQMqEq0JDmEjuw=,7,46,female,7,20130904
gRwPj+Xy3IWRThYwP8CKV33vgiEqumMIrlGhlYH1h9I=,13,21,male,3,20130926
J5SH6kIE1yU15prhN4OEVrpI8v4EsY9BicRxyvCPfz8=,9,21,male,7,20140322
YIvGR9HCXqUMF1WyWM0Fnyi4+jh/Cf8dP1mlyEVALVE=,22,29,male,3,20140415
bPKdLDGjCf8I/zQ3iwg5121AT+f/JtTu1F7CzUSH8Ok=,15,48,female,9,20130826
IJ7jlvZozb78o5xKg4wkB9n+TVbnyixrtgekoTn/UX0=,4,27,female,7,20130723
Xfe0NLov1EFEMMO9y613Yq197kD/UboHsoQew4rav64=,4,28,male,7,20130821
nMiBfJZyHOb+X3iayqCLxDIrKOKSjsGkLwvX0e+kAB8=,14,25,female,7,20151223
pwqiMXEwmPJJrfnJBubghwq6O2r0uZnM4gvKLj1elXw=,11,25,male,9,20070420
deCSTsVPrWSHrZ4QEMVue+GiOA262Y7f3yXG4xAol48=,18,32,male,9,20070423
0fkcKc54YL6OixCD4/QW+6r6m5PyBqZdClmwvEpOrLc=,13,35,male,9,20070528
/KiL5o4pWmYFb2uBNLsaJG4JoS/Xu8IltuBLBmy1/PM=,15,32,male,7,20130813
Y+0VPvNmwBh+JSO74Eir+nbGEgmNZyUOIGINpHons0A=,8,30,male,3,20130829
wStaLiedJ1U+gw1bj87uxA8odkbvMWR5D9XWG17vfxw=,13,35,female,3,20141106
j4eIxXEi4sbFU3UYxQncfOdlDR+iCn87IVOoB84tq2g=,13,28,male,3,20121103
WyHTdNMV9gVzBX8KyzKaXuV2alGChMNdOyfrajWNlEM=,7,25,female,3,20121205
YRgpYXgVFTJT5Y1WFyr2kyZWEfDHLpNhyWMApdibQTw=,22,32,female,9,20130104
82S5bo7VnU0mxzNz5dIlHcABNwgk3F7tnfngJKD41C8=,14,25,female,7,20140911
WNvMOqxbgc4E/0DHhXfvOmc9DPSH/jHvZbMIrI0Y0aw=,5,36,male,9,20080427
qIg7MFveOeeRIP5uRm34gN6QCP+7AtVrUvUP8EWCdCw=,15,20,female,3,20151123
wQmzsSU5Kmvcmo2xaT3mHwYX1cD9OhC/pYxn09pTu9c=,13,25,male,9,20071008
VandGEYvuvwccCo7TkaGpBjkxbd0af9epdmLn5Ywiys=,13,27,male,9,20060909
PImUGnSvxyEe1arGJcdLR4GN5qBl0/61gcURBuU0Cko=,4,29,female,9,20070218
tHPdsVEp6a9sJGq+ZJRchVrSlDm+hI3wPSY9MIe3vA0=,5,27,female,9,20040327
2iYK6Ltok73b76fCLyQVCFrPBwrhgSxfpc+c7gc7Wtg=,22,32,female,9,20050103
7nO7b1h4jjey4I5e6eEpr5V7Xpdu3VcAzlbR2UHswRc=,13,27,female,9,20050327
Mkzkdxmyi2xqXe6izUzCkNiZD8lYuk9YW0SXFfBfg/0=,4,30,male,9,20050418
tF53JwKGojd6jJmpjKSmJ5374FjBpIxS4t/6qK7J23A=,22,17,female,4,20160111
Rlti0RUjG0475gZdwevrd5h2hn9SLAbUcgNfgHwO5jU=,11,36,female,9,20100107
HzZnJH2/hByMlM6fRDzwnaYfXuoMxLbGefpVNBaMYMU=,15,18,female,7,20130913
XNOoEgDYfuGR+uVFZQMAZ0hBGiMorSc2ENSW7lvGEsc=,13,33,female,9,20040511
av7/acX9pa2moa/ZIiV5QSNdJdAfYMO+ZAyBWMSAjOA=,8,22,male,4,20160129
2YhUUHPJzWoThEZcHafHX3VW+fM0GcVJQmgkTOtvPVc=,5,37,female,4,20151107
oOTj4vJSX04JAof/CRdNU6x3eCf8YWFsowH06KMDAMA=,14,24,male,7,20141003
7oP5PjMXeAUeX+U9IXyHB1b4mxGoB5Q6pbZ0udraAmc=,9,21,female,4,20160619
xn5426ewMPmeUQnpuvthKW4u0tIVCktMPdVKPkRuZyI=,15,34,male,7,20120122
if14/uFWGnaTis8F2o5NTnam/E7de+f1hbtllqWH3f8=,13,21,female,9,20120302
QkRxnXJTajkPsds8l0DGpxYD/38RsH06U2avCKxechI=,11,29,female,9,20120401
1PHxWv/UDGuF6Myi0PtsznK2JjTl+olcmoLl1sj31nY=,12,39,female,9,20111115
r//1sR0iL4ZnPvrTDOGrUTnxBrRmdSGF2mineP1AHSA=,12,27,female,9,20160615
heo5IJLXezfmLu1h9bYb3xVz4gsQ6sY3rD9nkJ5HeYs=,12,27,male,7,20131008
5wFf7YAYjT4olspJHz06AWaHc48CLOzlPwCsUfvvkPw=,17,52,male,7,20160121
ID/5SxxPnCt7J7qoJru82xkuiRItIV5IkuPy4fp2NQs=,13,23,female,4,20151207
kTkg2EHay1/WOjev4/MfV0/GrvmiEXK1yrkdJ7jRod0=,1,37,male,3,20150729
6EsCiDCM8tuqIOrXOO8hEuJttsMLjHnxfirCiN5OV9o=,15,48,male,3,20150804
Hre/3gAmIRYtmKwnwysgCsZ+yyIFbG5WYfRh0SIa+Ug=,5,22,female,9,20060505
GnI1Ed4t83sCXAPp/rW4sLJWmEyMdJiY/1hucnB2X0A=,13,29,female,9,20060608
A8x1zO2ugexECRSp65i6/rMZxC+wRP+RJIZDM1kLpf8=,13,69,female,9,20070220
pymeZycMzjB/3/WL9syjSS97aVtZi99NhNicgXahV0c=,13,31,male,9,20070312
R3MZUnkLr3lqDXl1b24V4bHpwkoyZpYyzmfmzOUDYEQ=,13,36,female,7,20160331
jgaeZGsjGWWx3opj+MIxY2oiO/Pps1ny1yJ0wyBfNd0=,6,19,male,9,20070428
AfKWLaC9wOXx0z8IT0yMxFUWnwL9UMNw6G5vquUsvCY=,10,27,female,9,20111112
NE/UaeYRIg/N7zXd3aXsUWteq0qBfdlm5vkcbAoqRII=,15,35,female,3,20120915
vcGU15BIJZgn4OlajBYrEB8mTIo3i0KTOylhHBt/pjM=,8,24,female,3,20140622
sSNFKzFdp5T54SvtY4n4/ijoj/Fb2CADH+7qCS4EZgk=,15,25,male,9,20110422
rrUq79yWM5AQPwoJBBYI4yrvkD+UwP+wR0ti2YloMFc=,9,32,female,9,20080525
IgPkPbItRy8nbqSo180WzvlSlPnimFe8caU7PrK0xsY=,22,27,male,9,20080710
Pxw5/ld7EagrdqGuCCaAt2s/VrXXiQ459nbm0jGJW8o=,21,27,male,9,20080316
agMHWR0k0gcl3zSvEUg91Awa8mDkCCYAiVxoj69nUOk=,5,35,female,9,20081220
sj2Lg2tJHfFZ9fx/eUXEX4nMT40ZpHkG+E2e+xmUfI8=,12,28,male,9,20070709
64SABv/5SgP4HO0IhdOG50Xxex5hPQre6/FPovj7Na0=,5,29,male,3,20150119
Wk3JE1pHxNeZZnox8+GQJWSguM05r+ejLnPRirkKLus=,13,31,female,9,20130825
dXE9WZeo4CPU6+DnLuqSq2aoQoqKr6OfruifB2Mi2qE=,13,20,female,9,20130828
y0MPe3xF6cCBSkt8NQvZK+ecPaNYQhD4HbuiCSVFhvk=,5,23,female,3,20130913
njzkAk0pjTlNqi+RtNwQ9Ldj8eB0fr++lfv0se+XQoM=,5,39,female,9,20041024
2CCcPrylIcfIhpKWZmcoi9JDHh+W8Cvrfgi3ghh1WHQ=,5,25,female,9,20050405
ftUbA+/Dfk3vtcQHHjtHZT70+tMeTt0GuB2JehGAONE=,22,24,male,9,20050625
pw5VEdC0kh0t56cPwUSfz6ZUKkhI9uo9WJf2dOxo3yo=,4,38,female,9,20051021
Y+wiamqYXW+2TGpX0S9ze2Ln/KyS04cq9Y34RzpO7HY=,6,27,male,9,20051028
YIiE54v8TJBIH5yFc7hv7XQtLO8oWDe+pz9toy+R688=,22,27,male,9,20060110
g/F0sqc9UgIFmACMvuxXl0AUoPzK+jSwiHbxsS+n9zM=,18,33,male,9,20060116
1otCA7+ZOU1jhWP0SmXTsjKOyqnTS70SO3B1nO1sjKk=,22,40,male,9,20060304
3P4UTBE+6QcgZvio7XFmcwB8CcUG5aGjulK1kr8FcLs=,13,36,male,9,20140213
almcXCEALIfIFeajhlGMtNNfPMGolp1/8ciE0II8pJM=,4,34,female,9,20140302
pJQ21WY+yoO7Fz4Kb4+YWrR1VTuq/GcpVkGbCk5sxYw=,9,23,female,3,20140408
kx848WSlWfJiG2Gvfv/hgveMtdMqLtMbo7uTfrlhArs=,22,23,female,3,20121206
ygFHtU30/BYaD90IPUlHNPt8QsR0U92zLhhL4wrLzgY=,6,27,female,9,20101030
OWL/zlSBSpVc5cnnBEGmAzbuWUxqOPzZNUBXz8uiJE0=,9,32,female,9,20100131
BaCk0l7LAAc2D3t4xTvR0mdo3fGXf6ky7cP/liWR15w=,5,20,female,9,20141105
EIhrqPh822iWb5RJzZs3AWXfwuYmj2sKO2RHVK3PcrM=,14,32,female,9,20130902
6QoSH5vDRF/6LWioobhMP97pHruvUSox/VQZJxD2hlQ=,5,38,male,3,20121210
LmlP4bbCz6JdzjcbYEqqFZto0GKVjJz7C/uD9zJi70k=,14,23,male,3,20131120
KrbtzmUxCJ61S/OfUFGdJpoSwHvsFu/5huU1iRIsBlU=,13,30,female,3,20131205
1zoeWaU6DGpJww1ZRdb1MpOGO05XV56+8nPWf1wu4Vc=,13,19,male,3,20140519
aKmLXaXMiMvimf4gEnj3jui9I4NGh0SyucPkqc47Zbo=,4,42,male,9,20140626
w1UcgD52POs1OwF9rEJh9KmJ38Q/Q32UTDAftrjqhnM=,13,26,male,3,20141124
qkmeiMl3TkhfyjsZ3tOsSt1ui3atn66p6mCnQUQ2xRo=,13,25,female,9,20141226
F8pFgJgFlcdEV1RHuIEEV3usWQLxbEasVll1lV0+J2A=,13,26,female,3,20120824
5DQDcoAktYDfnlFU2k/k4pfcwbZIXRKQ/1+pgAhZqvA=,9,35,female,7,20110428
n1SgMdhZqLXtYBWfaRjdUkdzuDQ6IT/5Y0sbGjmUuPA=,11,27,female,9,20070606
sf2MPodMjAp7t54Ulp4Dv1RfqGUbrsohh1ywjhn+Mt8=,4,25,female,3,20120115
mkhreYmY6a1y2az4/2fIkxtaqWqA/Fxn/jul/oyTOMY=,5,29,male,9,20120127
C5Dinjkpq6qOQ2V6QDtuJUYUDEwqENBZYUanw3nfv7U=,22,39,female,9,20160827
ruVVPqEjyitDw1sO63iK8wi2NYhtAdfCW6y6BRrnBdQ=,15,27,female,9,20090605
1rlmaen1x36Ntt4GTTsb2k5NcsyYv4gOznIuaATLQuQ=,5,29,female,9,20121222
NbvUXfrpBqA3lZynVwKfET/Q9hBpUj/luOQmAwh3Y0A=,5,38,male,7,20101004
/FwWejKESZqgtttyNJWdCl28ONiPdoGtt4yNtHYEoPE=,22,28,female,9,20101015
Xv54jimBepDKw+K4qycMO8y0tUj/C/Xh5WLSx/2V+pY=,15,21,female,9,20100126
KdkWwZCwNAZKmXx15ujmkWAbR+ArVZepQ7bEr7RRm80=,13,29,male,9,20070926
IeqaG5TfF810cl26Hk8SfhDi847rqg++V2cTJfKtclc=,11,20,male,3,20140717
lhdZsTNPAj3xOlXhuP6UiuzMyv7MCOhXXVVsonivlX8=,5,34,female,7,20100920
JGb43BoK9+pgdmN6Zpj8YQN5GQOdhPgWSNyEGBApoe4=,13,47,female,9,20101008
lAdfxu2kMRHe9S5kl6D518U1Km1g+b9ViMNiSbBVHS8=,12,23,male,9,20080105
RAShF/vYHyDhp8JskTxQevoeAtev7o3Bm713STO/L/w=,10,25,male,9,20080111
AX/HiWjWmDIV3anHIGCqmUn6L5WB3OH4NTCmzFtBJ4k=,8,26,male,9,20081115
FGmjtAHqJ73nhGA1PhQvkHXA4a7hejBLHeZjcf7JvnU=,13,22,male,9,20081122
Rnxg3RG7KaF50lGpbNYCRIphrKyGFqffu0m3xm/CRv0=,8,25,female,9,20090206
KfEbJmiymwAzDecZkXl9adBJv+2g+/CFUsIqma7/IhI=,22,29,male,3,20130908
J/o1pVv8QjSxZze4gHM47LFjPNHmuCP9XfzpwKlEf3g=,5,18,female,7,20150824
P4mo7QlbqOevg1lq8vVR4pyTQaZ8Lq2sm4KQOwQeR0o=,15,31,female,7,20161126
K40BJ9PQOVRTcW767+aGGsSHjtohnw1p7LZJABdKiTc=,17,33,female,3,20150102
7EWo/mLX7dXgDNCT1TVoI32jceqcTFUqLajxF9Xmazo=,13,27,male,9,20120912
RIwy85VhFKutT9QchgqrnmA91O/kZ18F8LoUrPOWo9s=,13,34,female,9,20071201
ElvKAvm8BAKyw7KOkjNNzLX33rrGpasdpntAyfOYFys=,13,32,male,9,20080112
qdAbUJHEE/QgAxkvqRD2M94TnXgXUmg6RtduFnaTPyY=,13,33,male,3,20140803
TpYrR9phC03JxFS+fqt5ttJhw/8lFHe4NuUimM67QAA=,6,25,male,7,20140414
xVuHoQX5SUg0UHpqDbcIJAV5qzX09Ow6MP0ns4k1qD4=,13,32,male,9,20100414
EcuDPtgaPNtp2E4Bn9TSAkTvasBPuvQUcbTioIp9vPk=,4,27,male,9,20090719
rnRNda8MIdVMpk0DGZKd542Co28FVRk8r9Pprz34VRQ=,15,29,female,9,20100113
Hf0do2cFkQdZTyilyn93hBDvZpl26qw2Hzm5Oz21Cdo=,15,50,female,9,20100209
hxKoGbCp2OIL51gK2wymVNrcKj45vQHTFc37R5SYmyE=,13,35,female,7,20151009
v0+okP0rgNHOBfMhDHkM2J/jl6splFvKAMAsHsL84uc=,4,23,male,3,20140901
CQ9TtozaONWtXeJEBz0QW85Su2AmOjX7rRwnpdqR5zw=,4,25,male,3,20170113
TFSU2LFl1VmV600HJkufjINBXap1eF9iPukSHVuvwEI=,1,38,female,4,20170115
HE8OTrO84guAnihVnlBr98lF+un6BQ2Ky/YGToVQUSc=,13,35,female,9,20051227
WvSUjUOdFnBCstL6QwGMF1xbalNDqDSgapbBdyl6vmM=,3,32,female,9,20140507
+L3KDldNV0VEo4bbcU5YUaUP3yFxio/WrApA8PDOlhA=,5,36,male,9,20110912
CmX2Z9mW+N30AcuWOV4+Membz+76fNeUlWnCR3kPyjU=,5,29,female,9,20120925
mQ8Gjv34Zzx2PO/weuA8fkzs0v1sTrUTGm43xuiGKBA=,6,42,female,9,20100612
8Bt+Ql+0uIDMSg2VNwilMuZeK0NTOyS91l8a43hxs0Q=,4,23,male,9,20140630
EZt7eGD99E+SJ+Ot07jhfTdRX7+q304c04acdXrRKrI=,5,31,male,9,20091228
dQnUdgawcDibiOq9kFXsmBCLcdOGv8oK6UL2vw4eArQ=,18,43,female,7,20101227
zcAziDbXPOx5buHY1Z+A5PoqdD0okpXUO64IWiJAUUU=,13,53,male,9,20101227
JrmqKEn1I7+LWIWXbVmxFvtKK3f8ZEMG+6wweXthiKs=,13,24,male,9,20110409
6rp0OkSLmHucQyuJ7emSNr4x4Uuf8bJuFKAvQOdZfjE=,15,23,male,3,20140222
03hodT9tq6zRPOcFO0AahnwHvzlUWabp9fdJ2CD7fMo=,4,20,female,9,20140915
sKi8h2w44VD4MeN2/0fkrjbYB/UPK39bD8Zm5nlQJF0=,15,26,female,3,20160720
mwN+F3DBbG0pq79sNbnMjYLzUu++3VRKjKlQOIqXqNU=,14,26,male,9,20050304
tXfbR6wQ7c1iO5oBlKLZ15ndDetH6n529qrABAW0XwM=,4,37,female,9,20051117
S8IG5SB/Vl+sLeUZSjHrwQAtEonWkUsN1lT5kjLn7Mc=,15,34,female,9,20060317
1rExUfTBgHImYAOQUqo9oNqGkP3olCu9gmOrI06WMhI=,15,20,male,7,20160711
a43AlfJY5BuFIKdXR1+SvcvzfvpNWDexol+209YVhWo=,13,23,male,9,20100505
hy83LbHlvSoobJf4LGbTLuNhNOWCGEYsjbaxQ9RIvag=,13,20,male,9,20100622
PzTZOHJ58plshQ35xqL+a2w9oa0NxO0xRWwwwNmCwTY=,4,19,male,9,20100814
R984+eC4LdPMHwlPaL8R9l3iKs+YiXwxupY2rcp03hk=,9,28,male,9,20101024
QZrWQo+MQ2gFrTLFOXeh0BSwTt8rtRWzE4zqtIjNBzk=,11,30,female,9,20101102
avdbkJmms9PgUt8ZvhpbvSIu6tUkJUceugI0wq6Eh78=,13,43,male,3,20131010
QOpvTLbHbBc64l/0WW+NyeO6OODlgfvnnV83eRH8dpY=,13,22,female,9,20081227
KTcQjn1wDkU+TdN7Cpw4x5IPQkpXq8KYMHGAJP8EckY=,13,26,male,9,20110417
xtdsqp427axd3UsMbpl2jhLIqQkC8sK5pB8dtLSuHlg=,6,23,male,9,20130924
hXvTRugGLhIRaLkR8hxG7Qjr4Do2vCocY+8rN6GXmJI=,5,19,female,4,20160526
4xhxhbhFpfquDyCX446pzRPLRa/+O64HVnoirxH39iQ=,15,32,male,9,20090705
uPDpoOhz3pb+NtzgIJ8H+OR15Xo4/+9lt11KT78/3Zw=,13,40,female,9,20130914
Y6r7A3XggsGBtrmth/RsSdlMaqfi5BlCn5SiMHttPWE=,22,25,male,9,20131110
JCvy+U778uwjMDNx1NaU+6pJPI7lrmg+Hj+Dvvy5b5Y=,14,30,female,3,20131102
ENvyQjMWJAtpnlcU4i1n/Nr//UrThjdaJJ/4G67SSLw=,5,29,male,3,20131205
ncFt6BrRKV1e7jHIpA9Xpd1K1EypDSVlvholOVTnBbM=,22,17,male,7,20131207
yMUEs9lagn1NHgRcrXdoFHgr/o0qFMR2eC2Q7HmsxPE=,5,22,female,9,20120311
6P9oY26aD4CdWgymtLl3Gq+/50urMyiVLae5t9t/cTE=,13,30,male,7,20101116
2Y70+b8xmdcbQPEbG8RGgVFWXi7Inr28FAq6c0W149E=,13,27,male,9,20080912
9/OxmiKIceqgdxX1VOFqIuu256St/oZdUx41qIieNI4=,15,27,male,9,20141106
9RGHXrCna/hnal8h+wgzEDIGOmtLueKljyzAwyzeotE=,13,20,female,9,20141117
SVA25FV5rYfxc4ODTB2x8voipM6bXrt8XUqDI+oZByE=,22,29,female,9,20071117
yOqdEFIlRwbzynFxEUIBWvxAFKO2wbPB6vZLpTKnFIo=,22,54,male,9,20100102
mR6eBkADhmwzniPZyhh8aQLYrRkcBpMftiEDQAMZtwI=,22,47,male,9,20051022
GrMICZx+yVCbSlxqQ5IkhVfcQCa0/CIqICUXDNPmKD0=,15,44,male,9,20051031
ZeCjJsHHzAUWGJIIHAspxwUMXbD48MSA12YYWtP8Weg=,5,38,female,3,20120118
BrSxHawiGIXJeFOufHWqvCEYoti+6Z7rWlCdOALjmc4=,6,39,female,7,20120331
0yd/ReD8xbN2n5tC4UBHc/XlvCqKx+uAWkGujlV07eM=,11,27,female,9,20160422
kdG7ZEoLyCOsh6Zh+qXrPygUFgJbKtZkC3ir9rjoMEo=,13,36,male,3,20120922
oO4B2GSSfK5OS3nE6jjwaoodf5qx+g5WMAc4ihjthxs=,5,30,female,9,20130712
yforJ0fqIyB8anrfuknR5R1ZOYOa0azpShzs6i82XO0=,5,38,female,7,20110504
fKjqgg2NVtNC+L9pMUN3Nc9DZjkl+avU1XzZYN9zp2o=,14,89,female,9,20070209
eiOXuEfqfQJHN24N0CXkWkpMrU4BNsGAJMTYfgi2oHE=,4,26,female,9,20070406
rpSKypBlNCPPBS0iF35383QpzMmp7eIM/M08FyVyqwg=,22,15,female,9,20140315
1m0Sg0zh0GSmkw4QxTW19EDgV66GCl0wcWb+rcN7ml8=,13,38,male,9,20140321
Nhe8hoYshmMWf4lw8jUVRFnnX3Jihv06VOXW0yMrx+A=,4,35,male,9,20040716
+ONSEE/KxtncZWQ1zJcu2uNKreh7XjuUeGx6KnEm1gE=,13,36,female,9,20041001
kgpXb+kUPmPo3q5QfDLDQ+UTEXznirF/lvEcpHuxnYE=,5,18,male,9,20140503
mq3D9mty8DvDR4r4vywGLLOyYBgq1h0fK1mNZV+RJqc=,15,30,male,9,20080110
SDUXL3ElhrB2+hLJo/It4PHwYwfk4hBJYeGQvWTT7SY=,5,21,male,7,20160405
hu0JQ9kHprRHjjDexROKEIKUHvX1Wr8aH6BflSY7G2g=,1,19,female,4,20160408
9O46juHLEKTNzylwctYHtAwm7hnsedrBlm1CPLaiXpQ=,5,23,male,9,20100124
cOUlV8QSZ4DiNUfLrOCgdYI0pLkcGg8OecLhgw1FrCc=,9,53,female,9,20100309
2IR7Zg17xUwrP+CGXGW6boh3aHPcOpWH94njyv22Yy0=,13,30,female,9,20070629
XXaOlhA3M6OS50//qE72Csq+Mc0zZiYoPl6Q6PTFufc=,4,35,male,3,20121202
ttEQFbr8vB2+S0Nj2RL4t3qCxYwKFiJR7OqDXplQthU=,5,24,female,9,20121224
EZRPZVrCAbNv/CTeL5z1QvNKIjr5dMgwnxU0jUsfczg=,15,29,female,9,20090406
iXSp/kWzt6Sz3qeO8TKbB8JyK/ZkzIpu3u6cFESqjgI=,4,32,male,9,20090615
0EFJIA2sC/qEdTR70yV2gUC37imOa3Uq6QsM1bI29FA=,18,30,male,9,20090904
bQN/a++yuDy4pFiXJQLE0HxRSLX8x3SNI6PlN2d/jrM=,3,24,female,9,20090915
tQvA5J9WAa/qxEVW6BQJmt4v8Re17ZhCb0jxGP5Rhhw=,4,17,female,9,20101018
xdEGSYwFCyu3WkQNAkA/ybIe9r2Nx8dR24SOA3Rb50g=,22,18,male,9,20150818
SdhLqYFoNJj7lihn/gOSVo8TgHC1CNojieNJlBCW3bA=,15,27,male,9,20140316
7YknRaW+HqA4VWWQsOtnL97dR6bqiB0FHOsj41dL0Ig=,3,34,male,9,20070407
Q4lQUTGN41cxZXu3ilok6B0qLoQyjKSrIMrJBsZYluE=,15,20,male,9,20110827
eLGeJS+pvVh6B2Px5lUKk4Ze50VBVHQL2xaAfalFpJI=,13,30,female,9,20110924
Y/5+v4oSM0H7TRxUGenzRc/qFPIog7k7xX6aRXJdqUI=,11,28,female,9,20131006
3I4HM42OTVeRE+dVgKnZaWho90mF3f3Dj78mP+JUMME=,3,23,male,4,20151122
lWOFHQQRsTNbG8QCnD2qpDzjCkQVXGlCI4/iIdMuMZ4=,4,47,female,9,20080427
wFZp+IJtPPLcewnm62xeuOYr3QpV8n7iEYte4cK+IXE=,9,30,male,9,20070209
gP8mq4e0M7XO8NhpR3Z73rHJmo/GrP77mEUuFza+VYo=,4,34,female,9,20040721
MPlVw2Yvj/AoQ1Yu9ObSOf1PSWUtzn7bg1v8LW8wHoU=,14,25,male,9,20051022
RcGnzKfzvqPBwPxxtbVCggYMJwGuMhOmHyb/bDT3uPg=,12,36,female,9,20051101
6eqM+N/JMsuMamu0q/6B69H2g2Cg0GmGghXlKebPZ9A=,13,38,male,9,20051114
atjeTHNLcr8eWXIDidM48zI0or402tpj7tGgdxiqzsc=,6,31,male,3,20120119
QlN6kGypPPi3oFVgS4CAZgNSar9e4K0JA9jOioSynSg=,5,36,male,4,20160322
sUM5cF+JgQH0caNQYbLXB9k0TWKcfhALsvorOyimSYM=,13,39,male,9,20111117
wxnWtiDooy578PMyM6hGcn1ZJfSocv9S5TjekpVV++U=,4,36,male,9,20141023
bYOSP6QZyCBzp7zH6KgRnvF0GNQHxlKJmLJuJ/TdLF8=,15,20,male,3,20141027
HUT/97wd6mX65B68q/xi2Sb7nASsZbyeMkMpYhNIVkg=,15,31,female,9,20141102
rc5MK0s4wIcZuRFV8cFn9UiHhBUjPxM8lFEd0PYvNs0=,5,14,male,7,20160308
A4b97ow6GCtUY6FIgGjWkVpAVWGk/RUpP4/aFxaZusE=,22,50,male,4,20170220
4SGw0dO/9xssK8a4gA405rXEeu6DW9y4Y84fJ8JPlwU=,13,23,female,7,20140304
zNwGyygFpA/SMAxIODX3sHmDtviS6FzW81ngZug7wUk=,4,29,female,7,20140426
KGTK5N95+IZl+87BR9AFr9LMf+tOyUfdlv5whb8WbdE=,18,23,male,3,20140506
py5VA7gQBNlOlx+6JEKBnCLRFfKBOLdreqjJVDoPF4Y=,13,25,female,9,20140613
gRyZ/Dj3Mn0VNU4cUwcbE84eSnjV36PSuoPhYrCvuWs=,15,29,female,4,20151117
PO6iOTXR3vK2csUG4a00p6WUrzZWwck+lRqNHIrbbqc=,22,15,female,4,20160529
Ep+p9/OMCVNkuUZihh0ZLh6LwozINDuqxwmj4yqSrgw=,18,18,male,7,20160127
MlJZcZp+eZemVr9VAH3vSssE993nFOhrVyCi0HSrgeg=,5,36,female,4,20160128
fTHQrVONOdHv5GQcnVW7SjuGI7ycq39y2MVRpuaAGdk=,8,26,female,9,20160212
R0l0PhhbgRttXdzaG5sLXD4+BO5gxnM2FZ/Hh1FQIA0=,5,65,female,3,20160308
AZOTBZMbuuf/euNu50kh5WmeR3ICCAqpTylc96xgmCg=,5,24,male,3,20121211
lXxzKosexNizLvj8sslFNeZV4nYtbuv1iNqkXlXHiwQ=,5,24,male,7,20160206
oeCeM5j50ALNRB8bR08p0q9aFQydZ2kp6p+NmgIbtvI=,11,23,male,9,20151210
C1sToX6cyk57ovj4f3DO7kDgw1ewcFSWQa6U2d4+XGk=,13,21,male,7,20120117
bM8rtGo4f4LouT9FIUfUV38oM6qluxb0thOky8YE37c=,13,26,male,7,20120201
NJYjLF9DtD1fAmT0RVemafvS6Z+EXDnvfNigrxRXGFs=,5,33,male,9,20120301
UNoO3IBUP+NgjXhQIU/fMbVkQn2xTg8hP9+2/eG8FTg=,14,47,female,9,20090418
Xo2yiJHItaTSyhgmzEBvpT67Gow36X0yyWiJaIwVPWE=,14,32,male,7,20121219
vwAeOZrNgS2MlN18veE9zT9U395xPsfPN/fIIWjlz2A=,4,31,female,7,20130109
JvnCAjpNoBwU28Mmx5o3AO7A45X0aXWNVIpUFmgolqM=,4,19,female,3,20150511
M1BXxx98Cxo0QbgfjlhROZwRsdNxKCSL0w/8INXNvmo=,13,17,female,9,20150711
a7aJohNaWqcsl1wYnkB8yAazBXdyg56FNzwcyGE5XPc=,13,24,female,9,20110203
8AHLQv/oKtYTvfECgZFzj4o5yn6o/knztMYu8VK/jeE=,15,28,female,9,20160827
bOqQd4sYzVoUoBFr92SL4GTDQN/SOiMWFlNWG7FI0mw=,4,25,male,4,20160629
JSNsiyq1cJg2y5urqbH3vQdQEFKCueTEMWXD22DMELY=,13,35,female,3,20140302
TO+FicDXmad/aKmwBhD2+j3kVfQaDG3CRJ59aNb5f28=,13,27,male,3,20150918
SxDay8ywdtC49UBZJ4FBWzn4DhT5RYfsM/nA1NSSbNY=,4,17,male,4,20151201
FcRcQKBowL8d8yOsivJJXtAh6oITvQNa4VNwEmHoAUY=,5,39,female,7,20131207
woO/HSrEzczBv8RTeQXxv3kyRhWUhBHQXPaJoxXno+0=,11,56,female,9,20110607
2zxA3ocoTSDK8MWSPTTg9Ja0fVh175fnXyH/hiQZN0E=,9,28,female,9,20110103
+Ug6f7WzyMBktweRt9HG/04cuCiIZJ81hMVcME1vcGQ=,7,57,male,9,20051004
l8el7B08P9J8fi79dXyl0SWhrOxS8mVbmXuvbgWLHJ4=,13,37,male,9,20060217
pqnq3uT8RfvdXCd306PUweDveOCnf/gqw9hL7aM8vHg=,13,28,female,9,20060615
9GQ2E/ZFVKTDt9D76/sA+wRtVJ3LLhLdZ6AjNvnH1zE=,14,77,female,9,20091008
VWRoXzjBUNxroOT8D6fmJfHJFRdnqNyg/25Lqd01qHw=,13,27,female,9,20100106
qYNiht2SJdENwHLPJfuI0Qtq0wk3qO4HWKHp8q52xeE=,4,22,male,9,20110604
sr3P+/bQK6JNcziCtUf8mqZ9ANLfIeYwpv/xpxQ9+pc=,12,25,male,7,20130811
tGMo/ukbixqIxaphFWdKgJ8lIzkYEpG+7dM7FbOoK0g=,6,26,female,3,20140928
ADYNF7naxNs7345OjFQtGJzJixo5/eTkJdvBb5jsxIU=,6,32,female,9,20100821
Bof/86JD/7r9M8UTzbuy66r6VFFYfMSAJvRRREbRjU0=,22,26,male,9,20091004
CKdvt0Vf82WH5f9wCTgfX9zUvoOayKbJf4OnrMwcBuo=,6,28,male,9,20091010
bdyKyKF/jSQvLwg7WQoAv1Au/TbkUvSrr8vxV8yQJn8=,18,26,male,9,20080218
s4yHbQSi3ZQbqn45GAAp08+x+60oWQWjRfM4mQT25Rg=,13,31,female,9,20080417
Maexthhku0POGYsZcmA6jx+uOkf1O5SQX7vUtWUekY4=,18,28,male,9,20060705
c6Fo1Ami3yS3NUHxWEfJpPa5yJfy6MU9XPPtKyNazww=,22,36,female,9,20061203
GViR4KFSOK4EaSmfA/7FhHw0esW6TH0XEZT5iQu7rYU=,21,21,male,9,20140623
Fe9PWS7RYcE/w7LtCILtVXTRhB81C4U+t9jyVTqV12E=,5,35,female,9,20060214
Pcl7XPaVXrf2Xms2joVe9lV+Lm3vZELGb4zmrR3j1XE=,15,32,female,9,20140224
VyxngV4YdVCaFNcyIxbVBSrPMILzJFHLWS5X8KOwVnA=,13,53,male,9,20140402
SBjUcaljudpZ33HUD6YJGM+73gJHVazV5OC13Ylp+w0=,18,27,female,9,20140604
p51H9Zqee/aHcoTjO71HVWa9pwz0j+q//OAlbUJhbtg=,13,28,male,9,20140613
oz+s82FHkh5NE5jZVAAq1U6WsEeZR+083KPo149YllY=,22,21,male,9,20110423
Ss3rRecYaKgT1HATO4SeXquxY4aFP4jii970zKyZlnw=,22,21,female,9,20110429
C8TOKgNUrwPj7UtEf1hx1HqlebXt2Ni2HY/zzTgGSfo=,5,34,male,9,20110305
qAjEejVujsHEe6EuL+wWG7p9B6GsmQTxoBne/UW/uQM=,13,20,male,9,20120210
ZDlIpNH630GCK+6LCWVprtH4Hr8C0UKePWFNONg65mg=,5,16,female,7,20120221
JFurFzi3uVUBv0XSDuE8LZK49KcdDGU227tP3B/bHzw=,14,27,male,9,20120502
60/3jjjUOZhx0tCO39K5wDMlrTiRtxEs7JlVdyOD9x0=,14,17,female,9,20120728
cE2WSy4oeguALlBt4MpNz+4lT3d9TNBXH+z50Omfdc8=,5,45,male,7,20120814
uY5P86TTKKl/TUmURogeicLjSfpxFlKLOrQQWO1Ykkk=,4,30,male,7,20140714
5U/yl+BpjGabJMkcamjSTHkB0WVFTTUOvB/sQBYvuhM=,21,19,male,4,20161105
dOaUE7ZWPdyAr+pF8a3SRVC45cHu+9k/sy2PC/hBdmw=,6,25,male,3,20160730
GKCy8Cs45YpBqdMihgQbh4YmK2YmSVgHjF420TOSKII=,6,34,female,9,20120320
Myoco7NhXtIPCabGweup2j4Wizf15MILH6t10t/tPhw=,22,26,male,7,20140916
BVtuu2thSRP1/oFNirFhQk6XOy124vnqM2Bh8zVKwqQ=,5,38,female,7,20100702
rttcCWy+O1VBj/h51jPeYBlnqAIhq7mNNFWRY8PkJgg=,17,23,male,9,20101005
B+kdH/qulCd547J/mOqvFg0i//+a2aHw7SOqNOHCl8Y=,13,28,female,3,20170106
b4MIN0oTipQAskEiswDSy8KKpMko0mXK1p3baWhKKSM=,5,34,female,9,20080701
wtn0J1sn19TKTWebleVBGbFS+KBD7kggMRuwEUe/PKI=,18,32,male,9,20071108
08BgUWeWruX2sTe1aBNgH5LRPthN8cbEwt5g4c4UeAU=,13,28,male,9,20051127
vpBqzxd652MLMEP2Vk2LiG/WTpBy9lUpBgzcHsZe7vs=,22,17,female,9,20111102
G2fJ2sEwBOm24TUIPPNBTBgFciyQg4+hKkkz3TZ/ZyI=,13,30,female,7,20110907
vyN60YWNe5Ao7E1nlp+IA8jxEeGOMEKFg2rg2kW9hPM=,5,38,female,9,20110916
Sh5P/uKayXBEmiFDT8y3vuKzKxvPu/FCMMIzJI61vcQ=,9,39,female,9,20100312
x2JhioSBZ20CAvwu2e8PpODhgO0SUzFMsJLyeBEEKng=,15,41,male,9,20081207
gz/gk2lLDgirf92yWgw0KbPtraiI6bh5G3tBiW36nGk=,15,37,female,9,20081222
nRROCYad1dpRrtCMq/zHRyIfrrcYrXMbZUsAFb4VSto=,4,33,male,9,20051109
OOdeX+xtqYgGWI6K2dKX5ZdDR7zjkX5boIEk+kzhc3k=,15,41,male,9,20051218
DDSvF36rvtLefM1/g+GEoVSMF8w/RdKJUyUFP/X/gvw=,13,31,female,9,20141130
b4H7XyLu5VxXnkj57M+KYHwgx48R03/hvTwEVGH0pIo=,15,23,female,9,20110830
lzTaRmgkunwxbVulKUkJ0RFI6qesztj9odX33MyRy6k=,6,24,male,9,20130808
cY9jhc9thImREx+XSWvjmFhrYKZQog1v0pSh8Ahg48k=,15,18,female,4,20151014
qBeeu+6eKYSWWfpfhpCslQBFlqdVOiE3+N9Z4iFlXiU=,6,27,male,9,20121119
Nz1CEyrEm6FLJoAvNCQurkhRGn27gEZpgd6Jx/KZJFo=,13,22,male,9,20161227
g4Xs5QNgXn1/q6UnvlQCfLTIRXYFklg8I1rUzB3AVnY=,18,31,male,7,20110506
iSpUhlDrhFPC7Qhl2VICKofLrDbM4gg7NoZnkW8R4AU=,15,26,male,9,20110524
Chr7xYdGiAE83ZizezZqh+24TOmzQjbiy9mpaOhLLlc=,5,29,male,9,20100606
klZWImNmolVBgvwgQp8upHaTx6Zj0O05Y2wk5ntYjK4=,22,37,male,9,20100928
0DE5ciFzAbD+63Jg0TeE1h7yFBKnKT2p/7z7v+gaR5I=,15,42,male,9,20090619
cZd2I8SsfCZZ9OBPlLQxswZ6qs+wClGHt8hMt/LRKzo=,4,18,male,9,20090713
jsgFcswOv6O+pnCLkcLLF+GiV+LtWd4U6QD+U+oPWMo=,5,25,male,9,20090914
u5Z3RfQHidQtK6RCfaIBZiAdqjU6mcNeZfW3AvLd/PI=,5,41,female,9,20091219
Dl9j2+EvKuvFDeKemn6dbVQRP1q+fBzNpDNOTV8Nzvs=,6,38,male,9,20050321
/6YyxOqHmy5UezXbrocuF8LcMtJ95t5EVB1fQZn+FTY=,13,33,female,9,20050911
Ql5+mu9bvlZ4em9b8xDjP6pxhnhjP03ALblI6AclPuc=,13,37,female,9,20050918
1Yz2ITpLq0OmhB73HpDZ7A6uN3STa/fLKL68zUCqBU0=,13,29,male,9,20060131
8p5OCqht3N6sMInx63msU5nPJuwEL742MCtOQ/BfBuQ=,3,23,female,7,20170301
fTZ9x+Uph9CYS5nyWHRdECdjcSvx09Da2TYJZKWdQDE=,5,20,female,9,20140716
+wjJvSbOMPsRM8kjaUCimpRm7CZrvmjKH4HR+Bl1cWE=,10,25,female,3,20120603
gEWU+bilfWws3wZPrBsLcURpsT8zMCox3xtLVwtNqHs=,12,30,male,7,20151011
Y0Wj8OEjtGx/1He/8SAr7Y8whpLb9k6blMx6j724ztw=,13,32,female,9,20080809
Chb4Ur0h1nTVMjTnHgX+ZQiAp1iNbZze413xTwTkLao=,4,24,male,9,20090518
U/vqYOPV/8AFe2UmeBLOSy6VpxwO0TzcBtVHcyDheZw=,8,22,male,9,20090712
poPv5apMWOFJejfZO8nid2tOb6qomnMOuj23hy9/DqQ=,4,24,male,9,20090730
p9Q6QkEYVyTIa1eUiELeTF3Y3blFyXDqxeA7OdUtYgg=,5,21,male,9,20090916
2cRyv6ktyJShYnI2FVW7qI8sMJwrc1rZQuLMF8id77E=,13,27,male,9,20080704
XLZYstmxJM5LCR365cK8kiCGDUONp1qyNTSrXvStw9Y=,13,28,male,9,20070707
6ODIbCvtKwxly2fuUIbgYVSzjCWZhR+a+kQ6La36/uk=,13,48,male,9,20070709
/mZpqt5H647gzXcugUYBBz1NGXRFuzDJgX+ZPIJV+fk=,4,22,female,9,20150403
rOQcKMN3/xTcm4bmFbhwON89MOwP06QHP+2CHe8wkKM=,22,24,male,9,20131210
q+7uBu+75rXmjc5pKT/F31CXZ8FuXrYiWi4HwaY0M4o=,8,20,female,9,20110617
D2T067Cn66AfXq7PjRCUDgBco45tzv4IKlaxv9TC2AM=,15,34,male,3,20140714
ZXgX92K6ROWqYChWVroxxSnPazmWPF4kEOwdZHOp2N0=,17,32,male,7,20130227
ga7ptHS2umeOG7LPc+Vo2jWk9m+ksQT0MHw9iOv6dUw=,17,25,female,9,20070620
Y4s7/gs8UOnL5szTdJHow3yvKJKFjGmivm1fOnYgpt4=,18,23,female,7,20160712
uh1sipFUtijgHC9Zmpp46gbNkz//wXRv9YJYl848Fyg=,15,27,male,9,20100303
880gIY+EnIf66GImtwgzagenUbXopCo9E15zzZA82+o=,22,24,male,9,20120609
nTBO+hBCh62YHsAUUxaDpp5GaOg3fyxm/uAWNfBLVaY=,15,31,male,3,20120904
xBBl80VAVqIVvzB6GCKx3NDUUXI3DC4lh2QJ+mcYtQw=,5,55,male,9,20100707
ZboC5YHaQg5dhnQe+l/TReHkwKEQ4IQsDRh2YnpKINQ=,4,29,female,9,20100725
AsbkpiGZ+dhSmt5jtZmBnRREg4OuwtV2+PIpfDcJAaM=,4,36,female,9,20100819
RaJl2xAn5Vd46S/k3qjo8Bd8pgfgJ6l1OJtvt+KNgxA=,6,34,female,9,20100925
fJ1d1nQtiFavba9mi2zKKIqHP66CIGut+NePZIm4dw4=,9,34,female,9,20071210
NvVktPXb1IYLqcbALrmcFqogvrc8wVREAH2JOVPtHLQ=,22,38,male,9,20110121
Lc4aFYLK45USJh+FvqQrH1jhwUsKy7EUvWnuu8ZK838=,13,34,female,7,20110121
SXalraNsEO07gblT9/I80OBtxYMcohMOJX4lPTD/2No=,13,52,male,7,20110311
iIHpL3D4BJUFW7ma3+LZMQfQNkqrBlHz3I6OslS6zKc=,13,21,male,7,20120613
wdyxnvzGhoFFnvQlg9g/yHtvu4rpwePxV8+BBX0ECIs=,13,26,male,9,20120619
ryggTED5FOFbTvM9Z9BCRR+3cznCu5e4p4mNqxAiEt0=,4,32,male,9,20120915
5QspinMgt89T0i6+CY4JeSFnF7T+gpybh2Fz4BkDqv0=,13,29,male,3,20130406
DUG3SPwAJX77wvISK6g19rNlpkdrBmD7J/GaZ7NtupE=,22,29,female,3,20130421
i/zCBdHQQF6ipGXDHSFqNazIWn0RfZlRljs/5GG01wo=,20,22,female,3,20130611
Zg2wL62iwqPIACUIii6/+PCfXjN1g5xYRqhAcsEseiY=,15,26,male,9,20071207
HNEO6oxTcWO3gz7yVNEPQ+VS425ZQ08E04oEwLgiL20=,5,26,female,9,20130714
bEWK/ctHiFSn4PPWwPdIB7g3gGnQxETAGCcG7sbSKvc=,17,59,female,3,20120125
1tSZP/4ZPgfqLmT5tOHB5jJxeanGfcyYSNNL4a+vL3I=,3,28,male,9,20120316
bfYDwUpLJd+nPOQaRTJ11zoPAeHQhFJrIHrNFvjBHpY=,22,28,female,9,20100312
8pamnwgLe+rizL45HwZRmUq88onbEwzCSHC7nD1hHuQ=,13,42,female,9,20060306
t701dxJvu/1EHKz8up+EduE/nv8JEF59DNexf4KuDPo=,4,20,female,9,20101218
X5YSdiapu0ZOP9H+2c+D+islURpnrvC41d07wXpYI4s=,5,68,male,9,20101231
CHv6S24G1LyovYI0HoU84d/VVsPTmhM1N+QmfHACKZ4=,4,26,male,7,20110118
pGRP1Xe02m5ak671Spn0G9E5lu7HDH3PbMsopezYm/Y=,6,25,female,9,20110408
AWrzRDR9g2T7WuDF85TVUhReXbQAC+txvL8DA0/2LVE=,10,21,male,4,20160718
du6FKLu2pdHCVd9AWpkRYEt44SkVRI/bBSZ1yqb10jM=,15,35,male,9,20100119
qKBeDoncpOi6tp2HzjJqNSR49NdeHyB+E6ElqUWTbyE=,15,33,male,9,20071027
7SfVup1/hIElwhh2x5IPO3sJRjbkHraV0uCBjdwA9jY=,6,18,female,3,20141213
1NY8NOxFGYe/OZd6qk4cIqna/yO6kbXyyKcrCaOdd6k=,1,22,female,7,20160328
UAZt4hsh33A+HWiWeAFQU2xsgKnTg8RncV/YztBRp2M=,15,20,male,3,20150812
4wxfpEWP2z7d4tZckkPm4UcMkULoIm2DoVQecSRDuts=,4,28,female,4,20161209
3E0FAfpLsCl0MHQ/d7MECcVNzQS8YHXSWAvKw0YauQw=,15,43,male,9,20050303
46VwGjeGywQFcAwTcVfaCN5fPL38kUqHztL2rcIxq6s=,13,24,female,9,20051102
429zHlniTQZCBCKsO70Gpy5YUGXJCfDOmUCgamZv3HE=,5,25,male,3,20131022
H6+ujOy88Ug+e8m7n55AzRkMcwY7rlKuPrPWh6JUCUw=,8,31,male,9,20080913
snrpYqcC24QmBNq2c8Ty4RvBSGSr2gDm7rgmlZ2LMXk=,12,24,female,9,20130425
Cr64uhoxSsi30fVjFR8UeOzJ6FMg3bYTvit0/b82v+Y=,11,25,female,3,20130626
OiwXyBIMEUGF0TezTIuSuyC1nBXr4+2NfQrYgYkOwzQ=,4,21,female,4,20160821
Wbw/fiDyMEYvkQX77O8Fsz6IyfPMRmqgPj+JDKF1BdA=,14,18,male,7,20160916
DuOCQCBShZZexzIAYHA/K9hR+s4OmZMjNVM6G68YLvo=,13,20,male,3,20130120
/TIKONixdDGxdDeMquV8LEpjuUsNU5UrxJu0NzJy3TE=,12,25,male,9,20130217
N8yn/W6I4n0NcbADzPCa0Y2tzV30vQm+J+3T5X3jQH8=,21,31,female,9,20040327
kofNgjLCdANUCb/iOUXUAEjvk43ngocxCSlJK5cS4Yc=,5,34,male,9,20041125
ygBYbCnB9qCC/QBAJ/oUyoyUEC0Kprdtcfr3FCdMa7I=,5,26,female,9,20051023
VPCZN0IzQ5eViYmJxkJJArHzhuZ6jkb8Za6CRtnShP4=,13,31,male,9,20100414
w0OjlFJMPBbM3eU8IaimSLimJLvZG0wjFXlA38jQ58U=,13,27,male,9,20100805
NFgC4BEQvy5RAiW4cf8pg9lXolIe4OTR2OsG0bRevN4=,4,45,male,3,20130223
DU1UPzcQ7rTVtWqCK2tWCaF9XvvKWqeZEsxkGFcWqnk=,13,29,male,9,20100626
TBdtLq0AC8Ko7gV35x3D/Uak59eIISjz5x5gNnXx5oY=,13,32,female,9,20101024
DMMVlqDgvGqTI7L6Ubnt3EQnaOr5sRnCzreqTJAmSOg=,5,31,male,9,20101107
5MLKca2gz+3oYTJlwHK2hSP9zXnta/dxLflAB3Rw3HI=,15,29,female,3,20141121
Q1AF3rXEtO7NFVSl2hdbcmx2iVnyHE/u2WzPb+Y6z3Y=,14,34,female,7,20130501
oUPbOuJmLVkNIINmD5I8PN/okg4AijCyK1z2GHtUuiA=,13,25,female,9,20110206
NeH47OvC6LEnrlIEwhMCYGp9U4E1y+wskZ0m5bio3QI=,15,24,female,3,20121116
kHYv6Kp4e9SEb+B81S+PN7kNY0yUckc1eHHhAGidezQ=,12,62,female,3,20130103
i+PGy2s0jcb8UbYdZ0vO3nPQtofKiqY4oZ1VoNStGbc=,15,30,male,9,20140417
83ltIlmWI4IDAvxkr8kSn4Hse60azb0WR1HXV4/YLWI=,13,21,male,3,20140510
YIhqYSo+7m3T61c8H6gGirjCKGSt62oA+jnoDb4WVYg=,13,35,female,3,20141009
MKkpF715oB2Fm9yMRB/aMZKhM5FQH6GQHLr1LFLTY8U=,5,20,female,3,20120928
N1AhhDXTW3ik1mIMUEGwSC4n4kL3ghhxup6Z5VjvVBg=,6,22,male,3,20121001
wIUyj7gGGucg2kY4+dQ322j4RyOWHJf454nQblJZvls=,22,26,male,9,20110824
hGdz+ILepqx/dDiMdgzdwInjIWWfBtQV0326Mnl18nw=,1,51,male,4,20160620
XnUFmaChrEj81hDbDnE29eh6OiirdpLE3np9ArHueus=,13,34,female,3,20140405
SFFMo9fXPYrN8Dge29wd0ppH6XWU7GfhoJv9ayrnabA=,5,31,male,9,20160924
yxzAsOg+O5OWBXERfkQ/EW5JKVl2MVK9fnJ6lWdqAqc=,15,35,male,4,20161004
GqBhbBYSO/nKXqjTDUUsSz5UOBM8Ppmn33qZzhb+o+g=,4,32,female,9,20140217
hrokLDyxvqsqKM+BVJbYm7T5Xqws0HsksgU+OmISXR0=,15,26,female,9,20100501
kQNCKgpQqBbK1QlF0Kh7UJvSfRD/yKTz62VvcUL1p0s=,22,32,male,9,20100526
bZBL6jRGO75yLVHwiksaSrtRYzeA2MYBH5Urt08npjE=,9,25,female,9,20101031
XzGJHJcDX4ICRrpAnm1sTP1qpU0+0Lgh0p/RApbFKbg=,14,22,female,3,20140603
32QsMPRAEviip8/cETpBPdyKccnwkwtqC9k4cF2n/xA=,13,21,female,9,20140219
FX6gBd1W0Lf5ho2FB7civWNZZ59lUfWMQEBsOFkxg5k=,22,39,female,3,20141124
bKSuT6NPSspxtkqbvDVHY84mfGhbJ2HIiumbCWnvwLE=,13,26,female,9,20080301
BofSRF3FWAGPNRlfwVQWgj8v+LmbZvf3bcize+O33Wg=,13,28,female,9,20080419
N4qVP+UiUX6mgK2/JAhErYUdUDiNSSdKkzID8bP4Li8=,21,26,male,3,20131009
L+QSqEfilGHmhf1fAY84RViMmPjZkQ5sSsf2r4tyggA=,13,32,male,3,20130313
dE+qD11onzrzg0NKtcDXkfe9h4Yqtt51bhp3XZHp7Yo=,4,31,female,9,20130316
GHoZRXL4H7/FbAUuuvAv89xg9U8hVWOtHDSGADWY7FQ=,5,24,female,7,20160822
ZVAn0OvkwohRlHVHaxKgf0I+nnqs446bAXFh+XqFKaQ=,5,40,male,4,20160907
dJCO/PN3TQLnIRiC5zZrMiCp0QQqlNJZo+EfF4lV/vA=,13,38,male,7,20110222
0XEbqzuz+GRW6TYNMXM9L44xOKzqy69aNcgfQrrpYP8=,13,29,female,7,20151103
Z/Khf4n2usG36rDxIuyuAO9jnfRgZn3BWT69Ajepnhc=,13,19,male,3,20140226
iNOvaUQywU+SfDjubMB7DVaVrWpyY4Ye34nfw1B0eW8=,5,23,female,9,20151002
Lt7ECoOUv2F4UMcxE9Bohza7ToNuqH/SL5zctpOccLY=,22,30,male,3,20160820
vpXfJy5+qbow5M0qIpt0VMu0G6oiiIDxXpVfLZSr7/0=,4,19,male,3,20150902
MUkTwSYFgcXrEuPM1yhTrmVc11hk6GMqbs3YPBTyOt0=,22,29,female,9,20081229
WiOGw67XmCKqrUfa0IgFrVNOswMPzw9iMEXsw27Fcpo=,18,27,male,9,20090307
fsbrhz1XAALv5RGDM6bOeznSnahcX16+rVfZGFnIBeA=,13,25,female,7,20160320
1Su84A8VoJ9fwHtRLyLBKV0Veg+W0Nd8gyW4CUJaESI=,5,34,female,7,20110516
BxjubEI4OW2snToZplJ8N1YJ/RNLwOBDfhrbEkJB5vQ=,15,25,male,9,20140211
MVIBegmzAXGpmnRozXiAFfJD3TZmh4TPdBGlEd8BVs4=,4,28,female,7,20140227
XvCNBYx2u8Pwb68mD/UkKuP3xIK/JYh2vtKy7o9ZA3g=,13,20,female,9,20160125
3Wm7EsjE+8A3jrE40hfqP9n2I4JoV6mGk5GSIamXpLk=,5,24,male,4,20151213
r+3+jDzL34JaZKXQkktYqvigNRZ4fMVzDfz5AfJ017c=,22,47,male,3,20130821
74roBF5YodWgpTzWzojBZqabIElvta1r/IfE+dbXOyE=,6,20,male,7,20120204
f0oCNnYoNoa9uoEnyX5Yr/mG7V19Qrp5l9LGYUnZgHY=,9,30,male,9,20120424
Ri76LO8Bj7weRx1AfodO6gdDK1msYjOKyDFproFNd8g=,6,25,female,3,20120601
+46uG3KPXTa0hMCulBRPbGrJV1RTpMdm7l4yfcUnuPo=,3,29,female,9,20051025
ujJujTy5EQGjECTjxtqT2EsDPcCdQFhvS8c3e0iHKHg=,15,20,male,3,20140204
uEHmCHo7TGMPn0jGXY6UVRJ5ALeNVbbznqR4yHUoDcs=,22,32,male,9,20080304
Jctu5ccOtCmD/ajDpTiMr4bi0ghnZqQ90Tk8wJzocAQ=,22,30,male,9,20080307
YOdhgCsEP7xHO+VfOE9bJfHomQep3W49vlSmTGkYkwM=,5,47,male,9,20080719
npyFVBNupypp0pbRTkm91RMnjFED8KmdOe6N+0ofkw4=,4,23,female,9,20081004
AIwzV1eizOpBlDs+2iIZNhHUIAK9wY2bSgQwYaJG/rM=,14,30,female,9,20110409
t7P1LhtVZCDw+Mh0vKFrUqtBtnpoulmqL0qfz5WjtRg=,14,26,female,9,20110513
kOpKpfZ63HS/4nl/1AiXOlpRlhn1SosEGYCgPNkktAE=,5,26,female,9,20060424
3x/5L+vIkvrdLTv5JuFDKFUK2LFdofIqn2USWpnstwY=,4,17,male,9,20130611
DlJeJ6IQo9b9/cVN2+T24vOcJT1r04SeY37kGdJyrVk=,5,33,female,9,20110616
99HVsfMR4YTd3ghRAHw4PtavOKTeWs+PO5FlheNIHF0=,3,21,male,9,20090915
FxbXR/w0jVqRk0tsFg2whCOV/0F4H2pQMZZ38rbgGf8=,12,39,male,9,20110807
1YgN000X6dbb7P23EAHbVCD5QH7nCNn73dl8gALv/gg=,6,26,male,7,20110810
Eici46KB9bMu8sclfQBBe6WKdVw7FZ8AK2POQY9vJjQ=,6,59,male,9,20110913
AhSWMk9kNjqBkhoNR0zC9KA1vEXCkdZInQBbwPhFiac=,22,29,male,9,20061109
wOavxLJpDWnsjs2bdnVzmW/8/aeyqPS0oNCx+FOjRAU=,6,50,male,9,20061119
OAJPYlqmFjVNH6kuIDEU77P/Flsyu3Ns6FX3RDGkaes=,5,21,male,9,20070101
JfIvsbDc1uhr9pGh+nnNLePCnr7D0Us5xrLWjNHGSBg=,5,31,male,7,20101211
7/k2rLrHLIvttGXyLv4STW9TwBhWuW8IeXtKJzD0IrY=,4,36,male,7,20140529
HQVSZEJUXET46DbOVX/WzKO8nogb5vK6EOgdhDnU6LM=,13,34,male,7,20110110
ajEECEu00il030I1l7q35hHhGsg/dvpggch/RKV+VoI=,22,41,female,3,20140523
yBDdqFIieuu98E9cpWl4i48cHurxsFwuqdWxHvXXwRo=,13,31,female,3,20120728
dAvfRqkbJjLGX89hEWO/i0h5Yte6VK14z+RD+gZLa2M=,22,18,male,9,20141024
hY4EpwF94PLQ4b7FESCtXFc3FrvaMAIxm1/l4a/SDBU=,22,19,female,3,20141026
A6IkmRMTrGIk3bBjwqtd3LlpX0EkuggcpsxM+wog2HA=,5,47,male,7,20130507
9bG7CumdyhCJZ6VvGh6UPuT/qru1Kj+gdybIMEFVK6w=,5,34,female,7,20130512
S8Y6SfOLsXCyRkTlmVeX4EE1095fQHN64Svts4fjG3o=,5,40,female,7,20130710
msz1PFHR3UGtdx4QTDq2Kz2EFe9X2TfPOqH6SnXDEYw=,4,23,male,9,20071107
1sJ+ieMicBH0GqsG166nWel32kPBgKQh1Y5QEJRWxgs=,4,26,female,9,20150701
c1ATL43DYWzkgv/uJ2LCtqWkOa7M0dEGCj8c5xY/w1c=,13,23,male,9,20090404
aMbYFNW1a1Ed0gTQnfaFih3L+h8fUMjrBd6MSX34b7E=,4,29,female,9,20090419
669xVxjSX3iNnLdxG5vqIu5svN3YjnxGKD/KrQg0/30=,13,19,male,9,20090420
gmhk2yzZY82mji3dLCS8S0q19Owg4JD3FdQP7P0WO8c=,13,36,female,7,20101229
Sc6GczDwvO49g1Mtorc8HlBORcRI/9LFIk4hYxbHRvQ=,8,17,male,9,20110206
OW7QvwjtJSgntI8epuYDmvu7ykNoezY1zqJ72i0uQuk=,4,43,male,9,20110304
pV8cWLg/dU5C+bqBVeK4SEkadEyeYGkLhUMaQpgN/ko=,4,20,male,9,20140806
oX5ZnofBwaXCP78EoUPbZyZg+pCXn37smzZ629ZIF9A=,1,23,male,4,20170125
eDhL3jkFx1A2EqM/5VeBJ7GDAtoeMgfkHFUmvkHGmp0=,6,26,female,7,20170128
YYYG6PyQQzAoKb95DNLAZfKc84fyd5O1rfzPlgw/Bo8=,13,37,female,4,20151022
cwNkJWQZBgYzmaYL+jXmch+2ipMIuZnCnspR5RtVXIs=,22,25,female,9,20151102
SWw/nHz+4kFPu6hfLt0lq9vhdwRGhJtmEelS1n2MBhs=,9,27,female,9,20090523
eCP7k685yPIF98PlxNLC2Jmaq9pUccrMiRgULbtXj34=,15,27,male,9,20090531
kQ+kMUiGvhkGabzRWV5hmzNETEwcF5bjvlmchpnPb/0=,13,34,female,9,20091013
GWnYbXflHIHgidW/C4YM8kuHmxLiVDfT1TZlWXEKaqg=,13,24,male,9,20091226
YElkNrC05SWRu/OOi6XuKsgDElhyJCnpVwFObtIctI4=,4,22,female,9,20140719
dManrsNTS5I4NI+DRqp3BbH3M6BGCTwvpxznXkZ7fbc=,5,35,male,9,20041025
njJAlE91opp01Fn8uQhMkWPh1bShit+rhUJeALjkuFg=,18,47,female,9,20090729
4sn8H6t7tTtmtE9gO1APMCA1nl8Ppxe1lb2iqr4w8eo=,17,22,female,3,20130704
/HaaMNW4neCCN2IuO3ccv0eqfnGm2j24L+/Ao0RZ/J4=,13,43,male,9,20041124
whuuYm7kujihJdI7QFm1WZ9/l/gU6l1johXkdKCedyE=,22,48,female,9,20050608
MDyL/f+uYAMqXZMicWoPGOH44bZbCft17o7axQnv3sk=,13,39,female,7,20110624
SHvUZW5uCBmY2k30arlIJ/TjblmzUfvpqFkaoHvVyhU=,13,20,male,9,20141016
iwdMuiVaI9+TVTkluMyhokfoiwU4Cr+cq+SmZ3+EWXs=,4,33,male,7,20141018
zccy+cHP3F322PCmqTbszp+AE96yVl4AzZhedjmxEoU=,14,35,male,9,20071001
V88v+Uu1fbGN6qxp5SrkQiGb6RGVQTq9WkVrfBnVsdg=,13,32,female,9,20071203
ayt7ZV6iCD44S+3UuS5n4SdahdpZMXq8T7WeAuijG0o=,4,22,female,9,20100209
Lom2v7n+WgqHFvUc53U5bLPQGjl5YoaDowpnDq1rBYs=,4,33,female,9,20070615
5MsWf//u88meW4sYYDEHmyBZkrE7ZpBaZVCnZg5GhpE=,4,46,male,9,20070910
2TRjgoFS93S2RTP8YV1tCC45MlbIBj9coyYvHuj7XYo=,5,34,female,9,20120707
0Ai0miVxE+BORJ8EjG4ODMwC1N7QAMfH8hGqCu93LAw=,22,30,male,9,20070422
CLqZsI1x3C9kQzdEL1FsOWQAQIF2G+qT0JSYxvtZLIU=,13,39,female,9,20110206
MEwZwYl2CpAVupRoWUaZnijKOe79TCYRX8+I9zfVCbg=,4,30,female,7,20110218
ekVCEgDEMHR0qKyGHf3F2e1P/WceZIXrxMmi1R5ALMw=,13,45,female,9,20110317
jl+0xME5s2XjRmAheGRlfWXKyl0e48svw7wbDNRz2pc=,9,28,female,9,20110418
V0kjywY6DekwsUiPlCuXvYsFLl5QY8MeZNbfl4xvoR8=,13,39,female,7,20160101
eYriLaEZrDFFDCTgldJNEIKArR9+niKvxfLFjvXQTpY=,18,27,female,7,20131212
PDqZe/J9hECItD69jZyLKu4QWV+acQXCNqhbqKf7hxA=,13,17,female,3,20120827
ISGMNMbYVyEIgrujLsGsD6HZ8WIqJiu93xyMN5L09l8=,22,19,female,9,20130929
eERmp5gak1kDIqDTznGvmnAjl+M9tglvOzW8kmtccvc=,15,22,female,7,20140112
AUOGtjJQuo5IurCJ4oH9aB4eJNKHNM99IR1YkwA+NLQ=,13,24,female,9,20101115
agS+qvcMqqd8HwikqpKzRVCX8L0jqFh2kLp8ILFUoX4=,15,19,male,3,20151127
DN0SHM//FT1XCoS5tuZoOa8XRM1BVUaaHPLtK9zwOmc=,13,27,male,9,20051207
yzPVPuodTHM2trwpUiIZ2dnDitW00gwEyLbQt2zhT18=,4,40,male,3,20121104
YCgj1hThb9zTn/dZNIQ38XfupV0NQhm0RBc7Xey30ls=,14,36,male,3,20121211
/Z+M1wDH6f56DsXEUQrIj6n9HwGqqn5S005mUA8C2es=,5,38,female,7,20160614
4K9a4RJwtDTMtVINELzEohEfV1G5PlSDIPWPVlU064I=,6,17,male,9,20160619
B7m7fzVskdFty3lsb5wdLrA0iBBCd1RCQzMu9kRvF+0=,4,32,male,7,20121205
Fkkf8tJGo4BMNLZOv8Rt+CDNEazZa7+1x3BF/nFX5jY=,13,29,male,9,20140710
KlIHoGASp+9NeLT7tA8Az+K+xcTD1emGxZlqsOZSL5Q=,13,32,male,7,20110201
IBNNxlaypvI2h297ENe4aIxpv4Vtg97c63ojFjq9A+A=,13,25,male,9,20081122
4WMy5/KY53ySrmf4Rel6dyT6MFN9YgS6U60LzOXggRc=,1,23,male,7,20130318
rWS7SckcwuTucwXb3WQtGs39TQPvLhEhAOL6CmuFjww=,13,28,female,9,20141221
IlO3n53uD4YmR1lOOc4MMrtseBILutPE+roospR4rfo=,5,37,male,9,20120314
6/6n/Ph24y0oCND5nGQfwt055S3Kr4/hOBjNO91YW/A=,6,20,female,3,20120331
8TEb/BTWJ+9B/yNUeyLAU5lFqf7bHIPLtNZfkd4od4w=,13,32,male,9,20120706
zetzjePFORmyVqmO0TrnkE7/nImH6gxWxr6CRg/dteE=,15,39,female,3,20120724
CybTlZjDyIHpE4bi+GILAYrtcUG1E7uZi8bAJI3fwbc=,13,28,female,9,20090902
o/VWFt4/+ZTaVHhRIvP8MdwZumcPQxt3KvxkpyZBiyM=,5,34,female,9,20091111
LJwcmq87mg0J/7Wv+QkOBaogfgPTewguICqGmkNysWQ=,5,31,male,9,20060105
Lcm8lANBiUiWtiPw9H9+dwENJerRBrvgWmhBl8DjoZE=,13,31,female,9,20081023
0Dc7k2x+MUZIso/VMqcSC4a8xLCwGA+t93BwJ6tptQY=,13,21,female,9,20071005
viWp9mjOzH00/X45YfYo+O8fnrLFZwTfdPrWqCWFW3k=,14,32,female,9,20071006
aqxJcKGmcuAlQXEfl4SZcBZtmRGN30ii7WbE9Pq/6Fs=,5,35,male,9,20110403
tJXxHZGA747MALdltJNP7fCTCUpybCl+zibcMdxRyVM=,14,34,female,9,20121226
nxFgmoMvxY00PpiiZHH73X3Nz0BSelfP1zQaVy7pBJM=,5,27,female,9,20090221
vx+elvxDkrW1NwR91CuYbe2+ToO9ndcSzv7NLsClXEM=,13,38,male,3,20130120
vLz9BC4BzUwxqtJ975tvpIfj2RczRPwmTk0OIqlVAgc=,13,30,female,7,20110218
AlcNw7gXiD1n94ZxXLFupe6ZngrgiV7N7M8Wv+AXO9I=,5,41,male,7,20130510
IRUam7VDH+kZfOYjBpZewF/+Zjucts7aM0bY/8ilgWE=,14,28,female,3,20130521
FPaW72Z76faYHpp5uBUDLcfmGtgF3NZQklUSM2ezup0=,5,27,female,3,20150423
Bq/qlDBUTUR1NQCVattG4T7D/xe/CkD/O9Usaxnmj3s=,13,35,female,9,20070604
aCMDOC0XENRTiX8aSsQK3rXzJD30ugef7KSMwP4sLE0=,4,22,female,9,20120420
mo3MNpXTzChdx3BUwnP1Fau+BgDZWNM27p4vQqloCrU=,13,33,male,9,20050217
4K+QXUycOiTRufAHaaHBs+PGQJTJdyDuqxS9kv6Ccd0=,4,24,male,9,20050512
ZWMw+ePcQuzIiH+yaYx3FLFgIGZb6YtanJylI56ZgEA=,13,43,male,9,20050923
pSBqim85eA/FgKSN2jRGbf2QIS/JNQAy6U3/eDhKlAE=,22,50,female,9,20051125
TmZ5IdAMsdfxaX4Be1R3bHGStSzhUjlFHcuelPNemx4=,13,27,male,7,20110125
6BYYFaVr5D0Nl0HvhZ/qzA4TYMQRontldJKedQjEuVc=,22,22,female,9,20100314
zJWD+TKP7wyL6Zo+HCZKoTiOEcAFg2C7fXu4R1WAmPo=,4,25,female,9,20100601
SVBNV2yRWUGQP2yegeNPZD1loAWhYBEVzj824Ehoaqo=,13,18,female,9,20141103
XOwGsKuD2foKhHS9CD6nrnerjNQbGsAux+lvqpBzJj4=,13,27,female,3,20141201
1Q5+a//gvgkmOoWoD6pBbIdj41rjJIjPXC6gNUgyQws=,14,25,female,3,20131101
I9IKBZmjd6Ubb0a4SHFVtIIoUqzwxQLmQIabpNbzDVc=,22,25,female,9,20100715
ABq1Majbc68OH/vvkE4/0jhxDakXmeCtkvNAGsn0tn0=,4,37,female,9,20160529
Oc5NFUR2pzyP+g+V+yj/PTi22F7/L9Hyy0FBea66Jwk=,4,19,female,4,20160530
HA3HvWCoMMmm+f4QBD6B3VYHHxbEDvLPPOviJiK/gNA=,5,24,male,9,20100411
ITAf5v5+bO7oRCQut3hHl/dcmuadFa6CYyA2R1chFPk=,22,26,male,9,20111202
SsriGRjM/9SAEWjaNG6N8jYBTU2wi2tKWDLM3+0/3tI=,13,24,female,9,20141114
+XT/wfd30ZjXZXrNDmVI2NmdUr/FuRkRx0is4svpEws=,10,19,female,9,20130223
Fykfb014GRd9p+JXjhBofODtfT/cTEXHmWGJTwEV/eY=,5,25,female,9,20120616
xCzXLhtrBzvH1XTzcnyc0yu4QsqwP0XqRPKa4UxAISM=,21,26,female,3,20120624
/7qu6qq63xAtwK87vK0XAu6X4f6GxSD/sI6wZsrVXm8=,5,37,female,9,20120707
pVbbzoWxemEbpddBAwiNwj1qVHqF49jVoivsKUXOFFQ=,9,26,male,9,20141212
HElw2XOdaFipbsKaNmMr2wJijLyStLozzZGCkCAyZQs=,21,27,female,7,20141224
pMtkzjq41H1Kq+UanWkXQBq5zfNcls0723iaLOWkGHg=,6,23,male,9,20071228
xUw7KsXXaMEOOXok6GpIzILhmgeWX4X5J8p++NlHbxw=,15,27,female,9,20080413
spJlowY23RJ7MMulVn9jCjgJLKe0qD1sPbXAeLU+0f4=,5,32,female,9,20080806
LbJFPcz+fQTreHxia8XetW1wdt4Ez0Zgco6d4oouP0I=,4,53,female,9,20130629
fDXf5McT11gifyw/RmA05VoThlzWI/qC4eok7+WuLEc=,15,29,male,9,20110605
ZTqPfojeHHpy1QKnSSdOEKnZBZwpnk8VaRWNe9lRPTw=,13,22,male,9,20120407
omMsFIuoCTWoQ0zVauXYzLrSb0XuV1lxBfH7BbgyP2o=,4,28,female,7,20140320
cORzL/VjZYAJm01cwISR9WtvhgpNGO6Dj1PS7c6kcqo=,5,37,male,9,20100422
xVcg9qTSTtjWY17GxNCb/VzkGwrSVCZt+CEKWVnPpKI=,13,28,female,9,20100911
n/tw9Q85Z4i4nJ6jHvczAadgo8gXeXXaY76JVf0tD6c=,6,36,female,7,20100930
IGS0JLY3DhwT8w5kNiROFLnoRj4vd562KyZXTvNx68E=,13,53,female,9,20060225
NRfhQIyYDtrwu/vYdw5qwIMV6Tt1wJwuH7dwZlYpLxs=,5,23,male,7,20131025
NvjVVIuxfU98FcsWH1ISthIvGoVLI+IW1SjBCiCs3so=,13,34,male,7,20120105
tMETO2RFCwRacjYqNM0t9eYSwQtb/oyDlhxq2175uFY=,4,29,female,7,20110826
J9R94TcU1k1ZUgStWn+CpTsg7Nio/SjFNKUwcUoRMyw=,13,30,female,9,20070412
KfM8Doy5Sdi3IL82uDM/JQpmYlY86yntXtRc5guat4E=,22,14,female,9,20140323
y/dVzw5TSSyfvSh+qDgqvtuv8fy3Fvj8HAFpOpfVI+Q=,13,24,female,9,20140401
+I8gXGSHoSWtAAxcGhQGHeLCsSt8U+KVy38qX4r0gpE=,5,24,male,7,20130503
6TrFtkQ0KZbUBK0ufwnPfbWzMZdUPK/hf2lxln9pVc0=,9,42,male,7,20110925
ZUfaDPRr9giucodjlpQk87thu0jj0jYRwcTU/AEslr4=,22,28,female,7,20140205
/3MyRttgKPWUvSz1M9iXPj9i6SqlJ/+neYCAjLcT1pg=,4,25,male,3,20140210
zuv2d9HH4Vh3ivPjgXaARt2zDagHnHlcMKAEhI8exsY=,7,33,male,9,20130714
BbTX+aJDQaY39i0ygxp8gU2LgzM2aNHYONH6NCX5RjM=,12,33,female,4,20170129
TZtbBzLSV9YWA36fIvR73Br0J6GWi+aXPnnHwlwOaZg=,13,42,male,3,20131216
xAaippQBl4LnVx0M1jXkXPsnzqG49xNGIAyW8DgU7iQ=,18,21,female,7,20170225
xXK0NiwnjlAwZ0HHHOchoYzJvFQ2ecp4+LhQ35C0DHA=,15,20,female,9,20140608
5IAlE+lu2rfke8/u/o8op3Fo7gGbzhNW2SiJeNQUZWg=,15,39,female,9,20111120
T138NvY4O+LD0ylspHLPfR/D25d3KByMQ7yCAge71Lk=,4,36,female,9,20061012
vbK/Sour0rbfUGbYUKXjo0/sA3P6QNxJErwZxEG0cxA=,5,18,male,4,20160907
ggjicJI6BTFD2nj4br5k6dYuYtlLSu3w8MBsvcXoKfo=,22,25,female,7,20160905
jp9dNhn5thf4FYnS+4k7yRMi8grbVz0YBEu/LKZuM6s=,5,45,female,4,20160911
xjNuBarkKMjCdAPutP0SNkeH1ECsSDUhrwoMEllwfb8=,13,50,female,4,20151118
7+I2jwTrz7LzRliz+nX6q/6uQ5GzWv+yM8Uqe3MTTeQ=,9,29,female,3,20130129
aZoRizetaf3fH3B8vUjKS/naW50M1ZWCvIR1DM7ihqc=,12,33,female,9,20040326
7jsNP8Dl1GlxpMd128AbBr1jkjMnkEdparF6nyP0T7k=,12,25,male,9,20090203
J7iD2Uc2JnCxshguBcz8M2Z4ABvUvL75CWTIYip6Cgw=,17,28,male,7,20131017
+pPhVrNO2uFJcGJxfyklubwYyw6Mg06DYn+V5lm6PCg=,5,22,male,9,20100723
mEYxA4XNF76fDyrC0InG9IDpBZx42ky1ZAtqelq0WlM=,5,29,male,9,20141214
2XFyyolXJdt62xvT4n0L8hpflfNroe2r9O63WlVnndE=,22,24,male,7,20151020
J3arZAVZb6hC4VzV1C5KudErdsAqJilo5imvSVjLD38=,15,26,female,9,20151027
v23QxwFuRBITUfYHs7Zl9U+slU56qMHrnJdrP2h4vAY=,5,38,female,9,20061001
fHTRprK3nE7/YoQktx/pjHV6sjjdAXNj0ZY+YfAkLP4=,4,33,male,9,20061025
4q6+hyPSSZRJtcAfR0+Lw/3GU1ej+5d0D3UTOwLDq1s=,13,41,male,9,20070417
KI+nD4FosGsccLZs5aLHKO3D0OCwmPz19KsVrSkbj8A=,1,24,female,4,20151123
maKGiiw+i3Hz40HgbYIZn5ScfJQYvaaEVMNIvT6yrI8=,13,22,male,7,20151130
fbaZ536Fn87UYJz3bZRRuTbzuuaJ8s1SxJrO8BzYNFw=,12,25,female,7,20151201
VlECprB8EYbeAYWCUm/7UtAP7D/d7ESBv93Txrj45AM=,15,24,female,3,20130303
RkFU9AhiBPVEIgCOFs0YE2pfzkulYm0FiyHuAlo0jIw=,13,28,female,9,20130505
LeXcCzBns70b2Cd1s44R/+nkhmVFp5HEQY+APzQ7I1k=,22,25,male,13,20161004
aSs4yAqy1v6TI4Y4V4y/bCV3TORf6XdtWBsbR4p5/A4=,22,21,male,3,20150606
ZkdgAud6Y76fLyzj7iYR/6+LO0d3W5zKiR0594HgyEc=,6,22,male,4,20151103
Z9NGpd6TxfyIstAWOu67o5/jjLMd16GCsbSuJzthWx0=,5,19,male,3,20160103
dhbRgd9qu9IB+NDnFSy8Eaf1k4/qshqAB5RgenqohL0=,5,24,male,4,20160107
JdWetlSw9QjKdoYdciDPnpt7oGjtotOnYsoMZb6e004=,5,25,male,7,20120201
Vx4rke+ALOg8fOLTvkh2TM0f0WJvqu5AMwKRAOwHSIY=,5,30,male,4,20160514
L3/uhssEA//UJD/yhBSAjUwKAR3wK/Ryvb+2som2T+4=,5,35,male,9,20111116
yf0CctpzbKSd3+D9OaJpFpIuuy1w1kj9q2rRXo4QBTU=,6,29,female,3,20130623
rCuKYzxOhDe0008sujav2nhanq37AQXWi2AWQLSbVF0=,13,24,female,4,20160415
gqxXZxbTUwwjmWA5Kcl5fsDqguFrTX0BCyQ+Sw8xMb4=,22,29,male,7,20130906
+fJmyjNgw0kJ4crh7dnLmGNWTWdaMM1+vaoEufr2xgI=,14,34,male,9,20100918
mRa7WWhANX9Qmuw64WwGZyWN8aYkWw0aEgSY+w9+BZA=,13,23,male,9,20100921
jdybOBMrl6tc4ym27L+laHUN0whqrVsB1+AvmoW9ZG4=,13,16,female,9,20100925
7tXPLZezIOfLgSRFmefxDK6eff3lQlmz84ly4F2L+ts=,13,26,male,9,20101105
b2WnvQ4D45BeSYLXcFf7VIy8n3NNNPba8+T2cQ/V82o=,13,24,male,9,20140202
uocwpUQlVsbGbiovz1NI17MhbPN0CO9++woIPqfExVI=,15,32,female,9,20130925
aSkfmedaDrVi9p84ucB3WcbmzmW5cyinHv/l8q5PK1M=,13,30,male,9,20131025
bYnPkQzNeZISayt92moyGHcwopodV3TgYy94P3QtqWE=,13,36,female,3,20140131
Oik+4c5V6X7kaMsfjhHfUUVBkQlK3IJZLzoK0oYEA0U=,12,28,female,9,20060718
5vASkReUfDxw7SRUJ9FK7n0fGYaBWOWacz/tmA0mLSs=,21,29,female,9,20061222
389GAvRe9TqbQa5lxjvOGa5HapVKl/N7cnSCe6m4Lws=,6,28,male,3,20121107
PjXStdP+BwsUR1oHYTn2RZxDgv7ZtS23GQaQDOwaTbE=,13,21,female,9,20091229
2vubKyoGaUZQcTjYmnMnvjsBterDH1JPgwiYrXCotR8=,22,27,male,9,20100216
/jGQoVoQ5QeH59nGAQK3T/pC8EU7d/rcfPi5G/5R/xM=,5,26,female,9,20110402
2bbCFFs2+XpchLCjwY5bOS9MWvpKnFZ8/mEnDpvc8pw=,6,30,male,7,20101018
mtXsdaHhDH6aBhr/wcRso/6I1P7dVcpLg+LmGDVI5a4=,4,16,female,7,20160731
+VbURzwp2r0Kgyidr0g7k+wmoQEYlD5E4kFGYM2oQ9g=,13,34,male,9,20100530
i2zHYuirzsoBztgjhzgjHthvzLzGSkkc+7+q8iQVxk0=,13,34,male,9,20100904
DWqpYruZDqHAZvqJoD+Bzyal2ntVF50X4ILXsaMrfc4=,11,44,female,7,20101010
htOsoyXXQ04pqDViKsvIInlNmxfM2xEHqMpczCFPm9U=,13,28,male,9,20151030
K2GI5jytP73pI++ZnxqdAEqEJ/3DbwDBD36zA6o1eNg=,21,40,female,4,20170105
HmzK0Bq067JwXxGobZg7B5yaHwAJv2h817Lns+dhrr0=,13,28,female,9,20070831
0bnsraBhI+Ui4XIlfQ45G3Pcja7KGFmq8a6Awy5m/fA=,5,48,female,9,20071022
cPEmeMdyi9TsquMwB0sEPpDuUQZNwQclW7MLnepkQNc=,21,24,female,3,20140127
H8GeNBRhDscwg6+CRGFqdtxMbOnDzNo3KZ111iVauN0=,13,29,female,9,20080222
k2Q9D/efeUux2drbfzvbjlFCO0G5WQ4PNwFOuIZ97uQ=,11,33,female,9,20090309
hqbtML3khSSh6+OWWdgZm4b9Fux1caxHzXmHV5USyw4=,21,26,female,3,20130121
hrNvBBr7NcddDDmo/RATUC9wTOkA4TYuYqTbzgz5E24=,22,18,male,3,20150926
OmaIFYx560Yx/0d61SOgbSSaq0bfb/yxcux8rVAm9z8=,4,30,female,3,20150708
YtdhNY5TqW0suX+fBQCVLmKJu9GscaSVoadx5wCozbY=,14,29,female,9,20110220
Hxx+9IOKxt+0Ud0qiu1GaYA11xQyJ6ZsR22oJpedyZk=,4,25,male,3,20140114
b1VEnDUiiGZW55o9vVMn8P6gWJTpQoEqmsvepU61SUo=,22,26,female,9,20130813
iR/y39zslvEXH9uV5tY18B6jshZlXYqsyBg4s2YBVe8=,18,34,male,9,20110315
79u17iK7qtJ+NElM9ZTRfYKP2tsshKVytW2lkG0IoNU=,4,29,female,9,20110328
fOx+Rdu4/sbLDXhseenv5Ef9r0inx2hMeVRwPbR8SfE=,22,34,female,7,20160222
alvmATv7hLtVyhjaHcDrPZc3gB/CuDwk93Zib9gE1CA=,4,39,female,9,20080120
i1gZjrkRVLzUY89kfg0nzQUE9gA50o2ynR41i7/0r48=,6,22,male,9,20110512
eYCSYpAXGy3vwpvm7si50qeEo7+hAEGzkUoQHT/FCPo=,5,30,female,9,20110526
WDFB5M/J6A++F1q3YEqbjoHdLOyDEd2P9x13Niub4qk=,4,22,female,3,20150816
LejwTrAt9ZnOMTyvyyIjHdLlWBpUDWo8rX4VFz6hP5U=,13,30,male,3,20120204
NfFqqN6sodcU9Odxvdb97mHYOFI+15RUWv/i53fByFk=,15,52,female,3,20131005
swCu6ehAkzMOhJs10m8d4m9/1VAuDz9plCIghjjHLoQ=,22,25,male,9,20090725
eW2F49dmC/ugMn3x1be/5zbweeTCjo457kI53Dg0tKU=,17,29,female,9,20090913
wpQ3olsLrURqZjeFKGZptwTY9FkpQ9g7IKdp0fEyKv8=,13,31,female,7,20120922
I1XD4mEP5nccWAC0jnpmhcPNwKb9Rv/CRD7TNQghxm0=,8,21,female,3,20140328
PcYCWBOm5uckJqnW61HnKhzaAOxjdZimYpg5YpmxOR4=,5,25,female,3,20140329
QCfWbsr2hld5TFdryCwcKVZ3yCn7dKgTvL4mqL5C6zM=,3,33,male,9,20111025
j7zB0tfO8DqzVflsV1TpcPWmOMIlZxuwnqMIyGNwz/4=,4,19,female,4,20160331
TYMf2N3kmg2LaFxQmn/bF1tTnzRWjXpmA0zkGiJ43nA=,22,25,female,3,20131204
Lj6VQslIuCMvBVt4iWmOuxd6UW0uRmnnsOmHTFo//lk=,5,17,male,7,20131214
viaHqttXZX4zCqqpaBheWuxubMs1r6KwcuMzNU6hfHs=,17,26,male,4,20160417
La4a2weq0uoFEEggTyYdCD4Np7hdVSu1mYx6A82ocK8=,13,43,female,7,20101122
f9HGH1MXwuer0G2ncJh11vlxCAiMyyiqI8he2I/BqNI=,15,38,female,9,20051101
g6xUlubKKO5KuT/wdNC3aLdfa0DwJnLtTYTdF+TTSP8=,13,17,male,9,20160408
IDbR+YDetKXWx2xBWAp3AWd0suEBL7ph4SdJA4CbHEU=,22,27,female,4,20160414
MC8wuUtjbDBLiveEK8WQoCcPZzpXP+kA07qEtezHqZM=,8,27,female,9,20080731
Y6gfcToaq7Q2BsJcwCaA5epAUARkQPtRxrWCsTbT/5o=,5,56,female,9,20090108
lFHWPZSYyg81ADcWn7qd+aO/qkRLrSoDZIdyAtq6x0k=,5,34,male,9,20130902
cEeVvRUu0laz+81otPuTKALojhH9aJWj2eAdKb6POEU=,5,28,female,9,20140629
oczuLUQh0h+pci5fzzlzhPnP1al8rIWFtaU5IZUoK3E=,13,26,female,7,20131223
39mLU8/cdEg0sGu4dC8WBvfPzKxPRB7Mp64c2UuyYWg=,4,34,male,3,20130311
KfM3t9Y8EOyQ3BbPwPFYvI3tZJpIMr+bPgt2DF1ygPE=,13,23,male,7,20130606
hT0x6ax6N0xp87iPPBzexMlv9GdD8LLq5t5By9ryEfQ=,15,20,male,4,20151018
MDkpYUocG0Fokr/3xcQxjSW1TdD//CyhbAeZu7XeFbE=,22,28,male,9,20151025
Ix9OhbOmwmpUzXxgpYd5esB/TaP2ylS3J7PPRiuUWD8=,4,30,female,7,20151028
k11nOU2w5FqkiwFflPyftVwojlHN04hq0i2P6PM3iR0=,13,24,female,9,20090128
g77FgS3zJxKo3uX0Y1oHZd5tt2vqiUmVukZkPjqbruA=,10,18,male,4,20160601
eqEfP6r3G8pwqStA7HQAwQG1lxGvYKaDdQGLFSM0cS0=,12,20,female,9,20160424
mnIagjHwD/hvrEA/hiAFmPY8nJwx2l41+kBoDvgYIQg=,5,46,male,7,20151207
rQE88ccQe9V/iglRnx67hx/Df+fMWmSv3mh5sFfGjR8=,15,42,male,9,20100807
SdG1kPLJPRGGvN8Pm4/ZMwQA9X5WDJh0ZtQXqx4lIZk=,5,42,male,9,20140227
ug+Jr/ZPWOmjv/qrcNyMS6uHW3yCAD+w9Eh/1omdtOg=,13,26,female,9,20050524
LwJ0Eq+J44n+aq2tClkdCZEZDfyXsMvFr2EN+niv9QE=,4,39,female,9,20050728
r+eUH8CXgcx1X9phgwu2G202THijS7PSmfo9BRt1yoM=,22,39,female,9,20051031
Kys5sK5Xv+tBv3n1S12WB+1smEgBRtOUYoDMJpZ6bnQ=,22,49,male,9,20051228
RMkCES4/odKKhcnSXBV7+fOb72xwDgtf1NDjt2BJreA=,9,24,female,3,20130504
Rg+Z+dk2jOjgTlUj08tiaUeCvJi89863jXRcGFMu+YE=,13,24,male,3,20121129
MMAjjy0dqZ731xd/+czrIh9Bv5AKy0sIEN2D3K6JfrE=,6,30,female,9,20130331
/pFR/+qLfJ5jSunStZ/UnQx9OHtG7AjLC/akmFpj4nQ=,5,19,female,7,20150807
E5VVk1UkzsA0qtJXhZgE0+TgsIxmZQQq4ca9HYex2m8=,5,28,male,7,20151109
cnZ/9JLCmrkE608AQj1RHSzm6K7PDfn2Vseoz5btilk=,13,35,male,9,20051013
T+6ESaU0j8oxweXCCb8/hs8PLuAapSWCAusINm4GhdI=,13,22,female,7,20151207
mEKB926/MlQzN0HEtOZaPo4aNcubluoeDAoepnv92Uo=,6,31,male,4,20151211
EzXc/hwjDwnAnRqQP/0DA4QHgKgv2+37tyQOcY3Ow1Q=,11,35,female,3,20130711
moON3a5jZu2wKmJwgr++aCSeLHQxY1SjkfGzbI3NGRk=,5,31,male,9,20110519
YIEu3KFU/1oo6YxnAsAwouIqd24fZZ6u/AVQL4NjuGg=,13,38,male,3,20140210
wmBl5YsyIKxqD/E8ACCTILn8w6N00WZOjP/O4PiVlRI=,21,30,male,7,20140212
JDlJQKpHaOPVM/IQG3JC1C+GS4LM6ndpkXqmLrODng0=,6,35,female,3,20140223
4ybpozEdR6z3gKkELyYMApOwIj+LKWIq8tLIUvzj80Q=,5,43,male,7,20160116
pFL7AiBqpTbY4EYCKzG6Q9fPqTPGSX8w0atooNxdXMQ=,5,23,male,3,20160829
qUou4c0kzo+ynWn/SBRNZbLof7UR50CLdItvSolPbzQ=,10,31,female,4,20160904
WduxCMynqJfffHzHz7TM3mwQWH2WwUxTj16+W4cASeg=,22,20,male,9,20160906
BF37I2vtFERVGe9716BYzGS6VCjt8e2ZG5g2YJ9RrVY=,14,28,female,4,20160920
wHMH/+ylTpF3p3sCwpMh0KtpwILxDeRu+v3Y4mNChQk=,15,19,female,4,20160629
QEf9KNeyOxnP+Q8UGLGGkzYx76E4u2O+BUCkb2Dr/VE=,22,35,male,9,20061106
xzWcX8/ObuO7AleOEizVyH4FiUaYp8Ywd0/75hhpMNI=,13,39,male,9,20061113
e98wuuY+n8C6+yEoGXmQj+lkOAw7AhXi3Z9EINTwBCQ=,13,46,female,9,20070209
yf0hZzg5Ou+Vq4QsmyfcI3K80sKfhcztJ0zJBPalTXk=,13,55,female,4,20160311
/1ypG+LGRWb+Ekp4tJCXw5IyImaCFXIu5vg2GTjog9Y=,5,24,male,7,20140326
dB9ptOMOqVoR/FQ5cEm0+ZyeJBjI+tucfxNIA1R7/H0=,14,28,female,7,20140409
CBhB14D1oMV3kAgd3xOGMP9QcOCV4amtu2c6nef1zuU=,10,26,female,7,20160116
PvPjdhT026Jf5geX7G7eJK9pHyP/ESw7KvNbzexe8H8=,1,22,male,7,20160130
/3ouuOIAsUHZbC1zGvrN4CFVPI4/uuoursZNFi9k3ek=,4,33,male,7,20150506
rANw43qZ8M6lTAXhoyZ7T2d4UjyPMhkxdsGsVklVFQs=,12,27,male,7,20151205
jgExCric1t5ANPPt0R5Y9NXKJD2GTwYqSt2LpZ+0UUA=,13,30,female,7,20130730
jUY+B9ivSkrO5gKe5A3/sLHRyLVm3Fz6hoWUTDUwrz4=,15,18,male,3,20150913
avHRAFCU3rvQT4QsebOlpwxXtb8viBiviwnbpT2ERY4=,13,23,female,3,20131220
yf0P7Vw6o0I0GQg0DqK/lXQaHgb7MLp1Xxs2WKw+4Js=,6,27,female,4,20160619
hLX1lItmOvRpmsYApeANZ19Z/JF/uxq9xe8/4v5jWYs=,22,23,female,9,20141225
jcZnksiS6xCOHnr5dqPXqh54HuiMaoANp0x0Om6UbNk=,21,22,male,7,20140328
KrcDJtOBFgzBXDovNV3qSgsMi9T8UqWeVGtJ12BM7L8=,22,20,male,3,20121121
cvaec2poGanaF/HnMdVobiAT5sLWidzAyuf0L/gNyZ0=,5,29,male,3,20141026
vWN482fwEB0Qcvl+dZmXElHXomsyxtnN6d1HafsX1bM=,4,31,female,7,20141128
PnWK8SWSFzwkSq1Q0ZUrsRly7y4BYMNvdrxiaj8Ijmc=,13,20,male,9,20141207
CCYq9wjIwKPTIRBSdbcVoY0q8kosqJxC62AzXoOa0M8=,13,23,female,9,20060711
EjN0O9ystD+4+oJYJJR+Md519eazYnZ2lWcLNDrt5xI=,12,28,female,9,20060719
AA2G3vfgBxzJ/0+mL5gZ6xLjKp28JMJwa2mgu8ZewPs=,11,42,female,9,20061020
JxdepoACcq+MVQOy1uFgZpxJSaRjoL5ZSOnTvDyTBVg=,14,32,female,9,20061123
RpMVnZ2m8wAjBhSG+0BqWmwEGgzL4cLVNg/NrB05q+g=,15,23,male,9,20061129
/sQkU0L0YgMQPfSmJlDoespZnrCE4n9QK6D/UJq5bdQ=,4,29,male,9,20070127
Z8dGEc4h895efnfKes/UqirDfVDO1CnBL81vd3SfdQM=,5,24,male,9,20070206
q84ucX/m+UvN5MoaUG4a05el7fuRkz47+2Kqz7idN8k=,5,40,female,9,20070213
2S5y7y6pVcW2X4cSjxBbbfrZGbWy58AJESh8PF87wDw=,22,41,male,7,20150723
l9qTWl2CKUDWJldCbMnaSFYAz53GjqAbreySU76YCKM=,13,22,female,9,20151125
js7qSa5jegVmLHXmg/fgYJBKzCXkkbH4foyfO7+j65M=,15,25,female,3,20130325
sLmETXm4pA1R/djZyfTrJMndXIUkAE3xFVybVvcbkwo=,11,27,female,9,20070105
ZfA9opinVBiHugyCp5UzMqvuUtc3W307KM7zzHde95w=,5,41,female,9,20070130
y0no36kMbDYtZC9IvKLH6jxU9DV0hmQscbpGXBsyKsg=,1,29,male,3,20150924
k78HCu3fYKlKJxBeZzpC1BEpM+l0R2gJdz9QjGA1+Kw=,8,61,female,7,20151009
JJPU6XlNbEwTRb/5gBV8ZVNg+ynlZUF+iEjlyWzk8ZI=,12,49,male,7,20151019
E9hGs/gE+HYqCn3zzUjcqR2RVb7/d+oeh/0TPDHd2qk=,4,30,female,9,20080104
jlmJLCL/jlNZGIE1YDCn4Km1XNvSo4BVlc3fMNWZKkI=,13,24,male,7,20111119
VKjtl8s2LRnkL4FddBTjfnJOXGmWFAYcq0XOcofQghE=,22,22,male,3,20150416
FxpjvnylCGqYeett2Es7lDcmZ0Vh6SbniX8lBIBQpM8=,22,38,female,9,20040928
Fe5rlQFtlFbRZARzroNdXpgMvcehltNMcnWQH4+XsC8=,4,32,female,9,20130120
svo2iMQS/r1jSFftEbxZ1wtlTXeMWQ9+S70Odf2F79M=,13,37,female,7,20130120
Jeat4XsreiMIKG7G3i2M0x49KBAG82USw3Q3LG5Y9ZM=,22,24,male,3,20130901
H/oMOzWPycfBVrkhmeXciwrAA17xggPxEroRgLM2o5Q=,5,21,male,7,20130906
vkdo+F1n7rmYiuSq1+yi55ivnw0wVPfKAKZpTgsEhZI=,5,28,male,9,20060307
w4wilKp7eY/cZjXnyNfy36ocSF/Css79z7MfVZ+Ibxg=,5,31,male,9,20060324
KPlDXIahmPM36cevngVIURKTwGeLUIwrqNrjQquX5iY=,18,52,male,9,20060327
hFSAR8KsSQLRu08tiFP0TcJ4tMuu9sECqoKbAjc0i98=,15,26,female,3,20120310
U155VusAA957YDpHxIpHL+85ZnTaU8Li1ZLY/8yJVXk=,22,27,female,7,20120405
lTTZeNd0+VO8MZsdJ0Js3lk2AG5iy8/+1wIYOCJacNc=,13,21,male,9,20100308
wJMl5rRIntD8x+vg59DP5B6SyFQIqeaPIvjmnqXxQp4=,14,39,male,9,20040914
aYA4/GC5RIY2OhvmtYMWEHGxJ85Bn24tc9IlQ0LCX+c=,14,20,male,4,20151128
PxOZooDaNcROhERIx2BhbPG5xS69w/Fz7Hk36eG6HBM=,13,28,male,7,20160219
E14+md1oo7W8TBIxDalMyetieOaozlU5eV1zeo9wjlE=,17,22,male,7,20120206
i+pHodQERtqofJxIcUqWAp8R2e2em7A5Fpvfry990N8=,5,30,female,9,20160531
tO1wWwlUjHcM6g2d/TGf3duOctzQnz/9EZEosJwERUQ=,18,24,male,9,20060815
459IMkHQxCUTuxuLs0/shzpQvlrMvHTDISlfXbveAnk=,9,27,male,9,20060920
+0O12SB+yRvnfOXUiPo99V8siiZ+5cgaXsWQwSddg4s=,4,27,male,9,20070506
xA+sC6Ur6DeJ/48tn3Fr+U2CacEIaKBozGqpCpFrKgY=,4,35,female,9,20090105
SYsdbj0Fif3B8PMYzcSruCLbcFF9ST5TOiXQnl+LXeE=,5,37,female,9,20090301
Dd9fOb1DY4GgQJVVp6MMTJFUV7yHi68QhqE3AtOP1WY=,22,35,female,9,20121022
ejJaNiuHy+T3MXTfCWXkSuWuzJxFh7DtXu4RIx6Nm60=,5,31,female,4,20160105
N6lEJ900+IekP3vH5ZucevM2KtI++l7cdAQ1O0nWmJQ=,22,28,female,3,20150311
EIYTlOdUFVX/blWrezTJvHx7F8dfQHg0TTylgFEdcNM=,15,27,female,9,20040327
ChOpRHQfV+Yua+D9HtEGjiP162j+zVHmA5jKg9k2eMI=,22,42,female,9,20040515
IM/OMgAaC2G2f/Fg6L9OH2ftvvCH00QwQtovsEf91PE=,6,24,female,9,20160119
E19z9SYIlaLqVHRmAZipNDRZVqRb9YAUTJPzce+K/pQ=,22,24,female,4,20160503
0blIkJHB7sYbIOehTueQtemXPZXCk2VSk6sAIPBorvM=,5,33,male,9,20110501
dNQHS9A5lgjgLiPHoBMj0QiQYNR6X9S5M9BRmhy0qdA=,13,30,female,9,20140205
tyQYruSy6F38qdAb3ysUicixzOryQsnniwapj3djBe4=,15,30,female,9,20130627
SJ5kfBRfAIFWIARymixpGhuZSTl4qXitXcqmalAl8bc=,13,26,male,9,20080921
tqrIzbtASTHzAo8xD7EJWlzj+ue1t4zJtjNyyCQOodg=,13,30,female,9,20081027
zRohaa9eQX1rrd6qQLor5G0tsUPRscxJDXPbt+GjIa4=,22,28,female,9,20160705
QltfDApbvb7LVpk4YVJa3LvjLnkYgZeGiyCA8BrARu4=,6,20,male,3,20150815
A6jg5upAnI74jQYXme/wN5Z/+TT34XIfQs9YcKgj9Sg=,22,18,female,3,20150619
oyMMXjmmYVROIUoirDGrlbZI1N7Ac743MMcTY/sVYUU=,6,29,male,7,20150621
iDCMGa1OQA9+MT49CJu81W+JxPWSq/LRJ10ioxwuJDc=,1,20,male,3,20140907
ejN3fsDAhl8bmp8XAh8hvaGp+Aw1d5QrYa1sEKnnGDQ=,17,25,female,3,20140907
q/xvgqNsRULXtqdjNeY1SVv5uQoJDXQmXszM/cmSX5I=,15,31,female,7,20140710
uCSucRdA4z6hiIGJGEhlUlbi9PK4sMSA2cCfYVIKLVs=,14,31,female,9,20110624
Cj6Rf4ExOxvacZB59THuBBwVVHrghQEnUnl8eYk75JA=,13,18,female,3,20160525
zhXQhtOO+F6bMI5iG8OGgoRS3cirywxVp+AGz68uO4A=,5,28,male,9,20060117
B8Yu7VOf4lbtZWflIv+itOC95F83Vo6x0oP/jdHWI8w=,9,26,female,9,20060122
GUtdiP3Ck62pK52u70DkzFJ6gKvyO3UsnGLzTRgOa+M=,15,19,female,3,20121217
4CDghengMeIis0XPRRGZm0fKTlVkd4qS34KRkyh+f3Y=,10,23,male,4,20160405
dmyk3meaJD17sHryAkBB+fFDG+F/XAYtXMws0Nkxp14=,1,22,female,4,20160408
bU2+Xk/URzWzKz1db+ca7sAihOrfT/ODPY8qB6dGf9Y=,22,20,male,9,20140309
+bXxOaHSqszZbezfRCLzE2gXU0WsgVlR1N0NbYNUfR4=,22,20,female,3,20131221
k+MsJVxMZW3wlakcS8taSMpgpZ7HNjroZMUtS/lxNEU=,13,21,female,3,20130428
IaBkjhoVdljefpZHsSJ7ib7nPdUk+BWg2UoASrnwEsE=,6,32,male,9,20140701
Hcr4YYuii/0W3ACk96x8sZCEgUjohyjVVE8Pov0OvYI=,13,34,male,9,20110621
ioNbPOEz+iYEE/tz3O7Qmq5PLAm4inVwPNWVcheI7xE=,5,32,female,9,20110706
8Oaonv2pUML5uTtiayOo2gwgt13L1x5p9zqREkosmH4=,5,42,female,9,20101011
pN7tYOHsx1HsT8FBKdf81/nV0H34aWyqW/MA8+l1pa8=,6,31,female,9,20081115
ewVwea7PiAYi6zI5UEChs+FiuSZFGms/4lhpOXz1jGo=,13,33,male,9,20081214
4euOQAm1YaFisd7dVqq8sIjVRwV01A7nni0ScifNPVs=,15,29,male,9,20090112
iUvJjhGse/T//SD+VUHYQVTiak9ayl7OvYap22xf0WU=,10,27,male,9,20090309
bJ6/iF+pgWCqsnUNeIYZPSoMo2p2aex6bwZ/ceTmV8o=,12,25,male,9,20110509
C+goFEySIxT6XfIzNkV+zpDqn+fUaf7TkFKIPPCBdm8=,15,43,female,9,20110624
fEkoePZFj1pWtUxgrpLiO93xMRfP56vj2cAFp8+Jtjw=,12,27,male,9,20100822
n1mRp6F24QqFwiX8k7ZOaxyO6HC5ZpXpJF6h3DLT+yY=,13,31,male,9,20071213
TeJaar1GZM8oF4h3hHX1zCMQl521KHUg56gyF3S2XxE=,15,54,female,9,20071214
N3IrR8/QJ1W9JQLa577JrIy56Zs18VZ/ud9/1JwyZIE=,6,16,female,3,20150920
7mFlHIjsXHUVlTaWiCy2J+ulnoA8b7cWxrMuMOcGSSM=,13,25,female,9,20051109
gDEOCl3RNlRyD91b+xsRGhyWzWGgLp31RqpxgDKuPdA=,5,27,male,7,20130707
qUuICaW5cTlxPwZizAnkpP3Rx81n43OZIRC9SN07Y9w=,13,19,female,9,20150821
OKPDh1SoKagOGqkz+thM/ce7jwtsIA0kUMpAvtmChOo=,1,32,female,4,20161214
TcvnNocoGwFLurBoAUoaN6w3eo7muqjmLMpAcdg2jf8=,5,33,male,7,20121126
SYtNR67sshi4EW5XfkzeViwuKIbjQr/cFmB6qJVLYXs=,13,29,female,9,20121216
tCe/bw1TfVJPdNjAO5KxYGtPSlmeg8+xwzzrgaYZbWo=,13,33,female,9,20081003
2ukYyGb28KXcl+hmduQUJEB6+y2FWYy3GE8oHOR2YNI=,5,39,male,9,20081031
TmPrNk2H8dp1wL8wttNypsVkmI2aMd2w877tmwQYWi4=,5,26,female,9,20140616
8xG5xS342SYBBv5p2SXXOty5uE48kN/lIPJcXrPQDSk=,12,26,male,3,20140616
k3ipoPHc27VtheCNxXIH0ckyRyug1T/eN6CFEEQWxOE=,4,27,female,9,20060305
Mcun3lx1ki4KG2FBFTLw8IM8/t4QwN27PbDw8zTQ6Iw=,4,42,male,7,20160415
SeP340aE7bTy8JpUmB6C7PU9Jalqhcq+56/f8Q/9T/I=,14,33,male,9,20121123
UCFAE8hw3Ex5ZsB6C5t8QIMaLCo2sDaT8f+92jlh2tc=,10,28,female,9,20080718
awP4LEi8dKYs5laQqMLukGyi7CLgHc66QXOrYBaWd8I=,4,30,female,9,20080929
AVSLq9+ftCOrFCz1MAOuaCVXQOK/S2/SQZyNvweyeAI=,12,36,male,9,20081022
cZqGneLhxsVXaQhRj2QYgdjdC3NoSo21+L0fV1VykHs=,12,24,female,9,20081106
PVxdWGilU9Z9RUQwj4WxpnjVJSPWanj0vYrq1pgOvak=,14,27,female,9,20081121
ML4nmPIYmYWkrqSCgR+I7FdjPEn82CFDIlhjD1gjBzc=,5,25,female,9,20100104
xdHuQ8L+pOZykvj4I7cKAJt9ydZwCdKer627eEa1wt4=,13,39,female,9,20100219
DqGYu2xip2MhYdLtlnzxX/FqC48bUXLB2QHUxL6M8kg=,5,25,female,3,20140808
P7zj00xSmh7kheJhb6awZ8RAs/wk2kuyIMo/GWfF0uE=,13,31,male,9,20110514
Tv1gPtHt4eQr751DPR6TMD7m9UbrVJgTMAN44LZnje0=,11,41,male,7,20110524
MkGMd7IuMfSCDvc8/SoDB7+PZ6kQts44gl/+/+SccwE=,13,31,male,3,20150102
7AXN/mBQriNkVuR+gUgVHc0g0FevnIR13eLZrxd2YXg=,5,42,male,7,20110215
Hem597r2QIiZ8EA+303tu3O2RyMX8gO7sKOg6loIiBM=,13,44,female,7,20110310
DXoC0JLG0TcqSPvZ6uqc3HnWyJZtp7ocrY9rD0zuWmk=,10,44,female,7,20120519
0+bqBbcP77TY6Juq5hn+bM9kWwkNCxNU8msgWvpaAEY=,5,30,female,3,20120616
fV+ba0dekF1zWJoIxQ4EInSdFKX/VQdjIabZuXe6hXU=,13,26,male,7,20120623
RhmMR+BE4URjxt5rMGGGhwpNfODLdBS312uTFPslcnA=,13,24,male,7,20120716
uecCKUzz5RacRSLx1lYtC1iKxiRqlY2ysUXoW6sIX4Q=,13,32,female,9,20120904
cpokAG0x77caccTOn8GOWhd0PCUiucMsPhLeWlbFJhg=,14,53,male,9,20080227
FA6Aoa/bFBk0D3WG9hNhi5bv6Dy2sYqH0xHSuymY9YE=,4,30,female,9,20080622
DOwyW4q5DD4lNbLNMyMEWOxGcpEwbOZy571a+2LRiV8=,13,34,female,9,20120213
nhVQmWFNUWK29rADdNs9DHm0S2qMVr0jFqeEqF7FLGE=,12,18,male,7,20120411
mN4TdtTSuts/WlG7XrGS3m0jUNPzh0RdYCIRkyL9WcE=,15,26,male,9,20110312
+24oRR0IhLvz88JFY0JTJrX/HqcJTn+uqQ9BrWrX8e0=,4,40,male,9,20110107
fBKpwS3nYgKyeJVj5G8E5viSbNqWpxE0+8n3PK3JENE=,10,42,male,9,20051114
Mad0QcdMR32iN7Srt73tGY71Kq/YqMiQ84vb/yHMiyQ=,14,23,female,9,20121025
1OJTo69QsFLr7LT/Fq94EyWu3tkz8zpy8Qtj9zaZ3V8=,15,50,male,9,20100911
a2Ym2Qp8VweFiA6+/jxjRsOYrJpihzCsGSESVpgb+FI=,15,19,female,3,20130128
iiIoaE7aLk4UHni0eW4cs+wBROoSqigxEimw5hfx+oM=,5,47,male,9,20120129
S1gBYkrU20HrV6ILHgztVFLgFd96un9c+mqD12vy+ow=,22,48,male,3,20120519
HnhvKWRgQbJFmu+9UmE4ZXVJyfMcvWNqaqBH+cRfUEg=,22,27,female,3,20120812
5YBx3hP9I5lUjG5/3EmoOH77slnaU9qdxzMpFOnlnng=,13,26,female,7,20120907
uLVJrV7ItX3JSZjLgF0fsMEHnlOq6APumZHiur7P/SI=,14,40,male,9,20110401
kBXGG4orYSbjsy7ocba2gS65CEjFHHjt5N45FctBJ1k=,15,22,male,3,20140824
1J8vEhgh7u2jg1r4yZCvi4Ei+ipvjo3IemJE7ojMVWY=,5,16,female,9,20131016
N/DjiEnTQP4iqxcHBr7+mrdl2+N87HQLUZtIZ4HsDxU=,6,20,female,3,20131228
oWclBnLUdHX46oWVUAr1q3FfLMbBcCeeIli0X/42ZBk=,8,31,male,3,20130118
VjmE+u4/gCawkE07eyHZzGh1Nxao6NJxZHHDduU7mxo=,4,25,male,3,20130126
TxEC6sW6XGPGzw68ZEy2FXzwxAMfSxkLHm+86gUjqLQ=,13,52,male,3,20130204
7yZ5TH+zfVJpiltE2dw9U5Xuzgq+2znSU6r9inAszn0=,4,26,female,7,20130305
fV66j0VV9ToJYEksovXm6SBmwUScs6V6ayQw5RQ7h8U=,14,29,female,9,20100213
pdiharWpAdZtXoPzQzjD0srO3vzc9yZeNyBMIwqBK+o=,13,30,male,9,20070803
kmkLODPJFeKxc2ohpQhFihbJsKP562amfpvysYZciag=,15,34,female,7,20130819
F3JEPCECvmzjHgT+kov3MwCjgFUqVOicSQrlNDv1OPE=,5,20,female,3,20170214
w0odu3b4AELmn+cdjNRucqSBXyWVm95X1m0wqU4GVd0=,22,29,male,7,20170217
Sztg5LwGFNJkuvC86UMfmQvPWRXDF+pqKdnBfRAB8i0=,4,29,female,3,20120714
cWTe1k/6O0mjFwSKDZibOVVA67psHX8yloymIvgzzEw=,8,21,male,3,20120723
HnFKUthzy3OEKMRaK+x3JzkRmbH1VTovgG1JjDSv5vQ=,5,20,female,7,20130720
0ztAFL4Yux9kBBuPPWzwkDDgfPn0Ya7dF6lXRXRtly8=,5,22,female,9,20080106
Fjud3m5bw/gAaSK5B7rrf1QcsWDEHFGnPeSVpUE0lcA=,13,27,female,9,20080211
EMxsNuW9uMyQz6z/zWESzBI1ygHdetEkOL7WVAqr8rk=,5,34,male,9,20050220
UPjsQ2KUlwF0Zq1Se+4yOVOb2xzD1X2GS0mJnv0liCg=,4,35,male,9,20050224
DguK1phKk+EdgzRaHLiewdK09iux6QVPENTdUuU00YY=,6,38,male,9,20050715
1Ds5V5gz5Aw/8Y/evo4tM9VYB6Uo29vtt42PgO0uL6g=,6,34,male,9,20050215
q0WeMnFjc/b8odBZ77H74HkCbFDz+1P8En8++boSdIg=,13,32,female,9,20050408
tluEZbNpIUhchj2OAt3Vqaww5gjjXQJbl3AkbtrXq0I=,22,34,female,9,20050524
HuP/gv3aIL+s5Et4qYVEhBexDRKcWsiAH8qlSIus5kU=,15,38,male,9,20050527
SB7mvoGNRoIdY9LhHu67XDOS/E1ArTf4JM4zL/6SCiM=,13,29,male,9,20051129
ARM4EmEteirTrPCRpIraYR2J7sgxC7tjTef+dzV5Tok=,11,43,male,9,20051208
inWOxKmRUJ+zQphPMXh4zCm44QmyKZtdehQrO2Zprvs=,5,34,male,9,20051229
jNX0DBP3Zuk0UeV91ZYJD8przAl437KjMElTDhLusBY=,4,32,female,9,20060207
JSzBFRuFykkjHfdzhWpMJ4vN+CKdlimNESeD46mUtT8=,6,31,female,9,20100114
vKwmpWLZ0Nk43gfbdkENcueqtuyyNcNF5W7YTtPuJfQ=,15,25,male,9,20160101
foDjEfOJuq8KvfXsLDbeBnYoRDtqnNDYjOpGhDfGKgU=,6,22,male,9,20080315
26T8/9OPCIdxamppUZfBCxGWhwsSQ8C+bQLZmKPqkfQ=,22,24,male,9,20080719
QYUrQuaikZ0DqkHgscXucnW63LLIcbYkO70zFUpkSxs=,15,33,female,3,20131001
wjtbZKHWAy0ZK8ODND1VI/GBmXhN4uHlg2LpNT1OhLM=,5,55,female,9,20120411
o44eXDcexkRx7IWhNiQ1QRPVTt4WhlU8Hq+fNfN+Mew=,4,25,male,3,20120505
VnfnfYQC7fp0BG9lUFTCJ7X1GlqoyzIlPlzeCzm4qmI=,5,52,male,9,20101018
l6uVNYpDRDcVZ9VVn2Yf2+k0kI9WQOxvlV5l+jBMQFE=,15,32,female,3,20160902
IVVAWCpsV1qIbfRsfeqcqEGKtiKuYI8PuiQYLpSEnz4=,18,46,male,4,20160908
J466fsAB76Y6GVhbdryCdaAkWuuvUuw6CZJlW0W+Jio=,22,40,male,7,20130517
5B+sE/N5wzkv1RbM8g6T0hrqP109osEVjTDCXYrGy3g=,17,25,male,3,20140420
fsAWP+DTinb6PWcfstDem/BC1OZhHsbAQ5LvI2g7jSo=,6,25,male,3,20140614
N3lnnre+aDSxnLR/4nGXEFQCpTuUWP/IccbeW/Uvoh4=,15,39,female,7,20151222
cs75JJR+IBUFdBMFzultTSeQoQgU0E1arB8Mct1mERw=,15,35,male,7,20130329
FfQENYGLLHTpTIckI4/gRTtBLdLwhMdSdtXorckD9dA=,22,33,male,9,20040327
0sHhFkAucvSiZAt01fc5U5I3mBMV+zWuqUD7TNw8L3o=,11,26,female,4,20160410
OAXcZs7yOq0/QgIzPe487yjkqae/vitEAob+S4tXaj0=,11,32,female,9,20101017
THtPqH1Xc4LzaswIZm8qFjduRSxQWqEHezxtLCCWS8w=,18,28,male,9,20090802
K79jfjf1gVT6D6iHZlDjlAj9wuV34HKXxj1PJCBx+ic=,22,22,female,9,20091023
LLs9pSgYQCDUT3N0tVU7Gcl9fw5JUIgW7D//axl6DyQ=,13,32,male,3,20130925
/yU5dyratSrqtZ0miJ+LhizhwkH5Dp+fW5qGPolr+YQ=,18,32,male,9,20070628
dtzv0NGFnjA8Ar4zDy38KaqY5k5m4xhInDorG2ORlR0=,3,28,male,9,20071212
ScqZshupJA8KTEk3ujJnglFSLaK8aGJ8vHr4XXrcJBE=,15,26,female,9,20101009
RujTqds7RH3nKHymRk2fO4znTnSF+0ZbOit3+fJPNB4=,12,27,female,4,20160425
YoM+1LJYhxAvCLaQJFvw/YcOaM+NOA8MPilay+8G4Rk=,15,29,male,7,20160429
Edo+gluO7VcggGsOrke2UVjBlJv/nmNphJWpNkh/6RE=,4,39,male,9,20101116
oBIR96EZ7l/fi1wHGru3PnyFhKretwhryxPZ5pc2AxU=,5,46,male,9,20050718
PWxaPB/iz30lG1EKjie56lB2TxPlo32C+75jgIM398Q=,15,27,male,9,20051009
qd1rtJPk1oF6VmhUdK4QQOcc/Udfcs0Mrt3/2ldAeyM=,13,30,male,9,20051018
bB0cOt2Zjx/yqUz7ye/hLe2RwmhccnIOLl3E2xOhQko=,14,32,female,9,20051019
hpyWQPZDumdbNd8YiRN3/v+KPQnwTMhgO6CJYQtjXrE=,22,23,female,9,20111227
2n+G0SwX0Q2XEu8l6f/9xLe0i+Lo2pEkC7H6HqQzCF8=,14,54,female,7,20120109
z+yv5+9PrnZhX4yg23e1F9KEQi+FMD1hR9clZKjVN7g=,13,28,female,9,20140417
OxrE65wh5IbLqapwWSCmgALFZnvfoTK27b2vBnqshp4=,22,21,male,7,20160612
LxnzZhypYFip4bwp2m6dy4Ln8ceY6y3czxAjeXXAOyg=,22,29,female,9,20140909
jPYgvc8YUHLnF3rtOJaBwBOMS3uQGMrauTsybQ8jxEw=,5,22,female,3,20160807
m/FwvTQF1BCezwF10VBXvsySKC9ABGOJp7QOcD/aTXs=,11,16,female,9,20130503
edN9Bd/UfJogm+HFg8xUWZU0jreOS9QgD9lMDKxBEo8=,21,30,male,7,20130505
x2zn74Ju3W5qwFCYRE32+SdAAhSMWNjSSp+rrTGH0Bw=,13,29,male,3,20130525
y8di1ezhKhRAU8WE0rDagGh8txNI673S7pNfQ8Afisg=,9,26,male,9,20100224
6CQ1MvhbesDLkCLo70F8RPnc0GGuMVFgBH998jAERe8=,14,21,male,3,20131001
AZ7TAzQr6p/+pZZpKppvEMh4v0VIQuBdvRY0p2YTyG8=,5,28,male,9,20131008
TiZgIAYbwTMYxuT5rcMhAKtdhTqo1LrnoQJcNu0oylc=,13,25,male,3,20140109
w0LqqEyyHp1ItE+DPRTcuDzmGNGwpo2veFYKI0DKwGo=,7,38,female,7,20110509
YZQ37zbZojUAolsMHI1EaDXXlC/u/s5TpEQl8ZGkyFM=,4,20,female,9,20090717
J/xwvv7pLwm0/h6nC/03hM7GGN6WG5ZOBpaXAwbflyw=,6,24,male,3,20130213
Vfnfojw6Dv9c0BIRa9gkJhMDXSPxkEg4HJMVczZKoz4=,15,17,female,4,20161022
k6rUeOitg5sbxpoTONVQCMURSc33HGuOHg1zGryj58w=,8,25,female,4,20151206
4aZk/N/q6RgoBDUCNxA3f99MP/G2WESxbjB5ATTgi5o=,5,24,female,9,20060801
SOXuGlqauKB38KGewyR84PMEPw66lWo1dV2tBUY8hW0=,13,23,male,9,20060820
twCo6D2JvuQyZ3/FDV7u1mWGgWfp1f9SfMThyBRuGlE=,12,35,male,9,20061020
ToTMlhwvIOM/jpjaD+A6jCWATWUzdiH/WzouCaiodOY=,5,39,female,9,20061029
kPImc2O/If8YMGYjsvpfCdbSYCDQSKqpbzeOf4O9zjM=,6,23,male,9,20110219
8Ca0/1+407JGB9HrpPY+Y315aA9+Ftd1B7Z7zFb6KZM=,11,26,male,7,20110220
1Q36CvRSCLKXv4gMJ8gLRlh8oRYw9l/22fL0izCve9M=,15,29,female,9,20110311
r4ELoLxLqCGQTNU3IyD/8KJ59uMFUw/SSBOi9WGHFmE=,9,22,female,9,20090531
XG12HzOioBxrH8KG/gcH5pl5acGfL5YaPlYyyL/pxIg=,5,40,male,9,20040405
5cWu1PREWP7J4OruNEVT4d8xyXqwS0bPhx0GWXrgddU=,4,46,female,9,20130320
qTPhkWkhWJHCSIqS5unDANpl6fyX8X2x3PYnqCjsvrM=,13,22,female,9,20130406
8fpelYss3QIn0lIeX3z7Ut+IOuZPks5WkFx+Va7Xk30=,5,22,male,4,20151202
96Zood3ZtkxX+/cTeCUoyDCTe/e8EOWPjSxbi4yMF0A=,5,19,female,3,20130206
Mjc2y8bGXumBbRiNppjRWjGqRNN8sEABMw1XhOOppOY=,22,25,male,9,20130209
txLtv3bWsuTtCTqSjD7WpHyhYUS1cf3PPMcY+6rOCOg=,12,38,male,9,20110619
JI07Mr07EYYybSAfbtaicSuHTmZVaOwkAcshY3NUHgM=,22,37,female,9,20101028
BApBpDKSIx9X0MLL00fRxfqzPRFUCcMtqWS1PJrX7rI=,4,25,female,3,20141108
RZ58qAeZHNAjobLWN4YZ6VsXwXG7PeZR36ysqlA2HFc=,1,39,female,3,20141116
37ITnVJIYbYRU64tprcmHl3z8/5DLULS09tpktJUKws=,11,40,male,9,20070703
GTCJasDfW8Zu1goKp9eLJqjKNYYyAM9Po6Ck4GyPRfE=,5,42,male,9,20071023
7S6UTNm+1FXRhF5U1dVudrSwTZ2leKLLikxIoeB86GI=,13,31,male,9,20060728
zgH2/rMVGmiPl48U2YjInzcJDhVOoZsjFeCbEqBMctU=,17,33,female,9,20061211
TO6dBQLegq4/UXcNPhUeorXiynNVpONlYfC4tc6ToaU=,5,26,female,9,20061216
Ga/AgJKZ55Fj3Naa/zlJwF4s5mCHpy4/AVLWZrzVC4Q=,13,28,male,9,20070406
hbSKGq3JtffRKMw4OvkA03loiH27t1uEYkeOznuE8Js=,13,17,female,7,20150626
XiTarxI7ewDXVwmRBw7f+/ThBuguZqh11jF2f/Uv3Ys=,5,29,female,3,20150810
E9T4OLU8tWZmK7grquwklkNEATKcUGV9K/Gwl5BdNnQ=,15,24,female,3,20130117
DS0hgL6DZWW3lKsE6ifFhvdXYxQRKZXHP3ZnsbaoPKY=,5,29,female,3,20130123
Guh7Bw/AY1IaP+BLkllgXFIC8fBp0P2LtYux3OJgAkI=,12,23,female,7,20130814
h/TVbP2chkL2VP64+3NqMVHrW3AdoF0cIJpPRI0XKAU=,5,30,male,7,20160622
xThXIPKyC2JZkDYekMaipVc8t77rO9o1zASyebuc5OU=,1,34,male,3,20160617
3V7reBDv6Wr1LRQ78JvsVaK3FMWOOB91+3volQEAAWA=,22,30,female,9,20140201
nRvTp6jmryEgtfYeOEvTF0WUT1RBCmXKR5oKrY4tPS4=,6,22,female,3,20151230
lXPVNeB6R3cENleeH1rx/+1aOnlBZp3I5yVmeGjpUa0=,15,28,male,3,20150801
K9JG9DFqPYNXg9QYgow5gcVSjXsTAqhGjkF9i9BTaHc=,10,27,male,7,20120319
JBvOZegZVAxZycLWsm/GaKoAuBo2eIbKwMZpG/+Iqqg=,13,31,male,9,20061009
4uXBzD4pH2yPDDh+QwTvq9F9ulldZXQyFNjAQ3CSDIY=,22,31,male,9,20070203
40E4PivfbxsVsAX9efLU1iH5dDjKYrfQipDl5Tk4xxU=,9,31,female,7,20120116
v4mJhv6H5ChzgVyVAaO8zT6ANC7Dlg0AeVqetU7SStI=,3,23,male,9,20120124
6SwTQw/KTxVmIDdpeo93u4szLU0mjI6QVMgYldq11UY=,13,34,female,3,20120204
Dz/T5CesNH6iKCDPmxehsSEJsFHmQW+1XIvK348DdDE=,15,33,male,9,20050416
kWQ/729uTQGw2dZx7r01zUDqmJHbs+xQzuEWfyksdvg=,22,27,male,9,20050614
OHW2P19Iytm7cIXHHwi1YO5eoANoKDruIj1XoZJiCT8=,15,30,male,9,20060103
xjBs6hMl7Bj+AfVbzn0IPud14W9/7Drg9PuAlgbdmHQ=,5,49,female,9,20060227
Y9hfy+oVEb1gtMIz+2pjOjC7oomh8MTb8dGhgViij9A=,22,32,male,7,20121011
d/5b69EyeFG3dLfS3DYC9E9cyBwtTrHgQDXM1vH8rBc=,5,23,male,3,20120917
O/cqgjas1i4EFjhlGjkysf2armiJRVVersYtguqsy4o=,15,21,male,9,20070519
CwjozLKFIFqPv8YLFl4hlqUfbGrKOL1Yo2rrxNG/Irs=,4,29,female,7,20160523
NhXuFKZnpTUDGrhq0uVntSDsHV2JX85atlCVJF39rT8=,4,23,male,4,20160211
y/mtnHV8aH1Yx8nPGXaSxbcjASc8AHKRyI/5ZBCE5MY=,5,24,male,3,20130616
LuUmPhlt9cKX8Qs7vJx77JfsUrplnkJ1rVWB9S4Qv6w=,12,28,female,9,20101221
YYOO3A+knYN/icg+/jA+kcpnzjo/5eUgB6z77nl8oio=,4,37,male,9,20040723
MApUxAyF/EhJmOII3b0YfD5cMQXLLql9cxm4uI9076Q=,13,26,female,9,20050312
7WdKRqzjL83XENYFDFggpR9XBc551UO56qqbcUths6c=,4,30,male,9,20050611
hOtovjTZ2DvF+6WleJUZ/AeUNmwK8KBTLvqlRpUjnjc=,5,25,male,9,20130114
fKzoyJGEsaK+0HzyPCeQUXlAdc5Li0qTNz2sj7JpaYU=,4,25,male,9,20131021
M4tnDy+X4sJbc0XPZw+6gnNgo6DgU+KRLjkqp9VFt8U=,5,33,female,9,20040326
rSg04IDDXYRyJ9CAO5HNc8aIJLfKglotH/5dyhJgXQQ=,15,29,male,9,20051026
+n4z38AweGpkdpsB6JTXq8W+urPSOapX2yiL+ajE/zo=,22,60,male,9,20130928
hH1x53k1D4zX2L/iWctZkQBGwBnGrQEwMpb3zlAqQwI=,5,44,female,9,20090721
j/vW5ffGeaWc5n8fo8tqAwKrvXrHt009OtSNQEtJN50=,4,24,male,3,20131004
0WmhR2DOoWPgXae5vLlNPbFtYEoq2zbsvLnRYXn74go=,4,29,male,3,20131008
gZwq3U51QFhSIG7W7VJTbmi8wMvDNKxFUGF7A/MIkC8=,17,24,male,3,20140723
GbGU9VZJs0b1cu8S5D43+ZaXB/du5viE9/g+jNTw/M4=,15,20,male,9,20090410
9R8AwIbJN2s+pnOCHoqkb1qZHR/tVoNnV1iCaxg2V+E=,15,42,male,9,20090430
ABM5WxK8g8catLos5w0fwyXK1b26yxNDwhsbiAgYLWo=,13,33,female,9,20071121
MhIYXH9qeDgXO++zzlhW93l0gBCSBJ5ZkIf66w6Ufy4=,15,33,male,9,20070106
yG4Qdz3KcbA5dsvc/jLfQn1yn0+UqaAkkwo5P7xpKhM=,4,28,male,9,20070318
KdSIzpYc9y54hasw32pT4LtDT1wbVl1PdLKrXJKkSHM=,4,40,male,9,20070323
UDQ6eCuTcsoOwWKgV1ln11J8cu8WuIhad23xzZmZ9+c=,4,25,female,9,20111021
v7SeuF1VqvJHVIUekHs0Rgn/rZcaQn7LPAeToR+qsEs=,5,49,female,9,20051030
8nHpWPkGkWeRc77/mdqzpptONNamk7wlOhEkm+tiLeE=,13,25,male,9,20101217
c1erXqSO/nHr86EvEIaVhZpQWXPbNZiX35JR6CaXqUg=,13,22,male,4,20160711
3yG0z0tP4oW+1TAtZEEdW6U3T1ksV2lEfwZsfiEiFCk=,5,46,female,9,20110123
Pfv775i2AxnffVBrtorHycwXiOr0ec8Uucho4TM8tu0=,15,38,male,7,20110308
osvK9uNZe5ujcJvhDCNJIAIwJPaQodSZm9MPVzzChpY=,13,25,female,9,20120819
mMWmhw/pRsXpZg5NtnbwuWXP5xcv4l00F3KfRkrjaMs=,5,33,female,3,20141220
v5bDpKItpqFzUfqj6fHZJe6nWj8zJFt6QqHcc3Sgdl8=,5,26,male,9,20090425
VoqLiGY6A5bE9q0xyBFVuimKy5IicnmI+VCRbwSiktA=,13,37,male,9,20100618
GLqXaCuzLUCU0bpDNwO5gp8udNIOdoHC6thb197ixlw=,17,57,male,9,20100809
uRIGZEE2hXPo/p4wfk59lhOLCasOu0bqSacBowEI9+c=,13,23,male,3,20140802
Ch4RothjnmPFzEE2wxps97HvkhO4FLLAY1i/0/3pkHw=,5,41,female,9,20050928
ZtqnxAJWa7h/gBqF3pmbqKH2qjBc/rdtELt/gR9H7Fc=,12,26,female,3,20131012
kh60vhr0/oqQbCyke5r1drf/FQBC3OpwpQnzIJAJCUA=,22,52,male,9,20090204
7Zk3sE2kA/orIobY139yB4+IZx9QqqrvQFxf2E3/4PQ=,15,22,female,7,20140111
V+S466XvsIGK0GTSHTMtPXwOW2Nzd5zi9Vl33m2PaCA=,6,26,male,9,20130210
CY4aabsxd0vl6OPYHR2oKQqSLy1LkM4TtHiQauaizVw=,4,29,male,3,20140701
L4O9+RUiP0poDAhpXEVpa7N2Z5Bhy9BMY91bqOO0pdM=,4,42,male,3,20161212
ZoYmf26SOsb/I8CBX+quS4ac/6JANTu3pBwdS9WixQ8=,15,31,male,9,20050928
/e6Q97Uyw2P3ZWDdH2lgMOeMtIFgacs2sSLwNIB+wwE=,5,39,female,9,20060319
4FTnet72FGNi5OdJ4SIgSEQK6/UAMzyWPaluoPcP1QM=,5,25,female,9,20060409
LIevPNiE05JgMCXaFFo8fybIU50ygnQbznTa8yxjQT0=,5,26,male,7,20151226
H53qZNgac2LMV9wsCcMTUpAb20WALk3NAaPf8U7lWjU=,13,21,female,9,20151228
zegwfGM0zCEEdhpe7GNm7M+8sGfjgGGGQhZTW4aaydM=,1,20,male,3,20161214
0PXRJQo6UwPKiUmTfvlmXHVxnZ7moDZdPvSYl32kg60=,8,21,female,9,20110305
tRSQpYj9s9X4NoQuNE/obd75mkPXLOYqq3mj/uCjcGY=,4,43,female,9,20110402
7Z/etWm5Ib5diAHK51oEQKGQI88kWqiz+cBBjZJjvL4=,9,32,male,9,20070418
zu+1dR7jTaGFbL1hjSzvMpfmMTKNC5WRCp50/GZGg6Q=,13,30,male,3,20141023
NVZbfj6bJDxHxnmiV8YQLfmYAXvqEEj6R71hILS79HE=,5,22,male,9,20100923
esgDQEQ0W6k9x8ciIWNl43JYfss6WIw5F22xp38x4p4=,13,34,male,9,20080223
dp/Kcv1FOqhxwEJ+yOm61tCFQ0JPS5XgmqgUYSxtEow=,5,26,male,9,20060529
iQ/XkiQrJZeK3vShcJXgF1u96Zszu6u+Lj6eh5qqB4M=,5,35,female,9,20061129
QquSWY4MckdB2Opx3FitQjuvJb7RfRcUO4hCZuwRJxk=,4,33,male,9,20130320
j+rqHy60ENkuYe6w7V7m0FCVrGsBFLfrN3XUAOpdhBk=,10,34,male,3,20130404
eI7l5hUqcfgX+TqUAJ/SkK5MCDuZaTvQNl8a9CYW6e0=,6,29,female,7,20130428
5S8UCB9iRwxKzSAhkSDwWWHUq9KgRs3UsbW+dMFP0n4=,7,35,female,9,20130429
sPIstVG5kRvIuVLrrP2/oe8vBQxEjZ29d20iGB2xVnQ=,22,24,female,3,20120422
25tzBW5lg3sOM+PuXRH8LMBqp9GWZrRV2vmg9U+rFM8=,5,20,female,3,20130124
oB8bGUOwEpiL3VbBSE3imitzhCb8LdJWz1ZFpECswpM=,22,47,female,9,20130716
WfQ72xd3k0VAvo3hcZf6bf3TzAuXk0eSbNlUnFZPfbw=,15,20,male,3,20130810
eqXPBzEn6H025+ycHGZiBC8FCHETb9UXuTidOYdYAZc=,10,24,female,7,20130814
DqTD8H329qPejfm+KUW9DPNeytbrODy9g4VJbUe9sVU=,5,30,female,3,20121001
J1yKku/6n8zNr/6GOZb1dunIRodTeSNF4xhpUZ1RynI=,5,18,male,3,20140315
LB7O5gWu/qTWGpRgpNJ9fDgJHWyNkcnOsbMJ5WHrNaw=,22,19,male,3,20140408
24p2rFHAAxUo9H712n8FDHYIjTtITKROBve2x9JEqP8=,5,27,male,9,20140416
qJ7YLXUpwEJKYQFbMzsSzetF/QNmoT15VqknJOtfILk=,13,40,male,9,20070728
q0QaG9RVhwrFI6koHWfID5vvNrFJbdGgLqOFjhHnwQI=,13,28,female,9,20100527
v9MFeScxegXVWlF4u4lSsBQXTmNlWRDUMITmB67Dhmc=,4,26,male,9,20090727
fMDEUcE84PbT97LShpU7wngeWkD92K/Tj3Rl68L8/OE=,13,31,male,9,20091125
pSV/OUXlqLq3yWkGszewrRpuXnvBOUkodR7O92x8QCE=,4,34,male,7,20101020
Wa1zJ7QZD8PEhCPYL9iepQrBFh0c2fiAS+UVTWjH8jk=,21,25,female,9,20101028
oVNixr8OAgDrkv61kuM3F7sw9eor6H0QaL6PuKfGUN0=,4,34,male,9,20040810
VxxPGRYvzF0ecQl/M4NVE0wyf0Ft89AyY+VkAemDUWw=,21,58,male,9,20041110
7Q25BPkVzI0NYxBSsmcaL1rKm2At2iRb4GnroDb4beI=,6,34,male,9,20131116
Jdnx6lA9wzku2176E1dY/NwZaBXMkqfk6BCRqCeDCs4=,13,27,male,9,20100811
NZVcEvHxl8qY4Z6mRU/Ue+25KjDyTVye5QZkPJghbvw=,13,34,female,9,20100827
iSRtbizoRUR7yV6JwFlbvTralSTTCQvbHcmiC4WnIvY=,22,43,female,9,20100906
bcdGOxHGjjz/z0iYH6nEbsm7QZXHzoFE9lyLImD/2fU=,15,34,male,7,20100915
Hi3U+fWTSB2YlkOq6Lx3z2lif+eCwhL+hODNDgInyJs=,21,32,female,3,20120222
p86ac5pC7hLFrjxI4XO5NiW2Cf7hQR6UgKiqS1j1FQg=,15,23,male,3,20120330
eo/JImqR/7EZJaKbaS/aZF1xAvqZJ2evKXS8SY2KY90=,4,33,male,9,20110609
lI++WxKWwiZ+pA1NNAd1q0ZBXBBcIgoI2bXWRqphIz0=,22,31,male,9,20070530
Y0QC7KsT+rMmwcvoRpjwPMX7jxycwBa6nMJVsiaB6do=,22,27,male,7,20121127
FxX8qvZbZ0GsoUk7+XoF02mo7oM5830W4dW54maoeOY=,15,41,female,3,20121224
heDm7jdfBhT7JF+y/kWSzAXZ1LH+Vuw1oOfQTiTAmVk=,12,28,female,9,20091129
lft0U2mVxulpEKKJjlsyj2bdln8IbARWg/eWK9zSv4s=,4,25,female,9,20100223
jbEDSzlX4ShKXZTbCNGkOoeSaHyGHOZi/hzTYPzC9ls=,5,27,female,9,20070609
1P0WIi1xfT9RSV4NQXxeNviUAkmXsHDK2XjSktDXOcQ=,21,28,female,9,20070611
u0iyUkkKxWJJz32tzhqdwCKYlEnTHXdHYexTLJKpOWM=,4,30,male,9,20070922
hycVHLQGeweGjUP37i7KyLKeY8BxSymdsptrwgZ9+UE=,15,27,male,9,20090610
chccqjn1iSVi5vc9rEFdl9A8onfTVrwXvuln05FP0UU=,15,39,female,9,20091227
l25ZvFt2qNeoolsoHlpLaeY8fzHOH3dKhTw31TSfN8Q=,14,22,male,7,20160605
5o0yv9QZQ7THRGZy5YDuLWOhwNPskbltMxhVWUmKNmQ=,5,35,male,4,20160627
Wd00Shniktgh1QkmTOStdIOQNiyx1Rh/y3J8qIaLs/8=,14,27,male,7,20140617
B0QJm7crsodtfEK2f/iV2pFa4gsOlGruYMIZs3J9wFk=,13,18,male,4,20151214
A+Rjc22g0P6Zbi4uBOwLtkjwzDF8zOIF2BxvHOmkL3k=,7,32,male,7,20160121
cp7s13LqxIySiVU8LeR8m5F1qnoKnfOfPU3sFggFSHg=,13,20,male,9,20131101
/6nLat9eYO0DiJoUJKKgOFrhyo9+6ivML7lv/GI2i1E=,13,35,male,7,20131221
vXogeBljwOuyVf01apvOWTppl+W3cvDPHHLs3j1MWAM=,6,27,female,9,20131227
7Voa8gJq2/FPzE51fmGUxK9enV3f/YbrosTt8LpG7lE=,5,24,male,4,20170122
pgVPr6eWvj8Nyd+cjNtJeO2wpSFq8+LnqHdgJTVaq1E=,15,14,female,3,20170201
eqZ3ms7P7iTrfIpkYQXz6GQTtdijQqzZEaesnSoes/E=,6,35,female,9,20081214
3+lkCudJOnRDbCJkeCqPn2DaFfHC+oXbYITaNvxC6sc=,9,33,male,3,20141110
CD4tZwhDzGPI8Tmff85orGBQSlA/meRaTZaDKDFSomE=,13,29,male,3,20141113
RUW8xMVhk7evz3UeZEesuliSBiFG1WgOcAokp5oFj3g=,13,36,male,9,20071011
bec44uTKqytR5maoTEbXeKxnW+lGeV/UsA0fSnZY78c=,13,26,female,9,20110627
wqnu9ez5z1w1x85bM7X7SZAj9aJ6CILotwE5NujQmQU=,22,23,female,3,20141222
tg11BRpdClar4z2PBgcwgEQazKdpFJlZTe12Ecv66fM=,15,21,female,7,20140110
MjpxhwGG6ovdVQV+rhCQa3lf6GvOzBYJhC9NAGNmSwA=,5,24,male,9,20140125
Gv5C8rm7sSUSynELVCXZbIFlHNAj4A47R75aoiUwc3g=,15,19,male,3,20140131
bLf43Q9GcbNT+8UVbhTZ41lXUnoXsHQDIVSuWVviYhg=,8,26,male,3,20141226
GvRw7iX0wZv3h1nyiF3IAoT5Nazck0/OcP9XjGJZb34=,13,22,female,9,20131230
g7FYSS/rqEDp0RonN/ppI9FIdYUobMnz+k28oQxFe3I=,5,43,female,9,20060704
ulPSkvzrri6ha3pLWoHChgpmjbe613b33VyO2hDjiG4=,5,17,male,3,20111223
gXmHroil4i3uuyPYpr1hGUqhNzq5cQt6IdaNiwMZrzY=,12,21,female,7,20130831
0ndeOJjJTWzl7CJEZP5zCeFn8FJxjnPxaPR31Sxumi8=,13,22,female,9,20121202
BuiNkIDfJjI8kPHrZT1eERkDZ0EVzkXN+R6W10piQWI=,9,30,male,3,20150629
n+ip9jJ1E1AefcsFr65dP9eoXLclgO16zrYo5hiFjLo=,13,30,female,3,20150713
vT6FGvGnSF+/EH1klsaU4O7O4FLl/wcRLrEW6YRiu9s=,14,20,female,9,20150713
rAYp0eB77rIwShvgvreZ9/EmruDJqhAjZpvOpEHOJf0=,11,53,female,9,20040730
cAaILg1DLhgCvinplbYlTR7HG3LLAwGwDtFCJxyUW5U=,5,51,female,9,20050619
5rOtanQh0P/8Lm0qB4nBE7ZWvtHSzpYOkqWYTmEawE8=,22,22,female,3,20140921
pEWU/1cN+Sfp4WmzKhtqhhiQD+d71Ii5RMLiN7GE1yk=,1,27,male,3,20140929
LVRMR11/uQ5Jf7WDFnrhVRP0A+0mrtcKfhgwjST7OVQ=,3,25,female,9,20140212
Qmuis8khBPPFnqwc8pu4vsWiFn8RmhOGOSwkZbtydiw=,18,26,female,3,20140407
AI5ip6DRtd8jPgv1jiKLaF+oMycYbLc9Bw71x2Ldaac=,14,53,male,7,20130428
pTr9GfLJNF5hcRAcgDATQQrQZBffjaXPYWm6AJdsU4A=,13,29,male,9,20080622
wnWW8l0yUeYn6l0VLZifdH6z4zwr26SssKC4LsONELs=,13,35,female,9,20081026
YyT0iD1sUUkaE+4ev5oil83lHc5c3ixnWIMeXttZ3g8=,5,20,female,3,20150806
ErIhTWVihWrsEf+b/s2IV6MVBEJSc2xhjVLaCWtOfVQ=,22,27,male,7,20150806
w4wQZxNlGqojocCYb4eq0gdzWs/X1tku9a3RB2W9+WQ=,15,31,female,9,20080524
8WQ6WJ+2Pt485y++TgZTaY/mRwpUMYHVTjEL8427o3E=,13,27,male,9,20111216
OXmPidYn7FRiuI6sCnODbtAp/QZLXuTG4YUM2vAtEVI=,6,26,male,7,20111202
V/kjvf5M0O2WmhsxvMsANaeeIQzpeCWihAP82A76VB8=,13,36,male,9,20080107
csFuMq5w9fLjX7zQw50U7vP0u+HXUskqtcZ6yMLDLAE=,11,20,female,9,20131017
4iNz6rHUbpdPHC9yqkU2EoV01GF+l9JwpY7AdNLHgTk=,22,30,male,7,20110301
uBXlcaLqSgcGcy2HC7ejFao3qhkDpi72oYNSmgiNrEc=,21,24,female,3,20140310
Mc20sgWXRsZykNqinBvHnXzwNsDZiKcK5D9GiRd03iI=,22,27,male,4,20160330
eaggkFZ9aUhistCo5POe3EHaMP2VfEXjLyCJugdhSgo=,13,26,female,3,20130914
jpXcgVKUYrsuJedkoUaKNIc+mAq2353vU8EZleIqME8=,5,20,female,7,20140206
jvY45p8rAggeW1DD3gH8ATFeSEEm04Tok/zN0OgpcjI=,15,30,male,3,20130712
Jbc/n89Nf0qYdJ9HjiC2XrCKHkHB7LnUe72UD8YdIwA=,11,25,female,3,20130803
wzi3y97sIxBw40DH4qMF3QL0WfhrLQIKiDsJ5Bxw+SQ=,13,30,female,7,20100715
ONrEhzc37zzZptfVLZsCraQfxQkmH05HfDQEVNpa01Y=,13,26,male,9,20100721
p/uyJx+2W5ZhLiJTXxqu+D6vk/QpQxkIi0THor8e0JQ=,4,58,male,9,20101021
yvMOqFyY4sv6qLhh1wJNfb8Taz7oYaUcslifWnONtXI=,9,25,male,7,20131004
MXC6ZvUMa52adUE/xsZNJM2pH2bUtWoyc505RhSU0sQ=,1,44,male,7,20160830
Jeyr3GNSVGNoqKKUKLsI/Fg73EL6Th0UZoPfcOfldmE=,4,24,female,4,20160901
3CU+ELYINql7P1jR0GBilvDOR839CyNKY5X2d4cIzcg=,15,32,female,9,20141221
zURjKcnybtsw3eafF+m/FyZZkxUA+akfBsdru2YIWgw=,18,25,female,7,20141225
78A2YmQTbp8gF139A3qW/pND3vk6gefoirVSZiRR9SE=,5,48,female,4,20151024
fJRoKsI0ypuZ8DSqz+Wkd5s18zjm2rJUOQXljIQSk7k=,6,20,male,9,20141121
5tybjcEf4a8ABjTgfWpMQAqRszqd5ucYOVIFQrt4YpY=,4,27,female,3,20140123
aEqX0qLEbmPy3gS6Or2e/5fEO/2kSD4Q1LTX4P7YSFM=,15,22,male,3,20150416
WmE4rPfXTW4cHHu/5/TrRTpGYhW9zpxO+irbwJnBDcs=,5,24,female,7,20151228
M9iDITIqKfzYjGaVgdA8sKycVmvR/gX4kc3TU2QJv44=,13,51,male,4,20160930
+5G0KLSf/72m/erBw5+6RQjz2YmmClAvy8LQyWTtoCE=,22,32,female,3,20130121
TCHmPRu8maBXiSh8UK+nEuN8wN2BRlOsOOFd1Hj6T4k=,9,27,female,3,20130215
V+Wja4PTKdthf6u5JcMIFFcmCwJ6oI6VRcAV3PAW0c8=,13,26,male,9,20130216
MKupC3dsPa5+yTdRumnH42lbSKOPW62vGZnvTnC+jz8=,5,48,female,9,20110331
aaDrIq/ohYpUvirhP5e5PBDIzac3z/I198x6CLyObso=,5,21,male,7,20160419
eRf7zNP4Uw3uM7+jhvgfosUqIub3Vby2WG5QIY9Z3Bk=,4,19,male,4,20160419
69ozXx7FnLhaRQGeigjH1Q4TJt/ZTSU6ZowHpzxK/r8=,13,21,female,9,20140326
J5mlN3SUAhDWlLPmQywtqdukYuU64zNFfN/VlfNpRA0=,13,21,male,9,20110829
G8kvzZEdpQdmnpnp/i7mJAZKyt7Z7806VK0LKdput5k=,22,22,male,9,20110604
kJkmFO06/XafnJkqGnw3nfVCMwTPII1UA7yFrEPNVKU=,4,29,female,9,20060508
6AI0KnbRuAQr8JsKo5kMmGaPUed3m+M/qEfyvQnWyA8=,4,24,male,9,20060807
GgLJT/dLNF51uUUfqzmWhUGNqnV5UVL+A99+byrpG8Y=,8,53,female,9,20070302
xG1bjTg+9vYFxFZ+2ui4yQ7vsvA6RxDvA5k06GhRtBM=,4,29,female,9,20070328
NHRDg+oMV9Z09t+QeJeAtees/NesP++yYHwwVn+OfrA=,4,24,male,3,20150814
QWWJI+Lv/kg9+JfNNgio7jkqdDrJwqTirur+SPt466Y=,22,36,male,7,20160818
aXGWGKYuN9oyt2KPs5J03wQLbzSGbzY2p2BgAsvwljM=,3,20,male,4,20160819
FAsvlYrGjGR5fQPdcqrUb4BKu5mz/U9Ny6U7oqT4oM4=,5,22,male,9,20101207
RpEpOIoBzVwjwdshnvGt60oJxvfd8qU6EriR7zWr5wQ=,8,25,male,4,20160619
8SNLagOW0zFmT/6+KD3FTZpo7fsNEQ1uSnBedMSb8F8=,4,29,female,9,20130126
K43e1jUJORn94uXHT5iYiFumTU5SuiwKBCucO5rF04Q=,4,24,male,4,20160127
abrheAMsYkK0ign2SQ65VC3AVqcvqJrRPH6524gH4LQ=,5,38,male,9,20060305
KhMTf8U+rLPrkD1oLqi3aEhIxtVFYmJCwRQoR699ZG8=,4,37,male,9,20060327
TIceSFZysAEXb9b/l8+KTCu4iFV7TtLEJ3cK8hxKAwg=,1,28,female,9,20080723
659dxjhN7f+J6o9xKyOqOUbDXcn0XydwQOVpOhFIMkI=,1,22,female,3,20140811
3YWTpLu4DzsoSvNdJ/YQ8nz67LXg2ybO2TvKPg5xgoI=,13,20,male,9,20160131
jT9gmF2GTVsqHOdVml0jUXU8IUbWQP9uvEQg0UwOKW0=,15,21,male,3,20131116
YFVrPfrFlx2hcLXMXcI/DdXB4Q0INK5xZ/TfwlpD/OE=,14,28,female,7,20140315
I0/ebK0nIlkJl5LFsc87GbwYrRn82Saf1XdkyZ1N+GY=,13,24,female,3,20140317
iMREiOyyCkX3o8/4n8tc1tmOfJEbuRgxqtdN1ldEUMM=,22,20,female,3,20121106
n23nLHA0FyG9uKnj5X+ECFGAOi6lGzZXfCezvWKJ3+E=,13,31,female,7,20151219
0SRi2Qjm75bkxvYKXtsg1fhwWZlfH0628XT/8jvRN/g=,6,37,female,3,20131126
r+M6GCcbxEqURZ1Fu5IB3sXiTP77KQaHW/nZvS/S/+4=,13,20,female,4,20160619
8EDPcLS4jvuCnvF/FFXoSq2PWUvMlIa6AlGOdj6+aDA=,1,24,female,4,20160411
tJ8h+DkrrvmHOSZegnvxQ3OiCLKYmEKsXDD97gjJEO0=,15,17,female,7,20151114
xx2ILncJELrAZkEFUV6he9KWJYDaqfG8H2j/NaaaniQ=,18,20,male,9,20151128
gjzCLi+epnS0qVGoUwZr/vDSN9OjJU64g5jnHUuvUDs=,13,40,male,3,20150801
5d/KZY2pw/kgLHn+JM136sJriFCo9vTahAmUtrzyzKw=,13,27,male,9,20070221
Lg6GjbvTUxxl6lr4v/LmwrwyoSTfWW+s0JBl/zOkDw8=,13,24,female,9,20070225
v+Hvvbb1DZL0E08C1SApBl5sK0s4w+H4UrREd3n/vyw=,5,23,male,9,20070330
96zrNC9/6eULoowNkm/qN1l8R4rIXR3zBVCEahREULw=,4,22,female,4,20151215
IXfdFff3Exi3DdAJeb6Bssq6aXdC9l4DAhcLVdblqrg=,9,45,male,3,20150822
0FVS1cC1whDxtWvnoof4jSrr2WpaZl4xaQarSncSyMA=,13,52,female,9,20070823
fsYyUc/SWFvGVqg6z+69Go17tz8RmJq4BO7Gmmzkz78=,14,55,male,9,20070926
cY8Kx29L0P0N9d9wvo8VaUESf9uM7xImnoiy07zEqMQ=,14,34,male,9,20040720
M+SICBw2Y0LxX8zDWY9zeqhJqnhzR5Lu/76ELyeh69M=,4,33,male,9,20090604
eH215w7dTEzQiK3Lb4K4R8aDDCgcu8k/EUy6+qGyvZI=,14,31,female,9,20090702
FWYHyZq4iwfNkB0ZzpoRFBFM3L00FzERBxWWrbXPpAk=,15,41,male,4,20160113
0iiAgZnO5169TWTXP2LfAfRgJxEU9tZ65Hd+MOWBSN0=,5,47,female,9,20041005
E8PhsWA+YfheAjMITaat0JrG+uAQre4RPZgaAdkMHRc=,4,32,female,9,20041027
UHqzux51g7qDWgdJJMDdQJjphj9u9cDsZKQ1MqrWlaQ=,22,49,female,9,20091017
0Y5DWhaqawKiLSD3g6KAv3n+ZPOCRvbwyjABx1mc8FU=,5,20,male,3,20140807
98yLmdQYMkQ2GXFpuAwjv5KlhxFBFfDl3YDmg292ubs=,13,30,male,7,20140825
slrCbtvdzVdzZwl7XJXtU2WgU+C6hVBDszOSyt5HDlg=,15,29,female,9,20060908
HhKobiDSpzJso/D8s93SaiO8dHu4jvV1mSHZRUWARKM=,4,44,male,3,20140508
3xDhhmKSo/73L5IaJSOeGTAllGBrkG6+e/81R4Zayv8=,5,47,female,9,20110707
DbmHMC46sb05pHcKxIIcG1XlrAq0Cvx0E6SOuVtALhE=,11,49,female,9,20070421
oY6TgM6ubc1/MW/QyEAaBoHjfpE/oyyaOCho0UfWRHI=,14,19,male,9,20070527
oM0YoJx2s0OjdMZ1aE6YTajdklFuDCUKpEXC5/isqz0=,13,29,male,9,20140404
JZ+6Hc9iRLSndu342RzG5b9PwnafOGbWVsEwIVon+yA=,15,39,female,7,20140428
89hFjrUDAFpeR4gAQA2Wu/ChR/kivAL1jdCahxTkUXs=,4,26,female,7,20110730
bVhxr+/e6G9YjWf22L9+b1nrnTV48Ii/JJX6nOiMa0I=,9,30,male,7,20111008
NounNXS9hSK6pFIOawESDuDAw0rgC/+EX3D8hskO0TA=,13,31,male,9,20111018
fgMot7tta5WJYMOgsxpsmv8JftWlIBGbjLgw/Dm7jqc=,13,22,male,9,20121218
Z51uwEfJ61aR2TvRPzjEBbjSPnC7qi0DoQDq4lE2Kps=,5,36,male,9,20080126
GkzqQL4Z87ch8/vaIUcha+GOPTO3+bEGc6vX3jXdzAc=,13,23,female,3,20120922
2T4NhsEGjbCq87W5ni1dlHR0w8Ik7hNpwtpr0W407PQ=,18,30,male,9,20060328
uwYqPcmz2fr4nodGoU/0800jw+h5uHcqHwk+VVTPpaE=,13,50,female,9,20110411
qqEkuGvzEPHxywqVPADmWkHQqRPIjDdJYo7aKPW5uGo=,6,28,male,9,20110610
LhTgpphUyZHNV0yq4MFPVCs8/dCF17YlUxCMg6D+NWQ=,13,30,female,9,20060206
x1UFdHtSAsB+ZJPQR/WiicOm8TDovmH/lB6RUzmI388=,5,20,female,3,20160227
UtBVD08MX1KHOS6I9WtPbTgTCfHDyjhZSeY5znJWb5g=,5,37,male,3,20130130
hjSquw+kRyM23BxfUuphAu/+F4U4Hd374iX1e7Ar+N4=,15,25,female,3,20130321
wiGWV/vAc7Wnb9HGInAO/U11ZWMH8Mx8cw0oaTsfHpI=,13,36,female,7,20131221
vYLDONhWuj/tFbrL7U/6YA1gfQgxxSQIOVxnM68J1mQ=,13,25,male,7,20140120
FzlCHV590dxJjdrLztZfLp6RINTv5OshhrsnUin5+uw=,1,33,male,4,20170130
PQP/kkqvViQv76pGoCBj6gCbRxDdomi4YWv0cxhzbKs=,6,29,female,3,20141108
oq4O3ME0ZFFS1FAujJKGS7D1E9Trs9XmftzcG7JBYAo=,4,27,male,3,20141123
udZEsHgS2Me0CZS8fjrlg1+VjlrpedWIjR98PnIXRtc=,4,27,male,9,20110116
7RE2orXb2Jgz8ltgWnQSCsxSFid9v/OMVvhcRS/TX8w=,15,45,female,9,20110226
VVqgO8iHSPvYsCDNwKlPaehEUlpzkD3F6bAcaeICB2A=,11,35,female,7,20111013
ltJ3KX3TZSksfbGzFdUrzLh8P35yVnr58tMr92jULgo=,13,32,female,9,20140529
FW6mJFF5mCNgmaDCHyM6PXNWH98JiZvi7eUQ7MWam8s=,5,30,male,7,20140610
MIy3e7t75qTEGi5X0SfRV8i3ZrlS/mrDZ94UVjdCYyY=,13,24,male,7,20140421
MOBy1QwkHjrkAVY3zzqqc/b7uAh7nvfWOaIdbC6pGh4=,22,16,female,3,20140524
I3R5buqIvR8C1o6AgoGyOVY+MSdnjVrHqwME/THTBUI=,15,32,male,9,20140531
NgaQJOBpJkLKFBzUhUtgEhNT0dfEyDmScQAkKOuxOdc=,13,51,female,3,20140215
7Wky2fg0DE9Etb+csDKzSiM/QWjL1NTn60V9YCb5TcQ=,22,26,male,9,20100525
jtliuQfkMM4DuZOFakxaV7K0BYYk0kQ2MZkDykC01sc=,6,46,female,7,20101012
701zjWo4gi0IdfS5V8oRrCn+nWBDm3zptb5b2wQTdho=,6,28,male,7,20170227
LJH/Gr5iIIXSAklvm/uor3eiRMIwjYK0quQiWTcT0lg=,6,26,male,9,20041015
eIJrAskh6zLpQPQGyOy789WJG3DBZSCajUvngGP/8pk=,12,25,male,9,20050206
8F3wC9yJbA26ElO9dRkhN8CX4Bf7WNHvsJrTgN8663s=,4,22,female,9,20051022
vgIoyCZ7BxImJ96VoDxM5+kPeWbB92o9Z7mD7MtESmI=,5,39,female,9,20060909
KGuf/XQQVSAsq2tB6vcIWruQmFLOqFrAvEG0Z2NnUuE=,15,35,male,9,20061023
EsqMdIzDY1GJRinwvsGYbj8LHI2Bv9mBzAooDLgeZG8=,6,26,female,9,20071228
wsoJjE3NYpzAT6Xxucv30Uh6XDEfGEe+qSXf70koDlE=,9,22,female,3,20140519
TuoH4MwfJW7ZQ9aoLH4faxrqnr8A1BZoZzeKazSyizQ=,13,20,female,9,20100908
Be2ecbyhvP+THln1mIojWIkCc/boUvO4pZyIb6dy7Og=,13,29,male,9,20130907
kFzOvmp/BLnuonh6KuzdLqBrUkeNFZk5eeImvxSHaEc=,22,40,male,9,20101220
nD1OcgFxeY8vHEx4JUkZnebzFNdzCE6KumVkOWL1tu8=,6,20,male,7,20140711
vbH7m8QeyjEpNNv5Cou6j/j4vxCPvmjgv3+HlZcskeI=,13,29,female,9,20140722
bC7J17KX1X6iCj73vWyn/iQi/+NB90BkTqhuI5dtas0=,4,31,male,9,20110918
9GYOdZzFxbmVyhELdzIC+eC6PyqotMDi084IQfnpImA=,5,22,male,9,20070603
PKA4qtPSZE7ElRQ6BFnPwb6XZALg8NzxEYCgFNVZmnQ=,13,34,female,3,20121218
qOP+MHjJk2zSj/PHyJBt36yzZs1fTOr05u6eviOXlvo=,6,25,male,9,20110104
Cr2/XMIT7e3UO1Y9AgDiGHNOatOXBvPracTQXKAXxzk=,13,65,female,9,20110322
FQVjrVFhJDn9xuGSVJlgyBvSIIbSTwaG1b2kF1nGmvg=,14,35,female,7,20110401
DF24Q9suvSvESWzcoV0dA9MBGKKvC8DQh/uJSVQEG/0=,8,28,male,7,20110420
LfOAEYCdWIT21Vbl2EYJsf6B5Dtatm1atuXu4XpdmZs=,6,23,male,9,20110605
9O4wyMGQBc5dv7XElcTBqvlWzhZGUmJXH7hHLNNgfU4=,18,38,male,9,20091223
Ku5QvJIQl3M8r8wg5ZmFkIxOWqlhRzXQfshJ8wkdChU=,15,41,female,9,20060312
WCQO/S/ZtHN95PMn0C9wWngPWfo6QTYvx1CH/kSIbFQ=,13,42,male,3,20121122
fFWTRu5iLezAy4zlf1Gcf0zj3nhDPdyejpECSjeXG60=,13,21,male,3,20130828
eCj6BWA+4KG6LoH92cibR3z1hB7h0N0VX3g6Qm0WYN8=,5,21,female,7,20130906
+ln+yxETx1BwXWmSpSsz2PlxZmvRZDzWQ1lF1b2Ii0s=,13,56,female,9,20091115
lASlvZiItsDt1h4ykrRMlvjRhQ/cZBjvYX6erC4yNRY=,17,25,male,9,20100212
UXc8mSPrAjSjdu254UjTEn7f383mwTK/QcFKXfhHj4Q=,6,17,male,9,20150417
DRA2gmw5fUKS6Ko7V/PXT+P2Bq1UuuWx4piXfs0BlKw=,13,44,male,7,20120116
YVA9krmiBfwMiKxCbDfu0Hgvuv82A+rVKhyILacgvxs=,13,52,female,9,20120314
k56ru2E34btOP1Gr+z7Q4bKeAHBs9Uk9LMxK7jHR2Q0=,11,32,female,9,20120519
Q64sKuhKE5khBQxzBxGzZI+506RDeKlZzawPoWIjKrw=,13,24,female,3,20130318
TeMUOTMhUV8VLInPGT9geeH1pqkyNJUr065rOW8AB18=,3,23,female,3,20130413
8J9ZkHneGyBg1CsZ2Hf9cNcYCOtO4fTvU5/fmX7xk6Y=,13,32,male,7,20130610
pdaA42+wqb9ZW8SzU1m71eNLd+N/mjud6rmAWCgs7nM=,6,33,male,7,20101126
eTIpbAXwITFQwl/jRzE0doOhqW4FqNk9g7pgrbl2Xvo=,13,24,female,3,20120625
1qD64v5afvDYn0Bh+M3rnU43KS1YBlPjfy4hlKq7Sg4=,13,22,female,7,20121219
NXulo2V/zXNPvMhExku0RiLD+BigJarvCTesSHH562s=,22,33,male,9,20130204
L9ZlHWraBc0lJJ90GVhcZU14E+KMT14TYxMhXfp+exg=,6,42,male,9,20080224
neVEJMn/wPJ0wPtNHQO/i6zQceaKOAojGW+Oqrziu08=,5,46,female,7,20130512
lHd9NJXpuge3RHuEmptysRRCM3xKLT3rCbA0EQCH7rg=,7,29,male,7,20130526
qhYWZSHRuUgGlYMBdJEdnnDXiw2wT27T+ISu3O61Q9o=,5,29,male,3,20130527
q2ln3HTZsDL+mtYlZ0ILNWQMpOtczLsHWFUZ08EQGvY=,14,30,female,9,20040908
4+f8Ssh6PoncGPfPXvZaarY0CiYJQRYFmgk6VVqlOyA=,5,33,male,9,20041021
Ug7PT/E//ZO5Mg9lkCE81KKh8UyUdrdDDrpgWLSNEA0=,4,28,male,9,20041219
mCf4o49ElYrdtM7qNTBdNTvwb/uebp/Bs08wLkWKleA=,18,43,male,9,20060128
+TCWKYeY2NO6wBgXtuCoGpl5DnrjEeG/ZfnHfs24oSY=,13,27,male,9,20091014
mPBcB9e9a4mCKESv5xNOjJUHfRXYPAGn3k25tCfQ3cg=,13,29,male,9,20091106
JPa8TZ6fsqn18avtz6nY0Gy/IJfVy5fsj0O2Eb/TFKI=,15,31,female,9,20100131
4QEBPcweOF9OEt+opwezCn8zMBjGI83lKYxsSU7uUbs=,13,21,male,7,20130925
5ogLtDPVhntMkLEebAPnngYbl8RuL0ve2VRFFSltpMs=,4,24,male,7,20130128
43RZWCt1FZhCFQAf5Y6O9Li0TVMBrkr5KTomweaXaIM=,13,27,male,3,20120627
zawMRGS0QT6Xtgwhb6Sxip0JLwLMC1auGcmyA2yTnh4=,15,37,female,3,20120706
mdV7IwPVND7cYPJCtAHS+ZSBVHsO1Rkkrb2n3Ai5Lo8=,22,36,male,9,20070622
rJFoTH2k2QOJVeaf+JjtmUi0wIZRQDdE4nnKXEvLSKo=,15,43,female,9,20070919
TJlIo1vVRzIiVOHt8j0fR4Bex0Pe7IynL+WhdZ555qo=,4,31,female,9,20071114
RYsFb0RR1iCSQ/IRI075Ci22qowV7VcW7f5hwFcGTkA=,17,25,female,3,20141203
qUsRfgHASQv3jJC9RACLx7gabkaQskfRcmVAGeK+LFY=,14,23,male,7,20141123
mVBgFbtzmo+DTs/mv4yUern8pMoMzLu3sGpBjsnzk5M=,13,25,male,9,20100625
EjPwOeRYhlf+ZZYjIAVGnPmTKtdILZ6K7VDQUKZ+yYk=,4,38,male,9,20110108
DaZrl4XWya1ePlKtrJdeMRLIMc0tCZLhL4ARDccX9E8=,6,32,male,9,20110125
6GHnGRaYYGjjo64uRLfHhUUYU563vJ6kAvic04nKuK4=,22,31,female,9,20100501
SchuYVVmY5Xe5EDkm07klONMyZ6/Dur0xY6tDNpGbs4=,14,27,male,9,20040911
BDcFjIiVoq4P8Jx3M9M5A+mZ1DIsLNp5sIb15oToYAs=,22,36,female,9,20050422
hBLEHZSrovoJVtZyy3rSEDryeCi/T9GaV5Tr7uSEnZE=,15,33,female,9,20110417
urEl8zjqWfkxKu0lXGjFLDGerwP1Sg3q8hnU/HuSn0M=,10,27,female,3,20131015
witV2HMYXckYH8zaaQ0dJiWwolSnrsGk0nUycVm0hpQ=,5,34,male,3,20131026
4UAsV1aOJ3BCNpcdtXsOb8MQ0vrOagTD8P+i1RkhSf0=,13,24,male,3,20131123
SYUt+5YljO5E88I0HpM1TDCnXTUKEL7AjD7xXDGNFNA=,15,43,male,3,20130803
RmgNiLa71r7X9piag0uYZhhSldxmGpDGCiIWKSVKz54=,13,21,male,3,20120119
sCH6cSI5BuJ9JVbw6YyVn0U7M/4a3i7JSt8tcUZNTOo=,9,37,male,3,20120206
QZy9b8Rx8lx3kOqSlZ37O/0CWY0Cn/BLPA8nLMfZ+MU=,1,29,male,3,20150825
ZDdSquh5vRkc9aNelNAT8wPizRHoeVqUEIbJl985wqI=,5,42,male,7,20170215
q+rYXP72kG0k+d4WfBdW36imiX4VDPzTX7jxZbWoCHw=,13,47,male,9,20140610
brCyhwDQveYY99EyldLajrLIAtdQyiyT2PHaFIaSb6o=,13,26,female,7,20131011
7sNJ+LdD7S7gmS6O+PqL50atG/NDduvQ/f37WFg7keI=,5,25,female,9,20110224
tXTd0oQeO/nvP5SV/oN9krKFvSZDDk1JtKr+KuO7MFQ=,13,30,female,7,20151117
u4FhQLcgmLZo4nl+CqzdMueDwDMpDgIIOoDSFP7TwAc=,6,29,male,9,20151003
RzpCgBMPkJO1VJOuufU23sdS5wn1ZkAPuyeIDxLwrgk=,13,22,male,9,20110417
F8XnyfQwAXUwPr3nwF0vyj8BmVP3GJMxyJNy4Lw0Jsw=,13,52,female,9,20121112
mLWjBjF5TPKOYuarB8skI+UPyNBCd/U9GCvYDG34JxE=,6,25,male,3,20130927
qrlRiBIG+esJ3CeojDkfiEf76p7EcsR7a8bsoWZ7kNw=,5,27,male,9,20100425
mHJ2PDmot+iu1AWzsduaSSfV3pHnMBqbXQfEmtRe8NE=,21,20,male,4,20160613
CD1lvuB21svKm3Kta6avpD+fUq8NvhN7PDaVC9Nb8vA=,5,22,male,9,20120730
bW/xcJ9mZVmv/REVANWf3GbrlU46Ey3hGkYDk5p0y20=,13,17,male,9,20150812
3yBNvNTwONKxRMV05ZF3cmR917154XOSjHVeIRKMsqM=,22,38,female,9,20150823
tyjglFSFkAe/OeFax2PjY8OOTS7mcTg5Ee9Os4vaFQo=,18,29,female,3,20150830
b1SUSwPExjSqvZy9mvJDk5HhUvqExtR96GTiKj/S62M=,5,34,male,9,20130417
TrVECnG4mfHB+Ja/YlPrvs95o2uOtSCnOtd73/1AwcE=,13,35,female,9,20131130
24K167piahmlJAcgqKvryyIJBX0TVoK1PpBRpyw9tTE=,5,42,male,9,20130202
5CiG+lZGBk7YwDMmpldvPC6t9mAW8MnS4/+xM/YukX0=,1,21,male,7,20140412
mPXMVZxFHnQ8iz95R3T2ds9+qsGeI6lOmbYg4rcz8gQ=,13,31,male,9,20140422
TwYl6Dmycm/JgVB/0Kf88twjn9hnmiTD6L7RiGW8VNA=,13,53,male,9,20070806
CqximKEw+iGBz21ADpm6JUSqhWx0eQ6Hh1/+EdlUix4=,5,20,female,3,20141025
K4+SvTI9q2nV0MkC06Wt0XxJaBy2+ahsMkfPy5iW4CQ=,4,30,male,9,20050211
K82cZhWhutKmUCFvtWZtdHutAaE0op6vPIN/L4iIfHU=,13,29,female,9,20080319
Bt0RLjARxChc7MICbIq9I3IiT88A06unaTSNgqu0xPc=,15,46,male,9,20100717
NyAYIz7oTtQcwFl8vGUrOl5RXIZZm20yMOLkVGiKrLE=,9,27,male,7,20130808
rurYOPI3vBzuhixQePJYcO5TyjAvb0sP0P3wfs19QFo=,4,32,male,3,20130909
6YBgmoROirpdzFb3z77uvLxd1WdX4bIkbOasFVT/uWI=,5,32,female,9,20080729
txMzsi99CGxNtanQXaOWFs1L9awInzlAzg+wSTHwkcY=,1,36,female,7,20130308
EVELvhCF+5OrvYst4GJU/a+ofFXe0tuDLoXUdmUq394=,22,45,female,9,20130420
nkywh5Y7v1UsPvFhh3eRGpIBOnlQvuCiJLd+HB8BPkw=,13,28,male,9,20140426
II8fsyo00RA/eyzK8y7prpON2zi/dEenGLDpcrNP8us=,16,26,male,9,20080126
KF064qAtYtW6sXJVUzFxt57EFkvpXlkdCWqGe6iziKg=,5,43,female,9,20151118
AJoETwFIWiS8iARhcRH1fHh7pSq1TEzVk8X8jYnKQg0=,5,28,male,9,20151126
5GNgyXPR9VRJATWGH/GJw9vNS5cCsNQwLhD+cxsCueM=,4,28,female,3,20140706
7EtARIEGVr46jbyXJJXAzfCwXLhNUEjT2GiLqxgVL+A=,13,20,male,7,20140310
8Kion9XFybW166NV8MZH6JAFyQlrD5qizCNtPMmdbKQ=,4,31,female,9,20070107
fxsJQSZ/nNtG2HQeqpILLBCi7646mo6lvJLmf5mNHDM=,22,29,male,9,20070205
+oNo/QDeCJJ57bLaNJ5TE9qZpBk3Ue/gFvIAp194S/4=,14,28,male,9,20130920
x6PNrqAdlqOBt9Ol0u68NZVXLC+m4z7KD+mR19YCHdk=,1,27,female,3,20140809
XrQYA0H9kPdMdcBJfELOzXJZSG1s9STXHfkgjZBqcDA=,1,27,male,3,20140820
ndJO7KhqYVCSzm0e4cf+t+SvM5MSCPmDwzw9usCEF5U=,13,30,male,9,20110708
5MgWzTomS1+/NovsSXC6E5hcvVZ8po8avH7bFxIdtB8=,6,23,male,3,20150102
5bDZiGiIPN1ka2MkRx5jQ2kywXWk6PjQsRmcCKxcb/o=,11,26,female,3,20130128
+6/DtYHh5EkCfWLc4W0fqmx9VzmDuXRRL/NdcBocvbI=,5,34,female,7,20130131
L6KUJK5qWN+W/W2fBC0wuJJFOEerritpKO9nl/+CYao=,13,41,male,3,20130314
1KWCFbuSZx/ugK9MdVdZF6aMCZyu/Gn9ovWA6lOaqDE=,5,23,female,9,20130314
RwlBCo4oofDj9CCwP+2sUOGmwgKSVK2p+gcu5WqXU3A=,13,31,female,3,20130331
jWPrDAebBUBBqsjjxOaas90mQ1qcW3Sgpal3uDREE40=,15,32,female,3,20130211
IJqnjRxojitthZlwQAyV2WX6tHALpvSn/VEBNQJJtx8=,13,25,female,9,20130715
lTLVezBElXIbDAQsbRFMp5r9HOEyYjqUExGGbxPKyjE=,1,18,male,3,20170204
efm4/V2t/H5blvHGc7R7JrzMmqOM6OaGGBi+3Y+FAUY=,4,31,male,7,20170228
TLzUtqgO0M3yUzMoGSqk5H5NENwMFFb8n+N5oehri1g=,13,32,female,9,20100815
iHTsEcV6Qbap+u5+ZDRyfsKDSFRsS7l1RkkOCV2mcZ0=,14,33,male,9,20100919
QyC8rhCmFKNqkkcknH+UyC61jw9hAtwAQLdyLklHHks=,14,38,female,7,20101014
MO7y+ZKlbFbnzMUvxda3iw6I+LYorynLOUelGVpSblY=,8,34,male,7,20101105
6ddqFeVMkpb6XgvddLqhB3Xd4Z80qC0pf3l43c4LqnY=,13,31,female,9,20121210
riolLlVZU4qDZkOjd8Gj5rTHsZ6bxwAGTgMEbRepXnI=,15,24,female,9,20101125
yWiTRoCsULrciI6q4k0baq57DZQ+UdsGCCnYuIIuAms=,14,26,male,9,20131126
NyGxJMxf+sz8PWaUjGqSRpZjde6AGwlf5o+5qFNICs0=,22,23,male,3,20131226
V+Tr67xjFDDpfD6ilwcdy40iyqdgDEquc5XzHWDATbo=,5,34,male,4,20160526
7r9WvrYD9mmdrgESFt30c39znqfsSeLIX2seboIjpuM=,4,23,female,7,20130923
GYocuOer/CG7Da75jTZfMXwTrruWeh4QsPaRSJS6WUQ=,16,28,female,3,20141026
brziSWgRAVz3Fq2BjyWtjie4vBa15bfeRxmFo5YkeRc=,14,46,male,9,20131101
9MitSGjuPjCfdqZuQ6nSrD4Y/jNDf5uLX4mZ5/spra4=,18,31,male,9,20111022
7Z0jRyRUox8s0jl7bkW0jrdYuFKNXcKFwRweiILxC8A=,22,36,female,9,20101021
d3mi1a3C5ALCuS8Pu8NY8PFVlrbGpkwnS2OKJ2r91zE=,15,36,male,9,20040327
N9M2AvK1jGZBNiYFnDf/WwiJx6SG6WTUB+Hq/S+9RXo=,13,20,male,3,20131009
jInUW7yCoxNT4iGM29/o/k3jKby0MGQvbSMGmQsF7Yw=,13,31,male,9,20131119
GC9AHPccWKZZOmridWtYjoWuCU9cUll6J+vVKZS84WE=,22,18,male,3,20140115
TsZXl5J7vRYouSM86S2XOFyx5Ct9m38IaGmZHSiuIN4=,13,48,male,9,20101222
K/2Ia6MgNOP8DYluscA5AaW9MiM/BCpt4QE62INCmPY=,5,38,male,3,20141126
LEx6YYBDQySl/HfXh64dYvjSTbAUoiDEBNTuHeyjvBI=,4,47,male,9,20111103
Nkc7uNk7Mmu+C/SfTSBnjGGQtWcPhO2o/1IGJS+EMOI=,21,23,male,4,20160321
LgwW6EemIMGPDd5EoTuT9xXb9WcCUCLjFYQu8gTiX1s=,15,67,male,9,20131030
YUCgT3Q8qLNFhS5kgR7aKSohNkuLjkkVz9XyYnZE/HY=,15,35,male,7,20160622
VrE1AIH/7ZCIx9QDmbRTZ++5v9rUGmjRuDp3WG//yT0=,22,34,male,9,20110514
7sbfAD4R54PLkaSUahvyuf15qbqbkWRU4C2pVEqgsmQ=,13,32,female,9,20110515
LyNHn83C9uuHzUQtYOSZn21UkJh9z+tZij/dC3GvV7I=,17,40,male,3,20130905
s5Cv1ruQf9YBx6OZ403bTSclpZUjbBjylS23AWynwv4=,22,23,male,9,20120529
8FpowIj5r/tS76meVSkNyfWdOia8Wtx8C6p6bsb9pvk=,11,28,male,3,20120707
WzHQ9B+bcgdxKyVM686rga4x+uP/eifcxHCZsVjSuOU=,12,32,male,7,20120725
0kI2gjWs55gKeMsSmKgAzz94TBZySiuu/ehPNNJ0j0Q=,5,23,male,3,20120821
vEeI5xW7OxoxdGADh8Reb7GlB1EcpWjImHzL+wN4ukI=,5,36,male,9,20111112
4BHAKQ2X+iUiJZoDgmGaxcNf1R9xgmNiosc8R0vos3A=,17,25,female,9,20060811
NBpm/pdQ9e6bAWuyp5OGoqakth0pdc4NCRFPELOXDpU=,13,28,male,9,20070113
1MBTtHmSSkRb1JesAvkRqxQuoPFYi01VbbUSWZ89W44=,5,36,male,9,20070718
CCmLjYXIlNhskSLLvwx+VzOZK5bZo0O1P+gyjvwfxo0=,9,28,female,9,20070913
Vz8PEx9yvc3w75Re2rQTL/txle0U5bZ3ApUXIIedEuw=,22,22,female,9,20150703
f8HiN7HuBOeon1HXmp1ccPcwnMd/UDbloe04v8HMMNw=,15,25,male,9,20121113
8YGk8foYyWXubLTxZssgSFaQJTQcMbgBIdheqmWeVCk=,22,23,female,9,20121202
bTy1N21BnbVt3B+WQLS39fkUDA2a6jbOfXn91FIfGcE=,4,25,male,4,20160618
gTGfeG0m4IcUDx8qZnQ8/lmcGX+DfF+G+CVVnyk+4+0=,4,27,female,4,20151204
4zmxvOkWj3pMgWRz2UBoVO4tGJRHStljqKBLnHVWBrI=,1,22,male,3,20151230
7W05FgWVGJkPBMDBO7uNADuOlyBkWOoGZ1c3Q3gGZAI=,13,25,female,7,20140227
HH6CfSPeFNMcwqaiV9wJ/ZD+ap/KVG+3R+XUjIoPKoM=,5,50,female,3,20150515
GEujrXqpm1GsudOW1rkaT+UiKMhJy5K+V1xGJkrNUtk=,5,48,female,9,20050703
5sd3zegIHzRwPPZ+OgM0jFNfs1xrzKxxXnso0ZSUjTc=,5,34,female,9,20071227
6EXkTpfek8QO/gISDhP7IAmh4Jre8EB1J2Y27FpHHo4=,5,44,male,9,20080126
W4VH39LUjy0HNNU+EKINlyqAfyMQwg0+FJ6FF0Pu5is=,4,29,male,9,20080805
cbNcaLlbAKndOVivilFU3h4Llt1voMIhqA2o16KOQ7Q=,7,25,female,9,20051008
wAWAaL1SXw0ysF/b1kWtNqLKx8+Y/6QoO+tjq8wPBXE=,14,26,female,9,20051228
CUUr2edj15omAaOVkHMzF7C9CSqJJAOk4pJHdEc3XRo=,12,36,male,9,20060310
5FNk8QpLs+vyTxObnpgJwq+i7emwEu5c2YWmGofOVME=,15,27,male,3,20130911
0eKSN7r5VNernNW574PY0dKmbBbOyz9y9OSmF3SAxQs=,14,31,female,9,20060118
1Rl/bfzEX0bvqw9l0StXAp7g1mo2ECjMRjiuLWKTAfM=,5,25,male,4,20160517
bLpka86lHRF9p+naJmYJYq2diTQ9qcoz+A3XCcH4pYU=,15,46,female,7,20160116
sdn0U8UtSiDLnEr8Tv7tJOREGV1uKTyRB1DO9cibZpw=,8,23,male,3,20151227
nayC1R4hYLEmAGRT3JGh61lfJVqE9uGrutTe+WeNfkU=,5,23,female,4,20160103
6XPyNyj66/UKQ7xsS5ja+6xfYwSUbf4WudRGg+llAOU=,15,24,female,3,20141010
u5C3S5fcJziVShs95QR2Ma3Jwx3DnwyU1IEy/pCBRNI=,5,34,female,9,20121014
PvM56oBTpQ8KRld9MrldQJnHP5tjdqStB1VH1xs1r7U=,1,31,female,3,20161002
gN0N65xBODANZA94g8ZpU08s5f8/cIVCv+FV5mWv4OM=,18,19,female,4,20160130
wUsNOx05CMFwAe9eptkvRhEQ9VZwoDPWTzVXGYZGU/E=,5,23,female,3,20120116
H+vuRRqw+3LYmEFrRRvMMD/5Wx7l4N5KTBdfu+nbiVA=,5,23,female,7,20120503
Pg5qawctOwajQTltejeK7BCIkTChnRQ/qYP4QepYPjs=,12,35,male,9,20050107
XqbIa7HYrw7qvY+N7HkWJKMr0g2PJAvySh/DEmQCruw=,22,27,male,7,20160331
UASz/5cYSlRap0tpBLwU9RkEiIZxZVfSpm10uFQEQgQ=,8,25,female,3,20150814
x8D0PZ6/xBMHIWiTvT84fnihJNbxsMk+ihdb0BMn0N8=,17,33,female,9,20060511
dCAJqh4s7+T6dXUpFgTZsUPMfpQYRQ25FgpUqD5nsb0=,4,35,female,9,20060802
lfP7/yiFlYwo9yDPE4Agm5Y4KTrobp+xn2LT9lZ9Rfg=,15,26,female,7,20121217
kn/crVxikWVOKhiKN5xOyRXZQozpi2C0vHETxSVjiY4=,3,18,male,4,20151018
kN22YWnjTQAcS9XWMF/iB7Xfm4aoPiClNi7FY3Uea5k=,14,25,male,7,20140222
WKP2roXmtGIK/eOd8Fadjtx3i/caVceBcnhrnnXQP2A=,13,28,male,9,20090420
a4u473YEnLQTHVJ23gIHxW7OTLbCS7Zw6V4MP1/lEB8=,15,27,male,9,20090807
8+CqYl/m9Pdztol7kU6iebZ06nP8LqNFpTHLGXvdyEU=,5,38,male,9,20091012
dTkbFXk5B0Kzumjf4eSA56qKH7uyGCTPpby1OfbmVWk=,15,18,female,9,20080318
RrqYqHByVsEdTaFMwDIC5utqScD5WXceu6zBgcUyIa4=,13,27,male,9,20080428
GpsTESgLJu2YiMlozajtiVRmHMdJC74NKbhS0DgFGKY=,14,26,male,7,20151003
6bM6efrcyABbnJTdJo77i1dZZjNTMhQ+094UotDsKUw=,11,38,male,9,20040717
N6QMmbdSqTXAOPCgUDrT1hj4onLZzPZVSCM3ZPa3Ccs=,5,23,female,7,20130724
j9z39cXzGl1I4q6+LeHv0KNRTR0i8ss2CQh6Lx3YI3Q=,14,34,male,7,20130924
nuYeyB1t0d8LYGv6o7ALq80/uqQrV/oK74C/JZvzgMU=,3,27,male,9,20050823
QiijAv2SAHfuUin+2xvQnZQ+eZ+wvFw/YLIPXmwbCsI=,4,36,male,9,20050919
I1csaRk6wtCoMabH6DmAlgsr0WoZMuRk/Un49FDkyg0=,8,36,male,9,20051019
W7/uP18CKm2fi689Hfbth2AEZC0YDjL9OAFPhIZwJRM=,14,23,male,4,20151106
MTLAbtAmnSfC3p1mHDuKW2G/DAOoOL6TPqOgG9LjRvQ=,22,54,male,9,20110617
6UGZKCZqjiJJreIgCkkWhpzw6dms7ItuqVNVgIHuIgM=,8,28,male,3,20140613
9onh3mrFdEEi2zc2ZAB4berMYVIt+8JHUgGQY87lpHA=,22,58,female,7,20151130
whXh91T4eu7zZxrWeJB5IkbWinVB4uYao6yudPvnxm4=,13,27,female,9,20120802
7Ids2biL467HB2VwAVFu7aUGPYvn+zOweX/LtSQICO0=,13,26,male,3,20120809
3Ryza9BczBKG25LO3iUMhpQ1vxkn/eHuiK2kqhwWIRw=,4,35,male,9,20050610
r2EYCIiJXcmf0Vq6CWQ6y2c+0pO+RGf1lAuhhqdBBSo=,13,40,male,9,20050625
Xt11q7ol73w2YOH92gbN0038VbHVrHvJZQ7kvxjjkE8=,5,45,female,3,20130723
hHd+g6UxB/YbnbtMt2u/SwFJJATsCJ/2B7DadqJ5InQ=,4,22,female,3,20130822
ZkvSIS9UvFgGSrD/v9jiZk3LLbtMPu7RgJe85gwThT4=,4,23,female,9,20130828
9hgZhc+3zqFrg6l8yNw4LG22b+/dDy44RDy3rJEncNA=,6,24,female,9,20090927
YNVEWXHTF2LnLcO2aQtCdv0+r3Wqn8lJXUO8kXNV0Zs=,17,30,male,9,20091204
nNs1335oxgDYaQt7L7YW0wQwhbpw/HCSSsSHUJncTjc=,13,36,male,9,20100102
5atK/VIyzGu+YwhckTWaBws4zQnZrX6tbfBOLFKPlS8=,15,37,female,4,20160119
j5N9V2MtD2i06mbijN8UzY1kyDW25H7iPSVlILhbB3w=,15,28,male,9,20070623
9P5wwbQNTTQCcay50u9WZvtk79HGf8s/DlXB4AYUH9g=,15,34,male,4,20151209
dZNzQ0Z0hW8G+jo5OU+MQmC4TzdVtPnlM9mSB+jIUSU=,22,27,male,4,20161204
UysSWe0qhvdrFzGkLbo1Obspy5OpqV96RXZXz4IQadQ=,15,22,male,3,20150429
/P/9k/EK9RNsMThtk0NOCHpIUDUvw82ALoxvV4SH7F8=,4,33,female,9,20061029
EBI/QSvwPgI258G0vYWXEliKXPBmdOPIgmb/ojJsm2s=,4,22,male,7,20140203
pQafICkqkjcjOWXCeW0DGuoA9PP32uTwMXDVpfr878k=,13,18,female,3,20140314
LyP9a3WTXIAiKOr0Smh0ZvfmBBbfiTj3O8RldRR8PSw=,13,27,male,3,20150127
SycOkidAS/y66OF399ECiiUqYAaMQ9zMO2TG4R+OOw4=,11,30,male,4,20160918
PZT0EQnZ7sTfT47ps8szM5upZtXf8APqWTMkRJqF9rQ=,5,28,male,3,20150517
/RH9VFXuBOmtsfU9Y4F0ueuUui+LVn0syXdt875696k=,13,22,male,9,20140408
j3rRfCbLlibWQgOl2+Fq3qICVaBNSDivZ3UHgzG0I3I=,21,35,female,7,20160322
A/37GiyLyIRnl+cUOFHU0Wu+f2gMDiKNJ1EX2VbHnXc=,18,51,male,7,20160102
AdM+JWkWbg2b+QiPPPVq/wTx53KeXwBuRk+5LlIWlTw=,18,26,male,9,20110806
/++JZN0FB0rJou1LOXL2d2deUr8nD1rSB3paeUo69UI=,22,33,female,9,20090908
WZo0huu8Kd1dbCHPcfbsCxRZTljFSCGBvV4I63t/k84=,1,31,male,4,20160717
l/xrKgDI/WmzSH5Tl6pj0lplN1tDLdD1Gvv+Xu8M+xo=,8,29,male,3,20141030
y7qBqb+zKQAvVXJee7mg+S0hioFTVK3Zhc/f+ozf9pU=,5,19,male,7,20141110
HWMpQvmc6HBURDSX3VSIL3GwP4TbD88Vd3GC4w35gv8=,13,29,female,9,20141121
EK5R96QXJJYdzryFix6ZDSworsP3V44/WowZXj/HZbA=,13,23,male,4,20160417
jdn9PjbFpXwyXVWVqGw7GNGkdbJOsW6bymMoKSKs1Uw=,22,20,male,9,20160418
CCPZZUfVcQ52GR0YKYVEAS3t+VyDrzqE932W3Oe2LiY=,5,22,female,7,20131214
/YyEZXBjsHaMiBV6ZLzm6QtEfyyFARcggUb7KHil3hM=,5,47,female,9,20151117
qY0jFOQwEehZTx8rVDG1satlI6ScyjJkO+MMy1R8qHc=,13,58,male,7,20160703
x3KcUIMBeUzKyyKiFkdejge03hv3t5o32AGkOnXl4kI=,4,20,male,4,20160208
sY90t1Ffn5DW7YhW9gUwVxXPPfUTSPWDgqakP05ha+E=,3,24,female,9,20070609
iDYt181fvP9tKYeWxUxbaVlpSpALGEcCOo+Z7hztC7Q=,5,37,female,7,20120123
tIfy62tmOVkmB0U+J7HvzRq0IlXgOzMi9vhwbUlHHek=,13,35,female,4,20160416
bkCAjH9hkyGB8DdKThnqX9NnX7I0LanhAg51JrjLyZE=,15,19,male,4,20160419
gr1Ox0QF3g3SabJ1cpd2DHcakpJ+hndpTQZM1ZyHsJs=,17,20,female,7,20160925
EqMMYyaIp3keZP5Al2dJLYTONe4pgAElI3jsQLCY/X8=,17,18,male,4,20161011
QvhxlD6oDRwB6L79fwwF6Q2N9ylKfa6q2XOHsuMQgPU=,14,21,male,3,20161025
xAol+/kpF8sDYTIx0vZsB+nM6wQQlITW8wgAX1wdiYQ=,13,38,male,9,20161027
dg1E5FEs2e2iU26wAoO3iA9m5Rhbw/+6OOhoqnYLl9Y=,13,24,male,9,20070406
zIPJ3lxH0xJ2Mrhz8xmat3qY4zZqcU60f0WkQfUKJAI=,15,22,female,9,20070407
yitpE4AIY/xzE/VY7aMJKvBn92Gc+OoF6xuwf4qNEw4=,13,23,male,7,20141219
Vj9B6uo8NB/3xo9x8jAyh+IEVyKIYnkHUc7sl7Eez/c=,5,48,male,7,20150221
3RRHJlEEd/Ppdh7+FEiejFJlFB+SIO4fWSszmK88kuo=,13,44,male,7,20160501
SiVCljdSFXa29mzhoPn4Qaa3FsjnRe2cQh+LYb0BcOg=,4,22,female,9,20150206
fH1lefAHUU1rSybluU6wb9jZBkElSxabyw58JnxOgic=,6,18,male,9,20160629
J9jG7Kzi8WGd1Qmbrjl1QyNMLF0Do5VTunynoKYv3gA=,15,27,male,7,20160703
1qFVW1syy+VxbDEQ7ErwHm21Vh2f7wgkoZWK4ite0Uw=,5,23,male,3,20120318
OJBArtHj8Fghynd5iQx5JIiumLasCHQhQzfi0RGR0Ro=,22,24,female,9,20120403
vIvFFh/6n0MNRFklbtBjpfW8MkVcJq4d9nCPHuFyVcI=,22,28,female,7,20120406
3J3PXBISDAjOth+dBzHvoXB1bMZi5I3GmmvraI29xuU=,13,32,female,9,20120728
ZXo+SLD98jmVM/2Qf+/7qi8F6KrNeCCCubPc/wGlZQU=,13,26,female,4,20160304
0L6z5mazeI1adc6TalE2Tn/ycSGLv9PIMgZjTdhUNdo=,14,22,male,7,20151224
AdAfDIqNdCHjZRkc0HgWsA25dS3vpOknFSMJN+cVwbw=,4,19,female,9,20150405
xcKkKR51OvcjnsK8cVLAj+nIR3hocP2fxcsUZ5HgjvA=,22,21,female,9,20110625
2RDSK3d3mMbb16to8L4drUV0nm81dgZ0L4XFR4Z5pTY=,22,21,male,9,20120130
2I+YkRTDtLeiVVx8dUwFTUM+WDm+A+BiXlOC8t9DMfo=,5,32,male,7,20120213
kmZrjFjxdoQIgx4VNnOlLVSBpw9/HKTqrQ6iS9zTjd4=,7,41,female,9,20120222
4SZBmxLz3PVAaViPNVnj4WoMobEjbRyZqXERh9eTuVc=,5,41,male,9,20120311
cu663LGtO7GZQBKGStLlhW4cst2/P/qNTJCbesrBpK4=,17,19,female,3,20120913
2hHIlTTqEfovM6xksmG2zDuhwNzQ8yU7PBA66Hj0/h0=,13,41,female,7,20160203
gqrsgs13V/znlDWmkGbBeKiZ/bDXfuGBjiGhYZH3ODs=,22,49,female,9,20111229
OKGvkbbFiKkyfO/Pxz2JZ4QN3CuChpqSX9ajcDB6tXQ=,13,18,female,3,20130618
jiQrsj/ywB0HG0sZNqFlkceN41SBYA8ywqbkIMVTYbo=,6,26,female,3,20150913
uMUtBgGImQuPNMfMOHcp9jwoRWd4IM0gZ71ruyJhgns=,13,33,male,9,20110118
uZycyn3CjEivLJ1nhj1sUsIB+PIkwz0QOKKsI9WoEg8=,11,32,female,9,20110315
ZHk1f7B3WqBMqjadhNPCJtLuPg1B9pBics9fcbx3OuM=,4,36,male,7,20110422
Sz7ED3xc2LgwW2OBlS1fMNn9HnO/oCSCySIU6Jaxjb0=,6,29,male,3,20150223
kKTcw2locPGdGAXQx1XZ5+fqq1ZjCxJXx8Nq+jElF9k=,19,23,male,7,20150226
kMlVcTM0kjUFKmIeddTaVbHbdCDTU3GH7SaMgJltMH4=,15,22,female,7,20150322
udopDyTZmIj0ehAOYzRYhdM65fJuUPhGXvFlLy8dVIE=,15,28,female,9,20150308
oF0CeLefy0fW8IXLZ1YqmNFJOhsqI+8RGz9gAybN1rE=,5,37,male,7,20141218
/VN2frf1IAzRKJNgBZByDjLXaO8hOQKKcp8/gcubLZg=,18,39,male,9,20070413
nq0mVNhPFwvrETEjvBiMxC2NeVxbMviClCe3IigVbkI=,13,29,male,9,20080229
3FVR83zHnFXgrid4RUxpJ8qtmY4UYtEDtAhuuxR/ALM=,4,24,male,9,20080516
84c3viOqz+ZachAOI+zzIQxTChYiMnHMdeubpS+p3J4=,5,40,female,9,20080622
H9mIz4CA5Ptv7jB23zi/HseVVnTDhWSKlm3Zav2j2WY=,13,50,female,9,20050822
D27XGuK1xc48Rdi3YEr0oRtCVW1PlzL32d89ApMzTbc=,6,55,male,7,20130807
hUfVfT3dzZF8z6M+ylwRs4e9A1JFvlberOje8Vdf4Zo=,22,17,male,9,20111125
4I31EIWvDrdA0mGQrRzrd9nkWD5Z6cBy4SWA/MIorAo=,5,47,male,9,20060921
1cJHLmJilPxdjS4uAIv+TXYlUGoVqxBOVLWK+Qgm/EA=,5,27,male,9,20111110
BTje29Z94zCuxHrO5qYy1DM5AuEgqiYnVnlPYDGmdKo=,13,22,male,3,20150801
gFuvIifUB7h6QNwdPnIgQx+0ilmCPvIdxDZ2I5w0aE8=,13,20,female,9,20110128
ltrJhN6VWxe3hg4GAihSd8PwPKKD70BhHwZw/+9B5NE=,15,29,male,9,20041216
lx4a+mmqkaV5rgV44ndSWmflEA7mPu4+C5jyS32gHC0=,14,28,male,9,20050425
SZ6D10V5CnycjQLyNZHL7pl7zXLE12T59LOEaBNXXAg=,11,38,female,7,20131205
dxm8wZWOKYTlZfx23mKPuYTq5v76Y5D2UdFT+D+bWD0=,22,29,male,7,20131206
hZNTX+Q5TFVZ5ePfLRn/98Ifn41ruBKYKSRGZE2KExg=,5,17,male,3,20150609
F6B4JeVjbvPdxyN6XzwfP6115q5XGJjpjPw4pMekm9g=,22,34,male,3,20130118
bF2HOUKg3OXESCgm0XFhLClJRalG3xoliMRrtZL2PEc=,4,32,female,7,20130123
VZiqDErniwQy8wv+vqVn2RHFWzi2QmUpdGqplEE8snM=,13,22,female,7,20111223
An1Sqm6RRY/AKvAtj7ScoC4xICTbUdyEX/GR9aVm4uY=,13,39,male,9,20110922
bDJdF5o5WRI8to+mlYlcXHmM6jxQl+7u2kGVsN7cU4w=,22,35,male,3,20130423
3g6GWaUM42WobWcA5Q1z9j8upBDVSxtZgzeYECkwcr8=,13,33,female,9,20040327
dcTUK2glJaaSG8JM5rm7S+ApD4eIrDMzhEi4lRfXqAE=,13,28,male,9,20040721
5qsLR1meqeqqbfNgHsvJzlNF3wtln2WQqqToUwlGmtA=,22,19,male,3,20130609
9cVnwiStp5FXR6PVATXrhos0SqJawD2oplomYi/FMXo=,4,25,female,3,20130628
s0GZIcpr85tT/C55b640LpizRMhrtt9hh08TOamu85A=,15,21,male,3,20150822
z9mH6yYJmw9rWsCaaPTHPZr0TqVub7A+UU8YE+uTAvw=,15,42,male,9,20050927
MaS16lpCBFX2V3zrI/N8eeY4ioRuXZJq5G7Mg6gDc7M=,6,32,female,7,20111216
ANXpz1rBajXnPZ2cx34Yk0JK9BJ1gdoMFFwCMVTF1gc=,5,27,male,3,20111219
9Y+NQLsUSlKmayzNEpTMdDf6PXlFZNdk0+Xo8Fm21ug=,13,24,female,7,20160620
jx9EvT8QzQa/H4irmwXVFmOez6RzO9RMkd9cRmSHngc=,5,22,female,7,20160808
FSXPa9IO37gLqyIpu07OnLqvVF0Cw1bmR3JlGzgCeuk=,1,19,female,7,20160830
xayXWe6ukqGoS57lNISkX3X8V1rSGnBew3NFlsj67pQ=,14,23,male,9,20091006
V82MAXSfM4mifI/0wSOCXoiHxSm8JidzbdTTzGfDXyY=,13,23,male,9,20091031
lDhgHliM0dxwNGaIMYhxGSkncPv9svR4ncBXQadWUyo=,11,24,female,4,20160304
+QRcxStU4FkJ3TDN/F6w84qOEeDwAtJmzSASL8wtdl8=,15,21,male,4,20160316
yiP0OUoKiMS86D5AjRgwa938tbwHWWyY2zWRmMDJXaw=,22,34,male,7,20131202
G3/D39GmYciU4fRf6HF/l4PkfeTHJXiM2cDXNl/k2d4=,4,31,female,3,20131205
jf0JY8WPwinQeDzmcc1+2fr7OZi5utu1hVUVc4wEUzo=,13,23,female,3,20131005
7I7hdOSBqvVCBRxET6CmkNS/T2xfGF+/fcagvtrI6qI=,4,44,male,9,20041130
MQZMgAp1o4JgIbAMBDCxx9WyM7UAhVqTlbhhThrvMOE=,11,30,male,9,20050409
fn6J9GIXIRaFhsFPU/W1KFFbl9B6vNvGxTdIb2AG8dw=,12,23,male,9,20071222
bKzXSGw0c9qaBm7tG0phpj8OtL0BsovjxyQ0tvuUFwU=,5,35,male,7,20160112
Voj0mn5zRUzJL0wF5K8IyQfBuzCRuo762ifA72Vszl8=,15,34,male,4,20160114
7AfbachfUJ8t4cNSjaSVZ6eEPoCInBY8eBUlWQEVi9k=,22,59,male,9,20070102
9ojAe17N2McsQ3cmpTccFs/EERVodtQSd5s4D6srpTE=,4,34,female,9,20070601
omr/KaWp7lZZVY6PpU9BxQ8OsxkfF3z9SqivThGeXuI=,18,23,female,7,20140418
03oWeoFlb+MSqLcEMm/+FGofMAgrqr64wGFnyCUolOI=,13,19,female,7,20140224
rI1VU2qcyBP5RX7ffjc2YNc62MoK1gsPNNPxy6fhmU8=,4,26,male,7,20140307
DzkhOr74m9V7tjTLulM8Yu9LunhmOICc90jui9HZHNE=,5,40,male,3,20160524
sUWcnS9mn40hjxrp40UDs8+izhwDXyCon1ufaYFZ3ms=,13,42,female,9,20110201
0a+VFqG+BwGO7dXpDofKvqoO3NdprHFhamYHEPK/FnI=,15,31,female,7,20110509
FkTmqGjZTA/FsmfuczGpkSheXzji9aJtkx2s4D3cBgY=,13,27,female,9,20110516
wzIkhdpF96ctb523aQ97fdASeXf4pT6PHbM+4lwC0Yo=,13,27,male,3,20141224
MJSI04q+nDN+m9CVfVR7ptuBoLL+SrbgFjCsrZ6hRP8=,13,20,male,4,20160205
HobfzQqtWCw6Y1zbDrpweg3c52kjd2P4eptDSyr2RJU=,14,24,female,9,20091223
edQL/KTxJrzgWJJpzEaH53KdUoh5lDT7egAcHI4DmCM=,5,50,female,9,20100115
7s62LrfnQGFT6cc9os47jLPSs8jZqjBKI8a6EmjVwYo=,10,30,male,9,20040329
/zuct1h0e6xxq7LsAihNxJc4w4cDl0Y2vh1lcXL+QJA=,17,29,male,9,20050115
8j9UlgoxSAfoxV1DmS7qhMPVIhPglEwqlzSe16z6d4E=,13,23,male,9,20070714
Sqe/XZABQy7HXNAlMgb2CprFAzpzpyVPCsiUfI0lPRk=,4,33,male,9,20070911
+qINdaIyd4iRpZSJiEs2SUzYIvVe07TDxm/+X/4qWYM=,1,34,male,3,20160322
b0SIRy3lC7Y40iK6i1UecB6RuoedDeFNYE7EiGGiazk=,13,24,female,3,20150126
WIS+ocPJQwh2EDRuiVHQjE1Wncu+a/jWgsxh4H4fBIU=,15,24,female,3,20121005
43J7alM439/K7B8b4rYIyTjEz533E2+2K0bf/fBc6M4=,5,23,female,9,20121124
Ii6Zke9Y3bDtAiZsOEt4/ebMRiWdHcCxAhpkwuXG8n8=,5,43,female,9,20050528
5Ibw+erv7xC3U3lPvepgNxtFHP5YEHy+9bnBI0LsfwI=,13,31,male,9,20050916
QKeCfpwliD4WdQl+RGbEZPysHMIXYUd6bWLipIsZK/A=,22,26,female,9,20060111
aIOwYz2Dx+1QKdrIbPIQEIhA++kIR2FkotyaRpHhZ9Q=,21,18,male,9,20110311
wZj8YVzReVWwnPOxxV/c9i6TSjCR2ea2gXEF1SbyQe0=,17,24,male,7,20120319
Va2uzdj3WLP4HwKDJltu2RxAhZzo1GttViX0AjYnep0=,5,29,female,7,20120513
AFY2OjBtJ6MW6q0zB5Fy0GOLRb7IYejSbnFVSUU/r48=,5,31,female,4,20160824
R0icfetXq6EhA+MMad5qC2VvvjFp9tXbG818pZbpqn4=,12,17,male,3,20160101
k50rdsq3cRjF10rXEosQhIqeM7Nw0XbDD/ZKbxiCH68=,5,34,female,9,20160913
jjqhsTiPzb+W2rTDx7uGh0yYJSmeVDjl+BHbvUKWygc=,22,25,female,9,20101221
y50l+lbSuyEm1hISfbXWcttnx0U9p/tgbvj1ntB0Qr8=,22,23,male,9,20150214
mZ2oyVo2+0FlcoZl4VUr6zXwVZntXARQN+rrxqQihCE=,5,19,male,4,20160213
m04xTw+eNVXT55umHsxLfos9uyXpz5UAYbQHJljHZgE=,22,26,female,7,20151121
AAcOMiN16EReE97Gr0BCKPlTnvisoZnXIbpU9muzbho=,6,29,female,3,20140809
G7CuUkV16M0kRtMtGHKMj12LLVfC0i3i9JQF5g5HkRk=,15,27,female,4,20160101
rlH0HZE6uYDF2pMR9vKLeEH9BTtO/P/cBYLYkxPCe+M=,14,19,male,9,20160814
AgO4W7ekajEopKNyKvtMU8ax1rWGWAQobFMB0HUmPmY=,6,23,female,9,20111104
peObFANOuzfj670lZk/1nQtSC+CaErZINRxfPljC+po=,5,33,male,9,20120702
NRn/tMhkBorjb5G11ZjktKn/kaV5cNMpE9gBmkUH7Is=,5,36,male,3,20120721
VEA+rXXOiQUcWAty6LGievEzPNfsYh97Jqr//cHIJNg=,1,18,male,3,20150508
cCctX3A4sh2dlA8g7nqwo9f5ncGJnGtaZMd7wjfMIWw=,8,19,male,7,20160711
6KNoxS0ILEtzmOzWMsK3KW5C3YlwW9Z137rWLKD9SQQ=,14,23,male,3,20150708
LqhML//LTC0qROaM63vER0nMvq6d0DVVGV9B/4cpXJM=,4,41,female,9,20060718
TAJNKUX5wBK0xLrnpyTSedZ7FR2I42ED77ycuBh66SQ=,15,23,female,3,20140118
BsPUaTlx7yFzj8C+vBFkaHHaQ+Sab7loEP5Isr3zIo4=,4,29,female,4,20160619
VArW/RyosWgrv5Ut0Hk/5QWLnd81HpMjNLKMwkOgG78=,10,26,female,3,20151223
HtrCS9nqGebUThzYenNvgTEUUafo3ic+CguqddqeBfQ=,7,23,female,3,20150825
kejweDPrrvYh5L9Z5jx8chPA8n/lWFw27tf40B4uHE4=,13,38,male,3,20120609
j0h3Q71cTd+3eCUAwiCCt5jb9nCwy9QcZ2wNISnQFJs=,4,30,female,9,20120623
vEicA3lTnKeOiBLBpF/XLE/bGzP4VeI6ZGjcXQhI+Pw=,13,21,female,4,20160211
3KFeRDNLyjJ8n76D1Y+NDCRGyIgVaUsJUiwpbnJnXyk=,4,22,male,9,20130905
ZstIb5aLmtwWEnUM0EnBf8B85rg3nCd+r+iyirTifcw=,4,26,female,9,20111101
20JixhXHv+sYHyT1sxmjhp5MaPOtLhX+KYCdD1QtlzI=,4,45,female,9,20111129
gLgqaS1rfShCmNfacdyie6XEk2w94ODtNkjqw+pcnCw=,13,48,female,9,20111130
OByQfXFy2SJ91nKfsERhK00fhCWiZQ57WptoKIUBicQ=,5,26,female,7,20130419
3hg1AkAVkrmv43YJMV7pCnlOlu/OVoAIBmknmcQrftA=,5,87,female,3,20161212
SyL2iw9OiazYS3BpP7Y8s69HFwi0UOi+PNtWui0koeA=,13,28,male,4,20160506
tkdhougAt9vgKsFWqGR1mf2GqQ3K2gKkgGxK42TV0Pg=,15,23,female,9,20081010
zaZhFCGgTe/LgNC79ZSqpWYPu+3ZbZJuYHc+GuAyge4=,22,18,male,3,20150905
7PwxObwBjZZcJKzyjA9v5c/BjzzgoLhbhfdy8JhbQw4=,5,19,female,3,20140222
O35+9pnd0JZMU4vkg23YTmX4MdI35JChwv2W8FxsyI8=,8,19,male,7,20140316
kVuPSlB2dcmzRnjDVQdkJC5OF1kgSekghLoFHG4udRc=,3,27,male,4,20151011
+Ygce+M0TCazBTZjg/HXr3Al0hjp1Oz1hZ0sqyIqucI=,6,22,male,4,20151018
RvTir4PxAsrwNF5zzhkqRdmjNRhrIkP4Uao9s1Ku+os=,15,22,female,3,20151217
jL7Cd9AzhhRt0NwHMgNsWG909qxwMgYnzCB5KbJRYpc=,13,24,male,4,20151220
n+G1V77M/V6F5iCdbDP1zgrPzjSdQCdLcNjZsZhSMWY=,14,30,male,7,20160218
/TnPYPnBls8DspSNRuw5GV8tAYhdMeVqR0fkLIvi9p4=,4,25,female,7,20131102
f6DCj943+D+PcfHe/KAeCMj3+qyJUzPfaQIMWmAU3DY=,13,18,male,3,20131102
0FEfK2u4B3MBG2RByRVyjfz0TzHvcP6yKuejXtCEKPo=,14,25,female,9,20130122
oI107yNMvu4kCvqYKKkr56gxwpFOVBS+xrp2UCo2ms8=,5,30,male,9,20121009
KdtXX6dFFSUyEi3DsggMRAUBBZwyPybgxmJTPJTB1E8=,3,32,female,3,20121102
06BuRjNP7KS+TVbb4xS2zYyPsvJcNB19cAzUP4O02Xk=,13,18,male,9,20121129
4RACjWyvtb8BXhHhXbcfnl7x+ucYn4UiwS6usBztdFs=,13,24,female,3,20121210
7IrkOmuenJlqFMWl0TEnHlnX4jLYQXgcJJ7ugwup2Dk=,4,20,female,7,20160214
IPHTDG3/A6bUiIFB0lcUATIXm2N5DZuodaqfxLYyKOM=,22,18,male,7,20151101
0MFSuyNfJah0wJ7m7sy8Y07ewHk8mr0IHNzm5niqeR8=,9,22,male,7,20160302
RQaRSiNW3bZ5dO1nFD+1I5WAGkF86k9Ry3u1ThVKBVE=,22,25,female,4,20160306
VDDn/PPfVkvxXIg6GtHZa2UHXhCtSU7e73YNWSt6h5Q=,5,29,female,9,20150322
OGdrmzQ1BAzXffS1/byZhqwNbt8agH44sBjGf+yHT0M=,4,32,male,9,20111104
FlmzQtwO9h24iS0UW3q4aS8nZHlD6nenxAMFFxYmIHY=,1,27,female,7,20110506
S3KqOkQGQvh2Zk0ctaRHlnwhUQzCV8ZrvCGBE2+0T38=,15,42,female,7,20170117
SzsbHpZDyMhz7Q+njH+FM37GmDSbhFSgZm/w4hWNWrg=,10,19,male,3,20160623
XMME9cX+Q3Kis6wW9NMtJwoeUTnfL2DBJUl7GBppo6M=,22,31,female,4,20151115
RtYZjv8Xp5Tn42rY9McxB5FQQymAolcJXOhrtZfvJ6o=,5,17,male,4,20151118
5xf3HPTq68sTuP/84ABAfI9D/8U0dugrDjhKvVpbk5Q=,6,35,female,7,20140823
Ma+L2r2iztM82nl1OIR0vIN9qIVY1zJVzuJW6KgXjvg=,13,26,female,3,20140508
w+fuW2g+LiVGTMzQHtBqnhJgDyGURW1YvOWJQx6pDzw=,7,25,male,9,20051112
HUfGlxl9luw90/vy1UA/PvOXbNz3xhoXT2Zz8KNtpc4=,4,38,male,9,20051122
yzQ0rde2WQMWHwlOjQrC58LFJzoeDG4ecZcG/kZxBMM=,5,22,male,7,20130718
PMlcizdtWo9lK/qKck94SYUgexOVHOGaeQp3WU4oaZ8=,13,25,female,9,20120417
ZRV7lKen5oK6BezV2IFT8hOULLVVnyeWDuLy+D12lRQ=,22,26,female,9,20120609
9Op90Jhz4Gn1zJun11R5BfL1BBUD65w8mGM1mIjLbpw=,15,29,male,3,20120630
VFZCgvpjW0rvHy7fTg8IItOdyt4QZF4ZJVW9AbsmSHc=,13,20,male,3,20150210
fgP4pKiK6tT+70kev7xbLiEps71+0LUZfT/zXQjHheM=,4,27,female,3,20150218
6y5ymXFLEHu74J5E578PGm1hhoaZGUKNpVI1l1Ie6Nc=,5,64,male,9,20150716
drtJVmBck8R1Wnb4ux4wYhikY3XEAk57ElEjm/j4INk=,4,24,male,7,20110125
gsm4Jq7hPB4IuD3KfLQ2iB+/FRsuyPEpf1vdMHBcNks=,5,35,male,9,20110205
Lv3pQzeuNG5L6GZw/T66pRXt1wjMgYMrWSt6ASiUVw0=,5,33,male,9,20061023
ZIaYQpdYxcCEyo88Y3TudVWwQ5HLuyZXppPLkmEzR7I=,13,29,male,9,20061217
0pFzdNsdSMG/5Vkkk+x69XRIfjBiSJLlAxa3K/AUnck=,13,34,male,9,20061218
1xxa3YxfdqHmJlfA2+9y6zVX1+vzuRFkaXKjTYIs9u4=,4,34,male,9,20070201
qBRaHbtnua+ZighHSKuXAg70PQ9elAmvf4YeET+5EW4=,5,40,male,9,20070225
E1Y3NSj0U3KP4pnS+NDOYT9z9zJNW7zB4eEgrzav/Xk=,5,48,female,9,20070605
RsjY+jxChRY1jdKenvHnB78tq4mfWDg+YQ4KYwNg2Oo=,13,48,male,7,20151011
TdPvD2ISH/4Jg4gv2ah5UBcZ/1yfKgdWTPKwg+fwwhw=,4,29,male,7,20130521
+nvzYpoj+I7kjjZZuZWhLrPX8wsFDYuWTwOid00l1Ro=,4,40,female,3,20150821
dzZBzDP4/kHCO1N4gNW+Wa0SGILj2/FxKson35FkYkU=,12,35,male,9,20110704
retHeHFgf59+7fxK1SwbE+MGXGaoOgKsaP25LUyoW2M=,7,33,male,3,20141205
RlrwHN7sY1AiyPjKYzAKgTMNBi0Ij1FfxKDsBMAJvtI=,21,17,male,4,20160126
ovg5hh4msRg58fZEjXFSNKqva18PYZ8KS17Ya/D9Wt4=,13,32,female,9,20060424
S+9zuKhForR+i96E0eda0chVAF+m2WzPnPhJOdHp/+g=,13,34,female,9,20060512
nGiDA4GEm+h01t/ueBXPlbUq/w1goQ1vlRO7a7nRllY=,13,27,male,9,20101230
Pj3HGdiBVdwM+wk/urJ97F8djj2xcU0wkYkZfyEiDRU=,15,39,male,9,20110106
sKi6KG9XAqEiwiiRq0WjZ2UzCQGSw09q/Q7AR7FgKQc=,5,24,male,4,20160514
rG3m0L319aqK9x/95/Ifl/7ayFG6KrIcg1xXobgWWhM=,22,22,male,7,20160605
T1sUD1ECL3Kr4d1qa0oIcBnutTgHnr9lsS1Zf9SNfHQ=,4,23,female,9,20150822
kXIfjoZDwMGj5IyTOA88gUc1tFx8Dfmmrt0WoErCCpY=,12,29,male,7,20110125
uRRDWHjK8QcZKr8UJAD7p6n6GCL86/D8ct+zSbI+AeQ=,4,21,male,3,20150831
CNPJqV7uBd8jq3064kvnx1BC/sHRmgaG3HfGE/Ky1o8=,5,26,male,7,20151003
yRE4IgURjDUIk2DAEDey4s7DxWaXTxmVze7B5e1UyOI=,13,22,female,7,20151009
e1wjcMmmWGE5c8xYNxiygpsbQfCnqCMGTtvpwrg0vzM=,15,50,female,9,20070307
KcVqeY35gfludvqIu76UUiymFw1vqDd/Mgg7yc3BcK8=,11,25,female,9,20070506
3WFqHqByzUTDrAtywP5k3GymPuT2AnSnBoHP5lHPSqo=,14,28,male,9,20070515
/ErNWoAuLlhyhFsJXVs9IbFDqn/aN4DMSk0md8k62CY=,15,31,female,7,20140203
awHJPaDlKLZL1rQtCLAbv/JHEBienVYVULrYmDgzdpo=,5,22,male,7,20160227
9aRc/r+vjqyrEe39N92Sh/0pGnCzCsppX30pTBKjYy4=,13,28,male,7,20151103
GXhDz9csawHPFY8YVc1VLpkKLjVub4gSAYIPcbga2G8=,22,23,male,9,20150428
asxKETq1MuHpWDt5zTr+dcHOScYj12bRfOPJErCmzm4=,8,21,female,9,20130309
tSUn3TAFUswxkngPpsBau6N0AUJlbwuCHkC3RjJTdf0=,14,24,male,9,20150331
5/dKESKP35Ri/uQUlxEKZtzwHBNizMzAgNdGnz8oB14=,15,51,male,9,20060512
eKnjb8PBRZxgQc0+OraNx9KRLmAVve4E38OMMUNYIoo=,13,34,female,7,20110822
HzIrBgAKVHnDDrEdSpnEI83+qi1OWJwlaYSOUCehLI8=,13,39,female,7,20111229
X/42GOU2RvJdecekZeEiIgd3DVxFDjfxcNGtNAWBpac=,11,22,male,3,20150806
DW8pZrKZCoSI6LwjjDz6PV1pRg4GjRCdJWW3kuMFQWc=,22,23,male,9,20151205
6GNL3g4quolN7tE0N2rc9rdhydsCJFxIO36leTZeFqg=,8,20,male,3,20120613
hOlGbdgtfiL44rqxkYPiHuEEvRsgCYxkZRhA+Oz9+bQ=,22,24,male,9,20080309
5hYHdCDCIjrdb2j0Ai/pPsz/uZftVZQOnklXvjOpQ2k=,13,27,male,9,20080322
DuSCSd8Qvgn4ByDT5/5tb2VgywrrkVeXdQL9l3Fyp4M=,15,26,female,9,20130125
t75rRsdfAqTcYm9TUKECDYCvRMrhvb3w63yIy1x329s=,13,27,male,7,20130218
ZjPkAHsN/l1gENK8o+Gk1TSOaa6aMF6qn5Ve4SqtCzo=,5,31,female,7,20110523
6iI+YL+hmMLJebISEjBq0IV4UK2l0ai+8tYjsJfzirQ=,5,50,female,9,20061207
H5qTYlMyUocBPVR9iVZpB66NC35BLrFO/44PNnAgA7g=,15,29,female,9,20070209
ErSz5APX81Ki6HkbXUEd96+wAWNWzEuJSmkfB4dUg7M=,13,39,female,7,20160331
U155ebjB5PjhBjP5C0tPpfoAIaF3BP+RzKCW3t/Fk9g=,22,46,male,9,20061027
+Cpf/WPNrllKSIxxhnM3X/0hyN5HZKCr8CIPedMVp3g=,13,49,female,9,20061210
YPIpDFqEtHzWtV/bL7CD8AyZDL6iAch9IaCIt3347KM=,12,36,male,9,20070111
V5X+XVw49KpttL7UKYZwUMkQ6FeJ4Ki6mca4Q5t6uDg=,14,24,male,9,20070310
7V+OE/oO5vkY3JJHReqVzJWjLmlLF3Ewidjz24cjYz8=,5,32,male,4,20160109
GiTX3tZqeYyXvZfKInXTBv7TaiwwnvWIItWi1m6vOZ4=,12,29,female,9,20050411
+CH6UkpbhiUb9K1ZWzJkPtwVUbfzJU1pxQtAppm8Cy0=,15,29,male,9,20051019
B/vdo7njYvZ9ob+btu6QjtQsOTiqZfZwMuq/v4biW/4=,6,39,female,9,20051029
2CQ06cMTFGXl78iAEe2nFW+XeN39ilHFP6kQdl4dsNI=,13,34,female,9,20060404
2jCu9Mib4U1rhiFy1REZVlYrsU8BOZaNkRBMPc4lSDE=,4,27,female,3,20161027
0scihP8sU3NU33Od6M2U5Qk/3slFFasEqsW93VEJfKM=,5,29,female,7,20131025
lOzSx/cJXHLUPhXbygl3o1uJQfS+vptc1ANu/yDiWDI=,13,21,female,7,20131102
sm52Wq8SJfl5CDY1UsEMeIQmJG4gOO74lWuSijX+7T0=,13,41,female,4,20160128
/yZKc5Dpezx98rsUrkhR1HvMY/OkrvYOOp7pqxWY3sQ=,13,35,female,9,20071205
8hADiEmSC2ybm0AVxAPRlfeG+MaZbzgf605CXXtZi1U=,4,30,female,3,20120611
LdGVATRRWaGN8iI2WjB287jKH3mcyLIluAVeFI7Mt1Q=,5,29,male,4,20151214
UKUsRjKLkylrRs+ed/FNpZUnkctQjyvx0Lxpg21Hb0E=,5,29,male,9,20150123
Gqslkzc8tNrw/K33fkCDvKeYe/LWRbIqThvqdEz55go=,5,22,female,9,20071006
xwbgUgGvl/ez0aylqT+ZQC5Bb5vrxzZln7I/Rni23Q0=,14,20,female,3,20121119
1qJ7eEqZYjENpoiWoygKatdi4n3pW1FpzxS7pb8yksI=,11,23,female,3,20131215
Xiv/91TkYfVcwPRREF+ZfSYyxmghwjQMnp7vCXFLnzg=,13,32,male,9,20060415
AJC/29oPVgnowA7n8bItFw4yiq4cJQ0Otct82kHoJJg=,13,26,female,3,20130809
Q3fDxbLEdEa3lEnBUaTkfSkYFloBVYAGnRvyUgrt57U=,5,18,male,3,20150318
rtIG35mX1nzWdnhwXzpYMGhExdwvxfEb+y3niFBbqOg=,6,32,male,3,20150326
XN55ciRjApYGsn4xa+gNx7GRnnKq7WQGvFvEXKW1CXI=,5,22,male,7,20150403
8EUpuWaA1+6WwOdR5IHQSgmFVqjvdDOYTCn4N0ZLMqQ=,4,17,male,3,20140824
S9pQZIo5eA89af5duTBcg2DnwgXjgpRpDgM9V5mcK74=,11,24,male,7,20140903
5Hw4m52VvwvykK7ibdZQ8IaMjQvg96Q5EJ4VMje3lTY=,14,23,female,4,20160926
NR9aQvnS0rOrPkG+c6qNWK4OuEM3wfN8pNLOm7yG7V8=,5,51,male,4,20161021
YnHkCaiG47pIq1EuTQxgrHkJayN5rcfaMd42SjPUG44=,13,22,male,7,20130824
B/aMws7zY6lQPtNg0X40uQHCT18T3MzmZXwButBqYCg=,13,24,male,3,20130827
mFs8KBJPlGjjvdHvFlsOIRmDuzkL9P5+BqPC3NSX52s=,13,27,male,7,20160116
ZOzGOsBsHTVo0/mYB3neI9Fa70zpdn6MJJSEmbK4PMg=,13,30,male,9,20080615
lQZoTHkad4aW6eUwr8YBTpTvZF4KTIsJzQDU513uIxA=,5,49,female,7,20150708
017sYY9jT7s8AFtzNqXGjOxXx8gZQm05r7/+SQLhvyg=,4,22,female,4,20160612
9NsYvf+GgR565BQ9WtpJO4SIMhkNcdAlojggJznppyU=,5,41,male,4,20160114
bQcCrneYCEqYwixqQwinyJWqiUQxdfAqneaqDohitsc=,22,28,female,3,20160115
oCUz56cdP5Wg5iTlRQuKw/wYIWxO/PTvE3FNl+NIeMw=,5,51,female,9,20110919
PVZj1Ge8smMNc2hzk6AmILV+KQPpCjfobSIDl0p2tdw=,8,26,male,4,20151207
zT8EzDYlA7og0TTH6WywNefIkv+8HvDwuWplbNsFLyo=,13,35,male,9,20110825
7rUO00YW8QyE3hOr+m1xXJY5JH6sB1AXf2swDN2D9BU=,4,21,female,7,20120520
hFwaTSbOsoCYVuIqEUYYTOUNB3oWlmR4YF9Rsn2cUw4=,11,25,male,3,20130207
TGS3m7dUue0x/Lodhjv8I6oyfYxIvWz0E03ZDOSHtFc=,12,21,female,3,20130210
h9ExAhmlmM/yS3e9syS83Eq/9V3oKifLtho4lgwMMEI=,3,33,male,3,20130311
ptJSGFc8fN3YX6IwVNj2zvBHF9nf9GArE1KzBOmN1v8=,5,35,female,3,20130317
3TggGOP0kIoDYt2cjweWzkJ2lOX6ULTz3hJ8fg9qYIg=,12,22,female,4,20160316
0uzrFH1wTNsP7lGalxJquiMzT756+7XSRYigDf6d6ck=,13,33,male,9,20070503
fHBhBbqAwj8s4u5ZQG8J7Phe4EXoim0dgJHkfdqzFuc=,13,27,male,3,20120211
0paEeGZpIPKCknU5eEzhkvkcRO08F1/fd6L3zQMHxbs=,13,27,female,3,20130924
cZziWCFiaHRqyEKbr/i2Oe63ygkM79sfeHpIQHb79cg=,22,24,male,3,20150122
1NIoDe3sth/vich2PIre4qjahacus3LDUdgDNd6ZFBk=,5,36,male,7,20150209
2fm+7K/Wvz24L4vq1BtmG4EZjLisgccSLtL/B5f1cBo=,14,25,male,3,20150403
jCmxDbow4YxzYOnEBSN/cYXXxYBvsNwfoBkGqRdFyis=,6,25,female,9,20150411
QUzm7NT4PI5UMQ4NbLTG+NKD72o5BYd+oTM1+k+TpgU=,13,25,male,3,20150412
09x/EdZxIoAZ4xgT35aKxBzkzGJO0o9KX5Nd2o72PQw=,11,31,female,9,20111118
3ns0py7+NXxkAPRdobP2cTlZil2Zd3mcpxysJOQ4ZlY=,4,21,male,7,20150823
z8vX5YpKqzeQUwpGH1kYn9TL861LKkvyQ/x/H1rIv1Q=,13,20,male,9,20160810
l2kbvZlAczDdxflsFnnt2BwUwmky3y4z/rp7ruicuc4=,6,21,female,9,20150415
xpHwvK1lTbkq7ZHthwkeZA75bB3o01oHrWlaYi+zAIY=,9,29,male,9,20060707
wIjOEDULHYSA4nPR0sWnTZWOCtV2XRpkSEQAo/ovNMQ=,4,21,male,9,20111119
1IvAXLRy8WMXBDITpl2fh1J1UgMepSoX9ATw3LTUibg=,5,15,male,4,20170122
2nmDhc7XPfW7FIMaP+5OMQU+kPuWX2zTE2ZwdvKQ/lE=,17,36,male,9,20080714
yKp37O6tGs1TrzHj/1B2ypc/pheP3CK/Bnze9d21J5s=,21,27,male,9,20080914
GupcI5n9pFaMN7OcAOMYyP5sAI4ar4D86Y30PxodQCM=,5,21,female,9,20130320
bR4MDOA47rCG+6CiGxWjnm5fMFKhcUhXoUAE8WbzAoI=,14,28,female,7,20130324
dWW9Gjy/SMktP80uPcLCb0PCr1y+UznjA13LFNn+d3M=,8,26,male,7,20130426
aLTQhSFk370fDB7lAmJnlqvSSrdcTZJtcn1AcHafRPg=,5,19,male,7,20160514
wtWY7CWhv/ByP8vyuS2zo8k4R99LXSxpkBwAWvr6AZo=,4,32,male,9,20141024
ECzInTVKe0Qav0X+S6WCeS3oFYZg/sQbdvMnESvZi0w=,9,28,male,7,20160428
HS9MzPunQ3lGFntguSsi6Sba/qTYBJyAKgoa/6IrEa8=,1,22,male,4,20160505
/6akyH5GWOQcwaMP25qkeonRYWr6We2im0KApRQAxFQ=,15,27,female,9,20080316
5IxprRN8iuYMBfqe4sitxJ5vN320Fy80kMkmFLXtwAc=,10,21,male,4,20161129
dLi1OjZ6qY/gEqbZaRSiRWb8RDMHTBwTFfK1Bbb4yLM=,4,27,female,9,20050318
lV4Td5oMk5efr7h7wF3PeN39aqCAy+xYsCz5UbGxEJw=,6,29,male,9,20050702
R8dR7q9ZL0+0x7MK+dyD9fvd505TeS9dI8CvZt1wsgA=,22,50,female,9,20051019
WJSWvvKp624sZLLVFvvO9Kquc25mpfkhlHYNZP0f2Vs=,13,34,male,9,20110421
0+1xHTaJ9FUag0LE8BU0vmtmq746iIbwgIXqiQe5W9o=,13,41,male,3,20141022
6czvvqnRgsI93BugIzQySHQU+xkSOQQ/fukpJO6SJjA=,13,40,male,9,20060519
JBswfRQc6fXKVdER0e24BpyZ88uZDfOBLckLhGop5hQ=,6,22,male,3,20140211
cA6Jip+fsg0ey8J60CEficwJqAGE8shxTSkxhqCMNmQ=,4,16,female,3,20150217
5gg5KNshxS2ul4Q8Y3vfrY2dpZ5WGmgTNkrqAEA7l6Q=,13,34,male,9,20110927
xKE1TOypuGomdx8v+lwHCb+V4u7TBkcwx5y1zhRRSKw=,22,25,female,7,20141114
qezjZcPbhkPzaolim9VPYuZCqWAq39vK+4WI2OsiLWs=,13,22,male,3,20141121
Lwxcn5eGIFcLlTDptnmi5ZcQIEncQ2q1rDk17u58q7U=,5,34,male,3,20130207
j1CTOWdIym7YcZPRCPBmkVa7lp9PIFIyNYmh4Z0ue0Y=,21,19,male,3,20150730
te+knq1L4XUbhqE0t5wzh+uNE7nlaxGHdWe3ycS+F20=,15,31,male,9,20090215
4AkhakrnOJmUFJe+DW7RtGBI1KkQ1wyZKzuxGrBMyS8=,22,20,female,3,20130202
jK2N/pV22ntYixbDMzdhEJPDKIcz0f4YkgPz5FB7JS4=,13,23,male,3,20120605
UcudtiD0DBcXVse/h38HEo39fQpTCBhrYPvxVh8qIVE=,13,24,female,9,20120619
D+BrHpoMnYrw+w9rjIET1TkpJQGhXJh9fQiQ13kbTTU=,6,43,male,9,20120720
Uuxx9pkcjXngqJHSYth4rR2M1jP2Y+sEh4Gq7e0qshU=,5,40,male,9,20150107
ustf3yBNDsbOVpeihlqqL9YpuDpf37WMTl6AeeKHQgY=,13,41,male,7,20110118
Pdj4MgO4AKF9FXaEgdvKibOncZp3MWTvC+/mRh9lxZo=,15,24,female,9,20151007
JWfB6sSOElNAKR1GZIjluw7bpnCVXrhH2MqoYW8nLqY=,15,20,female,4,20151008
EBadzxvbmyQHyWL3GSc8MU4KNoFOiBF8yU2yy/dCd6s=,22,17,male,4,20160314
3ooT97z01V8Wda2sapI9CJAPqcYQ4rH1UFtBRNTKIck=,11,22,male,3,20120121
b6llG+6Ws45ZBVBluic6yih6E11y90iKXnbstGpjdvs=,14,25,female,9,20120216
NwTH/sIsCo2mu3EK9oEaCxF7j6HwldzB+3LXCh01ZZI=,3,22,male,3,20120220
tYq2x77AvtuTwgsPtSZz2DS1ckDZwacUq/D2ZEYSAYk=,5,24,male,3,20120519
fgHBOhSJ8Gb8Xk6j3rmRybWI3MHx4a0FeFbvFcR6HeE=,13,30,male,7,20120530
jOrv42E9D5jnopDLWiYcpntMTot6Bs2ZlNr2+KkSniw=,5,25,male,3,20120610
eyyyXEwC2FPDyLPn3KIL7zFUVI8kqg6x78M1RJc/x0E=,4,34,male,9,20120612
CksL127DPsnQjWn7lKsuLN4xb/yB9GrhLJH0ppIVi24=,14,28,male,3,20120613
uVFXU/BmszuqJSWB+eNue3Ho96n6/E6+ZpoRXcyua0I=,5,32,female,9,20070608
JQaWf8zQwoVd9X8+gCq/t28PKEzcf30jToJ8k6uCe6Y=,5,32,female,3,20120507
m7RMFGR/RC32mPUoxYGkq3OCm5AS8b0x6maSY9y8wIY=,13,41,female,7,20161110
C1Y3/+SxmuLZP9ZB1jwHk5SBxqNg3s5MV+nVUTJrynQ=,4,31,male,4,20161113
t+KOEJ70YLXItDsPGUqyb+2xykmy9zpuqz2E1Vb9dCE=,6,26,male,9,20150108
y0UNkVnWkFGaa8XlJjYzQTxEces7AAfnM7GHyRNkCz4=,13,18,male,9,20150203
XPn+RaxnFVL37MtcrZ4C6XDPZHkhnJl5obOl8nuM5Do=,22,15,female,3,20111214
GfHSbparGdCIEFYdNH6I528fj9s+RLFndGmaWP+LHVk=,5,20,male,7,20141221
+LhPh6qjS1aRT55FisIT+IOtVLn1UHE+hTHtoN2kkho=,4,28,female,7,20110922
kkt3aFA/3zJfK7HQnn0jjArDi7dGI6QtqpMMsArwcVM=,4,30,male,7,20141025
WSf+WOlO0FW16OFkPzbBfnvGR0W+dJFGlijEcMbWgZo=,13,28,female,7,20150919
xPyrPgu1v/x5v/5Q9npAYtfcQvP5VS3W4PEDzXYbUlw=,1,22,male,4,20170202
+B3nmAtlBp6+vSd6lt+qoQsjd2RuehuhmnbC9J48jMA=,13,46,female,9,20070225
2vN63jiR+CVvQ1RCbc1MeyG/GC1o852e1ohbQ2LsHhQ=,13,27,female,9,20110321
HZmzcPYcDeV489gtsaNVHo3jU/0qcySqL0uQ7I03weA=,9,29,male,9,20150303
Vfc/iTOOMs8+RqUdDkMODniW2gsV6ZL2Xa/j5evY27A=,11,27,female,9,20111229
l5WcfwXeHBPohssQx1FNzpBvU407qbPFEOhvBWSoC7o=,13,50,male,9,20041112
N+JdtnUKi/0VaY8jthhZuc3sG3hCoZuVzTpxKzAJOWo=,13,41,female,9,20050225
hGDPOFBR6BMP8+EDn2xawgLmlW3IGBzMdVlnxZR/qnc=,22,22,male,9,20050712
tHAdBYbrMeXXxRgc3QQHGvxH2DS67xe1j5lalTIyL9E=,13,37,male,9,20070907
UmmcSQhk+RZt7TSbnWmhwtc+55fiVrFumtVg9bhm0lo=,5,26,female,9,20071011
GBPzFurla5IdFtvUYScF55AoiXtpOlD5cvAKEuy1tjA=,22,63,male,9,20071124
bAc0vnW+KPomBPJUu9I/HqxZI8tGYuL9Ey39c5u0tfs=,4,26,male,9,20080205
kDriz5SVlAbJ8/LhRV3fVYv8B1k5NMbNBGsiYcoTloI=,6,26,female,9,20110929
o4PGry8PLcHUtubjka583s4VNZDeLHS/FOTRvKqvNu4=,10,21,female,9,20120815
G7usrY+n+/vudoI9x+A76cpEVFOP45neUJbcB4S9mK4=,14,19,female,3,20120911
6/mwwKbkSMc2tmB6GUMQutXStC5qKvhnHUxlewhLkh0=,5,19,male,4,20160427
ROhRnCErFrXJ+QoNsZs9RECgWnj/5eeywvhaTk0w8NI=,22,34,male,9,20110728
ESq6jLWu93VYdR02L1YGgu+z4Z2lCRhNph5VQx8cQmg=,14,29,male,7,20120828
VMz1OSR1X+rbY56x1ofR+Y9Bu01xDGrcXnHjXPewAAM=,4,31,male,4,20160827
7hluyiSt8KOKaeLpQlS44cc8ZriInNcgYCvW1N7P0jo=,8,20,female,9,20161003
CxDDXtH1uCcL/oe24yf7mBczUMezOR8QGqwe5rO5zLw=,13,33,male,9,20090818
Uv3Dzv0SCK6/ZrnO0iWb62hTIYZ4SO80etg7nwNhdbY=,9,40,male,9,20090906
bVu4DNbb+YhkCkCnc3QIGQ+3pk3VYM73t6KLDS/DUdQ=,22,39,male,9,20070922
PJINIotGlpnwrhi8L+s3KjSzJDCXrZ7fq7dEmjpj3wI=,10,25,male,9,20050528
PAj/F23zsZSRScNh+cnRIi4FQyGEQb6mtCIk6OF/NrM=,6,36,female,9,20050715
sT4pNVMU2M5aWuMnPfJUw+FeKLLy1LXHl6K+A6GIsWo=,13,36,male,9,20051218
efob0tHfLpBj6Ycugf23HFvtTGiHBw8kw1paYd7zGNo=,5,22,male,3,20151007
WOmNudT6sakoDODY0tHLXFYvQe44GU6QTpzTCGDaONA=,17,42,female,9,20060723
BK/NpnHwqnRSTfUwDQFKjWUtOkGNZ3W07wyIIpQdsWg=,13,43,male,9,20070121
8L7x7sM8gOSHLfU4K2VGCYBK02JWqDIQbfafhTAWdRE=,5,30,male,9,20111112
tmjIhGPJ6RG94s5W2WpLPJhsziq+lvJZ+0qHd1Oj1Vw=,18,29,male,9,20111121
McCgCImjNrzzOUMOoSJgWMmJF3CFLQC4Xd4aVHdroYk=,5,18,male,3,20141213
4k5W9Sjh0gnqpC3UcNDbnNbcba5UxnDsi32dP0jEC5Q=,14,37,female,9,20070216
ypXOxH9tGqaoK17Q2NkyvwMr9RhvLtkknCj6BkfmH9w=,12,29,male,7,20130801
DeDAEDQh/prpkKNkbkmubToZ1b+tlzqz2dKS2NO0tTc=,5,33,female,3,20130830
e203NVZ7FSjyClA9lUKVh7vJU+pjfz5Q+xQbjoI2Cdk=,4,30,male,3,20130903
pL3PgEi/DRo0bUZCNbS6upSYJJbDfYmv3pXeJfujaf8=,13,37,female,9,20070224
l948o0/BeK46g6mbmRESulux4FSfrCZQn1B3w1gWbw0=,9,39,male,9,20070418
aPwh7uuT0CoUkLQMqQdBo1R8bNV2lV1NTqKlwehdH4I=,15,23,female,4,20160318
Ktn0jAuACScWsLb7iyT5R8BQK9L25YdyqDGgBGEOKQ0=,11,26,male,9,20070616
t+g42htAFXxvlgQDL9pT/8KoqfQSqKibftpUhCRWlZ0=,4,25,female,9,20110426
s9IC8EMA3cqcMTYfB7lhv1379wXQaL0e+IcH4Ww47hU=,15,26,female,9,20110519
IC0mdT28T5Bj4P84kDbATYtpj3RGChJ0hS85mJNk414=,13,31,male,3,20140227
bX7Lt0QVIqSicTuAE1T4gXulU5a6wCQe/MLkm0rhaS4=,15,27,female,7,20140818
Mck6y1TGahEOrXoULzLxiTC5F0UsjgPWLKKtNVauHUo=,13,27,male,9,20041015
h8zVNDfpIUOeCNvkeGo8sZ+cPGBs0d94nUoEUSVrY1Y=,13,36,female,9,20041209
mnp8ispSpUlSQqqgS8IUX2NGnqR2JDTnFYLY8hKE4K0=,22,34,male,9,20050826
p1NVqSqJ4B2pmdxWjpVmVG81FtZRQSZr1UipMbjLUcI=,10,24,male,3,20160412
nnILu6w4ndSbedI0bSrKdL8ju4zOWaWKfCS8T1uMoek=,13,31,female,9,20080819
0jdnyVd7nWfKUZBidg6SvuI9+Npny14OeF4B/S43Vfo=,4,18,male,3,20131125
ZH3Fc/z3m3yaYUxwDOYtyX7rTK3MMxABlxl6ShDGywk=,8,28,female,9,20041115
o3m4pyYPUSyaoI5OS41APPMAGDHDLnhJ24yudFy89fg=,5,38,male,9,20050226
QgQR35nxLy1reser7TBm7ecdM8pr8NIzKx6Ir04t9NQ=,13,48,female,9,20050624
zcYGn03tuKryP4u4c8H1hqudJWzmD4rFbYsUzCVbuh8=,22,35,male,7,20111224
5VPPdks3c1/lMOtEnj1O8n+736U2P/nS7ldA3w1PLx0=,5,38,male,7,20120305
mPI8197jWiulIqLzUFExrvpYxeyi8WhasrMzDkXH2rc=,15,31,female,9,20120319
jYTBawqp+PLHvcBUf9Bt6FDNWpfeCoaLL4DE6+ATids=,1,36,male,4,20151104
wJn0nzOtUhZHRN4Ase0QHDmKCbGOZPwyizTF0ed9eyk=,5,29,female,9,20090727
FKboSrpoRF3hMS364NO65wUenv7g0naHbkxHsmVZYiQ=,6,23,male,3,20120304
FabegQ3V9h0OFU4gaEKWsf+vpyCcHCXhkK9+kCLO6Ns=,13,50,male,7,20120316
4nMvsa/lns1Aqu0qk9pCyqODiURlR5WreJfAW3nM64I=,12,22,male,7,20120601
GfwBT7to+ZDr1YKTh901MUyaLU7SME3M73HE6yTtzTc=,13,24,female,9,20120611
YNqb9r0dnP2INGN1lw0zt9ymWLICfF/+pEvJzpMy+Eo=,4,37,female,9,20120627
/Imc+g8zzyaiuuXdH1BBhBE9/dnbLkVZln4KwJ55ptg=,17,24,male,3,20130824
5W3M64DL+dk+jdBEm3sD86hXgWb8/BrXTtQa2zzrb+w=,6,42,male,7,20101231
h4P4fv9GECVUuWifhF96KnhkKcDAberMSX88b1goszc=,15,21,male,9,20110210
BaOOPcPlXgFPZ9hX+2ktBikYWc9ce0BjEIN0zAlmZeA=,5,27,male,7,20151021
1ClWYHT3Y5FaV2Rn2glbzW8tTFmFpu4Vs0O6Q281xQQ=,13,27,female,4,20160122
YV7JZtOOfpk6GP/Q+u6frwGv5MlYXyMnLusKztc2jHs=,5,41,male,4,20160205
2cy6VIFN7jjrUMPAtETsdLI3lbhoFOS2HH+ZZta3Y9g=,13,29,male,3,20131111
v58lmWwj14bFzNJE95Ig7dBvl4IWabg1KmJTZ7n2Pm0=,5,46,female,9,20060701
WMhilHBqtrOg8SpHOpevA+FZQ7CVhq03S0deiqD2HMQ=,15,31,male,9,20070109
dkecGGRY38BqKn9ZzdFFvB9z23hMBPMv5OQnKplQdmA=,22,19,male,3,20150107
0oE3lo1JpItBlEZNatuFXah4GdZBvpN0zhV0Itw4wnQ=,13,21,female,9,20070214
7IygE3gkbOiPdmEY5S9YvX7/862ekY5Xd5+Cnwnr3lQ=,13,39,female,9,20070311
UqONnKW7MtkWDjvD0PM7Lfja1gTiMWxDWr71A4/dCbc=,22,29,female,9,20070514
OgzdesXAS19DWGJnv+C7voU8IaLwRpSu/4O2iJGBFBg=,4,36,female,9,20070516
SKUiG8UCv+ai8KrritprILVfgaBysT+bXUWARIt/qyc=,22,42,male,7,20120118
gJWKko9TbDXsKiC6WiJBbZ1rsYmvqfqmuiCplnc9gQ0=,13,25,male,3,20160131
fbXxSiYZ8FkUIH+Hp7mNEkiLHstG+s5xRFmRHoB+wyY=,5,21,male,3,20130106
PfuVcIrP2Fy5PXWfLhvZlzXlw8fdtDr2L5Y6FflrEuA=,22,21,male,3,20130225
PtyZ/JFrNUSULroMxWUyA/ScmlE86fj710aU6YhrKH4=,4,28,male,7,20130330
ZRDt6XwY0FKov9Pai2tBlQKWliPisEtQOR5+SqfIqeU=,6,31,male,7,20130420
h8N/Yo2dyKb9YzP0tNOx41Oe12/SJUCFjUyAiHvT7QA=,6,20,male,7,20160804
gXT3F+Z2p/4Cbot2ox+s2nP9Lwoe5k7KBvK8rs3LkDg=,13,35,female,7,20120110
K9IZT1M9UxoyvwnzRwsnnruENZpcWa1sFgLqKxji5+A=,21,31,female,3,20150213
d7Hdvp38ewwyoUDjIcqMOoXMNDXiMzEq4PaZL4jgKfI=,6,32,female,7,20150404
t69inUKB15oWJRMx1HTcxYki2/ZQUXhX7MzRjGdqOq0=,1,18,female,4,20160219
UrbTVwhgro5kdpiN13QhSIDBbyW4rQnlkIsljIh35+4=,13,26,male,9,20080424
s/XhZAmQHwVrK4nyL2o5Gc6v1cJEsuat01CtCYIG8YQ=,22,26,male,4,20160406
fgX1Deo7v/LVyvGEW+CRZMMfKOkImmMdDwHyX0G1LSw=,13,18,female,4,20151117
iiU8jikEepJsoh10cDPpW5+bUPCo289BVrB9jI8QV7w=,13,18,female,9,20151129
w2E2RDm0pILdqsqtUS2Jupyv1zVwhXrz7bMZSR2yHUQ=,1,24,female,3,20150320
cvpYYjbDkImfrP7fm0NxaaYk00HAZ6+iOez+uM6vVl0=,13,20,female,9,20100305
hEqIL8HWkM6An5YRjTUvz3QUI5mWOve8lWAFojrDk0A=,13,25,male,9,20070908
cJVZpZl/etKRjfvZfT3x+tSMI0mWXhp19IOVTpD99Yk=,5,41,female,9,20071124
g2T57KZr2VAQkdC5CzTQDEBheljF71cY2MGsYCDWQhQ=,15,36,male,9,20110528
UVO9g8oix26EzMiQUIXRIWl7C3AJK8Pdx/XMsqch+fk=,6,38,female,9,20111026
wisFzflkIO7p6QEgCqPRp61ieUrMZ7REd5Tx68QtXFQ=,8,22,male,9,20160612
qlaugpvePUfv+/KnvPvmz2fPXYswQ+qcwOEDoCwGdGM=,11,25,female,9,20150813
HpnB1o8yosMxJVMAoU1/BjrwgQp9h0P9axvQ6IIGi6M=,15,37,female,9,20071217
2JbrzxfFkkhrLZDpywBE3IrEuwSZMD0IxsDhB2yk+DQ=,13,27,male,9,20080205
Cvd8+VerXGrM42xKyo2txjirdaLUq5aGRJFeD57vjrY=,4,30,male,9,20080216
xDqr+oZpAUq+rfO5JKsDjFojzAlTT2gRgPzhgETL2Is=,13,23,male,3,20150324
KUer47TEN9zoWQ4rwyyyHrolYhfePAzcCpb+FiLu6+o=,1,21,male,3,20150807
s+8Sp2ibaE87S8lbBnYcDb3If5OxOk68hPFOL+FfNP0=,13,17,male,3,20150111
xXJTRNT9De8WtHxtvaMGIx9xaRXoZA82rayuKgrwJvk=,15,55,female,7,20151022
wMABAGIG/EyhtBoT86BhKEEGJ+1INQA4WDPUo9WggVw=,22,37,male,9,20141002
ifcdfx5steLT2btkLXIYQ2GyJIJt8Ez9zcJVHzpwiS4=,5,19,male,3,20160424
9PQ6/MotV+evt8yaeh3NIC8UJDTE2uQuc9OE8M0dPOs=,22,39,female,7,20151209
9nwuE8PDhiZgRkxODZvyVQOSJtS0DsJwovBeXUB036o=,1,37,male,3,20140819
QNNzWse2oygD79WSMd778RjVhMR+8FAmpTeYM0dKSuU=,13,27,male,9,20111007
M+iouZhPtaGnA5BzQgC0PVAiTuF13LNx62pE2pCAnWg=,13,28,female,9,20141114
ZyHYvcYTkaOY6m4THBTeu6XVnQxSTpadrk0PAVQNDdY=,13,30,female,9,20150202
lBjV6bCWvv+XpPNlT70/KHWKrwTjjNUPFp25IVfu4m4=,7,23,female,9,20150301
fO7juyPmMo9j/kP7jcZC1+NuuAB01dW0UwRcAN5k8XE=,15,21,female,3,20150319
xFQIG5Aa/1GNrbxn3ROyTE0KxZV2TkQAjUj2MESigGI=,1,18,male,3,20160112
UK0DIkMNLQ/tk/h6jTrhNHaSaCGIst88apn8tOnQlmo=,10,27,male,7,20140201
PjIaHC7M36v2vWUn7vZa0gu3zQ+U66o5ig42i9F5Cd0=,4,24,female,3,20151014
LlKI9jA44hy7p0hH1y2mHewalQRMQ5TINNsvBjcWJaY=,21,23,male,7,20130409
K8XW6f9HFzfqSU2u4oKVhNzXfWaQ+0avNEaEYG4wBPE=,5,43,male,9,20110730
INY0eYLK5GpU62Qxs0Z4NqE0XaHFazAK9FVkpOOUbVA=,5,38,female,4,20160321
lT4BFBmdRXgyqPTuiz+nbf/EnzzUATfzo4kkJMyq9OU=,5,27,female,4,20160311
gbCTNWbbmF0cvTcu9lE8Ak5odzyMKMxhdS6b+tTM5T4=,5,21,female,3,20160121
y2ep4xkrp8wT5z5MEQJLDMtCULq8/afUDeSaxTcAcvU=,4,29,male,9,20060405
oneUekU/HEsfTfRdDiue5dzFCj0ZVLbgC5j24MOAgWU=,13,24,female,3,20130610
UDhSFMJhFKwmv9QQfwFnltFgsPvbQEGWjxltK3yR2E4=,15,26,female,9,20110219
PiNZE08CdCRmvCr2lZGR9Oab1FVXxyAdwy7zqX4dmZc=,5,37,female,9,20160124
csOACFkmA0NqrTiTCxUncuBM0inkUTvZGur3dZxEHj4=,22,22,male,3,20150613
qYFVn5VXo6BRrWmR11jfDakyvo66VSyNJlXgiXg21hI=,6,21,female,3,20150708
2HnbXuJqxr3tfDML/fp59ZofdjWowBZ/Wz9LgR6H5/Q=,13,34,female,9,20110108
rlpUJYM3w5ITkWivfE7N4p2+CsyZencOYYZTPCSAE5M=,13,51,male,9,20110117
byPlEuOJ+I72wyixvAyGBVMa9bHZRkMWRixQrZnIVaM=,9,21,female,9,20110307
N1piYLinL46jr8Q4nX1NhVAaEK7bJXL5uW9KXIXv1Ck=,4,41,female,7,20110326
bWXYyykZlPdrn6uDlqN65YcrcN7KEfE/W+xI+c6tB24=,4,29,male,9,20111207
vCRTQ6w+UzMFkqJsQBIoOeU+JUR1aGdrOzS5c8V3xv0=,13,29,male,9,20111227
nUYGvxGUfRw6omZ0kKWJD2LG2fP8KXcxW75mCHcuRhY=,1,22,male,3,20141026
XjPSbTNG5fq2Bfk/njjK34BAxaeMgdx0XuOrL1PFga8=,13,19,male,3,20150904
l+3v6jMR8PhtklaBSLFCBn9TkwlTPOCY8hgfv5oO5qE=,15,19,male,9,20110901
7nkEL1NaQA7sfJrtJ1UWi5X1w7iZQiYCRhjctmXPigY=,4,35,male,9,20111005
wolXlSrwyDpMABpQXQOUmIgN89cAv7CFLRpceMG6Kzk=,5,43,male,9,20150116
DSIP0bvOxL0/9NBHw/RN1s0ODAxQ6rDzGhHsS8yegv0=,5,28,male,9,20050409
+Ldz18RDtsdEeR+8nmUyZRH4UtLcQWT7STqMZNfYIl4=,4,45,female,7,20151011
BrHucH+BW7EP6c0C0RJJkny8/54pmku8W/LB35678QQ=,4,32,male,7,20150116
OlMuunYzJZUsoZfQ4VZqIX82nshSN1EgHsXGNypfOCM=,22,41,male,7,20150120
UhOzdpmtPaTd5RJ+aBEj/Mvj7BtMWpynBKDx66nRSn8=,13,27,male,3,20150219
XiOK43NXRm9h8i6PKhcU2vfA5dPcRbqB3LT9wkPSmZ8=,8,30,male,7,20111217
InbbtTNmszbyN9b17sGA8KqaJV5sfUfT57uC1EfdQzo=,14,40,male,3,20150111
UOpcpke6bXSDs9xTkLI1IYBKKsR0tJuLqCpuUmoU7C4=,14,38,female,7,20160109
Kj5gRYiRQ+J/PuwosQKJbh8fsWiTDAKCmvK9uXRp3Ow=,14,25,female,9,20120403
KN8OSIGZ/26jFBP1W/k1jjWqNDKbN5+kVs6uiKJbaLE=,15,32,female,9,20111117
WJwINSoTd3VkaX++hUMIyQXsWlksThoq9yzX5CqhWHU=,13,19,male,9,20111126
2pse+NcbzdFjedcELt9OC/7pNMH6dkGW6Kzno++I55E=,8,32,male,3,20120516
F0VI0x+yVgJwuMAFru/C8hWeE08dqyg/FZAObwgfOy0=,7,33,female,9,20120608
dP7Q7W9p91KiuCOu3gj8HqXubJ4Ztrqghvud7Rlw2JY=,6,29,female,3,20120713
DIYoh7jqqZzg7AugY5zZhu6PLusoVzB5+VUOGCJPCz4=,13,22,female,9,20120827
WTKApOeEYZXRq01ZUm84E2gmIxj9k05WXfT82IGg1U8=,22,21,male,3,20150423
uDznp3WusYLpr0AKgGa2gBKsivjz93DXng/B9+yn/Bs=,4,32,male,9,20110610
ENaLRdyLLZTXSNCEJ4lA1pZbq0fimaEyGlS/svEvR5g=,10,36,male,9,20060529
+B2soXvvN+eSpexkDcRdg1ZlR32Eyg6EipLg+RCKZmU=,13,35,male,9,20060621
2eRgJ9gJf9XpWU230ZG0u4dh70VCsiEUHJoAhnHn4dQ=,15,36,male,9,20061205
36C80LgBTAv6dDaAtdqunOR/2bsCklOzWPoEO1ILCqU=,13,20,female,9,20150928
Ai3khk36+v9mECiu5UJQSAiba0+y/60KLGj49wYLGkU=,5,38,female,4,20160128
H9zzoUtEHux5oXgiNpYOIhmTopbUXWzebCFASPhFlxA=,12,25,male,4,20160706
0mH2z4C7lY91thzPifftR8TcnrBPxSEM5q3/rBMC75M=,12,29,female,9,20061207
A/dcQDmbUwaDe7XHx7TLGbbDjNSisKzKUBWeZxgDffM=,22,22,male,7,20111018
gonLyd0/+Lk8xB3JqYOuPIf9uy2UBraXgrFCj5PtqLI=,13,25,female,3,20140304
op0d5Qs80Y1GD3e5yxTuPuxPidcSsnmIODiQ601ySks=,14,25,male,9,20090523
AXesDump7FXmVEE3nYzk4E9/1r9p2+956/VWYyOQUgU=,22,37,female,9,20091201
UmEytvXGG0AETnqMTsXfXFUcidiYJBnxMN9LFs/QZyI=,5,55,female,9,20091213
ua/lKSzwh8M9+QDXTpIL7IAl3zjAbJwPiAdVBXvBe+c=,8,38,female,9,20060521
IaNAi6/jl6/3fEfw1lp0KIjXW5rxlljoVwgZjEEgRA8=,6,23,female,9,20060610
IqJe3hyFPyGRBvbYGaAtuYjT0I3wVbZvUQ+lrTYqKMA=,1,23,male,4,20170210
Bf6qbqBvz+c2Enyvng7WMup5eDeDjrH8eQIHaXdwGzc=,5,30,female,9,20170301
faM9g2gj/687gtIsvZEUIU1+zMrPpHi8O7ZNvYIto4c=,13,41,female,3,20150705
vluJ63wyv9fbASFs4qZQdQC+iZz5b8iHB0TvHB+rAz4=,5,32,female,9,20070105
q3oW3gyuAzS97TOi8ivsxhjgvkPELRBZoDBfP77qosc=,4,49,female,9,20070209
mB878eMwpooWTKomY+C4Hr04J9oLeQfjBEXU2Mi8YiU=,18,31,male,9,20070222
Btkpkduzz32OBBEpo+joXz4V48PFHNLRyLmvDyf02JI=,13,27,female,9,20070414
AjGghP1JsXX84tZeH17Ey18cOe1+V2xuVzQ4Louywtc=,6,22,male,9,20160818
xinlZZOFEBJAk7YQw/7h5vrIGbCejLSBp/V/t3FxHW4=,4,24,male,3,20130613
OVMOTza8NZONBhGwtb23CngbeQU8go6lztEpHhRurPA=,4,21,male,3,20130619
SGWMHjPomTHzynfPy28TveHSN10a6AKKIIVYr5Xg6zE=,15,30,female,9,20130415
194F22WQIluLdQ/EP3cdSIbnCspDwH1jKX/LGOI+mHg=,11,24,male,3,20130512
7t99+F0pIiqxalkySOkQ9bzHNvaWkDcIClXuBhlAp94=,13,26,female,9,20110107
uQ3pai092Ezw3wj94JH0awB57rNZ4WGzB4liqGjdFFk=,4,23,female,9,20110120
hyQ+NgUeW2FUbYgty9nK8+bM2SdtXweL/z8urFEw+VA=,3,31,male,9,20110227
n1SsuQwhIlgiXd68tXnuzrHui2n7spFqf96/flfR80o=,14,35,male,7,20110310
KmkVcbwBl8jQAeFr42PQb5C/bBULFIyqG+0PIWbMVJI=,22,30,male,9,20110403
LPn9OzJmKDBquIPCG0vlkSgtT0lDaK8aCnxlE9SHs2M=,17,20,male,7,20150203
I0eDoSGYY5bBzB2TXvXBwfLgzkcWYM0GtpBGyZv0eH0=,10,26,male,3,20120526
b50WXwdjXOEoZIawbK05Z1PX3GpAZBKTnUux1o/W1DE=,14,28,female,7,20120605
4yqXZMcVMKag4eZLK6TgD7XOjIKamBtxWx8+x6kBthw=,4,30,female,7,20150423
//8eDSbhxbb4dtazRgtSXtKWKwOU0einv8jZHcujZyc=,12,18,male,9,20150919
59gLnObS2QkR7sET/pgGNB0QVWuSi4Y299UJM8Cl+K8=,15,25,female,3,20130527
msjUaBG5Gb+SA3Tlx2pZa5sSq5Wn9LpmNPTL1HhBWnQ=,22,23,female,3,20140315
zx9dv7HwJ1rKv+xCX9nGi/ZYD8KYuXfPqxFzbgUXQB4=,13,24,female,9,20141122
l161CT/4Cwn7+JP4xR1IBpnyPHRIRxIEvbupbCU2ar8=,13,33,female,9,20120707
fFxcjgpmQMlgXuzFSmqRqmvatvyChAcfWQmiyGz4raU=,4,26,male,3,20121007
q9wbjSQYApuzvsK1+ZaUaH9eWAgribmNalvPDK89f8s=,5,20,male,3,20121203
7pP/aiWJMW5uDKIoVctaGNdaV6Ob0pdsJbxJ3FwJ2Mk=,22,30,female,7,20120612
MhZXoDfMdMqG8RVQ4loWLQ3aHOnkMvlt+/9eFawGo28=,13,24,female,7,20120822
+xOKaWsn0pXi92zVswX7W6RBCN/YEnqmIHCz2inATOQ=,8,21,male,9,20120905
RDhAOTuKvurNi879XccqmZ0izOgkdOzt5ggrgEdECNU=,15,19,male,7,20160125
h63Erupqbx6ZLO2wjaCr2H82wCFZFEt9WOewFkPLA40=,9,21,female,7,20151028
TuagJbpsecHkQy22ofpNyPRGAGdehApMQlwuV/ACcCY=,15,33,female,9,20090504
15iFJXmMVo6kzyh1TmKhpyIFzaAvq46NAYAeVcQGlPU=,13,27,male,9,20090511
QSimNLwIlnPZJA0p/DgfJFDvin3eJGRR7H84zDDLq7o=,11,20,male,4,20170120
v7VUkCNVksc0k3BQWAtta4T1ahrtDcVuqey/Z6zzBCY=,15,43,female,3,20150413
GmuRmMCM68elwbGpHiAvdBTLIluH/kJV+yWR9E39xhU=,13,31,female,4,20160501
/GRo1OLgeciwgrxRRKZMqKgpjk+Mkq6x6SZc/FJyj6E=,13,51,male,9,20051112
2ma64X0Qp3uOmwmWIKa8s2YEc2SZKOjSaIZusl/dK2Y=,5,46,male,9,20060104
zIXMyQNzEBtJLml59cJji9ZXIkb0vxSNL+aZDSvNllY=,13,43,female,9,20060121
vGC2O6Pm/UN+Scu0yCQO9+M0SSEPIUcC1W2pRPhesbg=,14,29,female,9,20040801
l0XJW1jzg0NDuIZDmEvMYzy7NYTLM9GSivQOI/Isw+c=,16,45,female,9,20050401
N7z8r1eQ4NgNsd27H2g6riSBA6UdnMWaqsCqYSvx6oY=,11,46,female,9,20050528
fXPvKqwmtsQJnnAQFdrMS7MMFfxICom+i5XRBj3VvZI=,6,45,male,9,20050830
CvTnX0Xdcv320FvOfsfvIA+Cq0urM7mD9tGj8qQkrrA=,22,38,female,9,20111123
Oz25bRpHrtf/miMwDpT9a04kunXSkC0jLkoG9Dftjrk=,1,32,male,7,20140618
BDVQNEO7Ys6uj2kYPnXoDcP9JotqjoIf3OLmPhsu+w8=,13,29,male,9,20080926
NhyPHKEeefRHPneAe/Rc/7voYLpz7oXZew4e6FX8lwU=,4,29,male,9,20080930
cl8S+wZPS/lGVuluL6eJ6Ek9i6cnUYCbVfB1Ax5Eg2c=,18,27,female,9,20081018
xnTZnJqI1mmA8Mcm4bX0El8aqw7AOMPm75DMz8qqqxA=,9,24,male,9,20160717
UXMUsm74HCVcp5CbEPPPnDZ53P3oBiz9fKy2Ty7JHHg=,5,22,male,9,20130829
DU1PW+7IIYSvDdqGeOi4AYjfPZFKn+JrRdfgr2DHsYw=,5,20,male,4,20151129
NCWdIMd/TjJ7g+3ULnVrnnT6FzYLG6WtSNoknvVKu1E=,13,29,male,7,20151208
3KNq81JIBsqFvzhzCWYJ69nmvHADCTObcGtycfowqxM=,1,21,female,3,20140922
w7yIt8oGte80NBe5lfU1qc88Mq1UoMvouqiWHTeSHJY=,11,26,male,3,20150625
GwoaQyJG7XJC5sqbodzwKtGnpikQl00NWpdMbaCuJsA=,12,22,male,3,20120215
brx+aGca3afRpxOdMuliYj/OzwZhpjSR9fUnpecC3K4=,17,24,male,9,20120301
2UhSuNf5nTivht9QpSU9Ks3lZeEFL+lmxm8e+lztAuI=,5,51,male,9,20080115
YGXmYiC4OlVdG90FpMllNAGpPgTVzaWuVlxdNEf/EQw=,4,22,male,7,20151214
SuvwvRZJ0QnZQjhWhQwe9omq6rBc+HNh4I0VIzpte1A=,13,43,female,9,20100908
I1ic9OSNIgP4Q1QwkMV1cBWF7YGeEdzZ1WLgKHale38=,15,26,male,9,20101127
9t6Xr8m1RF5HuamlxyOoqw6SxM/t+aE5qu+0xXsiC+E=,22,51,male,9,20090214
zFJWrvJQ6TswOlbFnK1oy7pl4yANnsPh4zVG9RjzFh0=,13,15,male,3,20130316
NoyLC3ahPlMbLiAN4sLPZTmWRrxEgXIPp5btRKgdPlY=,13,28,female,9,20070712
tU19ghnQZZh9NuGHSg/8zC3AWYX2Jrs1itGAe4xmtvw=,13,35,female,7,20101227
UWHUrI0t9dYHdXAOYCbLTPR/v26gwteRu3D/XCooH8s=,13,49,female,7,20110222
7E2LvuqmMxGruiuEISWFEKzfQEaCtdxEuY4SsxhQcfc=,6,26,female,9,20090607
cTvyr/OP5oh2cuTKTHqlJ91itACMAQEHgRQVZAWmI8I=,14,23,female,9,20091202
cDpBM66C+YFDEvn6hQ0mEj5P2FaO8MkwWW5EE9+zGX8=,5,34,female,9,20091222
Thi90DqRFc+amujyzt61ZW3VW4g30hrBe1xgIswDXwU=,13,37,male,9,20100213
/mgcoaDamV1BF28yVrJtvFtfYPtcYp0BTr0X2Layyw4=,5,60,female,7,20131016
h9c6A0xQ0rjOvICIg/RqXn9VR5GTN23seIXwL3+UszM=,13,29,female,9,20160130
e+icBHij/m1Yjaii0M1nnYPUvU36sP3pI8iGm+E0VMY=,13,40,female,9,20060320
z1ggYqNj1vWE2ZCXeZpubD/bZ2bKw5NX1HM3sz0yF5w=,5,26,male,3,20150512
clZDREDB3qoYsgc44wyqVmVXSVL8vuhqLXazpGvWaCk=,5,22,female,9,20140703
nw9H5FcrnKBry2AgB8D9IusRVZHzAtCWxQ9pjj130Es=,15,31,male,9,20070802
vVWClrD4WBYOWanFXsl2GjtNEIA4Rf07RRu88Phwc5s=,13,38,male,9,20071015
890dH3jS8DdUt1iyltRTsQ9diGiG8GkIaOEsCneMjoU=,13,22,male,9,20071231
4XA3uG01BTmYGCMEe88aidqdLdkxJAO0RKuddew/LKQ=,5,28,male,9,20110112
8J3q9WSAFQhu0P654qfGcczYtcCp6Z3Z5PbsjQD1Xao=,13,40,male,9,20110310
lXzodqnyDHgA/1r2ESr4SvqcSJIbJaJhTPJ35qlQMK0=,12,41,male,7,20160204
xq/aqNU+1QHPGEnisPn410UCOA7ahSPSX488VDJoOUs=,13,23,female,7,20160214
EU4NQ4FVGaa/o/2hWhqaMxWCNPROZ4tPLZXvagPAC+0=,15,27,male,3,20130209
6cjyfTa3T9G6QUb4M3Px4jOl+tZ9TJIxeZJYApCopmA=,9,18,female,4,20160319
RS4WxcMAUJDFtaSLc1Ykx7Z6693ldsHNhBj6en648R8=,11,38,male,9,20131123
CWD2p9aTBQlcMOp7I1oWTmw+oZVjVqOOdHdheM2WfEY=,5,42,female,9,20050501
/1Ah/3Uv3OCHWBaySN4+8zCNE7MqWyjXA/N55G457b4=,5,20,male,3,20150514
ufPXKSbosD60p5bvXaBmZWR7fIs4Pkjg5DHr422FNkI=,15,31,male,9,20080921
b+HqC0CqCoMN5RQEeIuDF7wZ1DK/E+Zxd1sFWrquBKA=,5,18,female,3,20130204
6+WCsmIk/IfkiDaNHJvRVofX4nmfL3LxpWVgavZGnZc=,13,24,male,3,20130210
3vpt98ap3e0+ZBLudEa3tY6c2E7lK8CX6tPYv9DtNAg=,11,29,male,9,20070704
0DpVXJLNXMV8a98Qkm7H3xVJJwoaoiFqeq3740K+HM8=,6,33,male,3,20130912
w2dNpfB6K/q8FLpDshiT8W7Evqs6cR53e9OujiNZwk0=,22,23,female,9,20150512
z02mpdm7h30/3i/bJmyJkBC6YsqLIFFOSKYAG4GsTsw=,14,29,male,7,20150616
+EVpAHt3XaksBNcOnPGr9uD2MUzq1s8EO85yIOctx+I=,13,38,female,7,20151223
ASFQOofyroSrJiJ1srtild+o8oTRBuYySJbAqCZfZ/0=,6,23,male,3,20120629
bDv+XDj6Xd9Azyo64S4AR04M6ZYnnKWalrY2b5rJZRo=,6,21,male,3,20120806
cUvU70wEPZar1KgTXkh/i7JpsMTCz1c62u5PTMfFVvw=,14,32,female,3,20120818
n3huHeLt/bkJXZurXEts2uOxKyDO1TmVnb/0MK2UDKA=,5,24,male,9,20120901
Q3oMOf7QLNeOTE9CVzrOe9/98nw07XnvIGwJjmkpsBI=,13,31,male,9,20090220
471IjPMsoNji/cuFbO1JPRtsUNREcLsHKIZrsRtUBzQ=,13,31,female,4,20160421
QPrOCytVJ1kQg7tZNUwsvLejqHBlTE6tKdfuyTnbJ0k=,15,46,female,9,20120119
jyShphJF+Eik7S08bSzcqHR7MDos6luT86C7cC01MrA=,13,33,female,4,20151228
WeEnFFSO5OsUpgC0Q6JtgrGtQWSVz+vRIGPSV1Yyz+I=,18,25,male,3,20130904
yfdgfClH/qR37xLQ0aJb0hm2Sd3xerrEnnHTZWEZk7A=,17,25,male,3,20130910
9lSpIRWX1318n928GADHoNUyTlI1zqmLa5SYqzo496Q=,4,46,female,7,20150803
1M0hPc21tVyk7augBTlBADw0CbBsI7l6xq9FQGo7r+I=,15,27,female,3,20111216
poBkYxUG56T4CMKZxL5+xDjNG6cSBJoBajssREc4BY0=,12,24,male,3,20111226
dWD8zYFMRFP7wGyR54+mlxbcTZDHLdeFPIaHWxCOWNs=,4,18,female,7,20160506
yW39jVUM/PzKt8QiKHQYCWCm8i81HwR5WGJSK5x7uug=,15,38,female,9,20080726
zeKLdATj+4wgEFF4xV2JUQqGoR9D2s3iJrPmKMlakjU=,22,23,male,9,20150131
7WKQ5ibXSKn5d/WME6FU6yJL013tRcOQGbde4ESdwtQ=,6,23,female,3,20131211
UK3IFivyIvhUYMwYHSctjpskcKQHmpWfoJ4mrklbDI4=,13,21,female,4,20160410
1GsuLjpZz1EqCx+AFJO2PzE8JzTIeu3z2CHfQTd6gwY=,10,17,male,9,20160225
UGchzBrgD1P+cQoE5SziAJ2EnFlo5hAb1R340OppRC8=,22,30,female,4,20151106
UYWh6OcqYietkX7ukAJ3gpS8U23FSHxJFFOmvWtzTCc=,13,31,male,9,20061122
AIfVh+krZQh1g6kNCWf/mXsbk8LPUgFsp+3y2iMhq9w=,13,31,female,9,20070122
58w+lhMSZaef6UYJu0LEH+6kT7HP1NyeB1OWcTXKw3s=,22,27,female,9,20070212
o1M2CoEazSVpnqqZ8xDg1w8IcHrs/dR+ZcqZJOFXegI=,13,31,female,3,20120123
xFoKRPF5cWnJAim/T9fS+OI4M57Ru04JEhp0aVHq6KY=,15,30,female,3,20130808
omvEhPCKQ441De2eYErEoW4XafrNe1tgPnxLq3+stFw=,13,43,female,3,20120105
ENB+xMJA+Xffaq3tsVOMlnkpPqrHDlDPDSDInDe53Uc=,13,35,male,3,20151012
hvLsI6kzXMF46OcSuDTjQOdVzcnujFFd0vfIuPcMVtA=,1,21,male,3,20151026
aF/AYxLwAbn6x5XnCJPg5g5ZExC8HR/qjyRux6yUoBE=,5,34,female,9,20051205
b8AX2eVynol2ra3egdRBfBniG0eQT2NuLUSQiVhsFTo=,5,23,female,9,20160916
KpysorQoG++8RQ0E7VHGEzcLGiA4ij9AwD6jx3Cziyk=,22,26,male,4,20170128
UO5LUHzmOnNNa+xSt8rlTbf6+uTEhcQ/yMWHQFPD7Kw=,5,32,male,7,20120214
fLKERKfes3p0vIsuZ4GZ6BSW/jGKu5o9py1XCRXEzfs=,5,37,male,9,20120409
834cF+dXWvxmfGZisQqmeIS3OJtwmh2oOjuzuM7vfTs=,22,26,male,3,20120419
wmKX059EHGGsrjHC/HXKXUrnMKjqecMEgcXw75jU9ic=,4,27,female,3,20120516
pYI8GLGo6+EkiahBHwEbs6UR6kRlkefY65kJEkjX/Yg=,4,19,female,3,20120610
gCwB48OOq4JLKUuoAWbqW2OroIqatxETzbguTEg4Z58=,11,20,male,4,20151022
Sn+JUVVz1opQ6xbQ3cns3V0BgF3kdBWqqc+1TkE5iKM=,6,69,male,4,20160524
BGgOACdCNuD7Myh0Ji4STEKz+RUAlp5e+l9rCjTWe7I=,14,20,male,9,20150112
Cqxn2WsDObC37LHo40+XAvD95tNPJJn2C6bkT4B3YQM=,5,15,female,3,20150206
b77+zIrGsquIkxqU7r2Mj4Cn1uP1Zbc5vk+ewoZ46bk=,15,19,female,3,20150407
jHaTC4YN8BvaSWukzJQKD9pw/O0ptdVpv8BLKCSvpq4=,14,36,male,7,20120209
Zmquj8p9+iw5fvqSBy7BvWHSLV6V6fpr7xPJLPCEFis=,13,21,female,3,20120622
DjrAkObRdSG4eO16bFvH6WmlG98FGLRPOQJyuycYUo4=,5,22,female,9,20120820
MyL8RCx4uana3e+g5tCZiWLYPjFf4nswHEh6m+SuEdY=,4,27,male,3,20121204
SxnnhG97wsKLmKQMevTJkfx/huc1M8HOJS5NouoU8Qw=,5,23,male,4,20151231
HAFSgbfzKKJ01t2Wg6ovlGOd6EPOVmzdKWHalSTDCjs=,14,33,female,4,20160101
vGvgq8VRyK0UPFL5I8HUTAFHhxotsrGY1Iw0AwkE3Go=,14,51,male,9,20160205
tWdW1ytGycObZMurzhNFyRXLSvWg4vJn42Rg8TZTqoY=,5,53,female,3,20130213
Mbku2B9m4uCytVi96XwT3iR6Sl3VB/YB9G87wRPULg4=,8,17,male,3,20130406
E6mXGqRfJcgTsVQhOcuvbnvDScrmnr+XVztS2fYgMmQ=,9,23,male,3,20150212
JbvF9XqyPX2yOzUt/48Chmgkx6V22h8ZVYxCD9NcWjE=,12,25,female,3,20150217
CZTkIQnSmSLvVHUJOL7gA/u+q9e3fC8dk0F79gvcNUQ=,5,30,male,3,20120623
sngluXCsWPArXti7jVBzoXJRnR8SKyIamecxlgJBQ9M=,9,23,female,7,20130420
j2aRaikqMnV6yMmukEzJo2BD9NnTfh5PE2ViI46zWHI=,5,37,male,9,20130421
dGA76K7uDe1AAhR+TXE6irJ173XvJM/JvK2l8Msl93I=,22,40,male,9,20150117
O85fB+VOtmv/wJjsVjtH4hlYHAJPouLnCi/XOCEvxPA=,5,26,male,7,20150221
QiqpP+D5KQR0gL/55RfubwSKgLOcz//MnAeb9/5L8vE=,6,27,female,3,20150227
TljYZm8sBM3HSflKQEVrv3zpmZyPpBGx/Qe5DIwPYNM=,11,20,female,7,20120403
qeMCoLy6AqxwQkffUyo3kXlzsAGDVw+IFXiy9JotZWM=,14,30,female,7,20120504
vS8sShN+N0J2eiLDCz86d+l++byRvC3NmdUY+V9M2H8=,5,27,female,9,20120518
6PYuOR4CW9m/xtxyO6ykxpV0VG2/x5bcgULwW+bxiWs=,1,43,female,4,20151116
2SQ5gPr/U/tS7Jq+GT4DFaj58KGvHnFIHCw+yQGAHXc=,22,24,male,3,20150322
HHIAgTtsqcZv1eLdCvCVmS6UCAbg89+AEKjCa5hTutM=,13,29,female,7,20151103
i1fUNQccKV0dwJyg8bV/S1zcc0iRXO5LCzG6ATkuSpo=,5,21,male,9,20140122
tcr3CN5D8s0Bj+g3059NZZfYz6arWVmXluD9aqmnI+M=,3,20,male,9,20131025
sR9j1pSwU7/+Ng4gfvLQJoO6/If46nSQ1l5Al0X3Wz4=,4,39,female,9,20120902
CR6Vyznl//72AelXcPA3mdHh6Q1Hup3eycGVs1mnrmI=,6,24,female,7,20160607
OO/bLxxvuh7RvpFqyrcorT2AOwvmLYw75xvP4DuQcag=,5,28,male,3,20130529
xIn7d54e4ye0k8zwMx+zdwWsgm8bGZSEEexbdQAzPeU=,15,19,female,3,20130628
c9mvccBTywKfV66zc83YITSktWaLEAtDeDDXxRNSc8I=,22,25,male,9,20150129
eOihJT+mkxO3Ea4D9fiS5BWmWUXe48H9LgfMdqpnkpI=,4,29,male,3,20150316
gEz5UfZxjmtBsctAvWICMdn/D42E7dhUwy/9ZwPvud4=,12,24,female,9,20150501
zqtZeH2ZtNhBW+2rhVXUDeaLhRfeyDuyXnQAPTprEYY=,5,24,female,7,20160506
gzPvrT0hpT8pl+s7LK2IR6ukc+nP4ypmHNNV9eHX/uE=,14,22,female,7,20160506
rNPVPyPh1aWs3lC7l6Lyc/SD90TqZqU9NPEuLichRlA=,13,34,male,9,20110929
2NW7osPF2JN+6DnhmBaMUOXFopj0FaUCW9Y9E5DVpbI=,15,28,female,9,20140802
zltdjapjqVAhq7lcVVEjC+5EEfIc83qa1ok8veFWR3M=,13,24,male,7,20110912
cpyPFfLt0Vz8wLZ7k6dMDZ4krwT6NKRO84bC22PbYnY=,7,18,male,3,20141117
b4I0vc5RboDoMApUymsoCpbztQm53svUMjN9HwmmYZM=,5,39,female,9,20150717
vPnAZE7rMYJ9XybL77mUzT6M7KMpBpWyKsbxyWUZZIY=,4,55,male,7,20110705
fPhqown09ba4tKmI48WgNqITui2HXFxra9WbwafmNp8=,15,24,female,9,20070508
XSF+SDCBezKlo2u3bSayEXL2X6V1Z/ErbaqKCmdSX6A=,22,31,female,9,20070515
c9RaI7TVmEQWmgyitpAw2e0HjEyZc8ckMgbm7nRhVyI=,1,39,female,3,20150820
fqsqE7RzCrR3JNRh5ztK15Olx36cgxjnxIB0k9u9elQ=,4,53,male,9,20150820
dviXtwWALX7uVa5nJYWg6p2X0sEnLCKRhp8kmbR3AKY=,15,31,female,9,20040716
FMF/whcIUFRwQw5wpH3rZfwlich65ygYPzm+t1T3/Zo=,13,34,female,9,20040928
Am/46UoCZDaSRQfXPdI5Bn7jcVcmxBXP2vIrGnZoS0g=,13,44,female,9,20050517
IJBRpmREBajSEcY+ibREAnnwLJ1KIASP7JycZiGvrEw=,4,28,female,9,20050527
8YzY7eRqF3EFt6WnnNjv0JeUmo8ITbIiLogqSu+XTPA=,13,35,female,9,20060514
GrvFM6bF3Ernk5czwqw88aV1XgPM/VcMobA3W2HlpTo=,15,43,female,7,20160130
8c8/mLK0Fk2RwyQRF3Swcwncj00miMCLfdcZwRKHH7s=,13,43,male,9,20160205
tk/4zPY4wnoq8z5HbavikOcjVhWcUtxuLgD/DRSvUGw=,14,21,male,3,20150404
M2Itj5w+ZRojg+gkX69zDrB5x8B1sAlqfYPQXe1gAec=,14,31,female,7,20151222
JypvbH1oTi23quTwS5HhBJOGH5zbWrxzlmP/GtKYb2A=,17,29,male,9,20061102
UKD0itnCFPVaBldZ5PMPemInD3HFHi9L9t3HCMNmoug=,22,26,male,9,20061109
dFlmzmXjio4e+ADRLqLL0ORIzneF7V1CMEHXs+eXeE8=,13,57,male,7,20161111
UMsfCJCXxLnXSkCIn52fTkYnkuMlX4himk2JN+w+Xdg=,13,34,female,9,20161120
sUfcTbGFziRsrI6DzTdmLahnXw5h/32Vl1DEIV9fl9w=,13,24,male,9,20090205
PRhAGqeFtejxBgAytLLbkmvVorsE/ugMrWd7aeTjhgw=,22,25,male,4,20160714
qQ728R2YkW7RQ4svmLdeDhboGB/cF1MqZZR8+4wPQNs=,4,26,male,7,20160717
Xr9Q3bVahvnGwdd2KAGLtXsMmCjCglT77tNqDba0G0g=,3,23,male,3,20141130
9DLXatpc9vOTCvokaRw4oCL87c09tZaloT3RKRU8aSo=,15,53,female,7,20151023
K1y/ZDMW2ihRyv3YYxAYmuwsQw1sL03QV2VXx0Mcg/g=,5,41,male,9,20110826
GDt6d7sokd1DSxIl8b/WgQ8/kQCpMKr1hszKyCXcFzA=,5,25,female,4,20161028
VgGIJCuaaYu4M1dNcbteM5G9zMRq1lWk3cju8bDfa+M=,18,21,male,3,20150815
QbLxYxb1HZMtCCcA9rfjNCwSwtxLt77FN7n1Fe6OvZs=,13,31,male,7,20151127
/w3UYxzhSGVNJnV9v+yo97RsuE8FVKsSijifOBmOWto=,10,20,male,4,20151205
mGkGRPHs2FFHtQkoBfGWlxfOqedvvj0Ga8TlSzHf0Hg=,15,39,female,9,20050427
IXguADkH7XOILjHXcuDPE7PnsKlVa165JBNSBPR8OF4=,13,49,male,9,20051102
Z+1+k7ntFCdYd0k+k4XUGxFAP6wAD12ZBWwVxbJFLhg=,11,30,male,9,20070209
S+TzT7kUhHBICMIK0mFIk50+gPamWSbpxjUzdfOFIEQ=,22,24,female,3,20120221
HlPEcTyaFynwn+yn229c5g0vLsUP5vM7nvAQChBaYlM=,15,29,female,7,20120224
0RdzOCLynpbMYnU/eMQLRUeELadd9wP9wYLvoG3ZXyY=,5,55,female,9,20111218
3mBOtZ6fJBQEFHHvxj/LAhuonTasRPDcQUTKdeCNclU=,13,32,male,7,20120103
BoTU1V+aEWpOtqp9pb6hWOtoTfFvezSmJAg/LfYzlw8=,14,21,male,7,20120110
MIy6cnwjqNLAmBGuk4hIjImZFa7yNOC5vmdulVOBIp8=,4,27,female,9,20060917
uKFh4g40m3txhqX7Xn4bMKj0Q0W5Xd2iQl0DNayqMH0=,6,22,male,3,20131017
kzDV+UESuWA64hn7iFMh6JhpPo7as7lrjCIGeYq6T+4=,4,17,male,3,20150702
xqBfOrsaSpXS5cofZILlCJ1ktvMZN8ja9eUIhkAJ3f4=,17,31,female,3,20150706
qRRsI/W5OAC1BYz0MTrNTHx845CCfAwIzf2hTT5U6V0=,15,42,female,4,20160226
0nyTRs8lpF1o0F9W79xFMzRfsv4qASJhWFRud83ER+w=,1,30,male,3,20161028
Xer9MMIQoDiLkbYSlcMS6SniP6I2RDqrxTcfoGHnYEw=,15,16,female,3,20150711
IhnFGsY+dbLWKldv3ZunDeJq7QGovTAFOauLrb56DU4=,13,31,male,3,20150810
jV6tniJ0/2PqMxXj4O1iDk3STwvYMTO5KqfP2zq1wN4=,13,17,male,3,20150910
2aP/STFr5rOAxjklkhjAGa7CnXDUKkUsJjB//UJ6J0c=,15,35,male,9,20150915
kv14vNw21p5vpZx1TNcDMZTDOaA0UuWKOuM7vNnqFMo=,5,27,male,9,20160131
yTesUrcdzEMlIe8daB3dynLJhKk1WkBsoNNL2VoVqEA=,13,26,female,3,20130716
sSVnkAi/pU1mxSK140Q/J31uUI728AIFVrK2wyWCOQ4=,21,24,male,9,20130719
wb07QvN6w1Aq3rKM8XSezPPq8tlEUH21pnH+BxU3TYY=,13,41,female,9,20070330
eXS/K5sJC+M4JLJO5viyasD97l9lTec6qCth/4GdqHI=,14,23,female,3,20131205
spQ1/fOcw/5A1gY7xsraPwjfqsaBnCeLD7YoZKik0mg=,6,19,female,4,20160814
4sallaqL38WAv4Z3wyYL6mmhdoFgjwjXgauc8Ws3gsc=,6,22,female,9,20160818
ofs+3HYni49KJb/1tHzOQ3yBC+VAJ9LKdHnTufTdeDs=,13,21,male,4,20151020
4n5AnJNL4PZ5lMG3DDcSGXwqaUtgSCIfc/A1bPqXKfo=,14,26,male,3,20140401
7HboARh3HMWmeQjlEol2le6j3keGvg8iSBWhtP8JsNU=,5,23,female,9,20121109
/CnJFYl7PKGoDVPb4KSCNW1W44umWqo/UWVZvQPdSeY=,14,22,male,3,20121124
MkRNDdrHpSJ4RDB5LqPqiLyifMr08usq/C588cDI1s8=,13,37,female,7,20111227
6JkEm2sgvAGAvL3F2la4CS5NJCM0yLdymSybQjSuVMw=,5,27,male,7,20110209
CpUDi0n8VddwJuUk9RBndms82ISusgqZV1ymGjbnO/g=,13,23,male,9,20090831
QB+3e1rMGs1BKXlM1x3wngIxhOSi3Wq1n0U/hMyAOSQ=,22,26,male,9,20110210
khfi5Rpd52s1DrM0OAAD/5yN3htdcd3bQvBwExYAOCI=,22,47,male,7,20100619
wzkreEh4seZFZUE+vX+IWB+gU6p0fwxLFTyimNlIB3o=,13,28,male,9,20050402
AepK7DwSG6dS/eP+sSujwqKw5Xiqk6Tvmg2qYkxMxl0=,18,18,female,7,20151121
oFp3DQBGCXOxiJqlgGeS/Vb5XEl1loaLmJodUB4jXKo=,6,21,male,9,20060202
3+9IrVukr52rQBgyMd9F+uUNTgZXHBB4yc07CFHpQvM=,14,23,male,9,20060415
tijYNScAcNx5UsxSwlHMTNyGFmMV8tVqTxX4AJvt/v0=,10,51,female,7,20150908
iadLpcfTnuzugQ2EX+dng6gHwfzC4MyfYi5MOyW9wRs=,13,54,female,9,20100529
YuEZEA+VAQA0X+ehw2RuhsKRGg6hXisulQEMrUIaeV0=,13,44,female,9,20070711
4GEjjzsa0o0CkwQnrTVlL8G1cXpiQ95vBdJudowA92E=,14,28,male,9,20070913
KmF8U4WAhUHDnAvaHHtPc3MEUnii1tbIkj+du6woR9A=,4,37,male,9,20120804
4W0WBdZS5gWI0GU3JU/k/9Ql5EtHBkTGYIxsM7T0HnU=,13,35,female,3,20130623
9ZJYYK247X74Yk6sut5zDzJVJcJm8Uy6i0Jox+jlZyw=,5,32,male,7,20130929
cv9f5IDMoK9ZLU8oR00FHoG6mFVNyEhERv/5KWaJ0us=,10,22,male,3,20140319
NmdjhO3b050uLcE58h/vAvQDyeGG9V0jXv5XsqmO7Os=,15,41,male,9,20040702
hhuDBi3Ea/2VjKlSHGQcQVHMIlJkYrQsyrhYJV/B2bg=,15,34,female,9,20080804
wsqMIMCZ2WVMKcOtPL0KoVBfT8iPN5vy6Kq0GT707Yk=,4,33,female,9,20071029
T69b8VhRpBcqPwnkts7k1j3sN+bonV/6sEfclLmyFes=,13,32,male,9,20080101
TeisqPY4qHPcVnbWydKKxg/EIjN4Te8xEdTFoC8DBVI=,13,31,female,9,20140313
CDF1qAMVPCkbHLaKVjKqWFABPq2kgJfKOcMWWkOWXlQ=,15,22,male,3,20150717
6mwr1RswcD89U1fjzRU/qk0tAgUrc8RQXCtpClRji3s=,6,27,female,7,20120119
3fQag6NXlCCcrv9sHGga1yTYud0pXR4d2rsIV5FtoW4=,21,26,male,7,20120203
zFaAM/0k3WBH1Fw4zRPME6GrXwP1E/iJdWC411bXV74=,13,33,male,3,20120214
t3Mi6XIpC1k7rdFFTxDbHtX4C7DY8FPgD6KvNItrLq8=,22,30,male,9,20120302
iqm7AaWzCpfQbO7m6XE2zZtZePQ0/9HLvQjmnE56Nl8=,6,29,male,3,20140103
hZizAQZzI8hA8yta6DLp1S9femsRjyuguZ4RO+6fkls=,11,42,male,9,20130127
xriA+up2EtNGypDmFca8tNRJiVcjrTvN6wUapb+FImU=,18,23,male,3,20130207
g+hHBTsprFwctZCr5cS9ceBifE/Y5B2/33c8qyVfqBE=,1,30,male,7,20140928
GXv9azH4llA5OEmmdfysUAtqT4eZYhF30vqatqyjS64=,15,30,female,9,20081105
czzOdYVmSIzZSa4Ov1ek3OHasTk0xjvDYSncSfqqpAk=,4,29,female,9,20091104
NVw/p6yjcvQQ2nAZeYoaB/hkIwF2ArxzMlesVI93qnc=,4,32,male,9,20100125
1+c+kXRPXoqaU1pNSklQdcO+VZigZIojntoElkjAwYM=,22,29,female,4,20160612
3Z64npOmDBjaOJ7liKXqlGt+kXAlMfWPNUSmqv5cZy4=,13,78,male,9,20090131
khjQbp6hf1UiybnmXSaA7w3Gt4Is8Pn8P96nrLnqBlk=,13,40,male,7,20160218
xYuQDrsOCtiIivRRY9XJ0K+rbDmnWjk7+p0aPbchRLc=,13,22,male,9,20150115
DyGYmco9PRFdYeDP6DkrJxfsbgk9wtssEOke7BLgVis=,13,34,male,9,20060103
hb/1A84/Vu73wG+fBHAncBItDDA4/gaHIzQF/obzDPU=,5,21,male,7,20160518
Gj+Ke6N1vQ/mBscRQPVDEEn5UW6Arscpus+zWzckARM=,12,30,male,9,20060723
Zvffy/CUwSjyleOi5swuv2jiAJFquXH1CSkpBPdvStE=,13,41,female,9,20070926
tmlp+hfKEbPiYc01+t7lgavFYp/6VcnzX7hVTKB7YEs=,15,50,male,9,20080116
KYBMxm4qi3Iwf2gQpeGBG0+6hsm7qYI2Qlyc9cGYDu8=,5,26,female,9,20080202
xvE2W2+RFl3xk0K+hDCDlvBW7oduMG2qpd4d54kNs6Q=,13,24,male,9,20130920
vF02yLgXMlinySFqnSJ4zSgHWLDtBSf3R0Bmp9WE9TM=,4,26,female,7,20140204
YTHMlVEWto0NN0nQogMhCSBbMHM+Zj3Ye3DlJNv0fYg=,5,19,male,9,20141006
eSQ4dZocB3HMy37dk+O+HspcBMt4lBp8EKA0Q/m3nh0=,15,44,female,9,20080604
m9WdebJqe/GJSKAxEH0Xm+QNzk3q6QirLdcGYrjc4KE=,17,25,female,4,20151125
SuXWVM0kqkGLANGNYhEt6F+yB8iOccRx0opmrjJvS7s=,22,36,female,4,20151128
lrC0e1B96EAC7SICrmvo/C1gJJAPFgnXyQ5qpWU/2TQ=,13,25,male,9,20090902
IKsAmBoLPdHqFdtXGCYU7eJsOhUoF5UlKQWSRkWfLgM=,8,30,male,9,20111108
ZxdkCwYh3BSsJP+gmgNQcHDQNW9EitRYI0SwVGD0h+I=,4,20,male,4,20160423
NmbOeWca5ZGWxze6Cel/lH0Sm07J5hZoJffZKELwOvY=,17,26,male,9,20061223
lW2vqdEIsHnmU+UrOb3O7uZUKgobAr+94TcdkYw3HEM=,14,35,female,9,20070227
6GfH0Qjn5/nS2r7lpbPBCAXA91ZNRBiFot8cke61C2U=,15,55,female,3,20131109
3wdEo2r+IVhZ7nj/ttrnyszL24XfV3pTBGE4OYx5Pug=,22,35,female,7,20131030
4zG01PE6cgyq1OHJ9JyEWO3fGrKXVWZB7iWKLWKpD5s=,4,23,female,7,20141101
AQmi/FNwmKRX7Jxx7PJd+JJDWtX1GrO6JMhwywA5xYU=,13,17,male,3,20141109
sjpnafGcns3SLyhnOoh9aKLaZFiXfQBAk2YFXFmGiNU=,12,34,male,9,20130502
/hnPjanqD7gJf+rhGfVzxGc4r4WPN6ngCKIiriP9wFk=,10,23,male,3,20130526
aqymteq+WolWLXbbBywo6UVd+m/awFxpKb9dGx070hc=,13,23,male,4,20160929
isurI8hUNRB8fb1DYCPPYNR4VCQGw/lCehmpy5s6nK8=,22,25,female,3,20131008
B0ETKUrZV5msty2cqfjrWokcCA2DzoogwBqQO98kucY=,5,36,female,9,20080615
az2yWHmjzqpL237Z2MkuE12WZIooEp4CWx8QKSFJh+k=,13,23,male,9,20081004
Xj+sREoYNkNylhq/0s/UpmN5VjXr7sk2a0lTqDY+N0M=,1,19,male,4,20160523
WLCvSdYEkzcySq12UtpxKr4a6d9+aX8rgGSVum3uk6Q=,15,20,male,4,20160525
P58cTjIK9zUHhWEBQBNGqFY4RUmt7GsaT3gM2DbW/wk=,22,22,male,3,20140722
jRJlfABdE+MSmYaEpzk2TZBr2ZYgKVoZTKUOGsEIERA=,6,21,male,9,20160109
xVRhPM+u9UZkjcnaYQSa9nNbebyJIapFKUU/e/dyJiE=,5,36,male,7,20160110
1Q6MljJF2YkOaxnh1qL+bk6BrMxRsD2a/kOa/mfosqM=,18,23,male,9,20060210
syj7rAdApXWz/z32x/a4JThvZ2HLJvQfXCPNwabthAs=,13,39,male,7,20160331
KVLP8E5uldIEW1Ln7JbRF4PBt5X4gEujEPXDiOXPyfY=,13,36,female,3,20120121
D0PWPRw9gK0kLoz2ENRZjS1fF0tHYKTthG6bThRvnQA=,13,52,female,9,20120210
9qOVQNlm01aAL/NeLnUFDvbYPUQC+QBf86xzVsKWoms=,22,19,female,3,20120215
Js7qTJMOwPcoP0tpKODtgONnsuzq/dq6BfNNG9ZANX0=,5,38,male,3,20120627
UTxABm6ATfec6wflLWE/cz2Iq3eF7lG8Qlwe9XV3gJg=,6,34,female,9,20130204
D/RgNTL3ZJDKymM3VV7rLbzPS7azC44Pxtj8HGv+cEM=,15,30,male,7,20130213
KD2av71KnX2Bv0uYeCNHBCl5SgSUqyBX861VmPtCz1s=,4,20,female,3,20130220
t5kgIQc1TcpmOF6CIrPscoEo9Rhbr0JZt7umpGYDHe8=,15,44,female,3,20130302
c1e+KoXfxAgSb3rJwczWID9C4SM77uxHNzJm3RhqfAA=,22,25,female,4,20160508
PI4J67vIJsd7Hyz4miMVzwg3NhxRL64i+xGbkaMp4Ps=,12,22,male,7,20160326
F4+eTGpG69/CPKqv5tBPcJTj/dSmMf5wabliBYzenBM=,13,25,male,3,20150723
1o7qtZrXFfo71lS+CHMi6CRTA/jPa+EL7MjGP5dR980=,14,31,female,3,20120702
0CaZ7T45DmGBv4DOqGzmGypEwdXe8tZVRiAxnIQUae0=,5,30,female,9,20120717
CBFkRYEDxlJ+is6N+lXyAmP03sCRE1IzZxJoJ8Ox6l0=,14,20,female,3,20120811
CbjZ4mtFCdoN/7SwOiDdY3Yt6AeiKR67/8P2IF5m8Bw=,5,51,female,3,20120823
7UsbajN7f1hlQSHRvuTZqThnoK9CJMQOK44st6do+1Y=,13,25,female,9,20120907
XnK/l3AmhmMmHcHbZ/eJbsErLEtOiAncGsS+NZHdb0E=,22,19,female,3,20120907
l1AzQ6BjwOsl7KeHoFXfsZ/iu4q1/5Sr6b5oPpTGAAE=,5,25,male,3,20130209
ht9WBOMsugLiBs+mHg9t9NjSBqWXjggj0T+mMVMFFgY=,4,32,male,9,20130222
6CbR4SCALRhB/JC8Ps4dhS3hMXEOqsVzpyIiuNNiqjQ=,13,22,female,3,20130304
MZa9y59LhUaw+gE6Kgkzpi5OAu/ZtFJ9NI7avMwiYUQ=,5,25,female,4,20151104
a956kNO6KCNiGk5EJSjeQRtODbPKDXlosPeRBTT0yZU=,6,18,male,7,20151104
F4ZwrmSPgtX4vhmJTJBkk2rRFW8AQIeODnG+/yy2Cq8=,4,26,male,9,20151025
aU1+OpcSqAWz0YvwwqnYTdsCuGlenzpyk96/DSuPKOo=,14,29,female,7,20111228
WLiECMOx8ypQ1YflJpnF+6u2dMd3UyOvvC37OGR7STA=,4,24,female,3,20121001
yLvsbQL3ErjdtzuSvz1qndjJtaVQQ7dDv2Bsibe5B7s=,13,24,male,7,20160604
RgGCCrAEXI7u0jmDof1T7j0tB1SrsASUfjlQK+poOL8=,5,35,female,3,20150324
ArhA/VmjH5Oph3bw7IiMNb1ek1QIUTxmk+eltOWzUeg=,13,27,male,9,20120201
72bH3Y1dTsWmae/TWZinLYgqIAoTKLAVdoamTc8ua40=,22,19,female,7,20130925
BsIczSP/rHURzvJ2rb4ii370V4tmL9BvCOI364lYeKA=,5,23,female,4,20160325
TlHGc4KNrNBeBiVzBvyhxPDtqHnY/71/PXP1nZMtKus=,1,32,male,3,20160331
q9xovA52ohHEj6DCRJM4xmXUt44Qw8n3ejxsDUkgT44=,13,46,male,9,20160404
tbADVBp3kw+omennXbSxQ3WHzmLJoR7Zr2we8Vp4i5M=,4,22,female,4,20160413
zxUA0ljhckcZOx3eZwb9Q5nJ7nNGFo92PzLWbbsJW7E=,6,32,female,9,20090315
PG+8oJ291evD2mlfVd/19dTVt+zAwa4yvoLH2Y3CXmc=,5,26,male,9,20090511
BLP7hkAibJqq7+ANZiEHKQkfiAZ4CHGNWnxNt8Au3ts=,15,26,female,9,20041130
Pj5xH5Dn1Jve4UF8NCb2ssu2RCSJxllNI/ZSsYSghas=,22,32,male,9,20050216
NGwqsyWgTUai6ZN2rDrZofCMPdO/P9ZfS7PyDego1wU=,4,22,male,9,20060120
9liT61WMdShjpwM6cqJ+sVUqUFh3aufY/VhF04kD6Rw=,4,26,female,4,20160821
1Jyj72CveKsb018N8yRAITFYdAXLidAvu3jmFuOU1aQ=,5,22,male,9,20160209
EXesbC+qrQLOr+Q+1ir14x7rWK7tBEJ2XSvGbS6nL/4=,13,24,female,3,20140619
ZaOH/FV/mcPc/3xULNDhomNHDP2xiOSIIjZDm06mUGc=,4,38,female,7,20160420
izbyPyflXSgjR47pglae1EMz2nZNjIMsWStrObRvPXY=,22,27,female,7,20110222
J1P0pqMtrfvRJvpkiO5pJWXXt505PjrPWHvcb09YC+E=,22,23,female,3,20150925
+fy1tyrb7hTaXzxgtB6pgle165r3G97XhX/eTA5o0KI=,14,29,female,9,20051128
LzHWlYuEkqe61rlpXXJyPH61p3aHg55A2xDHzE2A5yI=,13,23,male,3,20130904
0Hq5PTr97ccXZlt8rAqR2rq1a8i/fxjsXwzKV4D92Es=,13,27,female,3,20130912
K200E0BB12h/r7Lj1/EaRIYVgrdXxiPwNonXE2jGe+Y=,13,29,male,9,20130912
9a7VB3KnD9+Jvk8NKD4aKewCpjTZ6+RaV/nGrG1/bNM=,22,27,male,7,20151205
pMei3tE3rL5rIxzEBJJxvvZSmEzSpJyg04OhbUAq3Ow=,5,29,male,9,20160629
4X+UMzWVhDyCNfvPfBZ9NYLDIrncZ3soC6V+8R+sN54=,15,25,male,9,20120204
To8QaQPHZel7ES5cGvNvcnLQf2KbIvzy2+/8vrAZLeM=,22,29,male,3,20120426
W+tYeMOQzTBeKsB4tZffZa6WPYOdJ9VbKIlFTsqQXpc=,13,30,male,3,20150206
f6wFbynQ0K2IF4iJNJ6Id3J6Qa7E/SIniWeC+Z8Q3j4=,17,23,male,7,20160330
EP0HVv9Xq5uPYdoCGdl2d8W0+uc01p39JVcKOcsq3/w=,1,33,female,3,20161006
TAT20NwomOgSrJN8hMa5pGDViul1z/RfGXiyFs8MRtA=,5,23,male,4,20161228
0x8nbaSt9KLE6Ck04wF8MVznR3RYOKTsE6Lu+2Ae9Yc=,5,18,male,4,20151222
myExznHuBUyqfm8wndjwsUPAl4fJJf2XhVCK2uXKD+k=,10,20,male,7,20140204
5n0lsnIdzZIMWFTQJoS+FSbq091BPdZ4UXi6jWdUz/o=,8,23,male,9,20111203
YhT/YLNPaEw11soSCt96H4hmqC+ZJdhyGgUOCws3LNw=,18,23,female,7,20120112
EfuplNWqu9ujDhtmrG93xcSakLoeX+BoIpY5bSRap0U=,10,22,male,9,20090602
NcYJx1LN6+7Nbk+KUvL2N4efkSi+o13p2333WjdpPrU=,4,23,male,9,20150712
uiXHnEcrjxtd/WmPVw08MbSqOu/cF24GQwQYelyu4d0=,4,34,female,9,20040330
NcRZI9UI4j8iSk0Pk09oUAByIKpzbQWLHq6e0IOYOtg=,5,51,male,9,20040624
VXUTe4VuaiY5ukFBN//0x3RLbNG1XM9cNHvjnu6D500=,5,29,female,9,20041031
+WXtPmt6nRVjhvXJFtfD27Exh/AoE7ATymWnMDkmmzM=,15,33,female,9,20050322
WIy7lSBZQOVT8e5RHQXwgAxfRDLz7i6dnKPI9SyV6jA=,15,35,female,9,20050407
ZNmzoaDGfIAav74fmf4OgrPlzeuMQTWVrcGs/QZO7x4=,10,29,female,9,20050417
gRTcOUoRhKs4izhxcIDYQHQW3rBY6sIuNSOi7nQqwAQ=,15,46,female,9,20050519
5I1z3WWBZlm3fQwIhjAaeDC4+SeLd71nIZOMoxDjULU=,5,21,male,7,20141203
rhhAXJSanfWiMT3ol2Jnypgv6ddh7Vup1XIM0liqIQU=,13,30,female,9,20140606
vIaExNLXcUbiVt0bZxQAWE0Vi3UtHgghbFoIrQQ6/nQ=,22,36,male,7,20160215
HMQT+1tBnDbYLyzg6amC+hVJcP3xqq6Mjk8OEzf5mqQ=,13,40,male,9,20130217
cW45GUWW7NSKZ1KeKY+Dd2swPFJ4L+cUcXzFyMKLn5k=,13,22,male,9,20130217
Z7wx7pZuDK+9VmQ/YBb0+a5vKtnoYWEL8I9gZbr45NQ=,4,24,female,9,20130306
vVZGTsqgGZ4qGwoRFJZAC83jDCj6lEIWKrd8TtzFcAk=,6,35,male,4,20160810
KfaR590JDYCLU8XADba6btK8x/Y0gBvLI+lrlUNPXkQ=,13,31,female,9,20111026
z7DxKhLoh7sdm/rsvg52YlV7/aFUxDaxpn3qZI6rjyU=,4,20,male,7,20121019
YvpbtwxbPTcjFRC0giXmKWH1iVc+E2m5uh5NA3jadEk=,6,36,female,3,20121030
KGskkQSJBUquRJfIyRvirMKISj8IrFOTBs2hfxylWWI=,22,30,male,9,20160124
cvfowYdPFbFmDn/ZUuaS8+n++543hmn1tD4UeJuDdAs=,4,25,male,9,20160130
p1Kd21hoZIumwscgNwSYOHohnIFHzL5Y9HVV73ciEyE=,13,35,male,4,20160203
OlvE+3GjNwYuayWL8iGPmU8F4mSLrWiu50Qx3mDStl0=,18,21,female,3,20130404
0lhGJHvP8HqlmLCJm5+i3uy7d/VCt0TtzrALwzk5P2w=,6,27,female,9,20130520
l8mYFaLQ0jWqoquSwquDWHTOD8lVuI7ZOt2ckh+K7bo=,13,30,female,3,20130612
UfRAbeAO8dd0Wf7XjlPCu1uWhS2dhoB6fI1l4oqO7T8=,4,29,male,9,20100522
V1HthGafRUEs6Lh89DYdkQILOvduXULJvG4opyIIhCk=,6,24,female,9,20060513
qUsgd1HkGHa+Z/DUxY9psuSivFCOCnoDJO2Bt83YWMM=,5,29,male,9,20060801
si01a5CxkQVXcdB/Jdgl/eBByOtm/PedJhTTB2nLb50=,13,22,female,9,20060905
KCgZX7vIF4/HkPrXTqvz0xqj/m9aksGfAvLZeYUs+OQ=,13,35,female,9,20060910
smMU6xlgR8vwCVR4Dym/2GH0XytnBDa5TPOv9Q0AGAw=,13,21,male,3,20161102
vxhQ1YwgoVZzV1Yoei6NoELEBjmjvbzzdc1edciMy4s=,14,35,male,9,20051022
PnYuGbg5k4rrFC2VeXOmarzN4pC/EMnxUVM9WZck+84=,11,29,female,9,20051029
SHGblPIYI3fJ1Q2/E2Ec9VfRdXV6Zlosay0vUBDUEf0=,5,36,male,9,20060402
NRoIDW4J6/aZUJizA41hyN3Smi2cDkhaAxz5AJrpHiI=,15,27,male,3,20130204
7csAw8jlMJpGBKBAH94dwMWvZHpdtWZrVg1RWOPKwW4=,13,26,female,9,20071110
QjIuumznyq7X9zJSDsXHG14HDlwSwz685CfbB3cP1hs=,8,21,female,7,20131125
SxLp0JTHbHsrBYv/6VJgEU4cse9Gf7UMqF6aFYab5XQ=,15,38,female,7,20131220
+1luNX1IrJn8MEXXdA9fHWWuCx+j5E5T+O6b7AGGJgk=,13,18,female,3,20131213
42gLaUdCF3njtz9aR3a5Jb9PE3szAu6+oAWMTp3NfkA=,5,36,male,7,20100511
lj8hW78SXjD9OaI6+vaeOk4iJGKj6VNA7LPXCw6aGnA=,13,34,female,7,20100708
/A2QAqs8btebboGhTp2gZMGmtpYL8nWHP3sfDVUlk9Y=,4,28,male,9,20100907
idej+/FovLRFjZkCulKCwmcdK51XVk9vMXad+daozLU=,5,46,female,9,20080328
2jnNFF+XnifKlYpxCMU5xYSgGOD5fJQq+sRyzIMZJgQ=,15,29,male,9,20080725
HCqGkM1nJeh6h/eqqOIs6299DvZr3xk/wP61oTGDVdI=,6,21,male,9,20080802
PcsI8tUVlEJiO7Dn26IxTQ14hpmOH3omqC1OrvkLDiY=,22,26,male,9,20080906
Kg7VlefZF7XMzoawvgDz0vu75pR7jJcIWLHPZCTNc9o=,6,23,male,7,20130312
w8872AkJoZ5LkI+8x4oYWF70KIxI9OJrCclsGPhcTeg=,13,20,female,9,20130321
iz5kCn9dgc0LoZdcINlCX0npQ82r/ctgwNoC79KL4PQ=,13,27,female,3,20131227
gcdMTFjW2H/78KFtRDe3fxHlKKJGSPA4P/xNQHMO/z8=,13,17,female,9,20140106
tFfZWJRoDJ5FIB4FN3dRSZPVeB3Y6ERJ6DzC+lXEG74=,13,27,male,7,20111008
Opr4DG6ncIsbKpRqiOHjXfzDiudntBd/BIQrKAeFcYg=,22,16,female,9,20150613
e80l3gvOO2up77/kQ0m25LA/TMEkAFQ99BKx/5Q6sBo=,4,26,male,3,20160414
a/PkLuP+mUFDgpxVwj8ihPLv7+nGF0jRMqK8SR4AOWI=,6,30,male,3,20130921
6vfmCbRwQKVx9Gys8hKIyXToFcvcRGx4sZKYzbfph2s=,13,33,male,9,20150911
nnjCsbzKzQKEcv9sd1rVwyELvFvllbpwWoYN3oKTTYg=,15,19,male,3,20150929
/d1+i2hMYgs0gNxg1nnHtpTK6TQ+BDvO8jCySvLEn4k=,1,53,female,7,20150709
bSoRhTaZ/cD+oofRqNSlYNUrpmeD/ore9cG3vLekcQg=,5,22,male,3,20120828
Vhd8u9CgxZfVXlKsU06288aAJ1r6uFmYh2L2wD4Jir8=,5,39,female,3,20120905
yNKsCQEHUhintyZkdsjYeFG0N6h/camSflk5tPlC+MA=,13,30,male,7,20160109
Cqh8vrCr6PRlvCG1cOkX3x9vbqHdBXkpWVK0tnspcCM=,21,30,female,7,20160111
zG47y0ajWnZaTVzgMNt0eYCvvkwiPV2HKLeVrDc0ryU=,13,31,male,3,20150614
RmIdhdLrRZLskFVwqoz2P9MLqSFntxEaDVPUuE1UU8g=,5,30,male,3,20120115
oNIogV1OS5asuGVqS1Z8aq9egDQmqbizmjxMUsIKYzQ=,5,33,female,7,20120116
zLo9f73nGGT1p21ltZC3ChiRnAVvgibMyazbCxvWPcg=,13,18,male,3,20131227
bTFCjbnSezbkakUwWTbLLATtY5kuyVezmTIdBg7vBg8=,4,18,female,3,20150830
bqa5kGAcJkneK17Sq2WhnDB3KFhhwZkaie3oagFTlTg=,4,27,male,4,20151029
/ypAlx0pq2pVwFKhojVcenlt2jbjfEib+QYR44HtUDc=,4,31,male,4,20151223
7kK3x1Sg47sHU0RFQSGyIpiDNnHa05CzOwi/nFnmkv8=,15,35,male,9,20160321
+yoA18j+lUcAQtyHVPd1R5eYOyg5dR6r7NFlYHVyK84=,13,36,male,4,20160111
smA1XAUllF6VYojB+uzrKlUkdW4PMiFAN7MRbVRbl60=,4,34,male,9,20070415
DuGF/bwIFYPO9Yntbt00yI/2fgoA31csc5bMeUCAwyA=,15,25,male,9,20120208
GM5FxO7kJ2YtY+WDns2Dt9DQqUbG9GPUcTNumKyNuek=,5,21,male,9,20120815
aV7fQHxpGwkMbBmWvOOveDMn6y6NPzcBA7sD5sM8rWo=,14,21,female,3,20121027
XbOz+MR7T9ZiPWFggVPL+dw87x6YlpXMguTLx7dzolo=,4,29,male,3,20120426
7bGhBbUyJB2s3G37HAkkEjcjPstfF9h/lcy5z6bm830=,4,40,male,9,20120610
uY0ZVYiQSGgOJRo30Cm4adpSkZd6/i4KEdChZkNR2oo=,15,17,male,7,20160208
ZeEdHtdaijV2KeoPEoRuKtoVZuXJD4lAWnLkvMgEPkM=,6,22,female,9,20160215
XgnY29CBU3zX8SI0OTP/6s959tixCls9osAr1EStD1w=,6,35,male,9,20040328
mD+Yso9Xu0RfNmUQHealLRuWTGorL4wP7yRnFF+A+wM=,12,25,female,9,20050629
M9I8sqRI8EU6Z1oenW6DHDiVZtJ+73xck8VkwltfsXc=,17,41,female,9,20051025
Y7OM98CDHPAodgaSKx8G3x4486fExjRzH/+oYpk8CvI=,10,57,female,9,20130728
qtDGDSA/9YwACMsnbGKrUwOikWulkosDcpP8yq23Dvo=,22,21,male,7,20160810
ssOrCDyjuvsM5dBcTYVjxljXsvlLDUTn812Q1hBgeqA=,13,53,male,9,20110420
MzIZS8U07rMK27emp0n4dpUc1+q6hbeYZFV72ZH81NQ=,4,25,female,9,20140116
hb+/C934Rk8NxbSLaAyG/3D1rwICVU+NWfXh3Z2/IHU=,4,39,male,9,20110627
9xvHwLPw0xEbSJA+3ucVAV8DkrclM7jQeuFhMPAPh70=,15,26,male,4,20151206
lB5T+NSAkoeHvM8K+EsfaQFMWqD1jDdfW3A0pl+teFc=,8,24,male,7,20151207
pPvbJc6rDMF3VKccPpCel9q2HfLz9O5TPRDnWyJDILQ=,4,36,female,4,20151103
R7oJ+F6jzxUhzmrQC7cdhxOEMXEHDz+6HAaxfttfAJg=,22,40,female,7,20120108
uRyRd9scGpG6wThVaXdulaN/L3gs5MDYJSWFcF7kxec=,4,31,female,3,20150117
9Bl9gQuenDU8xtZcGUDEQUG0Slto49An7ylPs1151xg=,22,26,male,4,20160510
t8H2hMQpaYkx0EtHBuwoeqpJ0J6sALvXLXNidHGdV28=,1,19,male,3,20150806
rGtXZGsGT9uSHeOnMYiqrEnWlF7oKEagXqMRGKZJesI=,5,36,male,9,20061004
DCdjg/T93vpYh/HZ/6+0WYEpGIo+XG5mofLWjPBwHMI=,5,52,male,9,20070127
X1RstQ8/nMv/VZbHXd1jXLLY8yDAajbYwiZ9lPIySpI=,14,36,female,7,20120104
miYB+p3+UEL9eRBkGmqZa7W5BFB0KhVqyIa0te63ZS8=,21,21,female,4,20151010
BHeKz+OxjudWHE/DdZ+/ZfMKNYBvgGHuzL/YulntAWY=,22,31,female,9,20040329
FYFB2eMf6h5nv+OAL4UPubSNYfKBs4+AaknARYkYFiQ=,13,44,male,9,20040717
wmFl69aXod9Z2a36h15G0X0rbienlcyblIjROEk2wlY=,12,29,male,9,20041029
rabmEyhg99TSkPdj12scZYBZUtHmtgrAA3RE6H1jSAI=,3,30,female,9,20041102
DzVVC/3g+yrChL/npmS14t/FayU6yfNkhzwlrZIMwao=,4,32,female,9,20050322
Exx/iRaIAKuI39W7mber69XBGQOQiqvbkc1rp+TGMmY=,7,46,male,9,20050502
3sUCoj/phsCDHGxFw5kBIqkI3DqrrxaBTJwotpAkUxQ=,5,32,female,3,20120416
GRsiTk8NczcejDsPdgV/ioHapzc5hMB7o4IbMf9ldCA=,15,32,female,3,20120623
BU+N4lLXFxaj7GqCTgwcSy0IRg1Zr/e+LuDpwUjNagE=,1,35,female,4,20161210
GlDIybuijRHQe2/7tLKk7M6lr/4ZTynSpSBLumULq2A=,13,28,male,3,20130705
O+ue/qQddmfbdYGuO7y0kYrci6k5Sh0iZndM1dx8Ups=,6,30,female,9,20040715
bJB/TwhQv8xJQ7MfGos0VGIhl/tus4NEJSNmKHeXMCE=,4,22,female,9,20130901
Y8Vu7RTbKqgt+IKiIZLyCW5m49hGNizbg/t/8EOVnXY=,14,29,male,9,20051026
7GrcYGPlWcUNo3sWB9sIeKZ/OObXDO1BdtQn6m7ObDQ=,13,20,female,9,20051031
0NrSbYkS+WWG4r+bcsTnumMFterTDnjJyDqPFRMrSr8=,15,28,male,9,20111102
XRP+Omg0so+a5lRKN8mNMq8DUxXW3kaDj0RahpkEqQM=,4,20,male,9,20111204
+MWa1PpPKwCmMm0mikK1g8Bc9V8y8Ytr8NJs86tH0Rc=,13,25,male,9,20150627
2sXAPZXJ5+p7eb8BjdoO4y3zbtvJ4GHGHZCMxAYI0c4=,15,16,female,9,20150215
rwK+oOKdb0B9ZSCcPIn2hgU0Obl2K5sWyWWFHX7LjII=,22,24,female,7,20160212
4CJxikgPsah7Cj6Sdv+1GNr+zCmdhVvc8KTyMzEYKxU=,7,29,female,9,20070706
PKd0gbkVmvLZOjhADvsoOdOW8WC/llfGcYiWHhc2Ovo=,13,26,male,9,20070714
yWLuYtzvLQ2npiNwFST1geap9mUAwtkl/B9ul68bnEs=,9,30,male,3,20161011
J46XH2EuFk7/bSrZAomqvJtCpPKr0EDPMAaaFZXNtIY=,13,22,female,3,20130207
JJ5rc1sf6RZ2LT7ufAoJMWZT/XeBh2eISlK6vkgBoag=,11,36,male,9,20110406
YvQOVZiUCl7EWq6Qu9y41ZjxYSPkGX98phWxLT1/2qg=,18,18,male,7,20151126
bVF7/M6u3IaoHT1b+SJvZHpg/guia4FlOfFIcPm2kWE=,4,26,male,3,20150831
D7bWuDrF6J7ZjUNnPpX+QQVwDiD71l17htOgbkv4bMY=,12,42,male,3,20150914
8cCvR8cwDzLDMnICmsDxGj7tUDuCcxjX+gy72hcHelc=,22,26,male,9,20151003
bssE7dIk27S/G+ijTGDCV+nbH+b/UCiAR64o83ID1uI=,13,22,male,9,20151005
/ors+ToffCy5UpUWc6njNcueXpmezG99MarjTM5sFPE=,21,26,female,4,20151224
+/vppV5BoMKMNAk7Bej5rjhKeE6VqrRjUv8EYXoAjyM=,14,30,male,7,20110227
N2QP/+5lhf59X7X45QikkEQ+Dm9InjRM0BHHI1ZVrGs=,15,38,female,7,20160310
9GpotPNsGPvATIPEI7R2yMVU6OdNvutUy4ko0VHInXg=,6,25,female,9,20150905
+TSM0126yaPB9DYFk1ntQhSqEovZaixzwt2Lp6TfwkQ=,4,46,female,9,20130325
526ompmNV2c0gfL2SNGSwdMnsj6ks+8svSBIQ0YA0po=,5,30,male,3,20151110
M3HJpcJWfXETTjP0C5sqDY07bErTXYPYDgwLi2cTUhY=,5,62,female,3,20150408
sIiNRpub2wzwYbaggGLqolitZ0olUJmXlf/pe8qzi+Q=,14,29,female,9,20150414
ALmvNfGh82+/UoL0EOfEviDWfIz4x0SSCHMnaXt501g=,17,29,male,3,20120609
bZ5C4LW/z9BPC+kbQb/mTxOlTULy/E/nlWinvI4PN+A=,4,34,female,3,20120719
wwjsaIY10spiVFplbVOuRG2Y3OXI++mGGO2kMnxLt2Q=,6,34,male,7,20120801
c/yWkUEPIPuWy9mZZTzDIjs/O+P03uaOKoFTMBoqJZ0=,13,29,female,3,20150822
sTP0BjzMYp62y66+Y+bgEeI9HVsx80Td9HzFp7bxrRw=,5,31,male,7,20130201
jmYg0mD49YLv6n0SPCVlRNsXbqX5Ra2ZH3AB6SNRco0=,5,27,female,3,20130310
jw+dOFgMkVK4AiyhPqmFC4WxWn/jCt/+E3PBKSvn6EI=,14,37,male,7,20111123
yriG98WKSL/Cmxrqvhhu3n34xrfeek/g0XvqVIDLA8Q=,5,27,female,7,20160607
bJad/X0IWHmqU2+u78CjvmUDSA9wEljV/gCwTf4ViiI=,5,28,male,9,20150618
+q5Jl4hhKi+3TwO56yBvuqHmNETqjiVHUMYOD74DPxs=,5,18,male,9,20150503
iOeC0pSwfh8hkiBrY+ua3oO5YOeEhaMjbDxIPFCagTw=,5,21,male,3,20150506
Td0pNAUE7KO6db8sH0PNWv8Tq3LPxmkjOyBF4gbE730=,22,27,male,9,20090217
dsBBXmgvr6i1wzYVRlg3YZCTgcoAb9Nd4vL4YI0ES0g=,15,40,male,9,20090226
c3xUxtK7HDjaLmzAycsEfSy3vvmrDbSAHRli8DW/074=,17,30,male,3,20170110
/OKnUIiCeB0iXIC3vknl/GfdyNVYHt2kQOtAy4xVHIM=,4,50,female,7,20141207
o9SUyfMavQu2DzrjK+Ajr8P6jt6FlE7oyiwnw6bbSFs=,4,41,female,7,20110322
zbv3LaMZ2qKuU7gYZzm4/5aiyzF76EcRYheVzBOHgf8=,4,22,male,9,20140311
CawKZPWIQ82uQYpNml6pX0XQSdf66Ds8sBPqjovThOc=,15,27,male,7,20130405
2EGjY0p6GOUeQA9hHJSHbg30cN6h41OT5Is+jKJ3I1E=,22,27,female,4,20161030
GdZYbmfobNrkFftwv3pKfYdkgC+hBUgux7uVbvnXXEU=,22,40,female,9,20040328
1D9suozeBMorYdOiO4/B6+aRNj4gRmS2wKFrOIL4JJU=,5,33,male,3,20160126
XZpIlH4iew6uAaIaHS1tTfWSJ1OkPA1zZQjHHJvXIQQ=,13,37,female,9,20060524
GSa9pijcnRDy/q8VwhyDe4PxyS6UIvvJdkOGIp+82IQ=,13,31,female,9,20060831
eYUjqzHEX1PziSAuccoPRhQhO+9VFgE9+qliv7Pw2Cs=,20,42,male,9,20060912
ddFfrLIiLHq/dCghIK7g5zkz1d45jnKcXkqVG51lLsU=,15,17,female,9,20140216
mr1bkp3wVtH44S1upKfm0WYNHjYAPl/cB/MA5T1arNo=,4,32,female,3,20120408
HMLRHgHzMaxpwbD/01yysGV6RQXmuqJ2xgG3Gx+xj3w=,15,35,male,9,20120507
NX+oG2B1ptUx7JJT88yJ3xEHyrgF170Nl60PteaTaGs=,13,32,male,7,20160818
SrlGeteN5AS0oOMUBus4+evfRreX1aXqzz+XBr0RPXg=,13,22,female,3,20150813
toXBI1JGzbehwmEX6GNe/91StNEuGT4uOaxIfZqddO0=,22,29,female,9,20150813
wBpuCbbng/tpzycCsaTpUTymeSUR3dokGdwQSvdj6mw=,6,20,male,7,20150822
ywrg6mAaHWMhnBwKLjzZJ8p0hO/PhlZrSrh7LHB54dg=,6,58,male,9,20050309
ipELUdpHHLiAMsqUMGx/BMWBTv7++1hAJFj+uhDbfRo=,17,35,female,9,20050807
J4w8qR2h67QvL0eEgXhCBX57cLhzAPnp2+NqUVtVf+4=,17,33,female,9,20081103
aWGg7MPdZCeSEp25ckw8VJCyX3gyGyY0iCBUJjhUN0M=,12,28,female,9,20130830
sg6RQq3zdgxp7rhgwELBy+xMci5dBBxa2Pk0ffEoIc8=,5,20,female,7,20161020
HqzBoWwEVBIf4hD+XDKZPCtyncgXyl3Wicdl+8u18ac=,5,17,female,3,20161020
/Aqr30JUfmYspGdSrtwj1zeB7AfNpTcZQawGlLQp988=,5,26,male,3,20150605
vjj5yHAMM/1HWRhyanJD2a4NleGCPslG3AxjcbQmGWw=,22,19,female,3,20150715
3OQCApTZ887prftSQhZLwZCQK9DW1pK75eOE6n+m9nk=,5,26,male,7,20150907
zzLS5m4/CO60cgBVzUcG0XaNFyvnZe1rqe1ZRSZ7uMs=,13,30,male,9,20150918
oJiyDrhuqsbvskzDtjcar5tZpdwF+44k4KmtC8xTRyk=,14,38,female,9,20071101
gJ3bpKUsR4mLTFaBkNTyv1ZzMPlpcmrY/wRtvXCh0f4=,13,35,female,9,20110920
6sJlZPIkucY4rjPIg5H68OmXAH1vjlDHnOOw/jDlrZk=,13,30,male,9,20080403
s3YaUfBlrN5aChdZ1n5Gr0QoSeDvfnxIGB6cuYhOjfo=,22,30,male,9,20080107
IOJGCQ1uQrTHSpJCvK5uOe+6JwQL1CfetMLMXvwxlK0=,22,31,male,9,20080510
rZ7dQ/7IV9I8mJFLEHM+3JeLMa0VR0HCmFmH+Cz+yN4=,14,19,male,7,20130618
ZNEvAGYOd3H/ah4CGBwYNHaNwEYSO3oyUVCS9tJzDIk=,4,27,male,9,20120902
3/QnPMcg3XzRv0hsVmBBrdWW6S8tKPJoPMc56gwtQss=,13,21,male,3,20120909
T8u8htFZbEAJpRdbZcenBOF17Wmnb7XJ2noWLXAdJJg=,13,36,male,9,20110306
mRPCnEhavF+58Yftxge4Eaf/mLZNUQ/CXRelEeUHqAY=,5,35,female,9,20110328
W8GfA+uDp/dNjKNJDphalD9DAmOb5tO+d+adbNQT4hY=,4,37,female,9,20110502
mJQWT/Ziegle/gVW/OMfXx/N1x+qfksPVnIK28Y9oSE=,4,27,female,9,20110514
9vXybz3p8/WXZ8w236IUVRuP0JxbIYP9jgscL/gh43g=,16,27,male,7,20130101
rMlGFAUA9/wfqFf/Jh2aq8dtDH01pIMW1loCiZE17/o=,22,35,male,7,20130114
+Apo2Rx0jU/W4JdcLQmAd2YYY+Pb3pclhmg209j4Gak=,13,41,male,7,20120410
3KVclxSkkfHBU12sE/YS069ZIVsllGxBQubisUR04G0=,6,18,female,3,20120508
5RtoVu2OJOSEi4bE4dMzqy7AZt8IbSwikRWNhBAa8oo=,22,36,female,3,20140228
WMtKdUXxPtDmbsmJq86DEUu8/Wd8r1GljmOCrnPzNBk=,5,34,female,9,20100401
Yk3FCgR9g48Z3e054o/4DDHYqvMFEnZyZNBWcM8rtsk=,6,28,male,3,20140715
KqR5fAuj8SaPJpJU2z5jILbHszTBxrQ3iKwvA0kv2cg=,5,29,male,7,20151202
nJRHpM8kv7TbFmn9be3ufsAIANtPCRp/g3Raa/lMDYI=,14,22,female,9,20160207
gRPvfnNe1cuikuh0K5rKrzFw0ri8YpecorcreXip5Zw=,1,20,female,3,20160210
dhRRxU6ZvyhZMUXNMYswKIpFL4tBZqH4VngIrfaSSNM=,4,67,male,3,20151111
HgJKEvrCwIhwjRsA7a7eatX1+38ywWiinirmLwjtclQ=,4,23,female,9,20160103
Qe9MSUSUt8qhFlQC0wXvrfSyYXX4mzvVRUCiQ7wfWNI=,4,29,female,9,20120324
6TRDJ2y1G/qeVG8dIpUdM879yoITQTMPDVCBUTRyBLE=,6,36,male,3,20120613
EdS38dPnGIiUXwBrTQAcnxL5mxGvG8hOyPFyGgikiQw=,13,22,male,7,20160613
DXz0ADEESSzcra4TSaUPSr4G/KJMuCvbo2m/0nxrx7s=,22,26,female,4,20160618
jp/MoYwwh17OgTcbnKbPrARY7D3kq/Uh7EYsHK4YhqI=,6,27,male,4,20160802
7Qn+i5AuiU6uVJYPKQPFonxPJqi+I4LN7dzkj+TtHRg=,13,22,female,3,20130719
Df4Fnf4irYUPDfyg26HCsQtwuzOkVhbu2B1LdFW1HAA=,5,22,female,9,20130907
czNx4B9JwkBKrodKxJ+rEHp03KIizMklStM2ZIrzOyc=,15,58,male,9,20041216
cKG/v5R1iprQU7P4DhNB7KLrSyOKjKTRpw/bWOlR6Ts=,4,48,male,9,20050909
NfYKaoOqn66LPWkFHfWQIlGPyEy62zgfg84zfzvyEe0=,15,30,male,9,20051112
DFMWxi8iBUyv7dRSKaulN6QWw6hLOtqTaYfqbK6IRkA=,4,26,male,9,20051118
Z614CHAsoKdMgeQR/tzKtmsD9UUtZ46qNB5AehzPKTI=,13,36,male,9,20040328
3AD0Esva/V9f+z/A9EZepMhucFkvP62yGWcV2tST9Tk=,13,28,female,9,20041030
KxqavBJrwpHd78e9ne6oBGWnOUIzXvMNNnpdIQ4dabw=,8,34,male,3,20130824
XSB4jkOVYWEBikPMVUHtnxZn6jI6Qv1ABZ090DJvmQ4=,4,46,female,7,20130825
RezInwPOCs7QO2h9ogo7vzp0Dbr9DqWkysZE9tFtfHI=,5,27,female,3,20130826
Xeny5IATNGC5w4I7wMcjDz9M13No0YBtMESqSI63b3Y=,13,41,female,3,20151215
Dxbk3I4Q4O+cz6fIpnL3nk7Px327+Yd2gp8yK5zsiR0=,14,46,male,9,20080525
CH+Sv4GfNSJ4zfmSaRmny0nasMYlm+jyDN7w3r5nm2I=,13,39,female,9,20081208
HiGMopSHs7htBap/F22K/syUAN5On1qbRdUmMR7u3n0=,13,21,female,4,20160502
awATl3/TF8ROjdQ9jjIufBGU/KLrMl/fWLuBxRvaTyY=,13,26,female,7,20160222
eGZQsL/iaUo9vI6NYurKq8n89IkyCWk90kQbCq9ppj0=,18,18,male,7,20151028
l1N7J8wZWOrl6kYuKjJ5QC/tnZk+fDugQ5A7SoF4q8o=,14,43,female,7,20151029
dwML0zy+k5ESCfngijmW/+GO/2apLZX3MnQQsXV1eZc=,5,43,female,9,20090423
S6Nt+B9fiuZFZL5Opz7xwGVJ3GYqeUpy/srrarn/Fe8=,15,38,female,9,20090512
3qKhjdIT7O+4sFyQvs3rON78J/VJqwWpwEXYeZThJGU=,13,32,female,9,20090914
kGXHFjtA0apJ27Nf+HPWF6sq2enz9dRrxpN0BVKl2/E=,13,29,male,3,20160605
FkAE0WwUUu2LqvJCd9pCd2iecmQ9f1SNcLGumPXnAAs=,5,27,male,9,20040722
xum5UXMybMO+Be2i5skX7fMHbrPS/epqfE8G8pGN//w=,13,26,male,9,20050311
rdHQqIq7usJ3Zox6+FTMVVu3aWkopd3G3KWqIII71EE=,5,34,female,9,20050717
4THJDIP8ujJThU5CQqCX7risZNo4yqXd1EatUkvOGxw=,15,36,female,9,20090723
8vdGeLcStMvMJTBFB1VawhrH+vC9s5LByMw8pg+fq9E=,22,33,female,9,20090821
Ovia88vGo0OaNK7meOqn2Ugf3lYizPglXO6RxRj3FuI=,13,31,female,9,20131023
a3ScztB+5LhN6PmDGg5tTHFfFDc8ZP1GFE0S9YqnbnI=,7,50,female,9,20060222
x8lwz6qkzlV3ATYbWZm9u1tLUJuKlaMWNYH4mbq5M4k=,4,49,female,9,20060225
oI0CvrwvHdJ5xepdqJDU8NT11GYj7Ov+t5VYMMnQwzI=,12,32,male,7,20121222
oav0aLoDNhG/Necn3IPzx0HAD/fGpE0vczQLjYB8Ylo=,13,31,female,3,20121224
0spaiSwyqY/WKmtNr9+SwY7gpllClyG/vdB07/jlcow=,14,44,male,9,20090131
tJ+nAv199iFwr8EQgqTLMuv2WcBx9/CCyAVQ7MFJ+Z0=,22,24,female,9,20131118
p/uLjc+Kh3Xc0Snpll4K74X++FfcNRiTWpveMFQCbLE=,15,28,male,7,20131230
lRyd8eXKJX2k60vo49l9oCVANUqj5HaRH04o1PXNs9k=,22,32,male,3,20150720
aGpFqA1ztN4FbWWV+xH6C7WQCiomVTcX5JMT7HFBdDU=,5,40,female,9,20060724
wEgkVKqe5M8CyE6XrSiZRa13ubiVj87G3nC9SL2WP8o=,12,15,female,3,20150822
PsE9W1hsHKhPt8XfhUcHj75KMHyf7oKwXy9vI/o7q9o=,4,24,male,7,20151002
f6Gd7znxAKFw0E1VhtN18kjSExq2AjWaST/K14lWOaA=,12,29,male,3,20151003
6UbvQe/eDLUotlUHpPGixPPJD+2bp2PYhxIZClPXt1c=,10,21,male,7,20151220
UPYctQzAdN/pwocxUYUvkPFH0TEx9Bu56m7Z5Vz+VtE=,13,48,female,3,20130811
itoyK/WPCGMGpIDPl44JzlmTf9Dsbn5Kymr0C675B/Y=,13,55,female,9,20051106
rWYqYynQstHPMFT5EUQM0nb0addCz6NT2ug8MoWbU/0=,17,38,male,9,20150108
BINf0TsF0tcCfwwjWl4iOMkIau9nvZDdWpFls4Uruos=,9,18,female,3,20150113
Dji08oGs1drNSHpVQgAMjjlWFTIpPYx6LKvDm1Pv11A=,11,29,male,9,20140128
hEQvLgxJ73CRNOHbZCqXU/ViUwYDz73EmfbguEzQt5Q=,5,17,female,3,20150924
3zJR8BGywyuaUrnNMcKiBx8AVT7Qzlm/0P7tnJVP+Ww=,3,19,male,7,20150829
iPVe4ZhNP8RNEwBClmXO55OBjyAb2o4+NIF69ebF/Uk=,13,32,female,7,20150903
eb65E8W0bI0BROvIYT+ZJ8uhnKifhf8Mgo4CaC3FgEM=,14,19,male,3,20150908
ozs0FbTMmgGH7ZfAJRQnycilT347qjTZyZzvdQExFtE=,22,22,female,3,20140315
i5niFnCmZLopkDxZku9RqCVPE4uhjj4MDFJ0253o3VY=,4,35,male,7,20140320
SzGsFBCmgMOX5Y4R5Z8XMtis1CEhLpORrnedeg3JpD8=,15,24,male,3,20140321
XYyl3ctYi2Z+hKqPqwoDSo5B5P0U3OQbUO+8QlGS55w=,12,32,male,9,20160628
3k3n84aEabMwoPM3V5Tmvz8PcPzLrHbX9pYg4233Uyc=,13,27,male,3,20140211
1Qx5mALoRRubnkcrLMCajL8SyvUQlNsaJgsaosavf8E=,4,22,male,3,20140301
x6LHq1vp79+kAuejsdsHnthkjuPIYtSKBt/OUIFSgO0=,17,34,male,9,20080107
g5isP19qSkS9dbFPWWiO9NOK7gJ2kDHUXgX38bcr5G0=,15,19,female,9,20121006
8ruTOFq64npusPJ1mAS8TuRl30SCKi1d5chCocaDKXQ=,15,26,male,3,20121204
N1Wpp1dEY12x6g6SNgf1Sgd6tR7b3OJ7YiMFHYhGwZ4=,18,22,male,3,20121221
6YpF7/1rupeXm5RsZ9AK/K9bg9K4WflTL6O2Vjrzg+A=,13,24,female,9,20111101
q4c+jB13VDR5ayRDyk6Wo9Ooj6ikvSdlqh7h7M1f2nA=,5,31,male,3,20160614
MiQcAb+5Vbb1er9p+G7aauxQD/R9y54qsINFwoIIRYI=,13,25,male,4,20161113
71hXZGtyWW1SXJl8mMG4wym4jk7SG7+EsQG11Ls33q4=,6,33,female,9,20070330
xh/sxsbqnwn3wNAKqodc3AFQYn/5ZAMOZFzj94fWSa0=,4,30,male,7,20130120
BdiIcOW0fDnSM0wOY+QoQws/x02B5KdBvfSX+Bj615Q=,12,21,male,7,20130619
qmGeqDYEVQ9SbBo3ywrTiHirA++7h3ksPv+/Hul4QZw=,22,24,female,7,20130623
bJDuuGHFTMqMl3bS+4kYkP3O26MbiYMaKrsH7hPheec=,15,25,male,3,20130413
/Z+6vtlYu7rcdq05IOXsBkhAnoQgVRSMpclvgzFr7NY=,6,25,female,3,20121204
0DjTNbeZkovertueGn54O34Gp9z+bB8J8x7M35poij0=,22,25,male,3,20121213
qBU+KIYiB5YRp1Q3RPWMWCM28x302HKnqOfN8wZvJRY=,13,20,male,3,20121229
2wk8Lj5epgam8YLpUDR/j9n4+46JDr8JgwzONZW+o9s=,13,25,female,7,20130403
DtIu8u55N8C5yXU+7JVKUp7MiWNByDrAOKBCl3KY19E=,13,26,female,4,20160311
NKFaB4Pqa7/T/GMHT7HLd06Us9cKfNtq997yC7it/VU=,5,36,female,7,20120715
O9543F6Rz68CrZOP9XdMJusTMXs2cHDgo/aYEX5aLkE=,9,21,female,7,20120803
co4ume2FPuWdvy5y1lJ02INq5M6pKgMBcqFenciEwTU=,13,27,female,3,20120905
SnV8jWENmNz3YLMdclZsEO5MFxVFBXE15tTPh1bEpko=,14,23,male,4,20151120
EDVrLgkgrNtsx/KuBIKDU8OohHQdWsqmJt/7/ZUfx3E=,5,24,female,9,20111130
ZZ4iSnOXBLqCpNCbZSnB1fXJxA+lI8aTv2yVbXP9ZZk=,5,27,female,3,20130121
ew4yVB8gOojgZE5Zt4zgcw8C1Ewm37MORy+oDe15Kk0=,13,23,male,3,20130202
3Kk6T9UtNUxiZx87Mk5uPkwjAzLGysJysCagWVD12uY=,13,16,female,3,20121107
bW+O6STxD2B5oFpjISd16Es+WK9GqF2hM6NGiOf5810=,15,29,male,7,20150201
xwM9TN9Z5e65rG+ptPLYZn5hF3x37IVYDk8NwdaG0aQ=,14,17,female,7,20160804
nrXPOAgJrQoeJy8xcpffFYTF6YBq2eFqQxFXEIzf6I8=,13,32,male,9,20110205
307ZeBkq8gKyXo+6VCD5ricswkHw/JEVajl93uW3x60=,13,23,male,3,20150418
uekmdHQJzFamm8rxY2QCS8ciTvgzozKm+TYT4YTR+9M=,15,32,male,4,20160103
BjAabbCrFcF33cWzpTduXB+GIApsR9KmJVe074m93GY=,13,22,male,9,20091025
XwP5HVNS2ENwlKGtlh4cXQibS97WBbtI4beep8SrPXo=,5,33,male,9,20091211
+/h6LSa4uzjMFwo5x0QgWNu23NVEJ5ggXtfconqnP8s=,4,30,female,9,20100113
LHDOdE4NAwrql79EVrewjsWBB4Zmk12/bHrsGBJbPBg=,4,36,male,9,20110323
sPzE/PlzSPBxLiyzU//QJPtZodbbGWLgeoTlgNVG7gk=,13,50,female,9,20111021
D9JnT+V0iTu77SDUN4E4IowDvirGYrzrqPUY8Ed27rI=,6,18,male,3,20150812
r24gG6LkD75hZImFcaWvyptaEYu7VOhMsQ29ZYrGIZY=,5,33,male,7,20150818
1KxUXVeexyj/U3p4RgRzAoS5X2Mv6q+QkliO9+G71k0=,5,18,female,9,20150819
lCNGWDcsJ0KMkM+p+4LzNXMO5Fow4x1nZJ6V0geEEXY=,13,33,female,7,20151208
3sh36IFxIpJk5H/SoAWa6OGlef5pK11CTkX2KilvI2U=,18,30,female,9,20040415
p9vatCSMoWsnc0TehGyVzlsF50p9r28gR123mx+8pDk=,13,51,female,9,20040811
Tuyxxo8xaBQKNDfbme8coVsRzPfDdTnRTEvQ5X3FzGU=,6,24,male,9,20150211
LABXbgoFB/G3t+ZbGMwtR6BArwBBx80pJ8tA1wgoycU=,15,21,female,9,20110514
uf0MEdoHil2dJQS6/qRf4LhcwDnOE6sehRufNbZ8e64=,4,25,female,9,20150910
7ceQ59Ns1Vu9kMR8/a8TDcNa74owgKzhst5wUWH2wzc=,17,44,female,7,20170118
FyUhjJN3lVJ/5goo5TIk6EfFm67tPyp/u/AiDK3AX9M=,5,27,female,9,20130612
6vWt8ajGuGFiyBgeZm8yyPYepSMIV9QyL438aJC77zE=,5,28,male,3,20150410
ZMdUs7BtRrkDu003e3sdqDKdpka94w2kxd/P6ScPtZk=,4,30,male,9,20110702
J6ODACdWMwNOBTXpyXPXfWHAoZdWuxVP+v89JkG8RW0=,4,34,male,7,20110830
/0tciaSTWqpweanPvhrI9NsCPVCeN/19kb4xjMMWENI=,5,38,female,9,20150226
rJ6GslfhjLYntBOFPcCMgR1SfQKBSIo+xZ1jP6rCG7c=,13,23,female,9,20150319
GgEyugCp3bJO1pkdU4Hu466x7iN60v1BZ8AgNj9pDSU=,15,42,male,9,20070325
9tzk8ShhqZlMeIkgLTJUb3+RiLRq95QJ65D/VThMTKE=,5,41,male,7,20130118
Ou+PLmPlSvnKnCjx/YPj4khvOULN4Ldqv7AVjxay6tM=,15,24,female,9,20080316
qRBUjhHOT/EHpFSF3JAU5JtU7gMRWhz1TTV2ncsO/hY=,15,38,female,9,20080606
HOCh5kmr/PpW1GnbUGR2AJPl9bEAxcBC+oHpYnEfKgA=,9,27,male,9,20080710
utEcA9ExtGVmIqLVegqHjVmMxi1zgO1gVBK6qHrYV9s=,12,27,male,9,20080508
bpLmLJYTsCzgXmk02K9SeX0VWbXhGt3lff/XPh6jyJs=,3,32,female,9,20080911
g8zFJ42lA0j4ucaboT6mvqwpT6AUFqJYXZnRPwrUdnM=,6,29,male,9,20150115
h0DqJHI8L7u29ql/gXG4mjD9VPBHKXxKiZUviymZ05w=,13,28,female,9,20150320
W42pFaWe4wJSfABIFRXHApyaiHxFHdCRD+0RElbZAuI=,13,24,female,9,20110620
ZWxqvljwddUbn6iEBDYlVZRDaTKmrHvLtBo56KvRywo=,6,30,male,7,20110719
sdJWfr6muMUkdj4FmoZAgbWFP7Pq5p8knAZ9b0Vtyuw=,21,16,female,7,20160418
tGi2I5yB/XqIbEOmdnR2sytiQ8NlJL+WtLxeZFHAlZM=,14,27,female,9,20081109
mAoFxPDNjf9AOUNcVCiLogWJElM38gxaTmvf7sZDonk=,3,25,female,3,20160507
UkYTH6Bd9neOmDN25/eUqJa0rE5qI/ZeaHmAihvOjek=,6,16,male,3,20131217
txERrJh1HO6f1MTKZ8j8vVwOKeI1Xdge2peoUOQqd5I=,13,26,male,9,20131005
ObJgWWGC0boDv7OYd7hb9VyU6dlemAoEF+Zx3pOf6P4=,13,30,female,3,20150627
Z1Ytf43zWSl8WTzZQ9wHr/ywqTRlkEWcMnQ/qGm2rKs=,9,29,female,9,20060816
4ELJlHDM7lwmmHy/KUEnqhZrcXC/b0qdivwycO5qefY=,1,20,male,4,20151220
kRqOMhfigGZ1H6yqsJ6nI9PnD+43QrOHQ/y2+zVUQOg=,4,29,female,3,20160127
1QsUiWZrwh1kK94FIH1bo1kSqXhG7DiVyrLNyHo3HpI=,5,21,male,3,20150726
EDRNVu/z85IDF11OL/MCD2h4w/cyHlCjify+rXAqFZ8=,4,17,female,9,20130726
KX7QCAFEKJ7Bo+UsBW1tTwVIABUKmetrtGQ3Tn7RCa0=,11,24,male,9,20130812
I9+hJYnI9kSPlHYTdW9kvQus+EYJV14Fz8Ha6SMU8Q4=,14,22,male,4,20160729
4CJMyrKcN0xr+wiFU4uyErNBlSDmDbmUy3IhcEa30YY=,14,24,male,7,20130829
0m0RxzjUDgi3JI3YMlFo1GlIENlrcPDnNRX8HKdJVJc=,7,26,female,4,20160706
PE4aMjoc1CPxJUQ0stjcBvIggHnstenZ8UeZQKGNkzQ=,4,24,female,4,20160715
2+3b4Eexe5luHaciHXpnpCitFkIcUuBjPCzxYa4DdgA=,13,27,female,9,20040327
k2u5Drjm3CalNXkoq8h6MptEMgUD2b7HtVOmTbFGwIc=,22,34,male,9,20040717
9BktSjj/To+EQv42c/H/bbR3rjYqnQSkQ/yVHWYKFpg=,4,32,female,9,20050130
vmwq5Uk8Obj8sj2SCXwSr5T9LMRH/YBqSptU9303TvM=,13,30,male,9,20130328
2Yf1cnc4AUdtXcgAjU5p9gATvrVF4bdJmXLddA3PYZ4=,22,53,female,3,20130523
YI0ryhHWui9Mv97DSK2sdjvQCJRJfoOhDjAid+qwz5k=,5,39,male,3,20120111
g6npz9lpQa+8aWkvJyumFm2yyEa16ZwesXWu4H7N+Ps=,22,33,male,9,20060309
WAH9DNt35QUuKsBQVLvxMwseoN12LL/k9FjQHdhn9sI=,15,34,female,7,20140503
SqxynjgZLs0KS0XXxpFNWKE5O/J920VLCXLGea8qbp4=,13,29,male,7,20140508
IlNTdRcce70o9qnXK3cmEAI09gx8xA+DJI0HohLC6YE=,4,24,female,4,20160103
xyJT5MsCq7PozgldUHKN20QSDasKZd0U9lAGHzPaLts=,12,41,male,9,20080222
F8sb1X4btKy7oB9jcc95/q6XhxyUihS5JfO6hckoDgU=,13,47,male,9,20080925
lM60vhxzLI1TmtlRpfPbGuG69Y/BzYa74nF3AIwHvaU=,5,25,female,9,20081114
oIEf9ODr448OTM5khzIPyb6z9OTH255dXgzVnQ/QacY=,13,43,female,3,20120505
qq+HDFNfMuiKC4rBJEEsFE2WVFua+UKnIt1GfYO3aZA=,10,24,male,3,20120519
fT+uzB07kvtYrfn3vynuCu9wwFjtpo05y+4uJkRaCDY=,10,24,male,9,20120523
5ifX6bjP89Api+l4YucbsC0eaeNUdO2PN/eTLhRKw4s=,13,29,female,9,20120527
0G9fzBiySUCXzd/xwzmA+U6WkSWzIvi220VWJfEyi2E=,13,24,male,3,20120818
5WaZ2PTPsb2a+V9eXzqRv/vcrFiAuFoxPEnERw5+AbA=,5,35,male,9,20040329
kIWzZW2K30SFTL4QPrONQKHSLRxF0DFVTm4I+MSxXvk=,6,42,female,9,20070627
Gg0k+Y+tU6EPav80SZIz+CK3sYVXc4zDWLC4moGMLb0=,9,34,male,9,20071014
RgWAQSlZhW/j0k5FIou60Hzf32DZasHFpmGVO1Srhos=,13,37,male,9,20111207
zxbe0LTfIHM+D2M4cKT6tZOV+zD2kWEIVw/QxI2yT7A=,4,30,male,9,20070326
UG4fFADSIVYQiR0tLIDQephLn3npNAjBmPgZIugnUNU=,22,31,female,9,20120204
m/SWfc+wpkO5+tmk+Ur8KJ1J/Jx33jV+McV3o2uQsaQ=,13,43,male,9,20120219
S5nHzhyq/j2q5ZP4Q1PS4I91F6dYCEd0S5koHXKIc9E=,22,17,female,3,20120329
L0e7/buLEggpipc8a0CDxLt9dpVYUQ0kgmBdsexCHak=,13,27,male,9,20120406
UgZI3jWbK0gbkmvQePHt7plhMIqWHzYW70kCcJH+NDc=,5,26,male,7,20161219
TCjLOXEhXB5SVqDNhFv1BDctwG4vTro6pVs3xswG9U4=,1,27,male,3,20170109
Aqhl4w5jmmGdLKF6nN9kDLNTM8sP+iqx1ty6u7gwg+c=,9,23,male,9,20060505
3UIhZl/SNoHuuqPrvhimWH4gHpEPvCZvNPlPs1bbrak=,10,38,female,9,20060507
R6L77rZeenLYEf6jOUBlH0KtLM1Xe3y+slONrnwgLh0=,13,26,male,9,20060610
qm4ibuHHE+0XoVHJU6QH1n+uMvk1QSxf032u4x7eB6c=,10,27,female,9,20070108
VuHkjCoKuAQ2rGHz3JTOxhm7VCpCEiXcnxBo8kvglw0=,10,23,male,7,20151214
tfOdaB08OOrVtdiXb+qcKTlgElqitEMhCx/045Sd8Co=,13,28,male,3,20150303
NHzZ1/B8blJr7+riIN3waoCdIEajyB97DyIFZRMv4Mw=,22,23,female,3,20150307
X81Xh8iKFG/StoonGoTWn61P63nOB1A5dNnaT6+WYas=,6,22,female,9,20150325
8gf+Ykbq+u4RmdwyV8TSiGdBPAF104xFl9dKVwLLgTc=,22,21,female,4,20160109
kf3fTw3TuuqZvjfK2ZuWXkpEQHdVrLjEUfnFQ9NcAL8=,1,22,male,4,20160110
WG2kVf1Pc7Y9MMggwZuzHdVh7qV4aHdfuHuiLkPNpIg=,6,34,male,3,20160121
01x8bqiHh6HDpiMqNw5N+nRlYEYgVJ0BFmaPCXJ2jFE=,4,47,male,9,20091214
jYIa2BmAl456Bzsj231EyDJhH+pwBOqK/w3FMF7/8Hw=,13,20,female,9,20111119
VO2df+uqLMj4OWwjOR5adkYCon8ky14TnFj5aKHPLIM=,15,23,male,9,20111120
ZPgu1fCbciCKN2/DCGrYrgMgxSavTHQgSPW8jIX8upg=,13,36,female,9,20060128
DfG0Jth48QWs1i0mVmERBYIAVeh2MsgEAm9y40bGN7w=,6,32,female,4,20160324
eoAgD/V+s4IcozhJIOezCvOGegle9TJU1Ant5tS4VCA=,22,22,female,3,20121229
zPu2A0/VjJ8x7PBIVaUIYpvh0OkLplcr6+qWhgtqzNs=,5,21,male,3,20140420
LsblF6Gvcx9uS9cMceAA8YJJ38iL5h+dVInKPdiUIa4=,6,27,female,3,20160324
g7Bq68gtKuGw23mmLjxz3UrtQn9vTeAZkaprpolLHoA=,11,61,female,9,20110801
qUnGDdnaPDWY2y9i1K/WZFLw68jwYYbv3HCnqv3M950=,5,24,female,9,20110905
c6ofKfkOwUglH1HEJ89i+Hr+/TCA7nW2utzwgaTvmXg=,4,28,male,3,20150930
r4JBymw7pMYaQ32NiXPXrXZ3mB7/T19yIx8pJwGiZF0=,4,27,male,7,20160122
K5UlEfA1H0CG+BN2Mnr8eGMu2m/5i+nQ0xuKKP7rkUg=,5,25,male,7,20111230
h5YUDYB3IdyxNw5EDld8E+AZqKPERFyYTMeOoY/1a+4=,13,25,male,9,20150203
iq748kwKIzvwVjbdCNhgeQX1yPhziRxRmIVoMR05J8w=,22,18,female,9,20150125
+R9eJJF6XJbeyfEsWBdvl5EpiJBL5YuhAl4LuCpyBzg=,5,59,female,7,20160709
ccZd9MBSBqw+Q59ZBw3mHrtp+xtfvJghcBzetH4drfw=,13,30,female,9,20111122
auaupM8cIeku7idkhErSiD0EZ1mmYrqlKPFOc9Rqo2A=,15,33,male,7,20120722
FSAVGx2FWzuTaowBQEU2QiyOowPZaunjbmEhjLSDyo0=,5,24,female,9,20120831
FyC0A8aGZxQ7As7oDxU7nCqmF+fY7nEqKB0V7+xv5cc=,14,29,female,3,20131123
8vqYFzltSemo1u/IQUsqLUXt2ItQiyjII/6Cx9BBFLE=,1,41,female,7,20131213
uurGWAqSOdLy7mIIPhZUM93yub4iD4a1bW+l1mKd3fw=,6,31,male,4,20151226
S5LjtBVNW5VaGJLcDScMG5SUIjnp4AOqoVyS/0L5ep4=,13,27,female,7,20140718
LYXkayy/rxKzc/Z4lxPS4bjNiEu7u43Sma66D31zynk=,22,17,male,9,20050801
bd0DZ2i5boh/1Coa7rgSJdHA5h6UNVJBfs1rwQoNa+A=,15,32,male,9,20060123
9pnqGzXSHaP93oA/NN7nuzgX4ZK3g4660SuMaCSnPZo=,4,35,male,9,20060306
mdCEb984rrgZHJyR3aNtxXVW6mU1dOBUzBlNItdy/oY=,13,25,male,3,20150126
ZM9O6usWqnIhrgJ4tLKS8nSvnQSrocB8fB0X5nyeluY=,22,24,female,3,20150127
8LsasKzbSabOrrSxI4YpHwurU6PerAZ5oAJoLOoD+EE=,5,22,male,3,20150222
oxqlodze3L5T3kfdvhdx/qf7AekNmQstN7Omh9MsqKE=,6,29,male,7,20150212
XH/sJ/Ne77srioRoIaAGadeqwNeFTZl7tcuf3zUjrqU=,5,46,male,7,20120605
amO5aI+iw8XgVKoMf3A7JZ/DZJKjZR8kXLxmGeQgFCE=,4,29,male,3,20120608
RssQFhKVV5PQYrc8qiNFQODUG6q1G6UTxjUL0jrwVlA=,8,42,female,9,20051014
jkVeEFArPPpaWJqteWfYCR289grTas89GlJ34bGidYs=,14,31,female,9,20060227
EYv94M/BozYsfMxXyVbeNF6eanxhb+QvOvKDrxl8A/0=,6,34,female,3,20121201
YFYUTKQFIz8oiJU7mqMPMEtcvMz3l8jLUZFQegrEufY=,4,23,male,7,20160528
A1oxCty/htJOm1aPB1vFZa9TmIVE9v868wlIZ3aHBmQ=,4,22,female,3,20151223
eXiPZ84rOVwE/QhtNcbtSX2m+s6zitEefiF2d5Rt8u8=,15,25,female,7,20160107
IS0OFifHYlcogvefo1d9dB5d24g34meqNly1UX3yKFA=,21,51,female,9,20120419
O+yjifJU1o/gWEkSy40zRpTHkmya05c0Weekk9o7nOs=,3,22,male,3,20150208
F74yhFva8nwbU03rIGGY0m8AXkQZKH9KYmGmyk2cpic=,11,26,female,3,20111218
jswzPCtoboTMUZXpv6VQAW9MdX9jSsXrVrdEgyWN5p4=,5,33,male,7,20111218
uhysPiO29BBkb5Mw/AEV6U4Wjh+sBJqSwI0PEGrrzns=,11,22,male,3,20130202
TFyVFXrvf46sWC34bUbBsLUmjrC2OJIIvNcYcqWRyMc=,1,26,female,3,20151129
vpwh/Hhc7JyhXdMyObvvysZSGRS5S8eo+p9MRKCqRh8=,13,31,male,9,20110711
3a5VzWV+ICbcJPcqbRFNtIqevxBJD0XyKX9Ikse3GGA=,13,26,female,3,20141206
v5iMo0KEzpAxVzO5Q0pvTKUOuRdaYmGSW6R3eS9fy2Y=,15,25,female,9,20141216
lkV1yNtovAkbDpIhj1PwS7k8VXeUq4WSMPFURF65knE=,10,33,male,9,20060422
LipqsnFgpH2ShMdU09SfkAME7KrprEf+swkQWI8X7n0=,13,54,female,9,20061121
2hzlem2PTmazETFKOUjWQDxcq8cuQw55sESCFiIG//Q=,21,28,male,9,20061219
aJqBtNP2QNP7VeTGmI/VyGosWU+8pvrrg/G8pmpFrDU=,4,23,male,3,20130826
KTGiXspHu4hyI0eiljsqytUBnm4ukeTUixDeLZqHmTA=,5,17,female,7,20160307
SWYDyO0nhi8QutOenSP9Dvt4mDGy2zNr7pouUcBQcN0=,13,27,female,7,20160205
nJ6wyR8wRo5Gj/hIs4GS+ctsdZFbKaAKVGh/qeiupuo=,13,26,male,4,20160207
Yren1L1OkodGc1cjdS/0YTWoM3r1DQxiP3qrIxe8xBM=,17,18,male,4,20160212
ZkFb7Av+gNeQTfJeMPpjzLSjBH9nwhynihpk0iljePE=,22,26,male,4,20160218
0ExjBH4GWnQ4mqV2osrl7OJ7/9qwb1Ae34yTFLHgszk=,13,38,male,3,20130303
Dou19LvuSjtMh2BLLIrCGWhKKG1x1YgF5dCNY2qii+s=,5,38,female,3,20130529
Th19CrzLMqLRjKAFSU232wdUn8U2zMGtBDRe6xpXUDI=,13,30,female,9,20110905
ZXX7OhdJiJ84SilqnpuzNGnPfzPuW1Ck6ZcIaAqwyLs=,15,24,male,9,20110913
R7WnZq31oxQttLj3noY+qzoESO4I2UTq51xGVkvgAHo=,12,31,female,7,20110309
utRAmQXi/qGM5RfylN8eBUVF+zM20Nr/1SG3qPumN3U=,18,30,male,4,20151102
FYm2PLhVbQhEPnrhF5m4t3GXs4swXwEUwCwDPRQlHN0=,21,28,female,7,20111020
SxVp1sQt7iKvfJpOU//Li6qW9MCPSjLzI0DL10c0MLI=,4,45,female,9,20110209
fEM655twHJidB8R4U3lSexwF21MWuyRHX24dEMYVow4=,11,35,male,9,20110312
Jx4/9bZoBjiIye/Jwh0anZhpbnmXOIyecfF3mfVlrHk=,12,31,male,7,20110408
aOqmoq+Z3CXBkkhApNEV1cL16qFb5zAZsbutyW5utq0=,13,18,female,9,20110507
Bv8pgZSWaZk7TE2eiJCjSxuwKOQaPMlqKY6JazIqi/U=,4,25,female,4,20160504
xKET9GXSofmZ6eXkwi/LPuQn6Ufu2zGnS/9yDkiqxPM=,4,20,male,9,20150711
HhXzpqzfxK7EU/FLXFH8EMhvSoSwcKnlRy6p7OJMkZY=,22,20,male,7,20151212
fMRnceY6Lb6yaexIr3/k491eEYvbyxNPRIpv9POKHN0=,4,40,female,7,20160119
zo8B4D1hXIzqIEvkv7XYYbqbDVPwoBCxz4n/G0WNDB0=,15,23,female,9,20111125
4SjCEkvgFauaIQCjqvo9Mh+zRfbW1awAlAC98vm28g4=,4,35,female,9,20080912
QZSrYuVixIFnqx64F6J0ogdtnhoZpvJx6wfKhFiZzaM=,6,20,female,9,20140418
7gQOyLLvCFWhMTkglcyeCqvG4blaiPZahCYdZsvhMxg=,6,41,male,9,20120121
uNvf16z4Oq7RWb2oqltkIzTMGjYnG22QvLVOWC5/YJ4=,13,33,male,3,20120624
ObnrqrPvMrF3eZpxjRF/F1yQD5OCm7GpoFMihY+3tug=,13,23,male,7,20120731
KR7VUOlYI43MYuQHomIiMzhLjynn+dJ8vpGKMD0anh0=,5,31,male,3,20120801
ZlxjV1eqQxin+xgBoTI0k+H4g+LDiWYXZZFTTCm0ZNc=,1,26,male,3,20120915
Vv9mQpibYqmGWx8RVXZwFnlK6r6L9AAmGNVfSFLcnnI=,6,29,female,7,20160215
cRs79p4G2iB8FQ1iTAsdHaaEyq6nF42GSp52AZsf9F0=,15,33,male,3,20130617
joPCklZFj78lJt4oymBgALTBwOQQLuOIXhMRefcWO34=,13,44,male,7,20130619
gUoXzc1QW2mOBGz0zD9oymeUYWwOn6G7eiCtwZKeWgU=,10,28,female,9,20150817
ElQi4X8eD38Bh5KwT3uWwGjPVOnM/3b+/P5vIGcirSg=,13,36,male,9,20040710
XG4Yxp5YT9lOprOoLATauj9Pjvxe9AvkEImGhKCrEUU=,13,46,female,9,20081216
g1aQvLgg/ZWCePwc1S68gPwlUCD1i3TAgKB/RltfTCQ=,17,21,female,9,20141014
uqpvv5CI635woqs8YlchkfMGe7tdLRqCnuUhNjwfju4=,13,16,female,3,20120310
Kipvji9g0Z1EIl9FiUwSCPylsn87OICrWD6sUWZByRQ=,14,39,male,7,20160602
K5fQLJyQmt3EJ7DXsm2Qm2NmDlwc7x36rK7pbfX3Jrc=,5,19,female,7,20150212
PWjrhRUiOVsvncTCALYKY56F0wFq51pIOebfvglRWe8=,4,34,male,3,20150227
/ih5tZvYCjOus/GLjlisJTsZspL8H65wmNTZ+TIjfA4=,14,19,female,9,20130213
qPSvJDgaNcDfXAgRIV9KxjxDmTiFM4IAKnUiQn14NPQ=,5,29,female,7,20111007
Itz68XjjzH8x7N5M50FbrEu6QvzUtrfZJLL2y7z5O/E=,6,38,female,7,20130907
BXtXxqT/GS0OBSn3PH3D2XwBPAt1SEiu5jHKkWEAaC8=,5,24,female,7,20120104
AZs2vtavU9EocjPXP8Wpvc8T49uxl8HjooZ/PE86H2I=,18,40,male,3,20120113
1zP8KmPHNiloJhJCac/s35ZnnBIyu2iFXyBF6fLYsrg=,15,17,male,9,20150909
g1w4qGpjz6144s5Lx4aqj39XSVSP5oMw0oXnRGIt/c0=,5,20,male,3,20150929
/5LUcZrPffx5QdOWmC4hVYUwYGq4+NOMOeV3SlRBp/o=,5,51,female,9,20060612
ZcelQo+Lp+CNGKl3d2/43DsmBUIVtXJSFhILlelOUSo=,22,43,male,9,20061105
JgGGQWOwhHyyxdHWQ/H0HwA/ykuJjmYZcKNdTyB5fHM=,5,24,male,9,20070123
mFM/43QYyJd/pipCUMIX5RpEHwyGzOrkrEEzhJUqFP0=,13,38,female,9,20070222
AXkJVFgwHN0br/RYj+rHvI/5S17idAbTzYlutuK7tsg=,14,35,female,9,20110805
SlqEzus53URu1CLaHQ1M9MwUhCj/t+SeQC1xSIBT5qE=,6,30,female,9,20061202
q3ZAc+7gbUCtpEJjveLa7DgL+lHvogARU2mjQjkCMCE=,7,29,female,9,20070501
O4hVul/BIH2sCQzo/kC/uMBaupTS5T/+M1XZW9JXxOg=,22,33,male,9,20070508
bp6YbegA2ru08IEzSKcCIcIrqy+DNYr/J8vPUfVU58E=,4,27,female,3,20131127
yWSAw3XD2dLYThl6wMNnFKvv8gM5wp+biEObeavvbMM=,22,30,male,7,20150306
jufgxIIewYCgFmOPDwjLW2xb8m3CBknKoYibUNXGE7A=,4,29,female,4,20160305
FQQZvveXqFBukR9q3hndXuebipMKWp1ye8psjB8dJ1Q=,17,25,male,7,20160311
tw8rt5VSxduDVMHULidLG/rJ1TRpMn2Xc6GTnjIdqMM=,13,42,female,7,20110111
5fTyg3CGuMfaJWdbpqcTBw/av1v+Hi75ggUSbqEYeKY=,5,27,male,9,20140626
Zm1pzI/TPd2BOFl8t0unpOyqeFeTl/uzxeXZ2iVdt7U=,5,56,male,7,20160520
nOJxRVQPlsU1CHKw796CKFPKyOduw/r5FjRFLSSpigg=,13,34,female,7,20100811
/UYz/X/yaX+OkH95klCIXgYj0K1OSaBZdbdzhtjOprE=,5,38,female,9,20101031
6ZOIBVWJY+MdvKxcItiT3DT9KzpENZRg7cn9mT6EqJ4=,5,35,female,7,20101105
i+eB9rCpv0RffWiJ/y/wlJb0ne3rNfq618c5y+vecMc=,4,41,male,7,20120102
cpcY995jVxYzhpdkPTcLUa2ClBHHBT2K+8CZGviyXNs=,13,30,male,9,20060105
rm9bDX1DCLMhvZ4XIVzS3ROAcKKJcf5qbpw64X9FAJQ=,5,24,male,9,20060305
cYOIPjvA15U0W7b653vaekx/hextiKCUST7WmBJVwmM=,5,42,female,7,20160525
PNVdJzu1B8VRD6wGRi5Z6QQzXe9DuCHG6NbjM1bZdGg=,22,27,male,9,20160506
nq4LsetjEaVKTRdp3rviMfiDPNx/fgax2Zm0WXSqBLE=,11,28,female,9,20131108
4fjo/U4KZZy8A3S1PNOqwmyV+GiZ4IHC0zhnGMx+UUo=,13,39,female,3,20131124
JhOA6Pvqz8q97+4yTrNMdYxE6EsRo79sM/by92GUJ1E=,4,21,male,3,20130210
//9E8FH+0HDFbKoe7K6KGyOHSdcMGWVCG+DWyPTuEOA=,15,31,male,9,20151102
C0WBvLpjweNoLzwdw/bm6ir5ALv6O23MfmNqovuR2jM=,14,23,female,3,20151106
zRQdOIR/2hQ3yDFVZJnjZl1eSJhVUO9Kas+VL+Y8Dx4=,21,26,male,4,20151107
lg0DTAqP3LQJQmEhVxOkRoLpBkpqX2v7dIkg+w+xR74=,22,28,female,9,20120630
o4AKVljx7ZenxB1mikRiLYtFJ8lqqIolzkEwwxEs+Rw=,15,29,male,3,20120731
/xLOVsEBQ7za3rYouEMX5UZLaDCHUJOrbhlnpsKkby4=,5,19,female,3,20150426
DwXkO0iVZlMSnjS+BsDNSSegN98ZUbV/TWSacwLRjKw=,13,20,female,3,20150725
4QXzdmlQ2TGsNgmsp6nuAQiLqWYYqnwLzZg+48LOSAE=,14,28,female,7,20131009
eszr8F3J2NdmLF5wKl60vDmThv1Jb6lWgVuBAH2H0/k=,4,35,male,7,20160510
ytRm7BjVLT/PQUBJVHFEo/nZK4jgfZWKqnLMdKqxFfs=,4,48,female,3,20130302
0J0m6PoiVn57bBU+qQ4mm/YY+hybOFv6Gq4K524s9E4=,4,24,female,7,20160503
6eU72LI7RecwTKkYpa9jrnc2xDZ70HU/3+6SdpEkdZA=,15,23,male,4,20160514
1+zTGW0DxJnPSj97ekKCwR1LmbdGNiIGNS1qF5SlXs8=,14,34,male,4,20160524
hRQ+pPZ/R4ac7apOxR2jHFcD9vuMORyOOhooVSTxyTg=,22,39,male,3,20160603
SvG2AjrE80ifC1SqtFW8nM4+zU7RBpPPWUPbhztHwYo=,4,26,female,9,20160701
AKL7oSPcZbTZY98L2MkjHLTaQoaAUuh3BztfmdZeRk4=,14,36,male,3,20130318
mBtzF2KFubTUKllTxzAqCasVv1b0KpbLcvNL9IaW3Uk=,9,23,female,3,20130406
Ob+C8l1URoYBNIIvVHlpbotdXYR3hd8PzbZy6iM3ybU=,13,20,male,3,20130607
+71ISTR2wbbz3KYmBASv80m9xg8ybD6sOeUFj4UJHxM=,6,21,male,3,20130612
D/wEoT1J3MicwsY7Gv1gx+tQFrB2mthS2XuQq/jJmtQ=,5,26,female,3,20150814
kvqIe+U19uKHRRAOh5vedlhWPJ1ZZQav4n19ZQew6h4=,4,30,female,9,20040930
n5DblNUfVstu5qv5u6hL0Xj4eZpC1vu8kBt0s6iL1N8=,9,27,male,9,20041029
T7JZt3HbC6N3lrLdE8C9Le6qp7gZ1mlyOhNoAHVGNBM=,22,35,male,9,20050102
kvZsDEZLyqLEh7f5hztOjzURsZQhrFRk8dm/PqOLXzQ=,22,31,female,9,20051029
OnHg3dFutfO7laj360lAPcC0upUaxMxdMIfOJua1Sbc=,14,35,male,7,20151126
Sl7SkbotTItBoRMCw4J4vNqPEV2raZ7e3LabF69LnMA=,4,32,male,7,20121028
g50a8bqbY97uzyWAioMfvNpy4EzKXaxxBDSQoNncfPs=,13,30,female,3,20111226
RKXf51aEYBXfTmYkuXWZLDH7zowNdh3A2DVSPjySI6U=,13,31,male,9,20120916
A2+VDZYHB64/IBHvgXbKoI4flMPBoWTNbk+8D0tozQk=,5,32,male,9,20051223
izlwyh32Q8EJn4Xlb+sePSgQQIZ6wIylOMWDa0asZII=,5,52,female,9,20060103
YG1bmfeuAIkM/lGTD4/jjgYE/c4l5D2GJD3mkqfYpL8=,9,26,male,9,20060227
cU0vWs7Im0yn4/LvXnjrVm0HzmQB0OJ+ayxrT/rIXbM=,17,26,female,9,20060408
zU8gL5A8tIMrIN+ipoadUCKKEp4LNYOokqFgAyRg4i0=,15,22,female,9,20120205
cSglE6YIWb5QkV2ylMO9m9ff+uqV17eI/mkvauTYuXI=,15,38,male,9,20120421
G5qU6a8+5DECVs9dZ9Gs/qr6zUsrm7VR1AGPQqAxbQE=,10,33,male,9,20120826
0l3ORaPxHYcL+i/ObGVtFiYe8MHhKtXa8NhSkFgBAmo=,5,17,female,7,20120207
dxIvFCiQL9k7HH5Pp/Dre5JfxMPe9eRuTduiGX1ojPc=,16,25,female,7,20120214
4rNOYV+VYcj+mnVA7dBe2xWNObHIT2AkCTMmH4sfClE=,14,26,male,9,20120224
H1O9iLUlj5FQcpYr8UKtvYy9t/DihybAh0KI8YTa0ws=,13,25,female,3,20120306
k6fjZwsdE1uXnljLEHzlTcNvERSVwIQX3HpwrHd6wDc=,5,23,male,3,20120512
rfrJ3m7CY8S77TLrqasD1J8rAjNR7vSHWc6A0yYxJlk=,18,22,female,3,20120603
3/eJRBmUaZotGLkeaJraHiz9mmn6jW2nXRSEMZkx/ak=,13,20,female,3,20120606
JNQOQaXAUEyIy0bCciPY02hMSzMPfOSNnS8Nmk2PEFo=,5,24,male,9,20120628
Ck+crPOhAoCXi5uAWe0CcfoPJ1rLG73mpXfd36waajg=,13,35,female,9,20080628
8M4H4nCYIr/c0yNq9cWvtx2axhWHnt0IvFKQ4CZpYVs=,14,47,female,9,20081007
J5Ar7duka4S925ChfK7gtSlBCBgrU3S1m4C4sIXBstk=,4,30,male,3,20150505
3ggfD7BT/hfeMMlRhit7e2UW0KE46crVJ2Tbyu+iMOo=,7,22,female,3,20121206
G1WsUQiE3yVy4yKwapEzPkWHRXwpKCZHxq+w3ahTiz8=,5,24,male,9,20080521
qRyWE77VvLNT3sL5bQSw5X2EVJVV7aGtU4OgBuq1i88=,15,23,male,9,20080614
Zm0mfuTZsfOhRThAbIiq7an75qggQk2HL1fgiaKspjM=,5,57,male,9,20070405
3bcCuR25NxYG+SUVGnqun07VEf39EE3YEZc8u/kKeLE=,21,33,female,9,20070417
gZsjGYIcqxctU5LflQWM8BGTOfHn54TiuxjOzvab8Cc=,15,26,female,9,20160628
esE+68+F6nkOrsJlxwnj3IaIGOEjt3qIn9b6JNjb+qQ=,5,34,female,7,20160205
Ctkeq37VWj2EO0OUip+XPUco0tgTcpAvuZ5m68++GQc=,13,28,female,4,20160217
KmZeUqTr2NpSoa8C4sjTVlW7FhVzDP6rYYxGlDZNfzk=,1,45,female,7,20121002
EDIrl5qQq7o2SQ+ORM3fVA3AXCfypvMw2Nqp3wobfLU=,4,18,male,4,20151013
FRCzhZ/UhCgbzhCvQCB7osRZY+dsbM8yDlZnXNo/rSg=,14,23,female,4,20160616
EWYcDOSSYgsahBZaR40JNblIRupkrv7wcbSx4VJilVA=,22,23,male,9,20100606
cAEis5G3cnz+euedMMP0hmjKtFoTAYiQBhabS8o3yyU=,14,20,female,9,20080619
6LHkzLdUg4xW7+y1epYSjfhHsEqwwG1azuG5c6ZaT3Q=,4,26,male,3,20140515
v6eEbfB44dL0zdmbrXOZXdXt2uPk3RGyjSGDt3hmEEg=,6,47,female,7,20140522
6SueBBPbr48eNssWmdM24/RRoUVF8ekXKfVFmttwdo8=,4,19,female,3,20150118
Ov6RrG1l8xE+vHZlKQ5mSsVwAbdvJ5GQD4wNF9wBecM=,3,28,male,7,20150220
Q/yBxjG26Q6zsmPYhAu19k0IwpGuL6TzWbPYows+xVc=,1,27,male,4,20161102
6v8Jemjp+1m3F1R8PILMTByss6WHHr7IzJqle4RUrdo=,15,36,male,9,20150108
QUisjkZS3mVdNytwwcZHVW8Rg+ZvH7ESDRMPEkju+Xs=,13,31,female,3,20150124
SYv75faIYa5ztL2GW86v9AkYuJFrcVFWCNCS7CmDu2s=,8,44,female,3,20150131
2/bXL6bS/KXs4hjMftiCKoLp5nnlymZL9V4fL40M75o=,13,44,female,9,20070627
pMALLgHXDs5G1muf0q0vsTsfYxA30lhLkxKiEbs8bZY=,13,24,male,9,20070630
kAR6DPtkdALJX98YLpTTh17R95eLrBJ/qTywjGMiEmc=,5,22,female,9,20101231
MGtkH4nfAMrOKxoEuym/b93heIZ0YzICO8e2Lw3NH8A=,5,21,male,9,20110227
rdDr36N6eQtphGEBAjvQ/aG4HzGyZS8C0o3ydLGynWs=,5,30,male,9,20090117
TSnEkTyWkwIRhjgQtmmb+44ZimK7pbRq6diUb7pCFO8=,9,17,female,9,20150518
Rh8Z9hC/NTn79SH2cjuU+8kIu09UKXebI9Sx0ynMIPA=,5,47,female,7,20150829
/VUechpdR901EUmthMWXFJnOp9LQGs9u8A0j5pirtWU=,10,31,female,3,20150903
bF+wzexkAd9dSW8G28Q3gqFdc820V+VY8S6hGKgtZXc=,12,21,male,3,20120813
ocGuYk/v5pOdnm5tjq5UFkIyn3XYUqpAK7TBxGnyxuE=,21,27,male,7,20120908
WOYfCCb+3jDCtOwclrjtfrK2VIuZkfSuVojfOsEdjXU=,13,27,female,3,20120925
DMeVuSE+Ym3JZIUq9n5Naks1A8HCoBA3oKfa1bGD+b8=,13,17,male,3,20121118
J75nEUwRqbDfZak3SaMVtO1r/YEL77hgsCtRYLV0M/s=,5,19,male,9,20121124
mZpabUYpjLGOpsKebKjVRO8nNaQf3xKcYqy43gpouVQ=,4,26,female,3,20130603
6cTBOPwVAW3vmAjjUrDO+7uNfdWaCZJ1u07b6TFSX+4=,22,24,female,4,20151218
RIr5jcTmdobbJCFbkUWH7NXTDMohWB0/ISJW528DIfA=,15,29,male,9,20041007
YziP8xrkAIZ2mdxJlb31U7G1FZ6D+NDOVojY8IxA64Q=,5,23,female,4,20161003
ekj5elQAmUNSF8azGWx01HK9QmjP1/nt9CE/YNZME4M=,9,23,male,9,20111001
b05j6HxXxlzS34AswYk0wQfegWp5VVVzw1xChK4F72c=,15,26,male,9,20111009
Xv8+wtUGYYBa00unUk12FWIfkN3p4uq6Fv9DDq+mu8c=,10,19,female,3,20141108
17hdVeL1pBJGZZNswCyGD31X0wMETjvgvFIfbNPIes0=,22,31,male,3,20120119
tUX+Z293NZX0m6Jh+WVIyLMXvvhtfsyjaPEKzElYo4s=,4,44,male,7,20120309
PmEC6aeT6qDrePClcV4Y46TaMFNQz6RKoFiZXi76O2U=,8,65,female,9,20120413
ycxkkCJQVFzP8J/59t60SkiiIz+nw0wkH8P4U3Wy35U=,14,30,male,3,20120415
WH6+EcjQi4N1xlOdNGkv0gYTn5XIf5eyF9w8Zn8VKXM=,13,34,male,7,20120417
2ML9DHxwMfyuomc5+7x22BDakGD8CnPbYLhgIK2bvsM=,5,26,female,3,20120520
pup99HNS30RtyqMGP8H8jSxADyAOlrvZoxAbXXqlTTo=,22,27,female,7,20111212
gsitSh8ElRg4nhTSX0ZJosCb6kD86JcpBkCCH/2Gtoc=,5,49,female,7,20111223
SGCXs2KlgoiUr2Zda6CJ0fzs6erCi6L/yNVOjmRWyw0=,5,29,female,7,20120403
GiHXEnPBxveFbA4kyhnj1td9kSCcFwvyi0ZStH312Ow=,13,25,female,9,20120711
SYfa5Ym0ICiX+TeQnykl+H61n4ikqG8tUFR8ijTeLlg=,5,19,male,3,20150113
YEvvw2+toMo+DzLTvtO/ZGSZ06c00cXnRzSxeAN/5KY=,22,31,female,9,20070802
ugfU93B3cC/7qIDyQfN8E9tFhEumz1wa1+8Epyia/Gw=,6,32,male,9,20071015
jMu4n4nNcefjFU94iBlUqSB0yyiIBDRT3z1dbvrdQOM=,15,26,male,3,20130907
FblXodUgBjOFmxpmjh1vulid4uEBfw42VE4zGNalKqU=,9,21,female,3,20121226
S5D24DntmkAvqFTU1gsjOPLSviSomHnDHjB94uM1oHs=,6,38,male,9,20110407
8TKQHha7wF+LU2xirBh2ANxEVXkNXf9A+o7lhD9vud4=,13,28,female,7,20110407
O7/JKVpFse+1IdmEdXpBpjlM7kim80d9dsr0kFjsZB4=,6,25,female,3,20151201
tnZ8oPaiufxr+RlBWqsS1fjhPzFrboRL2kzgm8R2BlQ=,4,30,male,4,20151203
Tk6Wf9G/NtnawM261KmKvMypvOZhn0XZon9B6BuZsTY=,11,28,male,9,20070322
ox5ck9Ge1CTxm093YcvgCf9RytDbN2GSZUbK+i0lKPk=,4,28,male,9,20070408
xyihQJLyC0AGZ8VXZkHzH9LPZwqCWQjVhHL1DdX+Kic=,14,27,female,7,20140202
57Dn51ShO38LjDh9m7u/4OELTcjKxxMbkCKgpyzm/ZU=,15,35,male,7,20130703
iFIGUnrd+xjUcr73xwmUPt1+xmIClIO2w32jt72q62k=,14,33,female,7,20130707
cSuRCHbqpXWqWzM2/l1weUXd20VYsUhZGs9IhyUYBz4=,13,37,male,9,20050407
jImMiRegrt/N2r6CDAxyEQcSapYDQsHtBiMjcuqdSYs=,13,51,female,9,20051005
gol+jvDGbGFeW/gbOiyM81gMFiMh7PH3rpTZl+eVzcY=,15,37,female,9,20060315
mUSwwYBzihgCWqC9BqVJq2Qry1jTLo4zg40L+UNoXk8=,5,25,male,7,20150222
Pin0/CCrBI6x7oi8+PZ+egVUxcq6f+wQWgQ6RZ74tDQ=,15,21,male,3,20150824
capdrsj2cmqVQQ+z22/zSzYt2y0NNGYsslEuEtu4Ivg=,5,24,male,9,20160616
1Oi9web6ayJz9qpQ34Hev3AnUxUIUKO2DjpInf/uqNA=,22,30,male,3,20131230
PKczTXcac5vjTa3b8YOcbcBfJFN54kmIM/cB8nMPLy0=,15,23,female,9,20080420
mG7IfcrZ9GuP+1Y4cm4yFQZtlsZBB4Lc9TPr4HLJzqI=,4,20,male,9,20150705
OzYDzyMIMiytu9ogZ9L2sdPH1Ygf0G8s0BgmJqM0hNU=,3,23,female,7,20151123
ZEV036sEkvB9kuOgPBsCLkVNCj0ev6hhm/S3RlU/5Io=,4,37,male,3,20150303
nW6W5YdEduj22w58A81dgr5fvfYMaWLyGozpl6Uncxk=,15,37,male,9,20110623
aUhzfM0oV4eZhpZw6XoaHm7u3GnO73+9/d0fQznv8eg=,21,20,female,9,20110624
8HrqEoy/l5E436mKrFYZcihnNw4WxkhJKBGQjLNiCQw=,13,21,male,9,20110713
K1ThktSbQbt98YsXMyQ2LayQyxWUkn85MbKN58vRxjo=,4,32,female,9,20071215
VzNvWd9oUeIEzmBM4RbipwlMBoW2f+Ixqq3jCmBWWWQ=,12,40,female,3,20150512
Yue8qsqfSmN+yHtDoGRcT7ZWW3lEhKVtPZzddC413w4=,4,22,female,4,20160103
xNGE9off9g9Zec0iZBM3zM8ivm5rzgii6ty74zw/978=,15,23,female,9,20110103
D3JefwlizcnfPdOwAFFBFd18XDN+bMx42sMt+z+/o6w=,14,34,male,7,20110214
mIay88kMubbW9SqZm1Dtum12V5BgYpeVoXgOsoMAx5M=,22,24,female,9,20110302
Wxw6vH67B9nS+dRTcQYhSwne+Lp0Vm10b7P5YIFj1CM=,15,34,female,7,20110308
J/Q/w5kM7Z+Dne/ccJwJK7Q+TKP7DUCmJaUoYCvGebM=,15,29,male,9,20140107
xMM8UiC7KBYgZBjE487RKKzZ9bWzCbJobH5AqBWvbyM=,4,27,male,3,20140107
1iD7mWI61MP2KgtlcmcQrwfHAa2JOAx5zUWh99gZ3BA=,14,38,female,7,20160101
WbxNr3WlIhvCI1Unil4/o+ex5AsfysX999SJVlKX+os=,14,18,female,9,20160323
wknUZ1aIQ7V2f1Pg/Xjy0tCjRmYIStZ8iO3svNiAckQ=,14,20,male,4,20151029
m3gRlMZVqy6korapdQx/W09dLhQzZ+PI6jFFDGlxT3s=,22,26,female,9,20081011
hr8TIk2glgbmX/oeWInMDs77DuiN9uLBglmxHFTMUFc=,7,28,male,9,20130203
ezE8FU0/5j2zdZm/eIKnHwoVP/uz583KM7UgQ6OpGoQ=,13,21,male,9,20141113
qBY5nQwOms909a1VQp8vsqKR7tthkCz8RQpIh8gkJMg=,11,16,female,3,20130220
/7gS35LoFcL2JtsWg1pP29Ki4vUHvki0V2F/tPKJSAk=,13,25,male,3,20151204
UGYikRJZ6Q423Pp+yWVQIjsbBR/8/JtbUO9u6RkE4/s=,5,23,female,9,20070322
Sb1OLNxOAVcaN9wf+wrU/Zjx5nICXOJRhOW+u8owB+A=,22,32,male,9,20070412
fsXv/XX7SuMP+vR8d5690EuXpiYAV5wNvgqajp3IeqA=,4,43,male,9,20070416
dFNOIu0CULm13QFZoWPWm62mktB3JHt93z0QBRdcPTQ=,14,28,female,9,20150510
TFkvKvc4e1jXIfRUlFbqjwfBj0oz/4vWjlazYiDi9o0=,6,42,male,3,20120327
z9MXpKms+wtOQbX5WeWURyR4Vydr7AUDrSdKN3nr9qY=,22,20,female,3,20120810
swmMum5OQZrQRfA0HsGF9Wju+x72+BrzQQppr8sy3kE=,5,18,female,3,20120818
BQOanPR342xPEBZizJrQNCFbwaFLKcZrBkpoUWJpWgA=,4,21,female,9,20120415
5WEmOp3zJIMRvpryVAwiW0WzTbfXs2ouymg0NzGAxyM=,13,17,female,9,20120711
rTFh5vj+elgUfl3iOULb5GVV17xPUZg4EMYAvnwqP6Y=,11,19,male,3,20120808
m3uHvCxJEqEsEeuhC3ESywHTMUWl5byvaUGwjxqKrRo=,4,31,male,9,20081113
MNPKXjdEhBaUem+zx7KKjw3Cr6/9qqhhamZD0VMaky0=,1,38,male,4,20151014
yDUs0nZPMC1witxh7yPt19quvwlsvdjrvEQjRrJBlQ0=,12,22,male,3,20150823
TjPO0ObNqAEdQ2FAyljKdE8sMXCDiwpapbPmfjdspJI=,5,44,female,9,20150525
TCNnGF2a/ozuuJ6apKScSeonj5o9wpPFPun9pBYQjNw=,13,29,male,9,20081102
V1hi9cuO/RjvqA7VZzsgW+yRbvBYu0y+ewb+ZNAo2KY=,13,32,male,9,20160324
uISBDp8Kj7JlVrueujrztJB5uQDkKw/hCqTVEqGTZDk=,13,100,male,9,20050729
UexvJW5ljpB2uw51ZOg9/m3nQ6F4deT8Q/zijumj3ok=,5,49,male,9,20150306
YnMlu21Q3GcH0cFlYuQF8Ck7d4E9DiUeur/OF5T/tMI=,18,51,male,9,20070509
fOgYch4G76EbVdW18ZcsFdlENZRVO+Uci0stxsIu1kI=,9,32,male,3,20120428
4Uh9xp9r0nrjtNOkr3cxCxPDMfO/HEFc4N+TGVGXdw4=,11,40,female,3,20120509
L78ULm/UKim2DLU5/QfeLQS++XwUVBimCUnRfxjudKM=,22,31,male,9,20140314
x1xeN26kxp22U3B4jbwSS3g6Hih6pahip0jm5Q+rxcs=,22,29,male,3,20130321
vPRdjVDCsL5POLZ7Q3cA2Nl22mJzjHesV28qe+5ny9c=,13,28,female,9,20130704
QO5cxT5BL8/GZLICRUJ9fC55SYW5wj4pj1ApYbNRQQc=,13,22,male,3,20150718
LtErgtrCU01WBEyTcls2IFOKk4EoMDwyO9mscOE9zoU=,11,31,female,9,20120723
SMvUYMCP4rM+GWyIzMgum6gBVBtEid/DDWlL/lOQKj0=,13,17,female,3,20120710
6VKHnM/nvrCI2sBuaCd4lPABBIJnvL7npbbXDLzTHNc=,13,27,male,3,20151107
3x0zh+7SxEzHcEVicQTYdKhHWlEwPXi1qw585AWWcLQ=,13,29,male,9,20121231
rzGQqjprNoSYhu1HnJYrg2uRB+adxum/iMHkeyPEehM=,4,19,female,9,20130112
xbzihotCt/GrlHbfdntpkeOMDCwXjndq1RD1POfZXhA=,4,30,female,9,20111231
mw0a0u4d574Wgbg9ik8OzUaT39cgXhPdJGhcGkWDi/I=,21,21,female,9,20110930
iq3hEv96VqwZb9z3jPIyQUEv6ATr2mnVhMFOMFIa74A=,10,29,female,3,20140314
9572VrC6EFjLPR9Ij80S3omnO18yVWA5SxpeLpLt0aM=,15,25,male,7,20141124
DmgnvQDTfZbbWmD/wYaXM4ECYtgkg70NgiWyY7Q0dP8=,22,20,female,7,20120103
LejN+6R9yTttdZU8KAIVvN2zCOslv/IkzjUosaKVlGA=,4,42,male,9,20150109
nOsMOWCWgycrkbup7WO0Mz5n9eKO/G7qe6dqkBJCarE=,4,24,female,3,20150212
EdnWmTRw/i/PyK5VDlcA0nqnJXnfmMYDYSqff1QWmSk=,5,33,female,7,20160131
vrZsRSfczNJMIxZ2inAqmF3VElLQ132mNmU7qqmprWs=,13,47,female,9,20150323
TLn8UR7QVLBULIacprK6VtSAjaQO1yTMb76CUlTWqUE=,4,14,female,4,20160522
1VjrPQ1aMQLOaftMYm/lKHUMJg8qlDXaEMVP7x7xA30=,22,18,male,3,20150622
FvEESPkPIViVQ2KU1VdbiJ0P2KGn7v/tUbfT8dkMgjY=,4,22,male,3,20150630
/CVDaFwhM22vyBGpSe2SWjboK3Ev8RjEYJoG4IROptw=,5,32,female,9,20120110
o8NAkdf4uKpGzXiZG8hxyVuV3XUJcUm+6fVzO4HXhw0=,5,26,female,3,20151015
7npMhpG3wAArUPeuO+uWRJ07HWjqRg8YovN7LkSHzYU=,5,28,male,3,20151022
KO1Xkvhrt+G4m19EqmQG3LyeXX2MAQOuDeOdIe0zuoI=,1,18,male,9,20160306
de6DyqGeULBvvsJa1fQvxnsaKJnRuZ9tH5DuSq8pNSM=,5,45,male,7,20160528
zQB9ojJgqv601/3L3RuHT3vewTEAT4lzDw12cabO9JE=,22,27,male,4,20160616
TgXh8f61/6SoZ2Z59xyiNDSyvClAYFcBexf27ZcgkLo=,4,27,female,9,20090604
B6qyhV4Io+7O7FpiGNdrh2JItmpQ4Htaobr7QWQ5Kag=,13,38,male,9,20090830
hhj4ga4T6b6u3pVsOzQfTimYT93ue/YvliqLqTJhgdc=,6,32,male,9,20091012
9Q69by+GWIb1O0g384WHx+qfd5WHOxHmvdFpPJfFYbo=,6,44,female,9,20090315
ZhvOBSo/B7b9+2lk45ldI44bHo7YCVuD65bAr0m+z3Q=,4,34,male,9,20110702
V2ij+6hKSBZU+PQsTwFd3AoH6oERcafBgctXMM771zE=,11,20,male,9,20111101
ZhJVjKeSniRhL8hE3TvOOHVmwgoVuR6Y/xXLItlek/8=,8,24,male,9,20111119
wi3qyWCGveUH+fr21WMVcCRvg9WWwVz6Apw9Ygxd1EI=,13,37,female,7,20130923
3i7Mq2MDGXXz8hMQQb1wyZ6LLAU6QQzXq14w9Yl0TUg=,14,33,male,9,20101220
pFKj3wvM0BHago3/erOBDYE41gMJJZDHngYrwIUXWgM=,22,28,male,9,20160308
MxCUQ6tAD7LU1yR0gwRck91ZKE88gY8kD/rX9Hi9srQ=,4,18,male,9,20150805
/tH0b1mpwfyBvRYVCqHgSCPF4Atha7w2xmFo7beEId4=,15,28,male,9,20060725
K56gadLU0UnS/Ssgd1eFcYVsrgiTp3tDhWf4EYhhjCs=,6,29,female,9,20060921
17SQoeqWYN5IOZnAFYAzDQnT9rA2I9g/uAMcYqbPGXE=,22,37,male,9,20061023
WYXehWkwluh4suREN68gzWuRHsc7ZbQkj+uCmz5/6gQ=,20,31,male,9,20070106
Rkd6LEBn2LziODzS0K5e/iqLZisJgolJhGIpQG9nDlQ=,5,42,female,9,20070205
XWo7GFimaD1GxYGTn+GrIpk0U4M2PVDnatv1tcBaP0U=,4,31,female,9,20070405
tGbCBcYCrQlXiZ5RHEYi1q/F60bShQa7ezuYUXvpbCI=,22,22,male,3,20150827
0ErTqanQoRJ4I4SEcV+7ZEjPkRBXI5gzRzbTXh97IRU=,5,39,male,9,20110419
n7svCo+7+Crasv0Zpe3ham328AaoQeKKmwKcPWKFXWs=,18,24,male,9,20110125
8+WMhVEtpw/ZiMdVMfAHc3OMmtAzl/pszMfUtwluNJ4=,13,33,male,9,20110326
YzydOdPofuMZUpkB511dQoLePu25QQyeMk+EpUJsRtY=,5,25,male,7,20130324
46UK15tauCVM4RxF5teMeFUCvf/tSiXqsslgSgvYxXk=,1,21,male,3,20160402
GlQz418I3nk3scKdxVfME9ajU4XX2cJRzDcqfIJanvc=,18,24,male,3,20140207
BfE+2ZnNLxyfky8sGaavEi+TsFcuFKBM/NKOIJ2tc30=,22,21,female,3,20140210
eNiMtRhStK04E2XvtD5vrA4Gf4gM8FWZOUY70ibrPvU=,18,30,male,9,20070508
mXY2miyc4wukprhy65Nwm+cjn+ikvziIbp/zs8haiM4=,15,24,male,3,20141222
5RjcvJFLKPTQ9CGvUfux7wZAdE4fQUNk17Hu7xj7CI8=,3,18,female,9,20110222
xE6lG1SKuC1DZSOjsGHhFNFu0GhZ+PCbjtpBxO3YcQQ=,6,31,male,9,20110304
UuhhKy61/7NtZONiJM1Sp3JZotVcNAFbl20V2X0+KxQ=,11,28,female,9,20060930
mj4RTjuOsuNlFnXJLvFAQER58LW+FtmziwiPWHHFzrs=,13,34,male,9,20061215
H5TMM52FpG4+5+SC1zfR5Crlt7Qg78nj5xpom+ACdcU=,4,25,female,3,20150730
qW7S7EMFTgd/Hz4hwVOj9LJxS/LHUPR+vcH/e5OVSEg=,15,25,male,9,20061104
+RhE+PlubHJS7ABcXeLZv1A0B15yZBNX47iWIBTQb3Y=,14,38,male,9,20061109
R5A6M51RXu0y+YmLETr2++0TDbm7zxRK5/739j6pwY8=,13,29,female,9,20070413
Vn10C5Sdg/A8Y9EbyRkfmol/ckmx16v0AG/3+wb95mg=,13,22,male,9,20150401
ggs0063qUb0xE7BWHUASHnAchn8fZwxS+TQxc6GPnC0=,5,43,female,9,20060826
okGYE5vNVrEY6Zxfskvb+SnsJD4hDTz2dTJNup873Lc=,1,17,female,4,20160206
6ykUiS6TGspYrP4dGy7m+0cdCUZeUNasX5n+KC7V6d8=,13,43,male,3,20150914
OZnGnmOORUDs4eo77PoLEGGOhRNgLfs47MCncFhaEWw=,5,26,male,7,20150915
+c7THuzxnojhLOOWPt0SnnbYDtxG13HiBsYMh2w/paA=,5,23,male,9,20150923
VU6NqqwrHoO58YRiJ+FsBrtgq/UxgjJNQA+CjRg39/E=,5,18,male,3,20150211
tpIP84q4IMTT9WbjJ8DCbD4seoiBoLrcgYJ3ZKdKCoY=,13,34,female,9,20150228
31sgHeXj/gHz0a4p1huaf5Y8AVmcANLkYhcsjKrjsUc=,5,38,female,3,20150702
2J2O0UYFGs5q4YaUrkY9Hk67a90yy2qkD9LUxg4GZOg=,5,28,female,9,20040711
ezQhYQzPBwrIyxkqE3lkvoEFYfXKx9p7oNS9gOcm61A=,22,29,male,4,20160130
Jz2mLL1P6RUFDWWslLPvDg2u3s3s4bZCFCoS63Kbw80=,15,17,male,3,20130627
zsiu2bF3R5gQVHZFtnAepmDxLpfBMLnztHimxDdKkZM=,5,46,female,9,20150414
Y4lykciQju7FAAeDFlj5Yu4QyBz7ejt1BJ/FNSC1GB8=,13,29,male,9,20060513
WvzWMqb1m+tqhPzu2s3xgIOvIphQckGwnZOtd6fuvGM=,22,23,female,3,20150212
n7evhvYqCwiVOgKRksVLvdnn1jFqehf/vAEO76/gPvQ=,22,37,male,4,20151019
St+GVRTi+A04Q+KWXTkz/wchAlcIenXbMCWE6SCW79Q=,14,43,female,3,20160829
+PW9ofkAxxsjuC5mqlgxt9OKqJr5KjojEK1rEwcm+UY=,4,25,male,7,20130801
lkFB6ZN3Uf7+qA0o+8ABaiDFxGlQEpNHpCGAtioq6+o=,18,21,female,3,20130804
4LlVQ1fM0UkOrs2N590JIPQAVzTyY8wxb+nU5M0lwIg=,4,23,male,9,20110909
cnbsReW5OkzHmJF5KO3rZDtIk5JGqNSkvYXXzOF6zV0=,4,25,male,4,20151024
sy9XR5PT+AO9g1ZQ651/igSVbqoFM33tZbmCoHKDUd8=,13,22,female,3,20151028
I/IY2W2K0ioFRHjGJy2Vjhzfvg3C1Rwt2swGQwpfoIQ=,5,24,male,7,20151030
axjBvr1yAAyzoajnM/bzVlcjAye1DzFZ70aSdjQTEas=,4,18,female,7,20160605
vWtFEN4Dz+uxIu8kIYmyInRsgJnzY3lQTGJRSJ620Jk=,9,28,female,9,20110710
s7vSX7iikl+P1d4UteuuAzvuA6s3DPmZYfEVGXnC51k=,5,21,female,7,20150516
IUB3KZgFU4K3dLfPM1ilRVRiyHwQxPDbgXuNj0QIB+Q=,17,31,male,3,20120429
CXZk1BLnDQvzR0JK+nUT28v9gtsfwmN/JhXSvaQzYK8=,5,29,male,3,20120502
UomaqFSDaJZiTDUv5g2B+sh7+9/llONhmJ1Zsy3pUMs=,14,31,male,9,20040916
fVzG8s1D3isrkyDxXzJJCQpnHhQ56/0DnJk/6W894mY=,15,30,female,9,20050428
FKi07B7IPUjrNr5uwEyWn89fspcMY4IAvFSdpIPWjr4=,14,26,female,9,20050918
lueciOF75eiZ6mvgKXEUz5fw2nt++qLzZ2Cq6nVE9Kw=,6,32,female,9,20050921
RA2/KC4tO86T92hqTxSWHS6yVVFki5IT9HXSbF4qucc=,14,27,male,9,20150510
f89VvDh+0cB2mPOdYby42fkzldINYGGX+ukpO/fgfBw=,13,42,female,9,20050925
+w8LKEUCnoeTY5NngRHQ2BJCdMeGCbJbhAK7KkOwjk4=,5,26,female,7,20160104
hJsAjQVLY85qbNyN+tERfx/mQNe/6AuMTUHFd6owfbg=,4,28,female,7,20130118
Xe0mZKmT35aT6KfqkKgo4/SBcE36sXEuSGjk473GUas=,4,24,male,9,20110914
3c1ttL9ugvRlm2Ts9/0KG6NCwMMCZp7482J+QfvA6UE=,5,37,male,9,20041108
xhpj6XZYzk5GcG2UhTMH1dx6Bq2HAMpkkdtIi//a0ZA=,13,32,female,9,20050306
Za2GqFNzr9xDs97kBnLRsmAUocJBWb9++O7Ym45FLgI=,14,25,female,9,20121205
Zu+iqc1zY3/xru5aM7yQR8/lHEUh9urma2Nh89VNoaQ=,8,20,male,4,20160408
Tl70TJQW3GmLWy5J9h9uozLrQ85m9MOUHuSDEtOwOhA=,13,26,female,3,20161024
L/AmUQFeBChnOmsxgBUGuCASGr7tqKoG1MQvIZoeg9c=,13,49,male,3,20140615
AK+m9xlqmjuMcQWOdNGfq3K97RRGi27myS4VJ4l+83A=,15,26,male,4,20160328
Izq8CZ7WdTjCMYDHZ4/Yvr9StJHIzflb98uwttggd04=,8,27,male,9,20110314
y1wvZBaPgpxNnQrE4KrW9+pF0orJA34TPkNjXzmD5ps=,4,37,female,9,20110412
uXqyex0syNbtZQlxdSZO0S1db1lTGAV9jMBTDou3XeQ=,5,28,male,9,20051102
+o41wpsmhlYyLgVEVKK7t79JJ3mjWwADgUXzk2IrX40=,12,23,male,9,20110513
ukMmSaj2YwGqj0VBrjd2Le+tc4BfYWl9+kwNkYDmLrU=,14,27,female,7,20140301
5FSJ7Ew0JzaPk4h0wFkEkbZMdjYALLyOppiaom65dAU=,18,32,female,9,20130317
wLXYa1sUJtb2LCfk7wv/LeoJer+1fgruzC3bjg5hjjw=,8,22,male,7,20130723
jsWdvZxdgfX+Q2r5SdbZQWkWpuCS+7P0hur9/S5034U=,10,31,male,3,20120429
Mbtav4rMFCrGsOD4MfB42yUGOxrVsVFfVxo0XDLvquQ=,13,21,male,7,20120819
ScUKrevs9Zuml749xojBoqKqKE6g2/i6/ju1OZioqGw=,14,22,male,3,20130307
/i0Q7R5tCCavfCpH9QOr/J+V3i0Xk84ruhvsIUcLbnc=,18,23,male,9,20130310
ZDmVN5m+HKGEVjQboPMyUBcn4O0SuuzZ/0/RAxthuP4=,15,33,male,3,20141231
dOv+5cryoV40KCKk2qmlCmywL/suDL9Dn8R/QD4vUHc=,17,23,male,9,20111130
74xQN8AhfFQ/Pcq9kI6skiwDqIzEKQtHJjVerAJUTqQ=,13,65,male,9,20050909
8aCuh3i5Pjvw9QxpZrra7Y3WiE4P+MOPzGyXWJHx/OA=,13,25,male,9,20050920
xsHVC9Yp+V78qVWExr5ZjSq7glx4uJwAlT2DYWrt6no=,15,27,male,9,20051022
kF6fHf4QZZmJde7YamDGCKy8/PDxIYFxq8Q4ASoLDWI=,6,39,female,9,20051125
WvvTireK7DQ/tD6Cpd7dDeID4FGYTO17LamG+TWuUq4=,22,33,male,9,20150114
OdF0xiiYWhgcYXjaLKATMfCXsxfFwW2Ib+gEZtUP6BM=,4,30,male,9,20150121
6fUkFYKhvJbELKnG3YikYM7WzS3gblgjCye6t8b22rw=,8,21,male,9,20070519
Iaam5mkkRn5iA7aFyGZ9pYhHyjSM+vmxHhWonYXrBNI=,14,27,female,9,20120218
AKXiK8j8kPQYVlRJ6Nzvx2Z25+2rwqki67IKGHxHHwk=,5,20,male,3,20150308
H5/qJM9hDqs7G/5krFKFNmX5CNoPpGiuj7i3zMnIwj8=,14,30,female,9,20060119
GcEu40owNLH8QP/817J0ZVGFzLipzDU9fqjsWHzTujw=,13,31,male,9,20060131
CsPGK3gurXGuok7YXYRUOuOvbF+uxfEsXf+n8LLR2Uo=,13,45,female,9,20060307
U6UUTOWHTTOynbc9CrV8V+XdtIM3poKKO8qRV6MJbe0=,13,39,male,3,20130107
Lu26nj4GR0NX1q1Ii+vv/TAPHqPBgVQCIUmmGKNDrrs=,6,24,male,3,20150508
zejBGOMBihCRDaBYesHTIpBODgtuR0NbrZqLqfYjUVg=,6,35,female,3,20140420
fV7KANbCeOMuN7I5Y1wv30VKLtnC7NwNIC9j3NQ53Ts=,13,25,male,9,20071229
9I3QJZUuD/bRm+pvFOTQ7vwPhFviOdPIIGEx+brERuw=,18,27,male,3,20150331
eOz0KfyF/jZ2hI84e54q1j0kd+TrF7mPe+ppQiz/Ues=,5,32,female,4,20160623
6M+hW6XVteVCZO+ps4+g3QXnO4KRnkOc8KW6nkXAj3Y=,13,20,male,3,20121030
vJsC0Y1cvpXpOliA12mSLFUHSQYWGaVCc6fBqOrNqGA=,9,30,male,3,20121110
NCLy7tBHXbIOd9o62zRYFthnhlXhGCYIVwSwN4iYulc=,13,29,female,3,20121215
wj+XVwnaJq/h3wl3qeoeQ1YAA5R8z+m/sUFsF55WLMU=,11,30,female,7,20121217
Tw6ySOqjd+bxSlkr7ehgPvw1AfR4TfILeZA8IiY63/w=,5,23,female,7,20161112
iuap4nwIHTQl6DWKWDQhFUOvq4W96AB0dfvQP9cpWyA=,15,25,male,4,20161115
QOQQxCe+QFyaHBfhDpr70JqA05ItrvRSIEcwoxrAnOk=,5,26,male,9,20111103
HXhtUzgYdHUoTcKdc2pAk5rvqm/95zA99vB9hOATGBg=,6,18,male,3,20120804
pB7xXPM2izDgfbFQdNlVtOZZ7KkCw6f+9tYpRrxc35Q=,13,22,female,9,20121021
fH/qwDFQWzsQBr4sonuVmXqoLrP7GkpGXzeE1IoEWw0=,5,33,female,4,20170122
2F+RMv1CIGMFU9yLNJmgWp6QxUE+yon6opuPeoMTXZQ=,4,31,male,7,20120703
URsubfF1Nch8QBJk/RYp7WeDFlBNwaWAwtobYoHmP0c=,4,36,female,3,20121212
f6ca8DynpqXhlsvRL/XCSm6ePa6Z291H9HPoexwTEs4=,4,19,male,9,20141116
lqUwnaNmopYIgejIXDf06u/hAXt2ofTAq2xyK2nmYlY=,10,24,male,3,20130824
sUvpIFXXfCL03MNETQgCLOYv1XAtuZsEmdGi8Ju6sEE=,4,28,male,9,20080924
5SJ835RxCSKRWUIpU+GeQdtS4V+bhITatXH9wZnNUGk=,5,37,male,9,20081018
tlBTQ0ScAl1hxsmQuGfjPOBRIyUCtbHQZjjz7HNXHa4=,4,32,female,3,20120217
LznGsDbCmMYitPT7N09ln+cAFKBkVEzgzkD1u1R69os=,15,40,female,7,20120326
g4P+7SOmJmmcWmtgykOzEr1bhGDIiIpjXx4sAO6ygKw=,13,25,female,9,20150621
28wIOvcCxEQ2NGCCwF4894ktifbcxRRehEwZ4AzZizM=,5,28,male,9,20140328
G31g+yAgAWVE08CSq12W3WnpZiMAjsnlmu5Iv7tefF4=,4,27,male,9,20100331
JESayd9QSO1Jdrf8dDQRUuSxElAtrL17PGMTEYsUlIU=,15,22,female,3,20111218
RKliq143Ra5diqnSJaA3SL/T6FpgeJwE/HpcV6vJN88=,5,42,male,7,20120110
a9B+6dgKJGS2/wuQEOUcANGAZb9wZ7xMcVdRENfn/zY=,22,32,female,3,20150123
uGye2GevZebAG+gLyac+rcDAyPqszkjaLZSPisCMPX0=,13,21,female,9,20150123
Tohz7att7LmpBEX9RtXpRdxFQZIJ283chzY8qFnraoc=,5,31,female,9,20050509
Ql7Shm+C1yzzvkuaiTQllsUo231PRRoLTxfmSb4VDY4=,5,46,female,4,20160509
6CopZ3y5gyPmbYm+Phc6jIOjYh6HsmathhhcACTS21A=,3,18,female,9,20160519
P4z/h0ZYXnEpxANu1Patb9rfDEiGvQY6Tf2rml1IsYA=,4,25,female,9,20160611
spKAKxrkI41H3HpZZWUKFpSGKSs1ShqmJFM7qM7vjGo=,13,39,male,4,20160414
NJ8Zy2yEyu/fD86QzValYAGFeR4tpRy79B3HCHMLYA8=,13,44,male,9,20050924
sQQ8djp2B2wUVgpEY9LJ0AAoPjVqmXbKBbvh12+vLO4=,4,31,female,9,20060104
JtI+v8X34utZf3zlu67ARGAnhYzS7ntdlRCMm/PswTk=,22,22,male,9,20111023
Ixk6V47IeBHoOWuV3i6z1Vhl2VnxvK1EOLt/k4RHJZg=,14,33,male,9,20080306
cLvC//hYET/oyPsOv/bORv+PHjpWCTKyO9bBnkXvs/0=,6,24,female,9,20080322
vhfmp+IT+dYlCGmdg9whX0YtDZSQ2qbhBwUe8Agwihc=,22,27,female,9,20080428
6i9uwvyRN/pfPp+O5m99ABsjNPkUGC5t8UYG91xedx4=,11,33,male,9,20080607
5Jt0du3+ngO21bTd/oQI58bssT/u2tA7ni7thpkuGx8=,4,41,male,9,20080628
6kbMypyyHhN8KbA2fzwXMabeH3fTp5HAn+tKSv854QY=,8,20,male,3,20150408
WDMFCARN3WsWRnDZZ5A6XRdnTrfAKn4vcr1hweP23J8=,4,34,male,9,20080419
pVQkcZa2/h9OCxw1cJu4gkB7i401aNUGOpvLcv0Uo1c=,4,30,female,9,20080506
0oXgXPFqdKoZ6C+ew/b5OVhmRm8H60KqmwnL5GhEVYo=,15,28,female,9,20110603
24RK4mXV7XoMYSo1cAyO4tt09+vRlg5g188FGJM8Enk=,4,17,female,9,20141031
ozcGRap+2YP8Xy9EeJ4Pwl/Gfxs5Js8txhojctg0tew=,14,37,male,3,20131215
N5EgpItqcodsfEffeQRZVIOsJD1ak0+boy53jFUYIxs=,5,20,male,7,20140115
FZALdizhgKUxWMDIjviP4YjEMeofD0EYqQHfCWDeCGM=,13,35,female,4,20160526
skLFbL94N9sX89SayC40N/LfoGoNBl9viI0/5Eipy04=,12,28,female,9,20111117
Ih4lmPBFtn+q7DvonN7JQsoc+3i0VB8SEep3g9jUC18=,13,42,female,7,20120104
zL5lOJU43W1YrK2vJMCvbukMZSIz2o1X6HXY6jCSde0=,15,26,female,3,20160315
iyuJ07yGYpHdt2KAQBnpofezgPVboewR47JWGZ2GxC4=,22,19,male,9,20160317
/J3cOG3MImsyqWWxRljVnZqGt+oGwQb9vorJyQgLFwk=,21,32,male,9,20060430
qNiP30whNSP11F3C+CwAm0B3Dgl9KtIEmeO8yEDSGus=,14,35,male,9,20060611
5FFkBnExdFNBx07z7sZ31IcyomO/gXSpzAXr5oCN3OM=,13,25,male,9,20060624
0tCMCOInipQHPY5ls2PhCqgiK4YXOIS+TqXwdWrO/Fk=,13,29,male,9,20070114
qNBrbPpAyntlnyYIQ9YjTmiRyIQP2YwnNbmPbD72T1I=,13,29,male,9,20070222
pQewIcx1uqysGdv4uAbT+Umfvk9wmSicm85pFK7i5QY=,22,19,male,3,20140420
WXLrR01ivoU2YFcyPgGnzqdPpVLW6qlZtqe6rl5xnWA=,4,44,male,9,20120123
cqdCsgJaxPecCPTCvGl2LnXq+6h2oIfYq1TnuPfwzT4=,9,20,female,9,20150712
ROMtOiNWT04WgBWsUBNGYkG8jIveEUk04k3HP+4gra4=,8,25,female,3,20150724
CmeWJl/APCkqRL71QXNRgIiq9/CBx6vqv7aewICfccg=,14,22,male,3,20120129
8lyb2/Gwm+kUYoq1mz2Q1i0anw83OvMPeLMVFectmzg=,22,30,male,9,20120130
7SxoP2dqXaXSS3YbtUcweFbQHtmBKcrQkDIo9niPvCk=,17,27,male,3,20120610
zH9bQ3DSq8ImlNDyoMiljZuXBBoOV8Hx6B8QdQCvdEY=,4,36,male,9,20120613
WXDnm6wMP/iroHZPQIKOuu6X28vIjleCT6PyL9JvZvU=,13,32,male,9,20120709
VdOWD2vbJh9cVHhNPRtpC9Z3T9EbjCJ6SpzJwzPmtfg=,15,37,male,3,20120725
ymPVljXk2e+1lV1og4JoDRnmrl4JypNHw7JZMb63Nsc=,4,24,female,9,20060611
rG4/l6oL7jMuYoL306In7d5IxtMW+Lc6j1ArOEStlw0=,5,30,male,9,20061027
y6+8ikHBx+A90s/EtrQvaKzCJRgyXkYU+0GzCkbbvos=,13,28,male,9,20061029
yBaj7h6YIKdOrcOKlp53oovjbnLW34yI2/i7EJatiVk=,5,32,male,9,20070215
y0ZN1NbyDyiFHjOzECuw0FM+U8hS6MWutKFBsRKupos=,13,34,female,7,20160321
XKGRdSx28AT60rLlF0TdYFNo+hh/g9HntqaTFDDdspU=,12,44,female,9,20111014
q8M+BmMAFmjVlkxLMcrz0EHQELDGQp9GVjV2aZdlRXE=,13,34,female,3,20141031
5iE5WDc0zN9uwrQz/ZJzqN8Dp7HAVqOaG1pp7wptLKw=,13,17,male,3,20140203
PEWz5I51P7lY6z9uRUp2AurgiD+YWakMtE1hefAjbd0=,10,30,male,9,20110609
Mo+jjLTUN+kYsGtuzWJ0IQXJIn+V3GD3ADgv1DbnO20=,15,39,female,7,20110327
O0EbngwjVPUpTiYjSrHRQsDpojsiVa/roZ1MEuhQHIA=,15,41,male,9,20110724
hlzppoY7cxp3SJO9pdawtwaWITZV4puJO9hqz2oLA8Y=,6,18,female,9,20110817
XSocPDtGcLrpidUFudgx8rp2hHtu8G0uJENtR2o81zg=,5,25,male,9,20110905
5ituXmTY3AA/AuAPvCCFQWiTOW/C0b1O9XEUtnEHCPM=,22,36,male,9,20110914
gcAoG0L8RDYT6JqvHXVeGtNr3yt+Gx4JGFBBNX5rPXM=,6,23,male,9,20150611
dn6d3s87gwqZgssBueBrNb7tmCJEBSK6AaLmIwzAvTE=,6,42,male,9,20150625
4ZNYHFzpezkNoUdrOCpOu+vBEnoBEHroEL+vGIVhm1I=,22,19,male,4,20160619
9sN2zlR3jXkrTEjHG3RTTa15owm4wNVllocbYxtVbjY=,6,41,male,9,20060116
UoOft+03TAlYR6u7N93FcyyipB3hmWGH5j4+38SBlSA=,5,32,female,9,20110924
BJVBnQFOYEERh1D1z64567Fi/nc0xr5iEbvvX2sKwMU=,4,29,female,9,20110108
Fcp9mjN0Q6wSPavOEOOtW7gC/L1dL5kN5FHFF3tuqvg=,22,36,female,9,20070503
B/BL6u+Simc4UqUfH1dAAGT271VljNXg1DDfvLdHzek=,22,22,male,3,20140226
Mc8Xdfwuk4EVmCBMWghhMMBtFZoKoRd9PLZ2tgNvn6M=,6,28,female,9,20060511
aXE1tkL1W+OCd7+yvZ4tIbC1oSWRw9yeJDJurH8k05M=,11,51,female,9,20060611
O6JWwke1DAHF9P7aHq4SmymfqKXMiC8XxbTJM9O9Mcs=,13,51,female,9,20061101
IBbA5t9fHQX8DrlA8PdjBl7J1TFjpRoVMwCul46NMj4=,9,33,female,9,20070318
3GEPW/pqV5nkTsnDakH/9TDTf9mjfsABlxR4bn+VGP8=,11,31,male,9,20070418
QgWNn47Qi7y+Ggb+/Lx1mpm/8p6PvRM89PfRpil1Xn8=,22,26,male,3,20150927
XO2OFGc9+nOKRlY5fEi3LODDo3Y2bvX2jX8yv49isHc=,13,31,female,9,20060503
+iPX5E3UYXNgnP+cy0P8F/7JRa5W+JUQXr7ThKfLkyo=,10,37,female,9,20080321
IN4iFj1u1SZB9DB3DDjbPDEpP+Z/ZQwRI9EMpvM41N8=,5,28,female,4,20160603
ujuW1lzkRQyo9EbVQIstw6a2OP0QNxG6bt6hdTV6aMw=,15,45,female,7,20110304
mv/4RBjvNUmVazCqEhpiVv9JGzP2Gcf+2TaPOUF3czM=,5,35,male,9,20040801
XYvU0uWx2EePGhg+3fML4bzvAa3CfjPNlJHvlSc6sio=,13,40,male,9,20050218
ylXya1aH/s7A9Ukluexdr7+I1ySVwm1UK83zJM6m5ss=,15,34,male,9,20110703
MNJ6q6jkfwi6wZQIm21c+1PR8kJKtg4scYybI00P5jg=,13,39,male,7,20110711
u3SGxlNzy3EJVKoinP91PnoueaI49rM/UKGTN4ZrtFc=,22,21,male,9,20110811
wbJJCbzFTUmdvZ0hIgwapxJ3B6uPFYP2zpiMKCaATio=,13,38,female,3,20150203
W0ohd2tFr9tvMKoDTMPEOYBOPk8004o6c+X5T/cuW0E=,13,23,male,9,20120424
fEitI37Ge3cx6+220uiXEtrBMkEJbOMdDazWmXad0Uk=,21,25,male,3,20120619
JfHpDzH9AiKN0yIZlqwCawgDsRHYLBTh9X4cDjUCPzs=,4,17,male,3,20120620
IG2ENLn2EYWtQxuQHg9wPypt7TVvptJEUCgtcqG9byk=,5,50,female,7,20120211
BP2P026eFRantmfkK6b900WiVyTMxQcCkxykowrtYno=,12,28,female,7,20120222
ZpeCviDUU7kyWElfBU+BOWghdrpJhxMv88sIu/5Dczw=,13,22,male,3,20120427
1/WBWnifyo2Is8TAN6hox9kC6l3SOM3VLW5/KVYc6ZU=,11,55,female,4,20161213
+spx8iMsrYCZIEQn2Txfe12SXPnvqAX51GeUv1UFHaQ=,1,29,female,7,20160721
MnvhHp4UWTgsuEDE0fZ2DYSvCV6C6wYjHspT+8pjh1E=,15,23,male,3,20150511
NYQ/+1rUr+8TWIDuddc+aN21l+xjrPN/AMJ6ntUPWks=,15,18,male,7,20160221
jb3y0FBe23PY1tzEGSNgB6nzdd9o0h9gsY3ew2f4CTU=,13,40,male,9,20080510
CD+w7uvPfT9TMqr4Zwf++L1SX7hBbAnueVtw5NEFyUg=,4,33,male,9,20120108
7oHmzP1szeKk7Pl5zZbKRTXrDiYqCvHFv8Cc7ZsKUNo=,4,23,female,3,20140426
KBw2/MYe+BJEFLWSnErL6WneOMBrqVgBld1oXp/kJFI=,13,21,female,3,20161122
WHekdiJp2QSqFc3he/WLPLK1CKFAPq9B5OEIAw4CYNk=,5,41,female,9,20040402
yjoHEqTcHyrWkQwK65A6TIcGdf692NeFEJkXav4+LSo=,22,39,male,9,20050224
FwmRc0WmSv7WjYeS3nt/nIoSaZwzOwAgHO51sUwiplE=,8,29,male,9,20050630
EyK+saSVQSGcFA4zBoA/HNU9PyYwTPnwG3pfnzWdxJU=,15,34,female,9,20050729
rqHSYJx4eqCTq5yBRVCm5n39eIKTAhUHQ26ClHCyYTU=,5,36,female,9,20050801
Yb6diPaPkOqj7GIWABw18UMhNccIxWYDkOPiieNg31g=,9,32,female,9,20051119
Z+ZZVpN5uCSvO6npmr+JjP4FJ2wlhx3Dr6CmAClEWBk=,4,27,male,3,20120404
ucjqbwCGmhYy4kGhbziloEJLywpVXIYTitN8R814JE0=,4,28,male,3,20120415
nfzdjm2ZpJRIuHUPZ/A/L8EOEme2XQ3/JNujIEO60FE=,15,29,male,9,20111205
jd0gSh3a7/WmsGnKCghxhQ6OJcPhKD8k9EuSY0Pstzc=,1,23,male,9,20160516
quROmdMtSDiRjN505UygGkjfY5afUrr6lL4yvW6Jqmg=,4,38,female,9,20110118
h1RpNB+sDvGCIfpNBwiYhMv2/U5v9ldwrbQ1w1F3FiI=,13,30,female,7,20141130
A+BshRk9NKwUMUU5ifvuckb1sZ+vJ7glWqqLWQONVu0=,5,23,male,3,20150126
wKc84LDsAXzr/axBE8z/irv7EKHhOecS+OIeeiplZ4Q=,4,27,male,9,20070827
LxIi/lE6IkGkF0D86RYrGabGcJFdmJXcKcxys3y+Puo=,13,26,male,9,20071007
rZHtqUkPlr50ZoybpedSABbG9Odfoy+K0xBMuG3MkkU=,13,25,male,9,20100502
qO9nYFiSFs87hcokJ/VzQNTUxvOANsEA9I0OKLkXE9o=,4,34,male,9,20120919
avA56cnw3Krk/HsNZoleinNIfnXokxAzj7YIADenE4A=,4,35,male,9,20121028
xGUxT5EHohuhpwLB9+diIZQ17H3MvWtzWSJIumWZTQ0=,17,34,female,9,20121204
NdQktgQwSWjOm5QVHv5E++OWER/UloF5RIfwx3bomx0=,5,22,female,3,20151119
UOlulw0WsNdAifH5kdwSUvkHxRtBCwYv6TBnACEqKHo=,17,17,female,3,20140830
tGEQ8Z2Ur56IrZUGtGk36QM3qe7A3vZ7xpKRyyV88HI=,12,36,male,9,20091202
6YXKNTKJ4+rRDg59/1HkOBmjDI4P/3SGXniom+X8zbA=,1,30,female,3,20170115
HatkLrlc3V7SM7++JBbIvlK7jVbLuRRMmKETrhjIHz8=,5,39,female,9,20120513
P6mFSo7N3v99Vthg9FvuGmak4PV0CJxPidTwENhFDBU=,6,24,female,3,20120818
n3y4Fcr+gPjCLJLTv6Btq1DHiETBpPcsIw2SAApOsP8=,22,58,female,7,20120906
H9497Y7zIY4Z0QbH8IrbnLWm7oQk9vame7lh6Qrb9pk=,6,18,male,9,20110717
tPsQlckKVFuS9PPe3u6FLdrkqmQ+wppfzaCXO1pbzlw=,3,21,female,7,20160713
DhkYyTWqRT74vey18+4AmZoo0gukSFUUiveno1J602Q=,10,22,male,3,20120122
haljmmlfamVPXaWuCwjkDgFWF3Jl1uwo6yWf8hXZ8Kc=,13,26,male,9,20110914
HXgwBHpdT2/B2kCtyK96Ayt/2t6+VmAXMgcRnNQbgiA=,14,31,male,3,20120806
WMG4XCoSD0aOqgufusWTNFb+y7FHL9OSkXUuL1qlZ0o=,6,28,male,3,20150419
UVxqyoGH+mTstQxOWlos0a6E5nZQh0OJRB4xJrezLnM=,15,37,female,9,20090510
j5dMurj3hyTZHnvErayMCPHzknYFr+06SPfR4ZK3laA=,5,30,female,9,20090902
N/Ifdk2WzN2YVxfqG3hrR+nje3ipUzIhtcyYGHuxTtc=,13,27,female,3,20140328
eK597P7UzG9awvZANRJlHkaxrwzhtfj4fQsDxmGzwm8=,13,35,male,9,20150512
oXn4oGf4XOI1K0EOuBaNvDh+yRuHMA2/fyg9/vsMGz8=,15,25,female,4,20160509
RPS2BoSF8Uo14JlzMgKyHLxN1SG4Xd3YUvlW9y9C1pA=,13,52,male,9,20121229
o9CzXCDPi4QW55ZbPm0Ih2Uot7FTEdIxW8gp3ODObhU=,15,36,female,9,20070623
ELzsLPhP2UV5ECiw0ADlaSt5uoaB34816sL8WhrRC9Y=,5,20,female,9,20120113
EY3P1BsSSbfKxCmA5FC0MjtyScW+cT29gESywysJuiM=,22,25,male,4,20160726
gd1f1C3x8sBXxhwlfMpmKrtAdvXOm4ORw6cnw7X0MvQ=,5,47,male,3,20150122
VugtgSoy74a3yZZuHFLuWYel0f5nd2pqyp6xujo/UsE=,6,21,female,3,20150210
IIwdDBc9LHSXyNKI0Nr/OcoHX867AbL1d8+UK9ezBDM=,4,27,female,4,20170110
EvoOGxcIkn1KAcq9YJshx6jcIeqdt1w35J2bRmskD5g=,1,21,female,4,20170219
KzJ+TTnkGjoJRmt76xQsRseHUorq+KBaqYTBEvVz6pU=,13,26,male,7,20120809
Gj7VMOT+5mPN18B9Kc8tB+9hdMJcCuAqFVpLOjMqfyU=,10,26,male,9,20150204
TInwbIpDQC+kNNZ9vG9AXlKjW4IYiQ0rL1lFW8sejJ8=,6,31,female,9,20051028
FWiD35bO9uacDEuZq/LuHrgBWRaD9Hjlwp48JbN25oU=,14,33,male,9,20060217
zPYiRd8y6xcMpV/5vBfUMZvlPPkvtdRebo7HVHNMpvc=,5,22,female,9,20060319
tV0su+MKPXgYRGGJK9uAP5ZNTHGpeek+eMfZn98wC5s=,22,34,female,9,20060409
TD3CKoWz9Y3zmyXGWG3P58NC0ixkGbef99/zV4PoIO4=,9,25,female,9,20080415
+tr8TGqmPHExpNUe68dL6iHDft5sBKpu8aNRqvP6Zyc=,4,29,male,9,20080614
smw8hTD7fKkx6YGRcygvfKT2juv8B7k5cs8JWfWR150=,13,31,female,9,20081030
RDb1fVcnDZuH56IqV29oUcHG0zxLl17pLPt7BlAZtng=,22,53,female,9,20081217
BWd/vu+wR/tkee3f++DQbxStwx6vjXcH6udpe4yyeSM=,15,23,male,9,20090114
PPexW3qdDqdDMWdC6dskCQH84uxRhXVwBDEzSZ4BhKc=,15,43,male,9,20090304
cixPlPJBTCEXiDqIiU33Zypz6bvimaqGvJa6XN1w8/4=,6,44,female,4,20161028
oci/rFC6R3/8VSpq1YA2oKTtIFBrGWaEV4aeyXpNiZU=,13,36,male,9,20090428
Z8j5i4y/EXQEb5njyCk4dTOLW3yX6/6XGTcfHV4h+io=,11,29,male,9,20051029
XrKItenUL0chmSLNw3+rMT6CDpY2xy9cU5yJvv8Vh/g=,13,40,female,9,20051130
xl5v8nojA3umJOqN6pG8+P0SP3dYq64HuMXPC6bxUhk=,17,31,female,9,20051216
5hhi37J/hr3t2+/nNxCfGSM18ae7beUrtGqjcUSGpjU=,13,29,female,9,20060310
E32WudpwSrVWeWRETc/DiTiMTmvzdqQjKd+fuF+nwCk=,3,21,female,9,20150401
oScofmuRvLQ8xWsG72uxjTuttl8oTe5kYWJy6W8yssA=,11,27,female,3,20120722
EAf0StpXL2hbzXC8l8eTaJEJizewvSISUHvFxjigiJQ=,1,18,female,4,20170214
7WrggQxjNqlVqK4Rd96IpdwVBP5T40UbZhRtGN7XVPw=,5,19,male,3,20150601
NE+McazX8U4r8gye61lBcRDOZPRd01cGEfUZi7ZBVyw=,13,45,female,9,20150514
X45MldcEmqBX1C5PHA+OgpMCN23zUq4qAx6ia5F8Qs4=,22,35,female,3,20141121
+mXjlXmjBtmwO3omhPpEdVuQuk5r8zB/l0shy04SouE=,4,32,female,3,20141121
2KTS0oxsLAF7qTlulEpBhGUnQs26/tv71gSBIHEIRME=,14,18,male,3,20141205
EJHAwXoVgEe/n/V/vIJFpRujb6CNX+7MP1UMzowrh2k=,13,35,female,3,20120101
L6s+pRSQPhnAGbUp94fnpku2E4CbViyPiLsNkNBryyc=,13,27,male,9,20061001
T1NFQeW2Hxys1cDwlHB4NQo132SVMdZExCSW9Anysa0=,4,40,male,9,20070415
ag741tvW6V+4XpEcQemJZmeh7brT5fcgyqo8CA8YUOw=,12,33,male,9,20070424
kgKyCXGsGZNuP0GDFTZ8GHLhGZjjnh+cBxeaX1sgMgE=,17,23,male,9,20140718
JrtoL4jb8XG7eZv+BKdbVh8Nc9WqLR9mbbIodyxQ+3Y=,22,37,male,9,20120110
1XoMJqweLbA5yS8AWxCyj5uZZ//PfHSoo1xnCNH7t6U=,15,22,female,4,20160509
Uv8E4KjJ1+0H2qhj36n1EwF1H6GSrE8HaVosOY582V0=,14,17,male,7,20151219
bl8gQL2/fYbEeJsQzXIEvwDI36m8Wf95M+Y+Td3Xwps=,4,32,male,9,20111113
pVUiy5shec1l07uovBp9PTg+K5FJvO0+jvl7wF6Vw4k=,6,29,male,7,20111119
pOxns49LVGMyOQrUvt1+afSls6oRVhQLZ5gveE9Y/C4=,12,33,female,3,20121224
6ae05SvwHlOvBqQrH8tCU0wU5NGmomb3oEdv0+tYgE8=,4,32,female,3,20130106
WpKPxxnD2xnD+OPP04eTtKXC/sT1i/w08PT6+LpsXEw=,8,35,male,9,20060228
YxcTmcRRFbGCwvwQYcKvFGq04dAans5Ih02t/s9zK2o=,13,41,female,9,20060303
mDpAMmZEyXacDlJSAPbRXFqoaddL+kidFNRwLEroXFw=,6,41,male,9,20060309
YcNVn6Oh5M2PilzOlqLJtVBmIoKnOcuTHUZdHk+25nM=,12,17,male,9,20161204
3mTVWvJwsHiO71dXgGUyRimWlwsaepJbJgPE7R87CeA=,22,24,female,7,20160916
B7x2AlhT3+48c93e9GFe+nQRH4Ga6r4CYo+OEPm6kqw=,22,26,male,3,20121018
8XP++Y2hJfjKkAApHJnprfwFkdQUgpklMJPzNbCugzo=,9,20,female,3,20150826
Wr5M+lTkRIQSzuKqQAf4bTXRbZoMLEZvPNzThLWp4sI=,15,29,male,3,20151005
5AO5mI5hwJNwZKtl0USvyv1WZ6rS7pjKQ5EhF1P7yR0=,13,27,male,3,20150124
pw4Rqyd65LtZn05Kb5ZCybYIlY2Rv7ulHyGH4LFgk9c=,17,22,female,7,20150215
2Q/Vmq3c08BgAOIEZFhK2hajiMp49SgrBh/zxX2I734=,15,30,female,3,20150215
Rn71dw2scdWqlmupRkKqya+X0lBDMJoFd3MVxBwaLuY=,4,22,female,7,20130325
XV2PKkpt0OSs1MBctUAOWw0+W+m7Xd35rHeyHrCNNWE=,22,20,female,7,20160421
MZUwgS4mOFlOP7RGuChyQfIMiVAVcCyGSIPAQE0QXQ0=,15,27,male,3,20141215
hwijMzUTOIGobFsXWBeF8C1LL38afz6NMpcHY9J826M=,6,44,male,9,20121102
ISFtbUTiwVFbYyUKMAeRWJaJvgqBUFlIOVxq/wNA/4w=,6,25,female,7,20121217
S72AyMrCGAx+YtwOIKHEKevKzLuuWnGv7IXHGJrAA84=,6,25,female,9,20100731
6GjmU4E5L4hxy/sxwtgKF/1wjx47j37YCDyflpc+EAY=,22,33,male,7,20101015
BuuU/U+OwEIpTux74hn//6vAzPffgQePS/0QrAs5K44=,14,20,male,9,20101206
K82aheI6GuZKXiuDDQ4uo5KHS2Pk+wqGIaS8S4eM1t8=,5,30,female,7,20160716
89xxziSMxUq/5jjaQUg/6LBw48E9dDzKP5loM0WJP1o=,13,28,female,9,20090418
HhDtvv3X+Sc8uTNabW9Vp7keZbMuM1z6S0zYDpTm4Z4=,5,21,female,9,20090605
on0rabRRyg+FcgiJkOYaHfPIYRJGJJL8nNH+J35IOS8=,18,23,male,9,20060803
acLkpaybP5UVYR2mUuMJoFF9leR4RlTDXAzV121ZDYw=,1,18,female,4,20160301
bR/XL+wlIzearXKmMREB1HL/fCnzSuBe9BU9kGkrtLc=,1,15,male,4,20160514
c10yb2aAjSgvgBciUtwyqW0Fr3qv6a+gQhl9449dor4=,5,25,male,7,20160521
w1RO879QCghG31UlA6okZJ0ylxO/fgWLvHczgTdRU58=,12,36,male,9,20040331
Dqa6RJkx+aSx5/6Cb4jtw4qYMze7EoveXR4XhAKTABU=,15,38,female,9,20041025
gsscCYpTpyPzb48LWMU8VR92XJqPInGUhnJ8R1CdiNI=,22,24,male,9,20041203
2qSEZrFearIMEChs6YLOX87hMLEamLceK2CLxzcGU6U=,22,28,female,4,20151216
MWZZbzClfXQ1q6BtpyhrNjhZqv5laP5Mbm7cCSGzd3k=,14,39,female,9,20151218
dcN7IKTqQQCIqoMoMkE5PeX0/+jo24rXnUmwJiMXka8=,8,28,male,7,20151224
+quzjU9bF2FA35Aw6x5bW0lz/LAV0tvIqU7XdsYWBu0=,14,26,female,3,20120505
J2j1tZhtTSwOkzCasaEQ3E19HQ8GAX2af073MllQODM=,6,24,male,4,20151103
ZWMCfuluhZi6RtN4z6YCq1aIPT1jd/Sdd4TzUEHtwQI=,14,40,male,7,20170105
NUKU67dKgcTZR3+WUpyN8QJoGbVS9zsVk+xlf3nXHvI=,1,23,male,4,20160622
xG1tQgcQKOTxiT9HTkTnDrhimuSkI3nG7ROU1NsN5i8=,22,28,male,3,20130318
FTSRXOh0/qExhwoW0/5U5U/T1OME2JJjhG4RC0lDNKk=,5,38,male,3,20130328
AGySsz5ztKTUdRvZq4ypLCWI8l5CpEZIQWJ+OCHSf8c=,13,19,female,9,20111016
aWABHEZ2R2IA7lZV/yKnERnareuZIYGj3aoAY1Q9kZM=,22,26,male,9,20060505
fJEjR5qRaQCccwnZ3dvjvQAlVzzss6/ykER9CAUNRtw=,5,26,female,9,20060705
SvIVE/uDUxu8Fn6GjWlUJsPtXe0rGdLqNl15RTnNhc8=,13,23,female,3,20150731
HIEt+rwT9PJb738wfIj0A90fuLb2rbl87Gd3VO9/pNY=,5,37,female,7,20110315
dT1XvpqvdQxgBoxVIxwTM4487orqQ3FNekDNAdPazeM=,9,37,male,9,20110901
JoESlxHCpi+QXaCOK59I50EnU1dAYnL8penNrDWe294=,6,33,female,3,20140424
U+iZnOzoV66UqzR6DBBYLd1dges5SfalIgdWZ0Kwnmk=,6,29,female,3,20150803
wCskPZ6cW1MAUzsZSPtzY5zlqaF4gR0ON5cFC+hURPU=,13,27,female,7,20110427
roAgm91YPi6RQMqBOpQOOrkZddN3PC2/1qCpwT4Qhsg=,14,30,male,9,20110528
ggtccnG6JCRQ6k3027Juz5Y2QEf5+2T2MaVJwS5A3gk=,15,25,female,7,20150205
gvFC2QqxZCoVg3P2UypqXawVUjzfBYr4C31HQtWgpkk=,9,14,female,7,20160916
vlck9/fyEwU8XdoO9VfTBScNrTvMUfZNoA1CGJn9GXw=,15,21,male,3,20130214
l1ILhvm/TP8dSNkrW4ixo3PtziNEnumSwAV+IMs/CFs=,13,41,male,3,20130314
JjKHuRoNo/kayY86xukYSbEtynFJBXHDB4YVRkRrtXQ=,13,33,female,9,20110213
oeDjMsot9qhm9P2bqJOSvGeuDAecq4E4vyvkz1aDqbI=,5,50,male,7,20110214
eg605SVhNAPV8M1YMQD1rb/nkU2wIVuJIoHaubKjTEg=,13,36,male,9,20120220
3faQpRDTGKLH4dIa85G6XSw/zR8k4O2Lk630u04uy/I=,4,34,female,3,20120226
l98KcCQnjaKs86v5beg+iSMKyA9qNdpib4D1I90SjEg=,13,21,female,9,20160713
gLedoUihCzoEDKQW0BITbXAB1iBKz3T2qAQvm5Lwf6Q=,18,36,female,9,20110830
EbMGwVE8VOJ6U0hHMrhK7E84iRD1yFU1EMxnTMKaeiU=,15,31,male,9,20111203
zTcexBh1LsPaEGlDz7lXOltdYd2FIpnO9+lVkRBD/Uk=,9,24,male,9,20060402
dGEhfwidzilJl46XALE2Jf1e/OJymdqKNmtpBj9xGq8=,9,24,male,7,20160109
TGtheJi6jzk3JcDo/77uP4lMLHzn/W2m33FKAR3x22A=,22,41,female,7,20160111
VLP0OSgrq9Pu2ULBmt8ajd1TZ/w6MAblRy2c+cgtsmc=,13,27,female,9,20080910
uVIQVTQvPZwOMb9XXVqxTQ+pmNqvv8KUs2MzzkBoUJw=,5,35,female,9,20080913
bM0VsjS1AZBNvGPF2GkcDZNQOMn7TicA3cKKMCMXHxM=,4,38,female,9,20130217
EHziHrcKzj2W4FxGNGDyfGNnhyh9JWRZApdX4QJkark=,5,20,female,7,20130218
lKXtrN9EE/b4FM8NyVWo5xnNGxRbm9rklwAM/WtUk5E=,14,35,female,9,20111018
smQeUS9iEUtNRcYFbC84+vetCAP/wswJQ6iPOBcL7iY=,13,27,male,9,20141113
k7c8IDfPPnJolhi8b/qrVW6jB4+33ThIPTLpyI9R3dE=,22,37,female,4,20160403
jnDUTOmToTozeBPVuuBSs0zVKGtB+FUIuRw5p25KeT0=,14,22,male,3,20120225
GX4rAg/tXdAnGNP8QZIaVCqMC0fxCkEYqv6eDQ8V6AY=,15,54,female,9,20111121
KWp9Yi9QINg83lcoWg4yBCH8pVoa8ajhwZKMRtz3RIY=,4,20,male,3,20130127
blqtQAqjO0CMZkvB+ZRpVE8VkSsi3LoT+SXb/M5olKM=,13,28,male,7,20120102
/EmSGKMIP10EkLdPUdH2fbFg5ffkAurFMZUQVExwZIg=,14,26,female,3,20130331
iMBj2t0nAl6RzmnLLfkyYqk+7rWYFO5zBzr32WrfWZ4=,15,37,female,9,20130424
ad5HNzdfDcHsjYEBa/fQ6SQ2+Rrm/tXLXaBsc3KdM2c=,15,43,female,9,20150529
GW6OouH849UnNfj8L9SQ+gvC6fvd3rdNxnCV5pdbauI=,14,36,female,9,20050214
H+Ol0EBlMmx5B17EhORwkK09jx23tYJFv9zrf2h/Hn8=,15,35,female,4,20160911
15ZQIOTbwcg2MCPOxig21WZEzFRTx/Q3hZfaNfD6eyw=,13,19,female,9,20140316
fNsX/3oBIiZ/q2iE4h1PjCSi5BOznvD/cmaQdwoXb+o=,4,27,female,3,20140324
jAlpTaqmsl42xAQHyR2tF08/1rPbKkHDv+1Fvj0VuAg=,9,24,male,3,20120126
V4Dlk6Zv10kVx/gUayD83Y9xPEHt6rZNhoTlcoXzapo=,9,32,female,9,20070210
jSSfHpgXbCzua6yFzTKUToKFEC38BJjJ0VN2VOj8dAk=,15,44,male,7,20110128
I8QbvcB5iZZzfHKc7WDDM2LWv7a0uv0crR3f7CkV5qg=,14,24,female,7,20110223
as+2k/nNm78wJVX9KkSg83EybbASxFVgn/ptNJywoSg=,14,19,male,7,20150324
OCdxaNaM2ZRBKTOzILO9dqO87TRCaRcfzX2LhC9weY8=,13,43,female,3,20150326
i/hkB76eTF9pViXKPTR9rqEvEkQH6OxtThsidjaBmNE=,14,23,male,9,20080306
elRbeBGPoCGpqDW5x/9+y/8oTqgQ7QzCBKhdYzslbxQ=,9,28,male,9,20080331
pVSslMoFdXSxYCCSa02TDAA/b78qbgU5FfJ0n8CdUEQ=,13,23,male,7,20110901
k6f0wJK2QJ/2XRVHx1UyDa/F+tUKElYrjvZoM0kW1fI=,5,27,male,7,20150822
mNn5tOO0NZQxOzaiuJ7oHVr6bUjF2YJNFywgfDVOct0=,5,32,female,3,20150923
tF5t8kpJIDB/MtYLpiIEa5vJXXzga/RCYRLo0s1DJSk=,22,23,male,7,20151011
4XJ638jolTVwiaMkfeu9CTAxr899STrFWrxmbVVqCw8=,5,40,female,7,20161219
thu2y6M9TULTCsvWkK5+AVBdpkfuMbK/dG1d8c08kcc=,5,24,male,9,20090607
rSlL4I4nzRq01wSlw3n6Ib3dUdaCLULiNCISLXSRBlY=,5,29,female,9,20090711
9/zJ3t8tMgTXWHKR3pMQxIS7M0e3lpY/Fc0iFoF7a8Q=,22,33,male,9,20090719
tc4p6WUMhDlMM+B0ulV+4iqrlEBU4QDz7b/W92weGoU=,18,30,male,9,20090912
PSYHME54L5k0KIqJSMlwEZdMOIzjt5RQei3fh7mkfFI=,4,17,male,9,20120901
Nh/Wq29r1yAoDfaWj+P6z4KLuDOpchRSRsXvVNDignk=,14,25,female,9,20070601
IWOkaEjmwrIHGIR2a8GwMSyUaZuJBxHupBV+3BTxkWo=,22,31,male,3,20120312
8dJR9LW109eMp3g2F4caIsWxyKL6C9N+MaUrlgiROkI=,6,29,female,9,20160425
rbaAPEbFy/OmfA2RDJid5B4j9TzBj72+4FWb4zx2hpo=,13,36,male,9,20100804
CHzgqeDNVdlG5Yz7ymLwlPf0ci72+y4AvmJI8FgpdpY=,5,35,male,7,20101005
ulbqUvEc9P1pBsFjGFXD0/UUbsWbccsGBSgLCYoTuJ8=,22,27,female,3,20141228
1pcmvMdgzjqQiu5b/NR5mm4cSSfk261y7a7fRALXnj8=,9,36,female,9,20150125
Y+OEDBrDDFITyUfBfgZBt0UTm5wyM9pEx6t1xNYNwKo=,6,29,male,9,20090516
TuwdhlPR3crFn1huUlDEQcBWBK/ZbyDX8BXSr5sly2o=,1,18,male,3,20160722
foP1R+vlUmNLN7oOa78fpwOyVJVPwOfNT49zodRTiZo=,22,42,male,7,20120213
T7Nc52oQ0mZ5Yzo9/KJ68Tp2OtlDDLqjrE0SiNQlk9o=,13,35,male,3,20120512
fpRAo6iocxFi6Z1OdIPudKQ4pqMI3l9Dt+L7PvtwXP8=,22,34,male,9,20051014
wKsAiJMz8qEP4UUvOBKMr48tL22gwdeC1qRTpRHUpBw=,5,47,female,9,20051027
O6ttYETOrLPyDFEst7qlO6WxKsTRwY5H46GpCUCVk8k=,13,33,female,9,20060117
QKuENEldA8Rpax9RnGHtZlZ5vROPQTNzO2sYyQwQpZw=,14,27,female,9,20060303
Th6/9bSThpcfdLDQSmhe+QpjXxioC/K/oQYjGjrb5So=,6,32,female,9,20110424
9JtZvAtzh8dRI6/Emly5i/vZH5TBwnDrYOXjswh+HoQ=,1,30,female,7,20110523
x20CcduvXZsa3ySS7bTtvMRILuOieNSgrv+LkDZiDAQ=,13,29,female,9,20101214
8niR+ghiy0BG8hxkr7UDxPvP13qiXF1GPSAvsdAMU0U=,13,22,male,9,20060715
xfQmyou6xsu97tQQtqk52irUBVHgw7vC3XdiOSAZj40=,22,32,male,9,20070330
OxymLr7yvCI8Z+F0jtC/4z9hobhvBjnthbVV8nox/mY=,22,25,female,3,20150808
QJSnPq+5sG0K936sPkX/V+zYg6laKkOUYWeYaYDEUXo=,4,17,female,7,20130726
K6SdcGZv0kwUTJ8HuDUGMM7UkNnnrbwOkdqnd2ZNX08=,15,23,female,3,20140319
7Xq0OLunrgHw49wIu3IBD0S7qn9E0rSvpOfY0apkXqI=,22,22,female,7,20150104
CL+pdYli40TUtxWx7312N2fNUqH7MfEqPBG1bH3aR2M=,15,40,female,4,20151026
6VJrsbFjgGUwOy2pSpnkbFDTv8r3z2HMjFmMcUW3pPo=,4,31,male,3,20130712
OzHjKqFR/zfTwXD54G/uS5QI0o7A7WxHTm53q674NP4=,5,24,female,7,20160612
kXxqqm+SxiiVG83BKphqAtEi2LHUyZuIgTuW6BQRAro=,15,32,male,9,20130115
vDYK40N48+WTo1WSGPG+aDOkF6DYT7rs28k7UidEfOg=,15,22,male,3,20150523
vfXwMSmL4umPWNjy6UPfw+lWI7Ob38FGdrmVKx47jk0=,13,39,male,7,20120212
v1yys+HOQXkTBD+nBvyRccwF3O811V0fjo4/jBgjazM=,6,29,female,9,20070723
7jC3XanyLT0rUqtq8xWYfWUk/733itGZ5WLCOyXP+TM=,15,61,female,9,20071008
Fl0wNgJpG6cQTRFnYQvLbp8FcO+yK/LWKUgb+Hs/GVg=,13,30,male,9,20071024
sgm61bMLUK3/fyYQlOTlEorNrFJZZMSh2tAEzs/2Vnk=,17,29,male,7,20110130
VXB6erl6E4v2JSJyvsTbFUWtGsfGv4SdZIVi4ntH7C8=,5,34,male,9,20110214
9MTvxCKgzWz6AwpjuiDTebalNDNvDzzvkHWEKbR9SJs=,15,23,female,9,20110306
DnM6DxjX3KNlDuVZ7CLD6r+o0XRMBtrqdC0Nd5lFP5Q=,6,26,male,4,20161109
tTmGbTf4Fe4QTE4AFZRHbhzEONO72gskAOEPds4IXNk=,21,31,female,9,20120924
62DFwS+fitDnqF2Hk1VvnVguCyL52RpNLT1OnCbkaHo=,5,29,male,4,20170217
S5gIym36bYkX7NXRv7a2uY3OiVdUYw3IpGSVRaEgHm4=,13,40,male,3,20141109
Ppl2yoi0OyB9arAA4kS26+2ike14aIPPNyifATQ5lAc=,13,30,male,9,20070121
p3nKFF5b+l5qek4izk00fgGV7uFjyuKG1KQnYX1+Ofk=,5,25,female,9,20070916
w22mnXLP5NUjN1X0QgelfeeYEIl4qEsvlbt2riYRJZA=,9,25,female,9,20071031
Km4Uz3wVVwbvL+Y6TIf1Sntg49SRNnt7LyZ2OTjcws0=,13,35,female,9,20121013
DayR99M53BSzcxcP1z6o5unFrfKGZH+ZDfJH8aghEC8=,13,15,female,4,20161015
DOyXq0IZmpVNZfNiJI8xQAp0CgvqjQTEzSm+K2BxBiA=,11,23,female,3,20121222
RWinPY1b4Hdd/AC84snHjBO/XzAuKB3C3VzdbiLABLQ=,14,26,male,9,20090515
FYD66+2vypOrKAx3OKxQdNCUtVMbJXKURSvMFyBqOJc=,22,25,male,9,20090627
iWJK2o9jBCkrRvm12dKdKRpGDe0wnZtwsZb848aszPs=,8,36,female,9,20050408
02UKVxHNiEe2qsQ23reLHSyP/eOblpMy+iSZpi23Jrc=,15,47,female,9,20060312
zve/ScI/7/GkAKRX7g0SK9ukguaAgutkV0fGlkbVK+A=,22,28,female,9,20060525
uOwz8rSwopYvTR70MHoP5nUUUuT5BbHg8UMEMSgC1QI=,22,18,male,4,20170218
4B335uy3pssub9/KFF+UMPkLjACcu2hD+Wof2jxZCqE=,10,40,female,9,20051025
QoDPlT3v8jtzZvffzegs9EOB9ER2sDu1Aah/GhLNzeI=,15,30,female,9,20111101
YTDFyg73MUvHoDauOVTY73xT3UCnBjEyf759j8imBnQ=,11,28,female,4,20160707
oSR/rwoKFQvD1RBaCKJnJPY/rr1Mf/GkAt3qDvPf+/I=,22,28,male,9,20080229
2PU7chgizVoDKdZfhtUvEE2+xNIkJwsklbdBkw8PISY=,21,25,male,9,20080320
3Yp6njnKfQxzqcLM9CDB01GLawkHHi9wZcYmsgz0MBU=,22,24,female,4,20151122
MIsNhQfv2GBUyiieX8e+Qr/SfxbUVqew95iDLSow9zo=,4,32,male,4,20161002
ExBfAbEm6u0XO798X0PrnXdeJ1mgGedJPJbQwV3mv7k=,5,17,female,3,20150811
iKtxWySqPveSnpV0ZqGiMVXKLKOW9+/gt2gN9q3sR9U=,15,50,male,9,20090922
GGvyY2v3dzGESYXpz/OJtz7jW1oQvbZdxsxeeU7+X0o=,18,35,male,9,20100125
7NEgiPf8G54XHjeNhUaKD/jxCf9bM7AuWppdHxivSK0=,5,33,female,9,20150416
mCVQFcq8b3OdhVFx8u8fOpPYn+uDMNb1SJ+RtNIikBk=,1,20,male,3,20160617
QxX4a2cIngy4crhDqcRJDgShveqI/J6pEVH7eesh9lI=,5,25,female,9,20120617
tYvVny2E57p5Q0w8vzErlJmGKWw0LndmcYhSEnOq4Oo=,13,33,male,3,20120721
pNkyN1wzus0Fgr33qLl/kau+VRkoCvMd/jGslAcpMRQ=,5,26,male,3,20120811
4Jd37DIPI5uyANOXiE3i4j8Giq92Lch6uZfcuf8Y3VE=,9,52,female,7,20120907
Om3AiN1JsLkmSpZN7iXvQSqSJIiFb2W0XQAQM9wueys=,18,24,female,3,20120829
eCAqG0Q2kAuWVaIZA+t61DxEFUP7jf1i5viogcYrJ78=,4,46,female,9,20070522
djfEa1FjMwQ2p8E8WKg9WdIj+7pB5BIwO3wagR5H5AA=,5,35,female,4,20160905
3XFr7kyu20aZEBGLJAkyICKUejS4FNbXugvxRzG2wuM=,22,17,male,4,20161115
JHR/JRjfs2b9rjzgpswCCbH95G0lu9EQqXgMs3eMSn4=,1,21,female,4,20161122
Js/tPMsvq3DKxObVCzGixD/0YMpZ0q9A0RvEmMskwtU=,13,37,male,9,20080603
ob4h3yzA1Uo0PAwIRYx5kqSIvFIn9/2lQJal/H+OXYo=,6,30,female,9,20080819
Q60NqDWySCD2ii4NuMan6mvAZXxQDXVuWDGf2OIL9I8=,6,23,male,9,20110730
kLo1gk2WMzoxzboy6upfe48nJ52q/ZKLrj2d474auhw=,22,25,female,3,20130127
Cd99tJv150TtlrJr2GsJRv5hrFHRfNhowZNoJrfRogM=,5,14,male,3,20130412
nYQGQvLqgQDqQbL4Z16P/tiQFPSZcDXtYVCBhYTg2Ts=,5,24,male,3,20130418
A5J3ob0+jskKuClsHoBWIOLdNHr4dvostT6PE8M0yoI=,12,27,female,7,20130426
o3YWe42NZ/VhUuQ0p4KZ0iNKdNTyf7ReH0+6WSgAhhY=,4,21,female,7,20160817
+aKwc2QIqADu07y87I0IFEyC423l/+LGDSZyo+fkFv0=,5,34,male,9,20041019
6UAkKkb9woWtn/p1ebcM7gYjz1yXYKQxlIFuGuSpy9E=,4,25,male,3,20150604
285UWc1OfAqkExctgjxYB75VakUa25SVENwh9R5b5IA=,4,20,female,9,20140707
osQbt5wwV1QYWcXrwq4wJDCdqusHxmFbfn6ndCkcrdc=,5,31,female,3,20170118
TjbkYtAxRuhrTkU1kDK65ER3yPwTYBINdx6RNQakmio=,5,57,female,7,20170126
Kq6HAS9kZ7ykh7HSEN4J/c7q+T1rnufqDQsUW13qnoA=,13,22,male,9,20150616
CmPDT76i+XhWG18bfmcNBXVk43uqvgY1TtabkUBg+s4=,22,23,female,9,20150703
rD9Vc7EJ7yE5ObazGiQzmLMob/I0DPaAbkV8bwh3+38=,4,49,female,9,20070305
y4VHc2TIYLlXVOcSqHn1fGtUyPH/MUXest/ql4aUuSA=,5,41,male,9,20070325
reV8FdmJqqXpLGU3iaiQxA5R6PxRHSndkxMmTHCxAT0=,22,24,male,3,20161130
gWcSe0cbdncQt0sI2Jz2U8Xvp6GnthREK06SrIqXD+w=,4,21,female,3,20140904
Mb+7FC+IhcUF3JqAeMYA7C7lnrQfpiN/rCvCKVJN+TU=,15,28,female,3,20140923
7GoIEiFIFnvZ9GxCc3WEGFe3dDOGRk2THm6KtAIHf7Q=,17,20,female,7,20160607
3CYx041+bVoG+zzdAd9AkrKuYkkQE0nmMctjCWRU/eQ=,8,42,male,9,20040917
7dg+ROL+9TAZhEhKxPXX6XON9g3EF8p+r7Dr2qxX8Wc=,21,45,male,9,20050608
POzVApcyL0DK/kSjWHQzne87hOpGZEd7fH617A5a4LY=,9,31,male,9,20120102
gjS93DpTX5FUCNpuy2XpPfacOwDzsn53hnjY9dyjgqA=,14,24,male,3,20121230
L4I4HAErgJf9DDdEkFByhp7hjBIodEPwwcCt0iy8mMk=,13,51,male,9,20130102
ch3iUHgGDLCOXeMDkte4fwbZvlXict8TUyhJiUExoW0=,22,36,female,7,20100910
AMB2Nmu4tJFjHX2cQT4Au7y4MDfBUOARghfZasiF7bs=,5,18,male,3,20140825
+2j8yjYvJtnku7+wlc7IlhtHIAn5XQBZnAeBK4RhT10=,15,47,female,9,20081127
NSLTpFUmCJQcRBungJiqoxUMxNGqyYufkSBiLvWArTk=,4,29,female,9,20081202
UffTGGHMUfjbRTkuEHa1EMO9MP8ORkaiW1ecMz1m4N4=,14,59,male,9,20050810
7XXoZHEr0FbsEYNtWslMGJrgyyiyqFfEmwPEluW22p4=,4,36,female,3,20121207
b7LKn5puat/mah+0PjpdPqPfAlOwZaHfcmlLUKgI1CU=,15,17,male,3,20130106
yAe7X2xIkWdJC5NubVJvUljQaOB1cItjEdmc0P8EMxA=,6,29,male,7,20151024
DsgJsj5Bn0r9yL1xA4jeY4IhUHbBOk+cRbz9bpgw5wE=,13,41,female,7,20151104
YWVCwnS/QUUQ0u0zuxTHEnUOybjumWmUYSmP02pJCEs=,15,28,male,7,20160628
Emnyez0XOiVr3U8sETOwRm5C3XhWiE8gq0lLWxZWJ6s=,13,51,female,3,20120227
Cs1Qet7EG5KokULXdVgZwkf49G/z8VsVEHuIFYNz6hw=,18,28,male,3,20141103
BdLPada32tiSwg76ih6O8O1DBOhZzZ1huW22kVAhqoc=,12,40,female,9,20060523
IE03aOFxPf45zH8wnE39EkHSNHSLvqK3FCjB18Rxi0g=,13,33,male,9,20110222
ulLKvMWQMYyJcXFYM6OPS0HSL+OudjHq/xewtWpCjAI=,6,22,female,9,20150918
7MqiEI7pQCqVXrTMwcAcJY18EamXTd/JCgM+P4moWJk=,8,33,male,9,20150922
8NkTTatsLKH6J+MZKKQ2/S7BZb8YifQzDzLD1C8hNmU=,22,25,male,4,20151012
vGZy+kLezkCoFw5Dp7wuk0HNcI7+eT8GLqLJCNPMs0g=,4,40,male,9,20111117
BkLuZj+9qo4wovYn11Ezhb46OW3i8Vwlb78k/5qGSc4=,17,31,female,7,20111209
YuGSj0Cj9eVOrq4TfWn1OdggKFeu46PueA9X8x27wWY=,13,28,male,7,20141208
ITHLosLMNJ64Cd2RGddSqTXcpTJ8EeAODmPoWvT4JuQ=,22,29,male,7,20110111
BK5SnMmlUjslIA0IZlzxpUyBYlV7tFzDwt8prn2T8lY=,13,27,male,9,20120730
0k0/KgpOADKY3lDG+9me2JNlYVaJ2OgvOhVf5rMqo44=,15,19,female,3,20150208
iBVhgYy9HctCHywzME9FODK4XgKt3C/pIIm1w0WHECs=,4,46,male,9,20090522
RJjV0V5STj7d3LHsLI6/kRnTecuSqeiJffx3Gz0NOu8=,7,25,male,9,20090601
7eK3eN9y35NyJnDZ0hBe5Diunk3V1K0fpSmr5UdtYBw=,13,27,male,9,20090708
fMjYcfzRE/B4wlSY2YPNdg5hry8XdRkZG3QxnZnh8pY=,13,23,male,9,20120706
V/ankvQ/upTFjl4PpYljykc10lVbZOPoeqA5LYnon2A=,5,16,female,7,20120721
UU0fc/7InHKpN72FjoenrO99Z0EjlnB3a7f81/m/p0I=,11,28,female,4,20160213
dGCZ8XavbUgRXT1OJb4B8V20ZXpMZMozC1eqCLYY/9M=,14,41,female,7,20110225
CY052DsWckQ2TCTHrpFl9jL+YQhQyTFLrJckkDh9ulw=,17,28,female,7,20110316
qgLDT6TdG50bPvqhvS1db1scIagtZZlIkO8rVxiH/Q8=,13,32,female,7,20110603
xOE9ZGKXU6SgZQEEZv8N5dp6ZWxOqngrNrWPdjBO/xM=,5,18,female,3,20150225
tkVJ/r/eKjzXumFu7Qv59Xfmwu2hrz/IttMEOgb132k=,11,22,male,4,20161202
qVn1z6ObFHxxquaXjONOJvzFZ7H+flqRo+zhZh9j56Y=,5,24,female,7,20140207
4Y92IPIs9n4jGjI6g0R/IWVxX4Sl6O5cdxfZNNI8kCk=,17,23,female,9,20060422
36dOtNtfmhIzB7aCUB3DiCjWdkwHQmp3NjLwvZQzVKw=,8,33,male,9,20060519
RQyq3drSCe72uka/HK0bySH16LsJRnqZ79UvUhc8uAY=,13,29,female,9,20120110
9FC58yy/HutD0drFPGyeqsN19UXHK6M+PgXbirt4krE=,1,27,female,3,20141215
vZtrbNFasR2bgVJOOKqcamn4BuCW5zgXOOxXeVN+0WM=,5,19,female,3,20150511
RMyDTDmM2vXEWyZ1yBfAiS8q6qrus7rnjjXbK2P6igw=,13,23,female,3,20130406
9uaHjDPJNuHk/oEqeq2I/AbsQtKCwrpw2nYJySs0j5Y=,5,44,male,3,20130416
j2aXQviZbgdjuhAVPc5jDZwJuzgmSl24GmqxA6TUij8=,14,34,male,9,20061110
8ZqtXpm/AXM47ZjG8xyAB+6ybIkvcPVmpNMrNvbsThE=,13,24,female,3,20141218
RGNvc8r0mFRNOWl5xNFfL5fD1VzHGbin/nnDHIhM+7k=,13,33,male,7,20110125
OrOzpjNNded0vqdDyNuy9UbjH00xnk+Q+fe0L9cs2dM=,18,36,male,9,20061230
nNH3/SwkYph4fDgKwrbMAju/koSuUWTNql8yqrobfqM=,14,26,male,9,20060318
e04Qk5Yqts6Hqvq8YvP4L03D0j11Mc3/ZK/KpuZJWzw=,14,22,male,4,20161127
s/hBqJe3BMbCjvvx5QDc/1uiFA65rcpGUIyTRKupGdk=,5,24,female,9,20120408
LX/sojMUSV5d28v8JycpxCqbfsC9xTrXx+u/KDlk4ss=,11,30,female,9,20120522
3d8tCjn4K/tpdxXQNj3lMW+JJN+B/bR8Z5TBpcxlnuw=,4,32,female,9,20040328
qVlxL0e10M/pCVcPkJp8g2m/ofl2mHiktKzyejpzw5Q=,4,28,male,9,20050614
QQK3zzL+DoDOiK6odls/dW7W6QNrDJVEX/BkbxPHCKQ=,8,35,female,7,20120112
usDRziO3KyEb5YKb8P3K53xpQ7mmTfFCbRjoo9oPPK0=,13,26,female,9,20150116
W1IfjW8sZmVUqgVlTVRy8xGJ4G+eHI41W14S5YrQyXU=,5,47,male,9,20140328
SQDJNbcvHdz2p9GzAKMpenS7q6VLJsSuHbyTybMRg/0=,5,26,female,7,20111230
35dP02/pjssgM4PbRx5dt54BTvZw7r7DDR2rveMly1k=,6,28,female,9,20110101
gc4QAGbATczq+5DY/Dy6UxOYflHmWPGrJXZm5PRZhY8=,13,29,male,3,20160820
QoHcrY2+vbDCEC0pM9WU4Mqdc29hE+4M5Rrl+bGUxkA=,5,21,female,9,20161212
S6WDXtaUYmdfuKBuq8ADmB2bQACBNH0bDeXiNRghXN8=,13,26,female,9,20110912
TLVSHgsmnGccMaRRCgbD6KjUwvajwGN69NrngLmPL34=,13,27,male,4,20160328
1z9491KAqVOw/3I1MzR8zsIsiN7RGUfs1fv0UPVXCpg=,5,24,male,9,20110826
3+HpeC8bKHqE2yroWEiCbaP02q1HcBnpQHtXpHtwaLg=,13,24,male,9,20140503
wdI+D45b20KHrqFwxEcc0M8ZvbYND/1JWFicxJ1Gq1o=,5,33,female,9,20120718
DbEVZPZYeeQL7FCRJ8uVf4c32mgWbH9IgIu9eGL1S38=,13,29,female,3,20120722
VN0b0PZll73P6hNYhnMV3j9qkjEIQFlBIqyk28dDE7A=,5,60,female,9,20120831
gjB4Wnl1x/b7A40PwRklzOCnV+vPIO9fvIbbiNWhUv8=,15,25,male,7,20160613
rsx3zO5xjUvWu+8wvK39VcFYy4HXKL85hzg9cVSfuM8=,15,29,male,9,20040329
22qtFzvxcKib2CfX1CCeQegFJWPBtmvMZ78UYAHae2k=,22,43,female,7,20140423
nEEWsW5Lmn4n6fEe+934Yx+VwjN29lZ72mlvEIkJS+Y=,13,21,female,9,20150711
DyQUBezJY+kl18ixAAz71Ki+3XDTA28c1ko1d5K+FrU=,14,23,female,7,20161105
h6k2ItoPNLf8kdr+ehNFydyMBuVTjIlP+zUqCrtsdtY=,9,24,male,9,20080206
J22pZFuZvxBY2PoLhTbOiizqHJfZngcKMVkMUG0cnpw=,4,32,male,9,20150420
gr56oqqOHn1/6qBjlKUjlyc8YWobYwAbtHJCYuCvM2A=,6,42,male,9,20090508
f3a6WaHm9agZb/aKkXUTf8Psdm8dY1gnRLPY6T+IT5w=,13,26,male,9,20101130
KKYqxHJXHWAJHvQ0QbovQtswmO93tiVSVDnnMqAGG4s=,13,26,male,9,20060429
3ohqvYBUvyW5YNeU0gAg1xAAlJdqW40nMdCahK8nroo=,13,34,male,3,20140927
moz7vszXWv4NR9kmTLI4cciWOyRMhLgVvVeXQQf5uu8=,15,24,male,3,20141013
7GMnEHEOK64o53e5gvQUru2n/kzNSAcjKbehfkuBRAs=,9,17,female,3,20150805
qcwZoy7ZrfTSndmC16R/MUWVaryASCLQgMhH4aucFcw=,5,19,female,9,20150111
PJ86ddcxO8+0JXHSn3llEWFX2bO7vP9+I7x0N9j/Rzo=,10,29,male,7,20121223
luWngxFSLq8pTLZmB2NFxZO+7/Gz044dFqV7m9EJjY0=,5,24,male,9,20070701
+D/fXFDScmr2lUUuCx/CC7lCcIghM43I/w6gA/hVypY=,22,31,female,9,20071014
wSTgt0KJYM/3WPuVYQxi7fHvaKml/BtjW1+kKh31OCU=,5,32,female,4,20160819
+RbI/Gc7bBvjPIER4Pe/3HIe8PE54VyzdFYZK7RmhlY=,5,17,male,4,20160903
ZMiXQxwJ66pQyTYYaKkxI86GBH1tLxeibj+Klxi/ZcI=,13,29,female,7,20161201
p8NPNDVHxUNST9llasEgGRggLcG5QrsTjLDaAnL/W0w=,8,42,female,9,20051027
IKsFmhgKSBhEY3iBnAFi8OQCfOwhBWkTYq6gF2zgdVw=,3,32,male,9,20051114
zceiyDuUEvXCUjy5iaDLmViBEH2kql0gLNzVb8ezHNg=,13,29,male,9,20060227
2pXTpfMqYr5up8yJhSNrYgrLtS5ppNQq51Pyte1D5dA=,13,30,female,3,20160402
A59kQUiUrPNB5S19hh6h2k0bmI0o1G9x1sxrgCmixDI=,12,46,male,9,20090720
4HC6ACgFb7YVPhLu4PkDoaYyK0AovcAl6kszVCnLhqs=,8,30,male,9,20050828
mwj25kgGevLsmgeC5dWrwWaYCMR9n9Zo2ljMjTXMy40=,15,35,male,9,20050920
/JC9gNM4Ghwma8l89jcC01xPjFG2dPiNiAOYWUKGFsQ=,13,26,female,9,20060618
kFaC12f7YCySB64WdKBwmZGKhtrEpHO+Jb7aXJvbiOA=,13,29,male,9,20060929
G/vwn0bVMWZEWJAMomSCOgByANq/UO1orIXFf/SCcG4=,13,22,female,9,20160525
RIiB7k7CI4yruCWUlzWOGpAQ1REUZ4lfCjr3RtSG81Y=,1,19,male,3,20161125
4fTin8dmmSus4roiSp4xgYinjnpO+gNreI/UbTdi2vQ=,17,23,male,7,20150315
aYzNFTVb922pZJHoMuc5L0hCbB87jT0EkALxGnzdrPQ=,20,18,male,3,20150405
UVAZ+F0yYZszwm1BYi65Z4LbX6LJe327aP5q0WpDeQk=,13,29,female,9,20070707
7cS8ZhurJrGjtuuhCq9ST4WyX3rvm4T4vPrlO/yVU3Y=,5,36,female,7,20170216
L3G0of5Au4on90suSLqXo4/G8qcg/XPeZLEnJ192yaA=,15,39,male,7,20150815
a91bQDkqCHqANzb1syqzrFHvc9SGTb3Gl2sizQd345k=,4,32,male,9,20040828
JPrwGPxP0fvfaEcwzp8odQqSVp4Jnl0Z00k2oaBy4Xs=,5,38,female,9,20051019
PbP6M29BPceaAv1bxPUclEeV5XxZAlY/gEdhw8q7YLM=,10,48,male,9,20051110
ng+WZFWA+eF/b0tSWoQkwj5HCJWxnE/eY3SFmS0yKXI=,5,39,female,9,20060516
cA0eVjQnHgHi1YJ98KSqSYGKas38tJ5a5BtSTmlp//E=,11,34,male,9,20060527
gIwqqQNcolB/T2ya6u1emDCNDU0K+gE+w/GPziyXuYk=,5,29,female,3,20160906
9aiqU19ZrQs+B5SCXj45D3dCBnr3Vvih3unxtprUkCI=,13,36,male,4,20160522
63OIZ4QCpl/xXl8NjfIGGfTkJo1aDvoSRoY4JOBm/4Q=,14,37,female,7,20110109
FIJfxNuO4tyg9j26Fc7YcDxauUlXg1Jfcyim0TK5uTM=,22,38,female,7,20110302
4yXsaXFmTqi4WPzl7L5OZLmY4ymazoQSO3KZ4s6i8mE=,6,33,male,7,20110329
HzqhpfA0a5xl2u0jCpEfHlGCL9kJX/Vz2vlbc2j/sA4=,21,19,female,9,20161225
yWRNlPFzx2BxRI0ewmULAeSj2sCoNNdSTC2m5O10KII=,4,24,female,9,20160911
AmUCJCj6pe2AuefUSuLLhRhGHTMLAbeHVNC7XdT7EjM=,13,16,female,4,20161009
nAf+ETA/I+WqAz1PXYcYJzPQ+kf4sB0MIFBWzPZioEo=,6,26,male,3,20141003
d+dJTNKIqHWusOaJI1u8mMz+OYiLEunRgFgLLP2UL0s=,15,18,male,4,20160530
qn7sv20/8nQHW53Ul2GNKeNVp4THkvbLCWzXScomUso=,8,30,female,7,20160718
2yjPAVFpyJIvMzPC/W4sOlGj4m0bfVkfuOLKq2TwcCU=,8,17,female,4,20160731
d6XMPMDEwmUWWrmOAqD4964MX+7qvnqNDapduEu4Y30=,11,22,female,9,20160801
oChMWtJWKm4IawVWbi3LidpEay2D1tj7csu5Hjo0CJE=,13,22,male,3,20130122
Vs11OP2fPsTGpNN3byE3N5IDTTDnWvxkrVxqvLNLW3w=,6,19,male,3,20130209
qxQe2gLbbW9nR0fmZw0LocSe3LEjYtuIQf1AqfW8cvE=,5,40,female,7,20130214
eK+kYBFB3KoOZbPe49C+s0y+Lmdu/fsBtDEGosRir6E=,13,27,female,9,20110529
LmtIHrgS4DiYBfqJAJHWGO3GtZdaZdiuI5SmaQPnsQU=,8,37,male,9,20110607
KL09skp0DF8xEDRNpSN/IyJ9emQ1sRPHLZZY7m167hM=,18,21,female,7,20121224
NLyXAJC0e5ixfGTTMAI0DwcIfF+cPLcNHBOztwi60aE=,18,21,female,9,20101002
MItLFQpFTLFmBMJhcOm+B0/5auTXGS1I66daZ2luPps=,6,25,male,7,20151219
eTT7RGc1b/4nNrKQFyxpBZbiVvRk70HfrWOlr9J6zBI=,15,29,female,9,20080512
XfEriVkY//tcQrv1x+V6cygxdc2CQRocjg+gK8aghFo=,13,23,male,3,20120817
65J7TTPQhT1qxh/u/fnuoOlP5+lGc011q0Td/5BuwDo=,5,24,female,3,20120830
W1bGZGahW2yUoXClNo7x3u3plkRkeWcMeb8uq0u72aA=,21,19,female,9,20161106
b4I3H72xqJYcPPPZBRymzZoZLX6gCairfeC3WYtu2Z4=,8,21,male,4,20161120
W5JJNWa+ZlS8GLNDWkQDF9yMHsChMWn4d0don+EDQgQ=,1,41,female,3,20161205
UsqcG3ikCyaUWqitVHsfCXt72KTis7vX96Qkf9JtEi4=,22,21,male,9,20161206
T1I18myHtbXPEHjdPJcR1u+3KNcrmHn2JI3fAqZbuNE=,6,19,male,7,20161219
XF3gvmGRQS+ziLikGk+8GDjloaop6PawIT84wWxs+3w=,5,21,female,3,20161226
4QuW+kRHO27rD3gRl1l/r1jtvypXlm4+UlCHq9IE1ks=,1,31,male,7,20140705
IZLnPOS0/mQHBKBMooyJthrNOxmpL3bF+J962LxLSVg=,5,34,male,9,20070429
umgGhsbo9h6W5FknbrnLSzRsOSEXjS59GylBat30N3Y=,13,43,female,9,20150827
M7l1dFHJ1u9S+/0GNy9ko5Aphso5VbICOYnlBZUUGgA=,13,23,female,9,20150920
M4mHvmpF624NkhsTyAvCKT/sd2yYgI/ktEDHAW+9Ak4=,15,28,male,3,20151004
S1g43flBbJdlvBNxa52rPKnyjwCz2KujyLlxVf9E55A=,15,22,male,9,20140327
2odpNwDzR+j4nsp1DKy+xp3V6IQVznVFuYjRr6mdt0Q=,14,48,female,7,20140406
rxx1dL9ezwYyBrqSPvdOgKGd+gm2Vkm6g3qsG4o6DGE=,9,18,female,7,20131128
DtUGI08nl0SVovUDyvF2OyYsV5MV33YxoXoFqiS9Q0M=,1,19,male,3,20141004
bSudDxXgIgh/A0tWv4uvpiNE1r/+VjGgK4CiEpySBlg=,15,41,female,9,20160717
DL1txU7O5BmKapdKs15vYbpTtNnHtSybdybr7HDrz20=,4,21,male,3,20150528
71whuKGhfJuULft/tYfkL1zf7Hk7jD91elKVuFfODA8=,15,20,female,3,20120703
qDBTJx3kP7svK4Slqo51FezpbWbD4H0MN2VleBzJfIg=,5,29,female,9,20110518
aSDK2jwrWpmd4j23rkW7RKL3wi0Fe7FiKvet+jxUdDI=,13,24,female,9,20090423
5L+QmidGicZI8/2tM19ZujqVq07EEYMHSHfTNtIV3fs=,13,35,female,9,20090814
KRNOC9jtCjH2thKDvSM5ExA9fTkYv1g0k7cLLeuBI3U=,14,31,male,9,20090822
g+c//PnXt6T6bhPdPc5NsXt+4DjaxAzxL2tdsii9HH8=,5,38,male,9,20100425
25X/YW2wi0k9k13b/0Scgn3o5xZeXr/+4y9y0Fr3TuU=,15,30,male,9,20100623
7fgzL3ut3GTbvCOze+rw6OG1j/adEO22N5mvIxpzf0g=,5,19,male,4,20161012
5KabhyfWnb5fpoKTNQ3I7a2pcFuIuV9vx0wtNNkdUbE=,14,24,male,3,20121111
/lejcJJBcAhj6n8scwtfYZyj/x5MHPPXaBrgA4mQCBY=,15,22,female,3,20121129
+pYGk3g8uLaAGUF/kUvcswbwoShA+UBSP8AVimLZE7c=,5,18,female,3,20121215
lxO04ZTEX065p2MMBya2mjngwmqWkx9jxv6SEnTTQNA=,13,22,male,7,20120412
EvTPT+XV/5j6sMWHAB9pea0yeHeYmZ/0Ky6qqFsvwPU=,22,27,male,3,20120630
r2EwaJQuP9kr9A5LZ+hVcfCI2AlN6Gs28nynDzpcVNM=,13,25,male,9,20151206
sYKHV6RELPmV7q+iMx5B7SFFotLGPMtBUyOhXSlBmRM=,9,20,male,3,20120927
HOwlqn80WzOcKjU5Zwl3RitamRtMCCOJugN52NjeRIw=,12,18,male,7,20121109
gTG1AdgIQp/2xZdXmPC49LJqlslHvCYZr4UlDmcK9bI=,22,24,male,3,20121125
6u8XFzFGxiBwI80y75xoA1tML8I6Q2/4ptr8OF/xWXY=,13,29,male,9,20051104
wIq4TpmuwyqE3iP2tRemEZZStyN72uvJ25fEtJ4Rp7s=,22,28,female,9,20070506
iL9IqFrJESJ+zj3mACHOe8oJ7do/vRkMVJiu16rp+1s=,10,25,male,9,20090113
xPuNFm5y6Tf35/BsX7pscoKbB+lUW8UyLft5YCcg0Gs=,5,27,female,9,20090302
rqD675MScsqJaTHESdH9blAfehgsVDk25LVN70V111A=,15,38,female,9,20040328
iYC7ttlO8wHFgnLqe4nxzRCTMX9sopXl5iQOlAUiyQc=,15,28,male,7,20141210
PqfvEDPfFMpH5T6FsJVTr6I5UPX43h07dl/PLeFGiXk=,13,27,female,4,20151008
2QKKYdTtxrL+2C0qrbGoVZt9qV8mUSLHGVDnuJ/G/S4=,14,24,female,9,20111201
hdIKDnvVC6iKAZl/X0phUHVyUvbNpvuhgnpqo2s3kYU=,11,26,male,9,20160130
OwW9PPiKrv9Q9G+jnV7t26M7lUnU4i/l+zWt0J/jf4o=,11,20,male,4,20160117
ptw6vBRZF9DmaNq9pB9QXHu3kvHnPAot0rHt4Xoa1fc=,22,33,male,9,20041123
qfG/cBJAsFKiX1ZcVk/ChvCaw+wAMZ8SAYsLUrjf1UU=,22,25,female,3,20120315
zwbXcjVdzP6zKPjYumUhzJpnJqLJwMr8GdLmGIIYTO8=,21,27,female,9,20120329
vd7CVKPQvIvWUuBDzKiiLaEbz18fqezvhMv5fSjkFb8=,13,19,female,3,20120630
/LifPv31v1vu4h/BJQwwgOMkQ2TCLFZqMnfbLzsFLLs=,13,29,male,9,20131116
i9mO30w4Oj4mxlWMz9aFzD4zQlijqFRoUxTeBNscn9w=,15,18,male,4,20151023
fWlk/kG8rvAUtuCKZ0LNjed+kgrBDw806fp5wMBwU/s=,15,39,male,9,20130705
t1YaCjq4er+zUZgyGDLGWslEvdUeE3KK5nmFsiiQyhY=,10,23,female,3,20150820
wjVhESDDDneIHwl4iu+7uQ+gHJIYoJr4baKhwbBByPg=,5,36,female,9,20061025
GzfOduTbx+qgZ7kkqkfZgFH+4w8bEYHMcY0jlSx6hqk=,5,56,male,9,20161123
pOyu28ceOUrIdlXNVOsiMJr4jgf32XDQikvZQajYteI=,15,17,female,4,20151029
7HeieB/CW0AQeX3d23zRnuP1Cz35cGkXaF49zi4LZ7Y=,11,20,male,9,20160222
j988qKycb16T+lJWZfn5aUvAt/VftaoI+yh9JbVZzQQ=,22,17,male,4,20160303
OTmsBmKKRaEoHz13ZwXmrDCJb+kZ18Kn0BPrYZp+yZ0=,15,34,female,9,20070913
x3VVzKEvQ7yWVXxwKi0GyT5NhneBc8oPQJbK3MqQt2s=,4,28,female,9,20071004
o4ac2TCF7c/o5IMs98QklG/1eOkMs5Pp6Ghjryc7VqU=,13,45,female,9,20071127
K8AfH6cmvzVadC33nJTdGpWLJvvN2/nUqPQwd/JHn5M=,13,34,female,9,20071207
phsXWGr337mZrn5pJ+O9nY/LVm6ZUqJ1zT+XxoUcqnY=,15,23,male,3,20130719
THc/9h7kZlbjpU6OtrvB+Zk8uEd/K1V52szfA5jSroY=,1,23,female,3,20160129
ZO4XR6fcSlO+htrSqzr1KPMtgPZMjSoBPXtRNHn2UNg=,14,28,female,9,20120726
lF7UNmlADstEm3Hor2sDm9PQju+v2TOlC2yEUs2kEV0=,6,33,male,9,20070317
2vlp/fr/3Jy6REm5xVx3sC74X2DtFxsAg0erxxcR9Pc=,5,22,male,7,20140203
twlSZJhSHDX0Naaz5ZtSIB3iHy2LnHGSdnuyXgo+ZsU=,13,35,male,9,20080316
xIDVOlWzNXqtdN17L8trpIVYY756ubdJWHZ4QhekAl4=,11,25,male,9,20080801
0HGdBVifWbT4iLiqzaGQlwC3TiK9eTdol7Jd0ZGbcuk=,5,30,male,9,20081003
wnlmaZhMs+a48dZNcDzQGBHGAz0XN2V7jHTdX4FvtUE=,13,31,female,9,20120628
9yfa2tu0//FftppUisGynOxLkVhuBI7+6s9GTiA2ASw=,22,26,female,9,20150111
hLfqCNBLZk6zdLiORsuQJG6gE4hvXBS9YH89az7FxPw=,11,24,male,9,20110703
ayyD5DupefOON1SwgNd44Or3lOF6y96+zED4nxNrGGI=,4,23,female,9,20150805
N+VOwdwWknROvxvCryO4ruJWtuDVFkA6qxn/s32A08o=,13,31,female,9,20061115
O09IF/UyoNmHfK0arC0XUtj5Ao6TJo9oYIlECQAlwzE=,22,22,male,9,20060724
h1ribMuzdz97UJ5WnnoS7hfML6rNINm+c9f3U4eDUZc=,12,37,female,9,20070102
KZ48BjRMKkGbJlr0yQB6KlXlbmMtUnwDdAVObo0QWqY=,4,32,female,9,20070603
96GjY9ZjOqBDYVlksgjgX3jzWWBWranDCzF2MMAZxMw=,4,32,female,3,20120516
1MWrlRfk8kzN0Jb5KULRX05d2WkzCL3huHVvw7/RKJo=,10,25,female,9,20120707
9+PncTNluiHKe0gRDJTVkqovdPIVRdEy5YIlz4SlOnE=,5,22,male,7,20120806
Ul0yuS5wXUlv7S+NvwN/pN2c4y5FewTVyyfjqShxkOM=,4,48,female,7,20150225
dwMEyfScuTEHWsJIOKGThYBhO40VB7ERzSP72/dsYBU=,14,47,male,7,20120207
DL+B8stiGhf71e36kWAl5QQIt+rJHDDvyIG9UU50D/E=,5,23,female,3,20120213
xp1Xa0ohnWEDgPT5dfOv/noXxAZLyTqxsvOmdT1khn4=,15,24,male,9,20120401
eKHK9a9K3tJRXrr2VFZp3P8OxjpnzOm6BHpN4NnVY58=,5,18,female,7,20160322
d+/ikPOKfH/rxQD4vxGDALojqvVypkbJCN1RCDcUKok=,13,20,male,3,20160328
76lE2lMrK4/nwDfidgc3caQYegC0UtamlCWsq7+7+rs=,22,24,male,9,20150316
mkpTV1wNmjxTftqFNfoKzWzPk4FmEdcLUxos+VIHM2Q=,4,29,female,9,20110131
djg6+8nHWpZMyKiMBwlb0x8ARQLUZ7XQulmnmZ1YAwI=,22,25,female,9,20110625
tg/B24ixf4Y7bw8D8279DIQFmLpNz+SvTBiDXARAS38=,13,37,female,9,20100214
SLHvaDzbYFhGzhO9u7vwy/hi77EZGh0UCuO9OkZIq5Q=,13,27,male,3,20120710
/pMYdiPDh8WZFT3chQzqCPgLAjUuP5s2XeKOp6wsIxs=,11,41,female,9,20111105
WO5smNII059Db/w9H7yV3bv+BvmhE2UKGCS+QOtcvE8=,13,38,male,9,20111222
7GODfHMvM3hrpA/CM8TfwMKB3KCa+iD4lTFKskeO1Rg=,6,36,female,9,20110828
a6BkRK3dckK0HROuI2f5yZOBO/8Ni2DsaCZdp+/DPBo=,13,21,male,9,20111002
sXZmE/s+cd+kVEECpaQoQbuiBVjEv+xcNjQ7s2Oy9Js=,13,23,female,7,20150828
ShuPXkxKavWwz5JxO3WQOYV/fY/g416SDbws1fPhfiI=,18,29,male,3,20121219
sqCYa1aX12rpO2pvzJTxqcVvY/J7Q7L+LdNScrabX3I=,13,32,female,7,20110409
RrQxxCtzj/iaIGVXotpPvJSxucvfAPLSYpiiTbkw7Go=,13,56,male,9,20081110
6lEbnVGXiHOJOTyJ86QRX1G0VRBs7Bw29zve4ljBQ1E=,22,33,male,7,20111129
FIXZTZClDf5GiM+3F1KYWWJpy6eBKtEk6knaRP2Ul2M=,11,24,female,3,20121230
OltdAEaObdMB+JNMl3NBuH0Thmg/4jA5cGXxL8Csodw=,5,23,male,3,20130103
zHtyRv+AWqJ45vRlhAR5nz/gd9oKuF33Rsg35TL7O38=,5,25,male,9,20051015
zpj1gyB5nCu8SBYIzviLoLjpXrZM2R1SiMb+rHdc/Qc=,22,31,male,9,20060401
PdFtTlAjPwLYYLOM1ftead+zZMuUObRkM7wcSVqHYrQ=,5,45,female,9,20080325
+t3PAW8i1nH7dtq0imiVKSc1q5Ft54GbNY//42fAiAc=,9,20,female,9,20080511
rqXEfU9zRTlUxq8iptD9WA0TWkTx4pSq2Zz2ej00abk=,15,25,male,9,20081007
NPSSqryiA41+u9PxmllIcH0wuR/c4pUOTMBRFHlzgzI=,21,25,female,9,20060606
vRFy08izVj/3+R5rf+zTXCJWUPgT8flB27ytOTS0fZk=,4,29,female,9,20061015
8TvFW6UQFKhLKt7hL7WxNlC3lGp4Zc1oCGJe+EsTpfY=,22,43,female,9,20070304
//dgmV2cL062cGgEsPa8DZw4wCE9exCK5K8r2pBIPd4=,22,20,male,7,20161203
lwnJ+X+vuhuYGjvaL2ksQBBLTz/9yDGmcF12RWYFOis=,6,21,male,7,20161223
BzMbdP5H7kG9CtqkAYYhcSJfLLOdKkHfvB+EzhAeXAo=,1,28,male,3,20150708
bLc1WEwqi/bM/92WLbuqFgXpGkHmDcCKNsTHnGaGRB0=,5,52,female,4,20160601
YmUKMcbKcMXzeR+wZzvIfVYBPV3vZZ0Gbnm+yCPkFTQ=,15,33,female,9,20110311
OFqg6dD8Gf9F7JpeLAGlS+InnQYYSWt/I2zzTEO6x3E=,13,26,male,9,20110128
Ko2C/KQ1+E0aAFP1l715ms3+gNBwtKytANDJ/M0L6X0=,11,28,male,9,20120823
wlo0V8kULWcLgIO/m8stzdkHo4sUihohEIn4yEsmjgs=,15,20,male,4,20160320
+v01ipIHmDytYNZXlzDQPKnW6nbSvP8WQHq4hulRCzA=,5,26,female,3,20150224
jDbTF3DsgCc00IQnkZltwsSi/Ih+r2LOOAIXa06k/+I=,13,21,female,3,20150821
PPPk9jDZlvPr3y0FASOGkNh5Nejv0I7K5uNizZDcSF4=,15,18,female,3,20130308
yT21je0JB7UqsmnMSDaSmC7XRAgLlOCHPcWcrha4r28=,13,28,female,7,20130427
T8g7ERDTSjU7DAmlq78rCGZihQQrL4SrbTeVQOhlTj8=,14,33,female,7,20161223
aPaNR2l2eLlp2xZEV1FJ/3PlSClOG5e1ODnMb5YVNsY=,13,28,female,9,20081124
AWfawr0gfgcq9XdWiFldfjev+TyfjSh86JGKfA/r0Xk=,5,22,female,3,20161105
8bxLZw7PuoBhiy91JEyTH1QZy/Tx1gmtky0D4OlH3WM=,13,20,female,9,20150907
rfoAoOOUyGbZKg61LRTksBYfVEAYIA6RjDiGhIs/oEo=,13,37,female,3,20150909
EizO3Ir6MrJOZNx6va2Ef1uKyAGCib6EN1AGzr7ECCg=,4,21,female,3,20150929
Cg1O3+f/N2/etGYBG7ifjSMFefInyM/H/OMtD2QpNok=,6,23,female,9,20120129
V7JWP3fPP0rNWtnGzJ3rHnXWEyyF0GmqVEuL0Q3HPVY=,13,26,male,3,20120413
nzeOrZzvJMHGTh3+vhJz7sTPasAoumnerNS7KqsBYbE=,13,23,female,9,20050408
bmeqNtTyhBjj6dO7VBu2Rg/0eeV5JQEuY1R0safoXDU=,15,38,male,7,20111223
X8pQoA7bN7HKR+ylVaYdIHva8AKlMiZIC0MlHOnaH/A=,4,19,female,4,20161119
JORZZXP3UAVjPbOD4tBBirt000ToIqdaOt5BWc/h+Yc=,4,21,male,9,20140830
j0dA7SInrbcccIfynvQut6d1RmjCPjXz3hzbK4t/tc0=,6,35,male,9,20160608
Dti6WokDbYtpLXCuEGQrjjVWeXWASdLAZv3AMlBYJXw=,6,25,male,9,20060920
/bjXNJ1Qm9K0e8i9rehcXo5+AnqwSIdSenmv9t4h1pQ=,13,45,male,9,20061015
ifSAA1D+7huOU2afp62VyTfCPx+6+bCQSYHShmgVVp4=,5,50,female,9,20070126
LeWaRrQSk6ODzxPAFd46418qukpBHRl8VmRgo00GsCA=,5,26,female,9,20070602
0lU6za14KJnj/uKSHPTLBZiZmgLjbzyrA2VpbS6fD60=,5,26,female,9,20130306
GDE0jowfukVr/WNuBIXnKLUnJ0kv6m7mahnSoeLi7WU=,5,26,female,9,20110714
MO+7S4vf1J6ZUlFWm8MEo9dazfAGC87+qKbMSQLAs80=,5,24,female,3,20160817
/EanEvioH47vbBTGjNnMz1iNdSXeUkYn6yi7Y5vBQ10=,13,67,female,9,20100212
hcy5fnE2kMEcBC0xdQp+5OKX8EfJ6h8yRWtyK1YL9QM=,5,19,male,9,20100828
KU6Lzsgp+4W61536YLR1tKP8x2vvG4RupLcX/ymcGig=,21,26,male,4,20160625
Ov8xyYNJZuXJHebeUuvYR3EtURLC/aqatDaFPsbej+A=,22,33,male,9,20110827
mRHlT/Cp/6LfYkQ7oUuFQdU2zr2wnpwNh2V49EX7Zvo=,4,22,female,3,20141028
/8iv7bUNWEg1o7CgRSVBhBCAV5SaPWjZJHRBG3Iyh44=,4,29,male,7,20120221
4OHb6rnqgUN9x0txXgWR/4RIf17NCw8bz6c8vCuqdNk=,13,22,female,9,20120228
ZIY2Iw9f+XrJKS+G+hhTaCM+Vsa4sav1qGolnRUFcgM=,5,22,male,9,20120324
iUFtuvrp3//V/1+IlN91xx7WNb0Me38bCVzPG1ia9p8=,14,21,male,3,20120520
B4lvB8NC13LvQYF7PXBm6JkyTcQKN4FLJYHyq4wzMNw=,5,25,male,9,20120617
Z3HAVee5ssn2eJpF+i62PVkUdOwFQ1y+6U6DF/sQS6U=,13,44,female,3,20120628
vUkyp/ulO2xXOfu53x9dJa3bw/eoqya7PRCOIv3O4ho=,13,30,female,9,20041203
QnotkVypqOgn9ZLcvDB+xhUXexT/c4cQcyVJZPWUlZM=,15,36,female,9,20051104
H5pXb5oT28nXpvHgniQ7LSLQufa/xnsdZfz7O61JD0E=,1,20,male,3,20140916
Bed/hCvgWX6bgYhm4j9AlV9QQGaBtnOxGw0eLLBgAno=,13,33,female,9,20041106
cX1a+j1NMvd1u+TDXuH8FqBsOrZ4aw9YKNAGjSfRP4c=,15,25,male,9,20160927
+hg/rYWEx6UYnoojumVmNZT7uMcOhhHJ9mnR8INhBhk=,22,49,female,9,20070610
qDT5ON5PsZfcFSd8XjyVUCFdR6PWZBxYAP8PMrEws2E=,6,46,male,9,20070714
2inEpu2tDR2Vi/bOgcY8LatgzP3upMwcU7nTGNI1d0M=,13,39,female,3,20120207
YiYLSpmf5YjU0VN4AX7mb53a0vZxUMP8s3I23/zctl0=,12,34,female,9,20050916
tDB+fDgWGEt2Y9DY5l9+zGvkl04fKmVNh+RptBemDik=,5,33,female,9,20060108
i2excfNqdEVdwHVYyNS+zmRKwB0+Pj+qkJg1O6Rb0KQ=,15,26,female,9,20060115
hv5cX3iJJJ68sqhksUOmlztVDss1UAq3fOzIkOTxtng=,6,34,female,3,20150620
ejR3VevYISWCCs6ImEn8LMdL/CNsaMX9nZKmNeZwHfA=,4,31,male,7,20160204
U+POnP54CxsrX62I0Snm8Dldt9nrqVWhe0/gl/PiVp4=,13,41,female,4,20161013
QPbi47JZO9oVKAY3JKtNZdKORg2lgVBHi9/S+Dspu7Y=,5,35,male,4,20160426
x0q1gyY9EvW3/JriBA3BuhJI6gfRjf4l1b2J/0Le8s8=,22,20,male,9,20140224
RcpModTQzoZWGr7iqbJnzwluG33kOXZONz2D8M0uvIc=,13,29,male,9,20050316
Bs1Z/cZwaZQZyMhlteNdRPr3oYNgBXPGAzwBuQCkeXg=,22,36,male,9,20050518
lx/3D2s8dRC+mu4KpERpDhaxBKtA2yWjEVm0KEPt/TA=,13,24,female,9,20111025
J02RlqZSTUJ7LaMhqpqBICcMbYAZWC8HW0kV3b9EJ64=,13,28,male,9,20111104
h/5PwGYZXEzI8xUwUaiu2ky+5E7y4mNSJN3dhvlZFXM=,5,53,male,9,20150501
mfl5uBkTcCE8VxlDtoQr91YAF5DIjDGXTQK8q4+agyI=,13,32,female,7,20120426
MPxi7XWzed0m4FXQJIMdM+yqlSBTt+obUwbfGeefai0=,13,30,male,3,20120625
7rBwguvDbmx0rqEFUYL8GVPr8TpyIWr6DeL82NuRn3E=,11,28,female,3,20120728
Q11mtEN+kW7EPqfwUYdvRgM1mdLIpeGH5g96uuFZb9M=,11,28,female,9,20120901
ZdI8kYH22+59ztxWAmrs4oLyc5yztbvO6JK9beMmCgE=,15,25,female,7,20170225
kOBVxWLCuCRAqJZFcNd9K4E/9M5rMdqJZnoTbG0rBic=,5,41,male,9,20040401
6iOKAO4aZlyuVWIYMn6jwTzxkkPoVLp6gSetoa/DXvk=,13,21,female,7,20141204
Vs0KUvEDVx0MD6kAZ5kOWWfjmsbEqDRmZXNTri0hM1A=,8,22,male,9,20141208
ah4t4nl8bENLs+3+OWo0uoBOGJgRvQfSzvZs21Xemzs=,13,32,male,9,20070613
pbZdbfzV2Zv679O9Rl9hmSYa2Wm16Yn+Fns3PcXmdnI=,5,44,female,9,20090824
FHMcqN5MAlpiIZrQh2xuI+JBkNvBbjbBqn0iU5yO92k=,4,24,male,9,20091206
UyE526BkD0eBCk4g3H1YVnCarcf6e30oTcSQjagLndw=,22,29,male,9,20091227
UVsy0xsEPU2tLy8JFyQkIKEtcSwLF03CBc+mfgnsYeQ=,13,53,female,9,20120205
tpjzp37INs+miahmDfkhf4wAak9szvdkXpd6wBoOzFg=,5,33,male,7,20120208
kok+HaAaW7XI6a+IxOyHVwn1Ad/q4/VZsX2tYMvt4kM=,6,33,male,3,20120219
IT30BjA3dMz8BoDqIStphfDoDtNVHpDi47A5WJ8M1+8=,6,21,male,7,20150219
AkBw5+NFiTkCpLP7OLLXoDBgvfPp0znWHCDizl5bzFo=,3,45,male,3,20150407
nuKKAOfPRLctqYik2uZsVMuA89rr6PW2Ngs1WNqQqao=,17,29,male,7,20110430
1W2Do7OR7d/R791wINNK07whG0/Ssd6toTtMRSS06hY=,4,16,female,9,20140203
CpQrwg7Ao9/A5kBpajttkjWaYH67Fxxl8/lXDp8DJ7o=,22,27,female,7,20140220
Jq8eFjSCcKpF2/i0mqNiktnxOl8TvFXXy2uPmHP48Kc=,6,28,female,7,20140222
oWYThqLp4HNe3RfRiGo0b1TRVLxwU9g0FDtTJviBQmA=,17,32,female,9,20060115
Got305uBBIqzAF4/WBfRHGVOqfu1ejHIqGU5fRCHwo0=,4,24,male,3,20150302
yH6B0ZIFRk5B/crakgKQSBaEbRoCVEbKqvGfNfPlV6w=,13,30,male,9,20050508
+bRNnM88nUblXxuhqikDUzr1fDFzuNOX2MtX5rX4WyA=,4,46,male,9,20051230
gTboNMQnLCd44FRDZ6oqtNzBER/j4tu8oinYZIpT+6k=,13,35,male,9,20060102
k+fWspv8We63dr8yj+SYHihE36lqAcGVLAfgozopW4o=,5,35,female,7,20110418
nHjC+5/WU+zSarspXYnnkSMjXxkrwgFGygf6UkXBywI=,1,15,male,4,20160228
0PPCeTAWGVWXL8u4TjBmQCz5H7bAg3ZLrNgakcDNIkU=,4,26,female,7,20110311
g9pUQe2JGZTrvImYmMAdNDWLxq+fCPp8NDa8+VK0pkw=,15,45,male,9,20110319
9EM8CqVP5r42sK+4ZPhkur3uUqqx9oB/OOrYiyHLSQw=,15,22,male,3,20150509
tNm6GbKtfB5s4/P8GeMYT5FvA8y9eD9Mf+xFX69vQ58=,1,19,male,3,20150514
PCx1ZJJZLpkoEPDpAoju5zQeM7qbmWmh2GBDNKK+lC8=,6,18,female,3,20150318
VbsmpkwRdGa2feuJov/5fjmieWCl8Z/4lCCpk/qV8/M=,6,33,male,7,20160924
gc4CbMGrA5xFLcqCjm+ievJDxcVWkOQwnLLFEP0XnvQ=,5,22,female,7,20161214
UdX2fBSXM/uLbVXNS5vMNioyQ0f5UAvaE9FLs/akuWc=,7,29,female,9,20101217
4StojvvbpRvn/WswM1yDO6PYXX2tOhovj2Yjhc4lo9c=,22,28,female,3,20150826
epkHMzX4yDqL8ROihz8MDUjU5MCpR1EHyE5Uzeobj7k=,5,24,male,7,20111026
jnMznyFXf/2d0FxMpj9Qb2kHWgaQKMLPogYTC4vzlgQ=,13,25,female,9,20090412
6zuAOJnO6jeHjiWBG+sVKp5MPH3SOrh9Lf/VLKNHDIA=,5,48,male,7,20110925
9sOSp/A1FrAorKoSgOfmna6sAdV4Imcpwq7nYOjRxVI=,13,20,male,9,20141130
vivcy30HU+EH5VQQTW+T6nXlTFv7F3iYjciLguDo350=,15,26,female,3,20150101
9SbS88inHaE3daHg3Kk7JnjIhCmPSeErsOLz/yNXvgE=,5,33,female,9,20160524
cogM1b22H0VkRB8r7b3U9wVhbw4IaCkQ0Ce4Xolr+Qk=,8,28,female,3,20120824
NWHdGXFzDnrzm9SwAlyE29yrl9y8GumZ7kj4kA5L7c4=,13,20,male,9,20120902
gHs8Z1Eta6Xe6V6IS06XXtP1Gky+lDhjGXZSF2qvWj4=,22,29,female,9,20140309
XtrAH7+lF2a8ow3eqLkYCx1pQzw1MKRBAiD67Z1/dJs=,5,51,female,3,20140421
m0kxTj03rgXbZvQw0yhHbcFSM1NRyHWkRmYRV8aTwA8=,4,39,male,9,20161114
2Saq29nL+ibeOhz9Yjb6qv0oTLNOCqJPTzWbblqSQy4=,13,36,male,9,20140410
o2LzDB6z436w4/uyidO1eJZP6X6q1JoX3RF5t8PUFVc=,15,49,female,4,20160325
iS9dHab7M8FbRwQTtMN6ag3HK2XX1pwpWLjPYES95oA=,13,17,male,4,20160808
4z1sY/0HYg+uXzMcGu7gQnjFIbKmNaP+r3pnWZLCusM=,13,30,male,9,20040719
tIO4Xxb2TcxDGmU7NHb6oaIaWSV9qlVvWlHUlNejaSs=,11,31,male,9,20040720
7l8ySDp5fNZ4SxDfZ/f25JRP7/isKBhb75jklftq6eo=,6,29,female,9,20050918
YGIKZ3SJ6F3HrdRaIyuWI5v5FSnAM/pOokg0nTMysTE=,8,47,male,9,20111012
pVZKQgg/bvrDG6QZ0+DHuLqFzCZ6HeBHhAv3jFe3J7I=,5,42,female,9,20141031
Gq0Q/bAIK52mAj8sUCjd1Y6nLYHxi1yowbFVHALsb58=,5,24,female,7,20141112
MXXpynKNSo0sQXjX884GEMZRaUfPXt/K9Ec9COnhRTI=,20,21,male,7,20141130
CLK02tSoNCegDbpiR3C9eP4KD5NpwZjOL72RXutno0I=,3,44,male,7,20160116
yTudat3jM5CPJPkKnfKJrTOk2sHv7dkhSGd4tGruqiw=,5,32,male,9,20110508
OKDvfckbc/r4o7VZnAKLWXIsUy0POjh/ltgLFGr4iFQ=,6,36,female,9,20060630
bwaignlKHpjGpaZwlmr/LdN+jz76rvCnkStTTbEqNog=,4,34,male,4,20170211
9HCPGWwleMelUud/ePakRZG0L3ieDGaAehio3xE1uPU=,6,22,male,9,20150803
r0l9T6xb/8XkVrprt/ME//mOLXYvEAMmtgcqYhWB/cc=,5,19,male,3,20150810
3xLj4/3BhNJ3RWcQwVMAeSooqzgVL07E6Ztq33olFvY=,22,25,female,9,20070816
9PqOWU+Ada0WUOdnqXGIivb7OUH16zPJQ6npADh/15Y=,22,34,female,9,20120404
XzmCBaKr9JzDnfV6H7pdG6dTW1ooSREUN8Y0EYXOZaU=,8,35,male,7,20120615
dnul/gyGv8UGsyk/Ul71kiqIwQKaMwV+PQlzCXcDTiQ=,18,31,male,3,20120619
lrFW3KUvb94GXdfGtzBznmTiJD1NhlKlMo6FOy3ydE0=,5,27,male,9,20160410
TVXMDUcTSebDKxY22l+/pS2m1bReuYLrNSrngJBjBEo=,5,25,female,9,20150414
otRnjF1dNDU0CRV8oxGFB7FZefug5OrOLgtI/HtMhao=,12,24,male,9,20140415
UumJFlFAlOB6m8qbpPY4/Wee3DuVNx76MNZlBYT9f5M=,5,20,male,4,20160614
bkXzrmLbQQUGoaTDMk9TNVO63mf9cxr2vQSkNqdMVas=,15,25,male,3,20120902
GOU3rTp8cl8VidrnqIj0PlgjOQXlJ5wKz1YJv9VVnF0=,13,20,male,3,20111214
wB/lSgwQnNvKGJniEswp0o2UPLVz8fYJgS8ozOhAXpc=,5,26,female,3,20111226
AKaG0g5OiTizqt+FcyD2pRJCvK01TFRqV+1i99esEbE=,11,27,female,9,20051025
7jvcnnihxkpPrnjjPjvpUT+1nQ2v1DTmA0+pRYY1WYs=,14,30,female,9,20051025
90aLiYk5KaFalKbY4Sz5PeRAWA2Y60gX1Cttdo7qFxc=,6,21,male,9,20140625
39ym7NLBX65nuZVmv/3saMQ2UOAvya2JwhkF3M6p+Cg=,5,36,female,9,20071216
+yRW5bC79GLsHuViBJBgW9EHw2Ucto+dnTgC4fHewxw=,18,41,female,9,20080219
CBekzYzdKwXnV77gqcii7TE9+DSaKtV3P6iWwSKbtM0=,5,29,male,9,20120917
/F00pM9ExZYceLiGSHlOyNGuZgDcBnRBaF4G2jLv48M=,6,28,male,4,20160616
vBwCeFg9fNh4DxoN5MRWysZZM8HBUq3OqtLEZHEVod4=,22,37,female,9,20111116
GN7FUO263tJe70jKJepDwYEu3FvP57FJnMHz6tmxI+Y=,13,43,female,9,20060822
fKIyKMAFX35jzxH9nb1+Mz/IUfbI4VYPV7tfWkZsYW0=,5,33,male,7,20110423
yAq3wd2deO9Z03t4aYZcJ9Q13j77/91NpHZAkUlzsHA=,13,23,female,9,20101225
n0KPhd5LMDirJ6JARltoGRpTzNW+u/kc9sh+L4kOIYs=,5,48,female,7,20110209
LA1lb6VTIy7O6m/pExibVTBTK+ueJj0/3pEUl8MW7rE=,13,33,male,9,20110218
4EjT6wN/9SLh+pDLmQTBWt/y8Tj6uK27pHjL0ZR1TNc=,13,31,female,9,20070416
PgajkC86hXIyK3f7sLQC+pzDCmkob/b5ByB5N16iz50=,8,24,female,7,20160503
mpnCsnWPJV0iWudtTQifDpgI7vjDdg3bebHeMYDjMX0=,22,31,female,4,20160522
vD8CqgUzAdmnR1tSy0oQq4FuACUiZovT+LYTXOqN3rA=,22,20,female,9,20150305
wltReslwN6KUOHu/nPOQAxUpQmbS23B+KvUn3jl7nRQ=,22,19,male,3,20150209
HFAu0cEWMmK5Knh64Sg3Fq99TY6y6QqYMsNmgCSwfCg=,4,39,female,9,20140320
gi/3GmnPrq9GmqBd/yjA3QCgls7SoLbqlcaJKj3Et6o=,14,20,female,3,20120114
AnsH2hxj3cvxa5UL05tv/N+3XwCumhLDhp4lSV/io8E=,9,36,male,9,20120529
w04ch6q6rAqRLT2SH2MPXN2eiTmUmKu4DgWwSv1fCqQ=,13,39,female,3,20120602
YVsitu1Lgltyif3kdc8pUfg8bcHGCBu3ffltl0uImmo=,15,23,male,3,20120701
ajWHtwEs/ROr8cT7PIsyi1UCcUVmlJbks3X05OC55aQ=,3,26,female,9,20070330
3yOPLa5iYSqrfkSjePAx0hKUFEeiTJ/b6NzVY0C6RPE=,15,24,female,9,20070607
hMZ8YbpEJMcl7D0izHEuD3KFM/CGFE5mR8wmgGdZL8M=,4,23,female,9,20160323
QMaZ6pzrvjMOjAeqy4EL3gz3xrAZMRrpQb/BJFor3Lw=,1,31,female,4,20160722
/QvyxUDILizuoa8ZxPe2hg9OELZ1C4s34D8X9yRXR9k=,13,67,male,7,20120212
TqGJHW3j3uZJH7QM83hVIDWg7s2dbBtZA3mnrFRtcPc=,1,22,male,3,20150822
7UYOUSl7sDGliYyr21cdrxzC3SI9kV8Y72w7wA4gKAA=,8,21,female,9,20090323
cFcs5BAvf3WoTrVh1PzejGUA+JL1kqPgge7hcyplM74=,8,22,male,4,20160629
pFHZ7N8wLI0b6R98belzGxZpJV35f7qY2uMj+x89UHQ=,13,41,female,9,20050120
GFXyTVDiwq8YZvIvdpVrmFtuv8/jusLSzz/Mqllxi9Y=,4,35,male,9,20050916
Flt6qNC7ZEUickF8CFcPJOSDs/9KaDl2dGuWJUg2F88=,22,32,female,9,20051025
Y5RkgUek0IaNYkGst521MvC0Q8FcG8B/aMBOdHkqHrs=,5,23,male,9,20100622
rgyE/j2Opl4uJDZkoAySEMAkTfbIxLkxyAr6hLmTCto=,13,21,male,7,20160706
JCLOBTUevPCpyw1FiX9omnom/xl3tBfb9xtlR2jSPYo=,5,37,female,9,20041119
LBKHL/tUOKuhZMj6cs5HCUPbWmcYRSUBikIEL9UVTH8=,11,33,female,9,20050215
tikutAifBIi/II9Hhuif1omhdZ2tv4uIHfemWPuEIPI=,5,56,male,9,20160806
7uG0utCfsUDMx3BpeMZjEV768hYvKl+nZX72thnXX9Q=,6,24,male,7,20160818
LnhJcu7UKJBJJEHPuO0eI+Hic5DikodnEvjvVQZZsP4=,10,31,female,9,20090328
AAxLKDj++KIocS22mvnT8r3/W8QZ7b6BthqWPKU/Y6Y=,13,31,male,9,20090928
jgUVz3NpT0eoZDsfIl6o33CjhAGgaaV5N4F0DJRDpIg=,6,33,male,3,20141106
EqXN+kaH/YwyZUBVBAPr5sGZ0TM6KUJ0zuy8rNG0KI8=,13,35,female,7,20160304
GOY9EfOkqMH6Rx/DiaHpoHATgWqS8mqXK6p8G0lRCz4=,13,16,female,3,20150309
6B2DMVa2fyiQisXo4U3MeA06JDVFyDU59AoLWWY+o0s=,22,28,female,3,20140204
/YiLgFODrZsXdPDjlEgZbXqyZMuVJj1GEqFV7v1KpQI=,13,30,female,9,20070403
UjIz2lfnvVQ6iXaLxqE54oOlZzz1zHgj7CiVS1InOYM=,15,24,female,9,20070506
aLhuqbjcnl4JB2lsohk92H2xodCTIociYbaGj+yCYeo=,22,27,male,3,20120202
fjOqh2brALTo1QbLgBtiEIeS5bd/27cvd9YvnGVQ/yA=,5,26,female,9,20080409
t/eT+Njq3Vv/xqjzzmFo6YbrX/BrG/I3rjhiZzK36Ik=,21,47,male,9,20080426
YWkQ0XIt4TnKwSzDwBWqpHYiadhbX659WrIvErVZKjw=,9,29,male,7,20141028
Uqe+WKkWJET6eiJKyw2qEuy3pb0tXtw5pMllIl+V/Zk=,13,32,female,9,20150919
JMWh6HTBC01JVAojOnAIDzOgUDD69jmYpGzETmd6NWw=,22,21,male,3,20150326
EsWK/+QxhNhDUTzYXAX+CYTekRT2jWDA1c4Ss61YSc8=,4,18,male,7,20151110
PCMjxoG22Q7fLU4255wEzPA2NbcOcQ4IfhuoJEdkybE=,15,48,female,9,20120130
RhUTB8RQUbwoib/4oJYtCTnoTQpOFoDh7Bk00/cy0AA=,13,23,female,3,20120310
rTxPZqfjhfLw2Vn641Rbl7WbG0qKlbD4oevtRm0PXCI=,22,19,male,4,20161225
H+aCZfVgbPu8m8txsICI+BWoJVEBPTqtR5c3NCfC91U=,5,24,female,9,20060225
HARdrfWNWwGX//rXzMsXauBeESDV6czliyjkVR95BZg=,22,39,female,9,20090425
TQzmOTl/53UB0XajFONvRqSpCPeXvQ1O9EryxuuVZCI=,14,26,male,9,20091220
EC0yt3+onYnN4dt0DmCami2gZMvI/eUr3nLRctbSc7o=,15,27,male,9,20100118
ZMcF0Jxhqb57jyFlxv87lExMRYKeX3RbnsbG/RLwgEQ=,15,24,male,9,20050925
m9+djXSVlRRwopbWwcpcsQo1BnReloyAaPkjw7j58jg=,8,20,female,7,20160924
r8KJw4YhGgysE8xqsSPBs4JjkqZrDhZoAMs8biIVmzA=,1,45,female,7,20160925
KFJRsLt/DVQEEiJk2Bx5OQkKGZSkuReL7R2mNN+JCng=,13,40,female,9,20051204
s/au8mRqWMLBIMpV4W4vKABXtU0ltK5EtVR3O63aaLQ=,5,25,female,9,20111112
kiAXz8nEisc3WL06ri0zGo0r6NZ4MrQL1lCKz27lR4s=,14,19,male,9,20111112
hCBXjMI4F/ZdPf4/+GE3skEnYrUQwqWPNNnDNDZ7c2k=,5,29,female,7,20120119
7KTLbyzcdpUXrgv93MtmpouZ2pQA+n908SVOX2633Fo=,22,43,female,9,20120212
F4OuGRFB1K7xAFO+vugO0pYz1sNoNjj+OT/ZXp0u6Gw=,13,31,male,9,20070426
E0NsK70UABai5SsModeSR/24YMUwZAmZlVDmKRUmbMo=,21,33,male,3,20120204
q4BI2bdMOSPGpRBFMFGNdmVTQGSrvyJSB+H7x0xIb4s=,13,34,male,9,20120215
s/z82StVNLRSBFP7KZEPmbyxnL6rxpU+UBJDGhsR9WE=,15,20,male,3,20120305
rPssCdwxSiEshq55F2m0/g2yn18EqAWI7cdGx1cAKvE=,1,14,female,4,20170117
JlLrNlXfg3MghX2ljokFBaTIiDh/RssWEr7TV/0T3Fc=,15,30,male,9,20120218
I8kdnsZXzfYAa5P3+My5rHtvb+xzM0xy7M600m5dwmw=,1,23,male,7,20161220
Bo73YkyJE/RtnJvaJLn5y7F60D4TnNVUqxaHNcS3uvw=,10,32,male,7,20170126
e+DKVE4h+cxf4iAh61h3YWVJMFvBg+RT9CIqNmVPE8Y=,4,22,female,3,20170216
C2fRfrHNlyVGzg61hyvuntIAbIvHRYuCjcce0Tua+w0=,5,47,female,7,20120224
ys73MucQ11P8GimpQjS1JE2x9x6IZ8K8KdSC8hN9dig=,5,28,female,3,20120415
7cKJOjMPqbEPi3hGkz0Vj6MneGOkdEDxSwgdvdiWebA=,8,25,male,3,20120505
TUHpz28LZhtN2aKcwkyro/kbuNw8W3UDbsgGy1XGdkk=,15,25,male,9,20120623
J+pXKQfeQFZeZh6xTt6wMFbrIsYtL1T3Qz4BFnZZm1A=,4,29,male,9,20070623
YFZwZPUT/6xKx78r25QsTfi9rgESjFOhH8aDP9HogSk=,5,31,male,7,20161017
7PrdtlLycEKVi+xCWQhxcNmBOjRkJWm5V3lnUndZSp0=,13,23,female,9,20150405
1DxyosFg9J10bZQAPNiyZP67Yrz3ITWzzsq8IEW+jE4=,4,26,male,9,20110724
LoOVEOasQDznL5jVedsiYN+xTgcgdR74gPegMeAGGjg=,12,24,male,7,20131202
polf+0QE7s+Iy1oSDvjFu0KYWXg2KHnqA/JBZSxP/us=,13,37,female,3,20131228
UYFnTE44DIm7Dbxpu/Rn1U2Ge9GkqglQK3G5whkAioU=,12,34,female,9,20100408
Ly7SGfEXY/+Ee6bgbS638NOrNrcIMxf13HbGl76/3Zc=,22,25,male,9,20100428
pCGsPMYdSxNQpxD+XY3D7NqHx+WiAWDB43x2OCL4fLs=,5,56,female,9,20100805
3A3fpU8kU0vnHhBZotRyye0OnOXaArKAPUTfHZXu4Mc=,5,27,male,9,20140107
JsmAcnKbJ/BpS3qb9GkKe4WPhiS6Da+V9sZxtxOoIUc=,1,26,female,4,20160418
bGhWgS4I+U5GF8cSUCzMuTD3hizwCQZFs8BhJAqrioA=,15,20,female,7,20160811
TdlxToHOHtGjnqzNf/eJOISv3W7jJpkqXepqqmASvKI=,10,22,female,4,20160722
tjFAK686L+XbRASiBww8sEVzieEY5IjdG8hzow0cGhk=,21,20,male,4,20160701
Ex+EQDWH4KOZGo47hcU7/ziNwnh/HvdH13zi2uk1uyM=,15,21,male,9,20110810
XzzJTmvdSZI4lAJTqsyR3g0dXspoG56Eehz+dc+p09E=,10,18,female,3,20150609
UMtQhpLgFoD8uERwpQtp2fcjPiVdalLgv4L+5lgFaBM=,13,25,male,9,20130423
v+d/V2w3xCsuDI1ny1cWCKWUPmva2DeXYj61sZN5NNk=,22,26,male,3,20130518
ldxDL7K9tU7L3k1ZzW6J14+sOXIQg88sMF5dxq2Qnm8=,15,30,male,3,20130621
8tvEGBQ5x0eYuvM2ho8UQkeZ2WoQpojAPu4HMaSJ4Ag=,13,32,female,3,20120623
to6mZcUW7AcWZ1LqevbJQeqJoFsfsOIvE+YsSBQP8bg=,6,25,female,9,20120709
/Z2QOliOwAvrSsfEY4YtpfBuzekD5FLPupe/z+hW3X4=,4,27,male,3,20120729
N5MgoctrAJljidXdhrF/H/fDLtIwjXAMnXTcLu6NuMg=,5,29,female,3,20120803
h1Zdz/pahFdi6md2sbA7laIn7VhqtVGs5RYkp01g9ys=,22,35,male,7,20131002
IEcLP3SV/IbjY4FMIC+gBpMGtbVxyuq11JD9eNDCSD8=,4,33,female,9,20131030
v33ftJ9kLRJNPjWp251YnfcXLzXgXhZ6P+aRvxfGNYI=,13,26,female,9,20131109
czjL5mvgbFIE8UN+DPc//4x8eY6pLp2EGMQSM9RBhp8=,15,20,male,9,20151026
HvaJ0ejnsV6PSUsmfqfv5IpIVYhXng3/nZG66JO3v7I=,13,32,female,7,20110106
u1FJbREfTO9fTQYWNuIOcNTrjHjEIZKO2k8nRNq96s0=,4,28,female,9,20110130
LkJIY3b1XPwkjqYaqsfgDE7QetsZY2Cop6le92lBArk=,4,27,male,9,20090110
lJrkGpp8XYsqrpqTPm2W5AbzmQNf+r6DjkH03bqwSSg=,12,26,female,9,20111105
loAxqPZPKvFj4JslKXx5O+qlLetdWD6R42ewo1YX6uY=,5,42,male,7,20160619
qvHMm6cSQjuExNmDRSEXIV7d0xXmWd/GdlPltKjh6+8=,14,41,male,4,20160623
WduGmB+edu+8xPdzUuQN0MnYt1gp02keGj0cIMP2bD0=,10,29,male,7,20130126
Z4H4fLlk83N7M7xrvQfcgRPkllotRdxw1YZ/SFM5R9I=,13,19,male,4,20160316
zD9YLUoMpJk1EdcDANEfUcOvIpkaFvtienaosHYVG/g=,17,33,female,9,20120511
s1kwrV/VLMFj/Puw0DHxxcveLJg5fBpK6+vDQ627uFM=,13,27,male,7,20151224
1lhmQhHmqJDWqxsICg7HIeWERvGKYxw5Mofn+i6sqmY=,13,28,male,9,20150203
zBrJNrIZfNXMCsAOgiZjBdidWU68wnSEM6MdvAbzBd8=,1,25,male,13,20170106
kX2bLb/UknS/S/M7/D/g6O0kkHqx4YG9WcN7nJwvOkY=,5,39,male,9,20060702
9tXlvV+NMN+kF+hsO/DtJy9wnhYmoo7YxYpdk6ya3no=,6,29,male,9,20080308
3+A6HG73GoIZl4O0nWuncBUvpwawzKCbQGyQynVfTjo=,5,34,female,9,20080509
qdIWenOQzadR+gd8sbnPnzVOBSYE7NbOQgB9Wcs6fxk=,15,27,male,9,20051003
bV7ewverxIWu4/BgXBfngDGWfG8SyqNCgwaAUGUp5xs=,13,34,male,9,20051022
eCvVtmx2ed3oONDBm4RcQ+E2J4TTDbNGR2TpopiTZpk=,15,21,female,7,20170201
7rrqys+DDZKa7PcVQGcAD5Ih5Yvwkb7dcl4DlWk0Vjk=,5,30,male,9,20051219
XxrIOqUnn/9V88MefraoDjzJ524XMNYwAfahH6sdxg0=,3,24,male,7,20170122
tnxGdWDytImO4Fk7GqSXiLVwvPyCl7ZmcAEMpRr14Vg=,5,19,female,7,20160319
rZhISsXno61DBeQnVZ0B8rOIEjKEvlmbvUOGmIO4OFs=,4,24,female,3,20150510
+z9ECWonODGpFuiJO/nfEuxZPocJxPw1974NEZ4JghI=,13,59,male,9,20040413
pHqPfHr1Wm2zm1oi6aINKA56V3NwxzsbI5dC+Ltclkg=,13,17,female,3,20140317
QP8p7zX00TjgIXZEeu5J3MdvkUBODps3z9pcNjoIjnk=,17,24,male,7,20160217
LpJbDq9xzm59wZV4FtgxU3PBrtDisFIAfDztTMe4RLo=,14,51,female,3,20150221
8lVac8mGawckuDRSjzFw8DgLB2f2z4L33gsEn3VNSEA=,5,31,female,7,20150301
Ar83uKjOARKzy6Ld43/Jh2g384E+9y8lp/KWv39TNUc=,13,31,male,7,20110811
GBwPoUMkC8MJTN2C/OTvYo/a2NM/uuJSyyz0urBdCO0=,4,28,male,7,20120624
Ssw06VtTU7+G1U7pClxUGkFaHpZYAcufFa+9+kXY/HU=,4,24,male,9,20110409
tbOzOPfqSMq449Eg+6tTVnTFHWqE31KsNFcM2wQWaCc=,13,41,female,9,20060311
HFKjU8MqjfbjVlaruoKU+ixX0ljmp6PUttFp+Hy7muw=,5,34,female,9,20060324
zw30zrUQUtiWnOYVEj4aMnLb13ENvOYtnnWq3bS9Yl0=,22,23,female,9,20110123
aUYPcNJfi1nVtGXJ5NHEyBxB1GbIS/UVFw7yx+XUl1E=,4,30,male,9,20120423
9DnnZfDMvmmdMl21rHQl3Ka3W1/nCrXESK8WpM5EQvU=,11,22,female,9,20140406
NvIYc4sg338GIoLUBy9r/ZQMGbJ9lN6cm+AD46drd7k=,11,25,female,3,20140407
ulNtw6EJOjfw+hGHXSaBlrWhWGGkq95PbQTzHU9Li2U=,15,34,male,9,20080206
4E58tGJgOCx2oCg2OxQbBZPHjU9nL005gjfNYAEIKzQ=,8,26,female,7,20120916
pcjl9cPcTnCJcGO2Te8VOvwBfj/GQtgx00TMX2RUNKo=,10,23,female,3,20121204
nGMDr2by1q0UZDbLp3ZVyKBiQ/d1hN2czIEVqhsLqRw=,22,21,female,9,20141016
5HShsgvYElfQvOktKdEtOFZqNNent9Esc3we2fHo9ww=,4,31,male,9,20160808
okR4vg1n4Basr2dHLPAG7goAoKTeTQk6+i0KLFxtyJg=,15,18,male,7,20110428
PLvB74PfmFf6Qn8cYcZo3/GgXCbvvWuzvN1BiaN7plE=,13,24,female,9,20110517
H0edk3Dm57vLW3sGKiqqd/WwO1Gvm8ePdrLSL8UWtig=,5,38,male,9,20110310
opSY9Ks6aU8ya5NxKkZSfvDxLKTUQJ//epDXOYWWuT8=,15,25,male,7,20110424
ZOFDYeiiLO2qHqCYUkgvRkhBbzXOMqO8f/ztSuIlAH0=,4,22,male,9,20110425
axefhOmGxgDiWlwcFTgOV6oHX6V2UlsvI2OWvpKdAdM=,12,34,female,7,20150726
XculpRrbo/7BcT0a6eNyHcy5F8243qrjn2EJIopy+O4=,14,60,female,3,20150807
5rC8GgGrh7xL2UInJmUoKmJZrSoYHRqcdKdnz9eg2iY=,8,26,female,7,20160324
I9e/oFAsdu9Th8RTDtJQy/In+9U/JpH4f+A34NcML20=,6,29,female,9,20040328
Pi5oZIFKveZbDB/YBqxy9BkjPundnoJuRAmTiZRFCcw=,17,28,male,9,20040725
JxOCI8TZAkAu879bMd0hDFhIf+YeSpjBHt3PNZ+UDbI=,4,32,female,9,20041018
BcmPKHXSNYgbc94BV64vBUlcNP/egm6s734bl7h9hgo=,15,33,female,9,20041103
Hk3qiY50ABe5BSLnBS+sJ5DKLfMJ5oKd483ExyzehKg=,19,15,female,4,20161030
5nR+jR9sxcnV6BiNh+LOk54+kS7vP1Cojxw/64OguJw=,15,34,male,9,20040626
tSifmTLUxzcpXh4GtLSup9BuemGY6aXHi2GbtMRIyzI=,15,32,male,9,20040717
4qTeXkR0VrUf3vemGBewQdzoGO6QKPpj26KUla3kJV8=,13,24,female,9,20111119
ZdkWA0r7QbN6FsdrbtXzZHsyDq46tmaqcsrdRvx8M7Q=,13,26,male,9,20060518
NHpQxrbvfmHxb6kzJ7wxXN8nJgz4dn5UzUD28PzxETo=,18,53,female,9,20060927
CWzp1cYfa5A70qLcoZyQPL17yqOlpqqT9t4Vlh72VVA=,13,31,female,9,20070420
gQ98jKph+hitOsCBplFanC7v/cKKZDJ/leb3tpR5ZlM=,13,64,female,9,20070608
IQhqBAeqUrTuTHFxqcaXkanKhQJo+J/waFyf/n9oheE=,5,55,female,7,20120117
FnbjKhOcnktn8EWwHFABRsrl1tLT8hGfL87PM8AZ1eM=,17,36,male,3,20120120
/CbY8YdWcx9wmPHxiIqM3r5EmZWyJxhW1FSpW0qoieI=,21,19,male,3,20120123
vZAOVPU3BQbg7zjYPyVCSL+/+YEORNCwxv5TLMtTO9Y=,13,26,female,4,20160531
E7jIpe+YEUgraCOwgT7XhD7Hf2+mBjv926GNFHdpoRk=,22,27,female,9,20060126
5eGaOaqAWlkoUZCGSXXcyxt/21u4pNUl6eCyPCl9ezk=,4,27,male,9,20060218
zxS4dTpLBmuGt9pItRjJeOY4Y++JiN9htLfrCXobnmI=,15,30,female,9,20111030
AxzPY0/3BrCuXPwF9fxQHRP2Ehm7BDIKeakZTF10bmI=,4,54,female,9,20061117
I3UyAWevNo8BpjbNhezmwfaobXDuxKYfPBT0Xpo8kv0=,15,39,female,9,20070513
f6DPx5vLIETgEoUwE2GLgg7ap4JKJcFtddTu7phsdhk=,13,41,female,9,20070609
+m4nHNBmNlwYA4AwvkH5Nfoazm1MmQZxZVKL6MP7TQI=,5,20,female,3,20160802
pKN3UOIto//4gA0VW88V3Jmp3ElYjHskVRBWK82qKwo=,15,28,male,3,20111211
3UTJYIYGOARJxSdogrq7bRHYebl5NqmrhRxbGA9Ev1k=,13,28,female,9,20111230
jWPs3DAQCV+JMIj4/JCiYBFCthZWcFvMeAuP4+HkPoc=,14,29,male,9,20080908
f4LEYZdpKw45tE0qD+dVzqDs5boIx9CA/xZ8wbSsGVo=,15,22,female,9,20081102
ngn6ZF5QhbJlU3/hD9VFka+GFxesSi4FYmeuwPu5ypU=,5,30,male,7,20120117
HbDWVc0PmdYIWEVTxxxDcV0WZmkmIhlRq31FjiNrz/I=,3,25,male,3,20120224
2qTLNZ8r/bWPCtrEsok4ZY24HXOVAbsCJSMrvbUqq3c=,15,25,female,3,20120628
MZ7YO/nMt81iL0y8AlC+oa6rsmJ8NFOebbxvbefh1F4=,3,30,male,9,20040327
2jbVbEjGeHW/vqrG/mQBcfy5UlSuE8HyCheSYYRSiao=,22,28,female,9,20041002
6EBuydz6fLNzy2wOWR+ecYvcmE7H79OuE+y8P8vQWBQ=,4,23,male,7,20160514
IjPwBZYSZIchIVzfSD6F8s5KOiR97cqMBW4rVMC0EhY=,12,22,female,4,20160529
8qA7yH07vHcWDkDbZhdRK3loXQ4T2h+W8uM+GYQDAU0=,13,26,male,9,20110904
4o2tbkS18A9f+iWNBxi9wFKw7WRJO1ZfHV4Wr/bFva0=,12,25,female,3,20121006
IioQeeydL6urgVw8p7parYIV2oDMehZ6bUafB3GWy0o=,14,22,female,7,20130923
N6mkuXlBsvfjcQ+HQqxlxF35YpjeBft70segafmS/KY=,13,37,male,9,20160617
ZkpedrsrO5m+jn5S6un7kTlpfTg9/CHphmwaEkqChdk=,13,30,male,9,20050920
QaSNrU6pJAZj/iiXieJqJ2Q5/s2g2Z+Z1jou75emH5E=,13,28,male,9,20041101
N1058G7grAK2EAHn37VT9UPHCwXIUToxsCu7eprGGI4=,13,37,female,9,20050328
+AE1k6UH2ymlR/0MOWQxtReyEI7Q8QgIMXXJvAA6hhw=,13,36,male,9,20050624
o12E+AHWGDkeJJ+pf9ItVo4uDXQevUfvrv4yIVIrod8=,5,28,male,4,20170124
bVcdE6EoepBqJJy42iXsI0LF7XFy39lhv5hV4nKiDJ4=,15,26,female,9,20071123
5cks8baCAb39/lSNzcF+siwFzEQnnTDl1gIHnSvGTkg=,5,27,male,3,20161105
SYtDMUondVd6tIIBv8CUQLNXN2CJFr4cj4g3KBT5ois=,4,22,male,7,20140913
0fi5N2Djuz6QbzRYNHxqt/RSjvU7XkvrYJ7S0jFG4gk=,15,39,female,9,20070620
CwN4qxEx7wBXwMWN8OZ38jM1anpGG8FtK2ypIRxpXPA=,7,30,male,3,20150609
FomrIWIsQ7VtnNr1g6dQH+q+hYlrA2NPoOFj4KNN1bM=,15,39,female,3,20131007
hCTQNlMYnatLrd2b//G2KUWsrUqtaVcPrSQHaXZSWt8=,3,23,male,3,20141014
X0+e7i1Uj7d0bhAiT+f4nwdxUnEypcXbb1YfxU5rbTY=,4,37,male,3,20161223
mN4UpAJ6axssjQlMW4fEiBhUA9Jg3MZv7LQNENVceQw=,1,26,male,3,20161203
RibzO7+7khzVs49xiXqH6QFUYl1eeITLlUy4SmDbVxU=,5,29,male,9,20131203
y64xifJLxbT8KqYeySvxFTreoEXCu75xOh0rfb4Jihw=,13,32,male,9,20110617
aZZ8LaBiRKuWB1JjMpZJLnorohEVN76PH2g3jHWCpMw=,13,30,male,9,20160719
F+KRBNtRF60Hcg8TWuKpz2qBwMU05Sil7oLWPs3O/AU=,22,38,female,9,20120704
NmgkWaoDNvo5cYP321462wOSdacltwm+3eBgqcs1JY4=,22,19,female,7,20150416
v+pzVUZcbVL0wK5IE8UrFgv56t20vlaNMpmlhhOxoRE=,13,23,female,9,20140807
xqJwOrsuL32v0gYNDUxNKMnRf9J3WIZRVKRZKs0sXAE=,4,22,male,3,20140823
O90HjDwntzF4gatBnVbBsip6ts4nI/TjsbGolqW0JN4=,9,54,male,4,20161210
Okud8iuz2n7Gf9TsIBVdz5G7i76XdbfYoMaiu4VIfNU=,10,32,female,4,20161211
KvzQv7uTDVyxxxkbr9ZDYZC/2oQH3SjPlPX2Mj3/Z9o=,13,25,male,3,20161217
Js+ARGJSLj95fFvokT5sD/PBdUb8GJTZa6mjzQXggV0=,15,22,male,3,20131104
VfvKe1lO2bds3afe3rSaAjPmP7ecfF3tBp0ZwlHw87g=,18,24,male,9,20130331
qIM0XF8lYu0Y//dlry4e5Mk+7HNmr5e0GsAhuNGDec0=,13,43,male,3,20130521
F4w4czWuJpbCguixExTetdxa6s/eO8ZiZ6YaORAMNe4=,15,49,male,9,20050428
w/4JHEbGOzfTGTwjYTLCg7b6jOp+RvySaZ0uxbdRLgI=,9,40,female,9,20051106
VGWseWXKUS/Kw7QrwLiMSVor0iQaFbttRc6rxYt3da0=,6,18,female,4,20151121
8+3XSDviGlWgH/nHw2Z1qp7yWH2hl8rMljGNl+c4VB4=,15,34,male,4,20160618
hYbcK/qWHb0P9Zk/GfWmF5Z+sCkwPD6tmr/dl0imOZ0=,22,27,female,9,20100605
8Ulaf6M9t/swz3D78EELvmkXnUHbjnonwe2A7sSswcY=,12,38,male,9,20161022
XM6ZgLOiGY2uDf/eKs1iMmaZNtuPDdY97VHBfTeQeZM=,13,18,male,9,20141113
g7wgPF+Nm+fNRzkXVlBxv/Bh/ejMVGyC4CTWaTpnz+0=,6,23,male,7,20141114
oKiKpZhIxDmBa1Odc9zwpGJdKVOhcVVBaoCBFLzLuSc=,5,15,female,4,20161008
ruxRKEW9Lb1vmNKbPpD7W8NAofUMyC6PYaL6LveNibQ=,13,17,female,4,20161022
XC+i7XFFUVAyurxNv122CA1yrvQQRjj33Klqcsyrb/s=,15,28,female,9,20090815
4D/2Cdi31gyyXwccBfhNtxwVU3mAqab4illX60CrZy8=,21,21,female,7,20170204
7sZMu1BqAQPgkVX8ZJ79Iz+QzwDB+zY2sw5wrPAmnbc=,11,21,female,9,20120327
ZWA4DRgTEV4V3TA1q5C6QsjyNB2uruEZM6ooE/ypB8I=,5,27,female,3,20120810
3Eym1DEOzGELHFnnQBO/Yu9cI23B7cxdOuMw7wQ/AbY=,13,39,female,3,20151018
EE8oWQjJN83VcajXDSAQJaQ2K+1bQLS/YAImT6+X0q8=,4,25,male,7,20151018
2Cj/jZtnHW3nSjKMpQW4kEfTYDD99nL+pghrEmsOMkM=,1,22,male,3,20140705
yAY59d7JQblr8SnIH0zc14N3Dy5RrmrB11vSt9r2zK0=,12,20,male,3,20160104
VSL98wFoQ5VomdznlnYpK60tVp5ZUFIZbYg68/MciDc=,5,56,male,9,20091029
ON/7JZ9h+Q1z4kvkDtu+YvICtYtYdfoORtHSTh7ZLdc=,6,31,male,9,20091115
acS7MmiaY0D+o681OkdJ3f1nY8abp3sTazWJ/GQYyv4=,5,52,male,9,20100314
sIr48hdM1xbdGCyRbqmRhkn55OXvahMm3fI+TSEFtmw=,22,20,female,4,20160418
pmwFPs1Wn6kqGXCxjNMMTWqC6i6CUdgaavsHckB/r30=,6,25,male,3,20140817
lRhQEpYFfQ7Jwod+iG/PXilJC5TIXMaogwc+FYqR4w4=,6,24,male,9,20140824
t/VvrECbsf864KMGt/egooVV2zNAiJ1lrEPH9jtcLwE=,7,27,male,3,20140825
l6MDubVCtvG2XgKCFrQWe4bVytDrQazi78dfLSI5Q40=,13,27,female,9,20060828
wOXhCe+aKmOTwPzTQqsMBMfkU09hpZhgrd+j6XEuShA=,16,31,male,9,20100116
TFc7DCnglLsEW29w8Lpo7FCZBiJRJRhxHypprwU0CpA=,13,31,female,3,20130823
YsS/2W115FHQ79GnlGOhNgb4LBF9verLaxx9gXIwxMk=,13,31,female,9,20080313
TUPuInMja0m5BTnKjg+1JWwGJ88XH+Y//7TqZRv+pDc=,15,36,male,9,20080411
tknuQE2bxT1zSsLUWTOQdQF8hsMU4kCP6S5hy7TGyCc=,1,25,female,9,20080112
w3OEFE5pn0nBLOJEYzjwvGwrLALOVxga+PdgXUU1pMU=,4,34,female,3,20121208
0mdSyEz1tQsVUPW1n7nZtqWZBfPwEio50/H5zB9GzZg=,15,30,male,9,20111005
Ew7xYXKTa3uT/CbN0qEyeki//jT+0/2/jkOtY0dEOvc=,13,26,male,9,20111223
PUgKVQ7ItaCu5L7fFMucPM2S1wIGE6mF8P3u/HhUzfM=,5,31,female,9,20111231
8sndD1HGcqs2sdHmCSJUV8oCZyACFG0whlaj2JRSgng=,13,28,male,3,20120102
0R0w6ZvUL1oKZ3KC2TZZ+tTvPfhqcWFtA0lbGkCuz4M=,4,33,female,7,20121205
A4bsdylh3YxErTZWMm4goKLqpHTswI8gIp8qHYRRu2Q=,6,33,male,9,20150519
/lMz2BYHyd23eB09ocuwu1unDXs2FEw1OM5XLesYAYE=,13,23,male,9,20150828
8/pWycdJTrncsrUtxAm0Rdbqv2oz59PXklJzcsoYWxE=,3,27,female,4,20160507
Xzm98O09QH3r+NwJ6OzWIAqadGjqy4zUYFRfzhq5bKs=,4,29,female,9,20160123
Uh/q2+nU5gVGq1KuptOFBKTMbjnQfDkYpLaXvunW/cI=,15,36,male,4,20160124
beGpzhDCkvXSrxpqMODwrwJVeh2q3tvQ4y67IfHmgF4=,5,52,male,9,20110911
fuf7GOqX+npjZVI8f8OZupSoY9rIL/4jHmWkGPMFpsI=,4,30,male,3,20120409
UvbygD9n858nfwTlCItW4NOEmkAyeLg/q4Wuo7TRxFc=,7,36,male,7,20120505
AQ/dJxpJrhPtxTQ0vZwMP59Mq6M927O1BmhfGQO3Hu0=,13,28,male,3,20120507
OsG8a3ijRPYlJgIfIhk5+ipWt5uachURn4vcuS17lpU=,13,24,female,3,20120618
5sIti9TnlrBgcSS/95q1+g4TCnaXmsfjefQQkH3xL1U=,14,44,male,3,20120828
KI7CiMKPpgnh+Kc/tqX+p/0FrZUErG/ZaCUgUBPEgr0=,13,32,female,3,20120912
L8Nf89NF8Rbe2ML7INMKPMvNI/zpq2P6q17j2gIiwMA=,1,28,female,3,20150422
l6IEjZLvd3jGwbDP52GVDr9sm/Bez6pUuFS1L5C9qEs=,11,27,male,9,20111105
RG2WT+uUYHKP+38+Ftrua+bQO4ZN8pAOnUk5ol8sr1k=,22,26,female,9,20111117
CvlrGNLcdkJr1xP37l2BnDO6d8u/ndbDkQFFb3R0PQA=,13,36,male,9,20111110
SbMnAiKLNyTF43PkyvkfZE6ZmC6O+UAjQM3O8xVjles=,13,28,female,9,20111118
yoqbOe9m9SplIxR7DicHxs1ul+URCzg7+rqQC0+fvkQ=,13,28,male,9,20150429
MIEhg31VnH0ym8xPdPtHo8a3QZrsRWm3Ufdh8AuNLnE=,6,33,female,9,20150506
keCeZtZBqYhMd+8Ater6EvuA5wUhjqkIDoGmHmn87S0=,1,26,male,9,20060619
zmJPsEX9oMUWpaR2TTgcx4sTjpgZBbFYuYfgUJf0Aqg=,13,27,male,9,20060819
AzfMe9Jnw36BLa8Bn7wXWejKiGnHiZTez5nSBYWJbjk=,13,31,male,7,20101229
WEZk+FtK3TOLx2HWGT4vEVR9M+g6mV1rNInelnx09MY=,5,23,female,3,20141106
amqIo1lu2ouxQ6+i4YBZDX6YCUZiFH2NGVGgEeN60/s=,13,38,female,9,20110826
glA6X8oXDVcZZz8LPaqdcOz+4bJxRZaF5ryybdPiJ3Q=,14,19,female,9,20110827
NFnHKXYF4O0mE4spbMvErHVb+juWMExU7TxaUHJuSEM=,22,32,male,9,20110910
FsjI0gw0RdhFgCTW4DZXIYlvWD/0yQoQRFY/qQRGCOU=,15,23,female,3,20111222
hTNNq1rgENOzIryxWBW26//CKXX3DWii3k1YFsFWryQ=,4,24,male,9,20150116
OcD2MoM6lokYeHi6I3TZachnwKbIUmERR5fMetNxWBc=,5,17,male,9,20150923
kJF5F17mG8rDG77pJS6K2zdAtrjB9RJxCK9DRizB8vA=,4,21,male,9,20110405
sIYmcCz8nKxyafRuvGjb7oA2Wi+7UeeaJ8EzZKUAmBM=,5,34,female,9,20081210
h61zuF9qp2nRj3IMiUWif545mUx1sy9o6hSzC5KKwqg=,5,36,female,9,20081215
GGUri15orvXtzuy+IOpdAaeWZI3exspHPBkjq0hKfPE=,4,47,female,7,20111216
txOlzIC7jBUDsYVvOlU1nPdzZWkim7QlxwmhqtB54io=,8,19,female,7,20120105
kYlCF0S9N/mcS9yqcStdxHrmV2r95X8bKYrWrZdKGyM=,13,29,male,9,20150430
TIG9pcPNFgHn/iD/3otqZc4eXBHwsnN+FAYkovMYyOE=,5,50,female,7,20151030
jt5PXt4BdNo+1SlE9dvMzS06MNzWCuh982wGALi+tHw=,22,21,male,7,20160315
RRaJ4GHyr5uz2MHM9Hy3GVj9RxQp9Csg0dfmBuyoHVQ=,1,18,female,3,20150817
rCJSe4m1TIPzclaZR9fjZiSVUJWrRtFJ3N5x7Q/hpmI=,18,40,male,7,20140330
VXviogNM0i9h8oHYF0MyjeNQ6u79bydpIoUOr78+bLY=,5,49,male,9,20061224
jjr7zdD1DbPDIx64soE/uneWEpcsgyCpM/PJ4hya+BA=,6,49,male,9,20070405
ZJ3sJ+lR9uwrn9/aq3/nigyz2Uhg7l4sik2tXP5qDBo=,22,24,male,9,20070429
qItJkaMTc4dtBDF9NUzF5glWqxsdElJeXAAnzsW7pb0=,3,35,male,9,20070609
4GDMNZbyTQ/iadJKnErXpx7F864EBWDEIySvi6pTNds=,5,21,female,9,20110418
thx61GUkT14leLhwb0JRlgP6xX6bhB5cRIQqTRg9Q7w=,1,37,male,7,20110525
pCqB6gnO1/qzm+VSLzZiHOLbrfLS7A9AAXZoIqNEcLE=,13,26,male,9,20130424
gd0StlBWNVv2JtMA0uWpnNKMYr3kiJn2SrKH0OFBR7c=,5,33,female,9,20101227
pJ2FG00ammjsdFOjf/oSbB73eeyW4E3yeCsPmxy3emY=,6,19,male,3,20150709
SKGeOnc4zb98TVldpb05hHfHSo6MwtBCl2So2yZpci0=,13,16,female,9,20150807
ksOGfDK3XQnmG8YNRtHT1wZyq6SQQhxESLwwyt5xtZ8=,5,25,male,9,20061119
l9ynY5QT3bGfLRCtLaXagbz6czzdlY3CttyxIj0d9Gg=,13,33,male,9,20070223
cjeW+C/pxuUEJB+GCiQVrQkbmZ2nq4TsRDXvnkIUAzM=,5,54,female,9,20061210
CwrzY5pN6PCmLAOae5ay0iD4xwsMSUffxO5LE4wF/gE=,5,38,male,9,20120221
S6XevGtDIi+uvDfcGhLrm2CX/RLwQodLd8PfQOKdQEY=,5,35,male,9,20120405
c8pXPX+R9zW0hckFfgWX7f1zOV2XKIReRACMsSpPops=,10,38,male,4,20160618
ZqgPZMdvyr4eeg4cgNVVLNqgUieue4/KdpYkZdfKjUk=,4,32,male,9,20150513
HVxPec2Rz7xSArLb+NAGo7w4pGB914NmdMVYjUDXmEM=,17,43,male,9,20061208
7XISUxElk5+QVejmzrHABOTM7QvTMJgn9xjKTIqyYRE=,15,37,female,9,20061213
hCX2c/dj8Mflj4x2H/76Q8zHsU62oilwdYx2eV1vNmI=,5,47,male,9,20070118
bBU4RKU+UKqVixrFqjAQ0ACz0hWu3/HD80Bd6MXqx+E=,13,24,male,9,20070518
6+eoxHWF6GgAZ6TcQB/DSJgZeKuJjh3Vr01KGFg7KGk=,9,50,female,9,20120117
GzgIqWFCOEO1ActI23u3WQm50bnOKJcEhCYf5pLXH5I=,1,35,male,7,20160815
4nOMDl4Y0mJop4eBWF0ESi3b59IAVX3obN0wBfh18mo=,5,39,male,3,20121230
Grx+QifNZa0tlhPBd0Vp5EHSbF7fSnT2AItOs2icRQ8=,8,33,female,9,20090505
Ivi9kbiObIvVDPhkFTHgE4ieswJjsF03k3dLrDcluDI=,8,28,female,3,20150702
mrO0JwIfKiG7jaTuyJYTtsL+KexRzkMiSdYZZ86VjIc=,13,26,male,9,20110409
q4n2F1WqNHLOmw42pxqCZFgjsZ8bbNQaVjmMre/TqW0=,13,22,female,3,20160417
MeRXcCTh1ou+Qisl/8oOHJXPuFDDpFDgorSIWh0o5H0=,8,27,female,9,20160428
j0IvRUMq2Nf6Y6cA2dydQHCuuDS62rVY2+WVLNu9/Tk=,1,18,female,3,20150929
j2tcYmULO3gprdbL/gz63L1UkVBAM3vPQv/dBtIucD4=,9,28,male,9,20070816
rH8bwp3cnv0eAz63Rn4+j/8j82H6urf8PTc4UIm3yY0=,13,24,male,7,20170217
03v/2aHs7zeLS2QM8VSX+zIgVrEu2ncIyaxldvgMJNM=,8,20,male,3,20130629
HyUJcajIb9tp22Ip/ltdeyhH3eDd81YZ3LW8mcOqFkc=,4,23,male,3,20141111
///pYJCsKrt3JP6AUO3iEWazTgU0SLLkzfEJM82Efd0=,21,27,male,4,20151017
xpVEyPAfZLkJoJSI5v4rR0dwiwt8Nlx8rv3n8TaS2/s=,21,17,male,3,20130205
L2tC+8NU/6i5iNjD2EzW/WVzTotD77T7weB9RNTTWSc=,15,20,male,3,20130214
8sJwiyaZAICV917lTTQyix8/BXjc/V3K+W4KioC06fQ=,13,31,male,9,20150918
4BhuxL/02Z9jBywf4f4Ezfz03lv9h6T1tLYZMiXemxE=,4,25,female,9,20150107
d/TlRrn5p1YLQm1VgNooVdJ/LKeDuETmLd0KmmsgRUs=,4,27,female,4,20161109
rLbdBliPmfN+QTTNF51UxoLuaIe2KR893M8Wz4quM+s=,18,23,male,9,20150119
K7emYgJc/WxIkjPS4IYtd71OhhJnIsbcyydZTB7EAAo=,13,29,female,9,20140328
uVcOujIcjZ/L00NrWOqUmqMsnkLjdlMPfiAhjmhwnjA=,11,24,male,3,20150629
T20d5a8loUpI5Qq2H6C3KxOmH8oCVH2ipov2sBdyOKU=,5,25,male,9,20130522
Jn6FIFIK4NGZuXgu4tCVZRRxAKFy/ZNT6F26C5gsmCI=,13,36,female,3,20120821
EcBzlxAtN5yKQRfz1GvALfw6Twa8dg6A/yadJsgl/xo=,13,19,female,9,20120125
gGFPNvo7/2VxArwQITjoYPWgBdLEkAwBXjwPBoFATfs=,13,25,female,9,20120326
4lHgPIs1jyNts1usgk4Y1zXGNi6HETHpHuUX7aKtgRs=,13,33,male,9,20110828
LQg3HC/9uPnihYGkTCz0HiU7yEdDwODyKlbDrl2a2kc=,1,17,male,3,20140916
4B7xJhLISd+dT3UtbnIAjUk/gl/7n3lvtljPEnTsKjc=,22,51,female,9,20150308
EwYEI5oqrsbSF7cK17sCKPCaGA8+3LSuntiMZZ47hGk=,15,23,male,9,20120106
bDKFJdklGqZwxwMJ8pf5jU7MYNzqUNFdbyV16+Z0Pus=,4,30,male,9,20090427
Rv6U2DVF+GwL1o1X9+mQcDSZbw3DQqa0nyba/1EZzzg=,21,33,male,9,20050920
HvCqG/BvHlkXCvk0CAS9HW/2u1OoY2DMSMeU5wfIVrE=,13,24,female,9,20051030
daPHZE7hiaLhs/Ro946hQGtGJtEt8X+1tHmHV6VnnwI=,18,37,male,4,20160109
DM6GqVtU2Eb6INZe+5BX3to5YjD6vCN2oaJDDNIiCT0=,1,35,female,7,20160115
4gB7oW8DpSCSxXcUbnnK7IaP7pZ03sd9CvOk6tDZO5w=,6,33,male,9,20080605
FEkSZfhJ2q07xfHzcqSUNhknzVqD7nM68OEnozf9f9Y=,12,37,female,7,20110909
2jiAyfXx6qxl43kE8UU7dTHKxkgR4emVNzcoFKJnff0=,5,30,male,9,20111113
mruhyIZTWVyqsWWcvr8F4Cko0JP+6N6UPWFmmzJ67EM=,4,21,female,4,20160809
IrOfKqLqdImZRoqeJq/Elov+YLpE+kR9W4zAcM/6UTo=,11,41,male,9,20120110
ewtAUEww906ikH86QKwTdpfEJTwC//00AnxFKqLTkGk=,4,18,female,3,20141015
Rx1MHIg/jHVD1DnL0KhaUwI5/vcnIiJP6hrGT9whGns=,6,33,female,3,20150516
aYiIdC9arRa2dbUxYmFluRjlU4pnfoKtes2yQbv8nc8=,13,26,female,3,20130905
U7/RxfXrojMg29KXTqSr4XsVwBsqBIONMZdr5rN5Jkw=,10,31,female,3,20120626
g2d3WF5Zn9QEQcaGjWmm001Dgz7ATmRM7OeuxPNVLyI=,8,26,female,3,20120820
NX8e0D6J3ewdDoms36yFU65doRvFRds+GiNq86ld5eQ=,13,26,female,3,20150425
PiMTuSSlcFWo+fxte8/G2QF30XPPT4jNinPNWCbGCXI=,13,51,female,3,20141112
BERXXOq0F2DxI4tGAsaAWnO2qogV5+LNSCnTLQRhYIY=,4,28,male,3,20140428
anX9d7WxGpLxvVHBvdhO9NXEVJREgT5CxdO/7woHm/E=,22,28,male,9,20090414
GWHp+Pu0gjVCYGBaAIn2GVgk+xLCp7vdFV9TGarWwF4=,4,47,male,9,20091007
9SXpuwQATHohVaDhxXzA9xU/XPS9h5Os/FDQlDFCcrY=,22,21,female,9,20120623
HxQeOAX6Vh4zODyxfj18fE6Ak+Rsf1+s/DT7uIIE4Lc=,5,26,male,3,20120708
pkcKafOhUfH3BEPuI9bFOXVllJpncPpNaHW03PsoGw4=,15,28,male,9,20120811
KyNwYtp+goCeOI+NRHcTaxQheK1ZHN9l9jpAxy4ILzo=,6,23,female,3,20121210
orzwXfvrdXnCc/NYdMyvd1+wF0UH2QM73k3P5lt2yCs=,13,23,male,7,20130107
mwGP4C9LkOmnylQfDNToSwLXuDnvwckFMxjIBz+Vgbg=,5,37,male,3,20150318
+qhvGkdRce1Qab1mShNOzUB9HLjySe5uCuKEv+WOb5M=,22,26,male,3,20161213
Cun7ZRDScrYw9wKhEvLQSKmO2WJjUoP+/DhLHkgt/eM=,13,24,male,3,20151028
ypQupq0W7OM6eAlLcHLBHVp8a12MTxHNDFgtShn7lN4=,22,26,male,9,20040826
CQjH2cX4e/MQXMgS0l7aQdbMSXu1Ex28SD9YXMs2Ca8=,8,22,female,7,20120613
FNLhqtkV8MeW7OGug9pqRJPFIY4BD44prf0vJ4+Puxc=,9,20,female,3,20120803
iqzOLyJ1SuQ9qFu6UgqH3KNwkh8uvp6qJDMfgDUiKQk=,6,20,male,3,20120719
1PZYIC3ef+rRhBso4ndnKTL5OYrnj5V7ZgsE0BYi8vk=,4,22,female,9,20150424
LsHN2HKepIPNhw7Js6SmUqej269en1Amb+vYMRMPAy8=,4,30,male,9,20050929
p7oR2pke4KXj3ChstNTHB0KxACu1EBclEzlSkUiTft4=,13,20,female,9,20140909
PexIDop4JGISjNRuYxZ1I1T0VZL0p/XojWggKPLOiqk=,13,18,male,9,20140801
+u34qysllmcze3B0f624qq9/2CNfUm8qKYnOZnkVY7s=,4,33,male,3,20140318
K1hXWcifQwbObGPJvWbV50CGO7ZyFTk81+GywBqpjdM=,4,34,female,9,20050710
iYATJbHKbthFQ9jLrLWxx5oDJ7LyFzNBUc3hD5UcpFA=,11,25,male,9,20050714
RrOVVPVZtKYmgtyG/IOgSs50YL+qiLEWjxZRWBkIRq4=,9,28,female,9,20130907
cqPVQV7ztkl3FK7lzH1A2mTNaHvb7E2Qk2FHLOkjdsI=,13,25,male,7,20130914
bTtsIBi7ILuo+rfYQKObEh877b/yNQiZpf5qYnq1OcY=,12,29,female,7,20130915
Hp+yhnpS+e3L5EbmYWC/QmOpiwUDg5d/ZgdblKUBcFo=,1,23,male,3,20170108
6mOGgTsGrGQkmXzWxotts5NWcCw4yfeBoVOas6h926c=,14,36,female,9,20140508
G3GKCnlk3aM6ZbZQs7EXWzE3IC8W0w9MVjn+zOpxRD4=,13,22,male,9,20141106
OUYzO1WoL4nYHGaM7grmrTEx1KaxostAvhxalybjI4s=,4,20,male,9,20141108
+0PFkru2UpsbwRoqF6eHpLNNUbfhJax1z1NjPyJwZ1Y=,22,15,male,3,20141221
Ukt0Fup1rp671mKahnX4OELPJ5t3pglpDQLKHaTHUd4=,13,35,male,3,20141230
EiBW2CeB7YWCd0sYG2+DRAPoOAJ/UnUg3Ul9TYt1h+I=,5,43,female,3,20130918
1oNdEgaMMGBMQ0J8leJ8CsZySFJNKFEBl2i7nDdsBbk=,5,33,male,3,20140919
rZpRZUwlHUI7LS9+mrLYrseN7ffuPT00TDnKRqvrqsc=,13,45,female,3,20140922
VziWaksGKHbVevgI1YanX6H80dyvQmfIKgAVqlNQEKg=,12,24,male,9,20100122
3fJZrKlIdIx0ggrD0mUxrNFVfXYYyWQT63f/eWhkJXI=,14,26,male,9,20120112
w11yKT0bbwCbr+IhtWcLmIHgZLOHYoswBZrg0A90JNM=,5,31,female,3,20150107
iA3Ev9Rip5Js8aor+1rzMyFZCjJQNJxadGLQVxl3d0I=,17,28,male,9,20071102
H6I75Z6KoRSHi/J4HDVeCDVn/u9rwjeb8OI/RGt8OmE=,22,51,male,9,20051107
9pHOzZaVsX0LJyXfgNQ1pdwgRJZ/YOOblU0ZsuBNocg=,14,39,female,9,20060306
o62msHtcP4v4KHm25lAr+6eOzicf9Pn9mWvg50J3f0E=,13,27,female,9,20111117
2HeD5T3QyVrlfi8LvpLDRviL9BtYM5LgXdYMMdccGms=,15,30,male,9,20070418
6Df5BUAVP4mN0GNqdsjKUq8UAHhBpYGbMEE2x28jykA=,10,43,female,9,20060729
Bo1c3ydnFYVV34v/YLhmJ9BVw0yOXF+GjmxY1Rt9UuA=,17,53,female,9,20070217
jJcSIz51DA1QZ5Wiy2FjTvHGs03QyVrC7OT+HYZYE14=,4,36,female,9,20070323
eth120Nf97l/+KrVKIavBDNVypVYfPMAYHm4OrYb1p8=,22,24,male,9,20111007
o9HoNnN1MjuYdL3VC8yN71bnd938Ox+1MKVJKkYCS24=,13,25,female,9,20141020
UW9R3Ns1XDofFf5dGLRlBeMzRyxE8OzMJUGtvOJOINM=,4,20,male,9,20101230
/L7fJut/3lNxGTyfcDHMMeNLpnz93D0e8dJPEHLv4Nc=,22,24,female,9,20110219
Q6PxRL9s4Ig6bPjjckgWHS9J2CH54KbLDtiSxqv+N6I=,13,26,male,9,20140906
4QRBdqANQUlMVjCkNuKBSKQOOgr6sSnpWbUbe3RBvKs=,4,24,female,3,20140930
IQ8Hk57ggKNSFimGNky6+SbTy5MCkrJbxRB+JVUK2Dc=,22,25,male,3,20140915
v236jsO/s+/zDS61RkBClmEdyZ55Wgwg23ZxUDK/9Dc=,13,27,male,9,20110119
C5CvLofB1OMIIe5o54OLm8LFl0xleMT+44YOz5Cmam0=,13,25,male,9,20151017
dXMKNZ0fdNzO/RDRDN3C1ODjudSHhJIYrgH4MdWtzN0=,15,23,female,7,20101022
FAolnRajHtu6SvaeKiymjyhUWALG5n27T8wUBixvckc=,6,33,female,3,20160728
qGT2xHIZWPp5VQ5SZqI+wBkQhnJ9JrHht2lHz/2c/+c=,9,32,male,9,20040701
JawASjAG2RC6IcYE281kBtMMsXw7SwLCGwdUpN62EDA=,14,29,male,9,20050212
kE58QUWoqLYxLa/rFOnDKjkyL0CgG73Pf6dWEfaPvqQ=,22,29,male,9,20050219
AQnqYUZsf6M38jAo6i8878hwM12hlmkeQzqSm/RNpw4=,18,27,male,3,20120619
3Gp2qpB374QbFyVDtFbX3irELPFAlo73H+4aG+QjmHs=,5,62,female,9,20120626
ZBwQBgsZA1Ft82KnzXXoOClRc1dYOlLuu2ubR32KnDg=,6,35,female,3,20120628
h6K3oahtK5ce67rJ4CO6J4CY7s1nk2GiQWBuI8V8wUI=,5,37,male,9,20080229
9ft0xbEGe85465x8Uej7yaDReJHDpRt0phVkHxKbkuw=,22,36,female,9,20080730
4S3W0oWS4dVRefyjhh+Vc0XqColHJFN3QoY/4zwV9dw=,13,46,female,9,20070307
1Zx/BgAdJW5EG+uXfZibpQ/VmqfUw3PKVwUYMBPEngQ=,8,26,male,7,20120130
Err3fq2BDoKqZQz7QQg8LfwvT9DZBabYjueh/eo+VVo=,4,32,female,7,20141214
/tlanDL9b3Bu73sxxiFMfyaq5JFLOBNUkDEHeI3mkUY=,11,25,female,9,20110604
way4fF7CQfnS7vcb70oOxf77a+9+SWSFJK89qw5jWMM=,15,19,male,4,20151227
AMM1zZaXU+xxB0DNwtRptM2aq1I6GCNvLcQC43V62Y8=,4,38,male,7,20111101
pKB1SpUJuedDPbq2gYDFXkB0Dk3nn+oZ4EsOvly9U74=,13,31,male,9,20140403
+7q0rjCS7hIGohJSkT7i6EPBH4GfeQTrlxHPllnfeh0=,13,30,female,7,20140408
/FvSKOFipphKCK5cY7Gmzvifvwc8SqoYz8LSn+vCdZk=,5,30,male,3,20120123
QaJeeMBMtt0pzlDEahuucXe0wDxyCEX64C6nmMsykOQ=,13,37,male,3,20120208
fO7LB7nzvqervyQjDHETOpM8T+TCkHSBAEdSb0vNU1k=,9,26,female,7,20140225
euTJ+ng11f9jXJUF0cBHxB8TIzkHtMYBBYbdC8YfBM0=,13,27,male,3,20160220
CRpqUrEh2g4FDKDJrGV9Y3PbzE2P/db9Vvc/gfKNNlk=,5,51,male,7,20160121
Pi7E+erSEGG+/TCixfgm3H64Rp+4G7LPB0ecHX6HcKQ=,13,50,female,9,20160126
TmBgtxrIFo8kEuDO5GyV96NdV1QDYo4IFJ4LzD3yJSo=,13,27,male,3,20140319
K1xe3GkMf9SgJvWHijt/vPitXrbGf7EruTRcEE1YUUw=,13,30,male,3,20140422
9hIGdhq3sth21Hvt6uD97PAWkqfehMsHtoTasRJCX8c=,5,27,male,3,20141027
U7etEb7SjKWqLOUDp25hPoQE4GvSL7ELFOwsGKs5uw4=,13,29,female,7,20111221
fQoPlAxFihqvRGPKw1k46n8WFVEGVPi/fL/VBkeKsnE=,14,33,female,7,20120411
E/LsC7VAYlo5wv6UeO0Kx9KobdqV9qmjrC8QqOpoVw4=,15,31,male,7,20111109
CZLKoWMCCYOTAmdZgCkvQYBgDgoEpSVvrz+cejs5i1o=,9,29,female,3,20120104
cfPipRSXTNPYhL8m5Ku6pKplG47sPtvSXJlEZ5ZnB1w=,13,26,male,9,20070527
RhHrrG4j525aHkrxdDLkywt5rZTdFTHs9EO0/UbmE3w=,15,39,female,9,20070816
+8epkUbhZw3UFDrQKjfGzVRGOAWjb5CcAHkZvbawlLU=,5,28,male,9,20071224
NGTPdjla/r5ec4JMESr51doQ0wa6d9C5xXJbsF0bBVQ=,21,26,female,9,20110121
dB6iHZfcDL8Ag/TMDjeG6+qtRARvC4M9kgO870jM9KU=,21,37,female,9,20110321
ttTHkW0/8DZlECqgvOpitlJ0+WhuKZobhS+vdAss5jU=,21,26,male,7,20141128
c3c3nNMiopYvMbCBZwCeNJed18n2P4n9ztVbJlFNvz8=,9,20,male,9,20141206
ejtGKOvls/zVKTFKkbqDlVkREuYVe1x0S42huEcBYGc=,13,41,female,9,20120810
ohEVCAtuU85QKyVNcTZ3WLWPyP5HNE5qTZ76/2O8Zak=,4,28,male,3,20121016
oGCLkmm6wWnWbUJbddHUm9FITDEuY5OBRo8hc+C/We0=,5,20,female,7,20121022
GNMAigulETwZMor15lTBklXsHSf+E8lgnisQ8+7ujPw=,5,26,male,7,20130108
3AzHoCtZdZ4JcnktT2b/bVg30NTp1mDk2IZHWj8IMEk=,22,32,female,9,20061021
3koAXA9EuNoPkmQc2cNZuGH0jo4cabRvW1KxY4na104=,13,33,male,9,20070307
XTiVnT1cpyjTZiJOBlUjwVIeU7mG7cNDFNXeKqUUD3w=,13,32,female,9,20090419
qcpmKGLt5lE+q7bawhiuPf7x1hoQtP6v59l72NH2rhI=,5,49,male,9,20090910
sSC+nFvO+D9TWYvsFoCVuhhNYx0ToTJy4RAEjzGsowg=,3,36,female,9,20040328
8HpxuoEGg0bTNuNh8t5N+MJx+mRAxXZTEzvwT2cmSJE=,13,35,male,9,20050124
UkQ0MAYOOqtNjfO4fY9oQfuKRRsAead7zZQ7qpjCzPI=,5,35,male,9,20050314
WH2jDOhmu5Bs8+S/TyXdoT+HdA7nOogfdK/FqpsVIYE=,15,29,female,9,20050413
+40NZFLVGI96pEx90PCB8QXldhjpYoVSFOOnMxO70e8=,5,25,male,9,20050925
21iFDGoumRpL+e0jMTststCbCw/zKAfBAUuEBshVBAI=,15,41,male,9,20060810
UZ1o0DcXbmiXYGZKffqq1ar1R0jr9v9akSJR1T3m9Mw=,13,32,male,9,20061027
WxiLFrR+9XtwHVVZlUoEHMgO5Lwxa2MDcviWA5WzBSc=,15,30,male,9,20070101
Ee/JDH82YCDZTy/keZUYvvKCgX1GYc3W0s/1jHCO294=,4,27,female,9,20070218
2nqTHEM8UYVLD9Cw7slm6L8/GOgndMw8F7tUESRTIaw=,18,27,male,9,20070317
E14q0Os6SPyrPrh9K4KPdcNgLCX2S35ivU4zjibQARM=,5,28,female,9,20070409
6Q7HEAKYH27qRElXCnS1vNGDzpuMYu6o7puF/czAYLs=,11,33,male,3,20130704
51v/5lhrq3S5VA9kRyeCPZjGj7wN0JUDDS1o1utl5s8=,5,33,female,9,20110507
gjAFG0wIB3a0qPKeCKhZ5BM+ITa9+qQb2FeFdpFFiWs=,13,18,male,3,20140205
Y5Zo9DzYjdeFaO1fkou1Ip78FrSX+E7cERZxBSLPX5Q=,18,27,male,7,20160729
RjBPpswGmqk4xm0+uVCzY+S8dppOc3iFA81xoGTPTkw=,8,16,female,4,20160804
WX6893KDFliYfvQULQSjaED3aChZteueBv4JwWI3Uw8=,22,23,male,4,20160523
0KMbL+N++VvBMMG7nVqo7FyXyVM4bNZSrGdylEVr4cY=,13,45,male,7,20110718
H2n7rcdszCHIhLxKjMB2NyFl2lnV/JCprorukm6nahk=,5,22,female,7,20151121
DaAKY1oQxDlbQmdfPQwdsDN+sWtBSjtUKdtjaRc9SB4=,6,25,female,9,20140316
sT4a9GpY+9qF5iSlOa6PBhR/bcOJuL09JViGYpDSFf4=,13,33,male,9,20140421
Ik5ruB+MvsZ8/jby06wkrIouiKNtgupj4wgmi5xl5S8=,5,17,female,7,20100407
7PpU5rv82eeasaPj0593XnjcfwMvoyT68N8FD3V6qBc=,5,32,female,9,20100607
dZk133Kpme37f3s9xsz1JA7N+vFeSv2oPAHfcbsL7Wg=,15,28,female,9,20100615
toCrHBUnfKvalOthhwEk4/GgjO2INKDka9ApHuYgfjk=,4,47,female,9,20100222
0M9pX8d5b0bc38s1hF0Bxl9UMQbMWDr9LL97Cayc8zk=,5,20,male,9,20130725
tKxaSxQeuFe6csy2WwfcMmMaw+4Yhrr0J162FEhN+o8=,5,38,male,9,20130826
IyVM/nGvj/xVRyjm9LAHM2vzRvm+g8MAkpDYgmwnBcA=,5,19,female,7,20140216
24PpBn8wB9VhNnw3j+zzRHKXqy6WOUOyFKbfWTh2NS8=,13,19,male,9,20110806
Q77MPYx6CPmT2+iPI9tepFi54O+iAO0IYFMspRh2g5A=,13,43,female,9,20110905
0GcothMyoJAJhzUscuOe1T7Q3RumUtHWAMV48FdOOS8=,22,35,female,4,20160821
4YFwVoEk82tCa7ONb2LoTcGBtRDu1ffQ2tk7D6peKsw=,4,31,male,4,20161117
RMcXOh+Yhjob60R78HOeLgGdOegqWb1ebO94AoTPEQM=,5,33,female,7,20111229
RFtMsChUlI64y7tGwiqNAfbSE1ZHMVdVsTMoX5O+0pI=,10,27,male,3,20150209
g5R32z+G0MDJLrgA/aZXdA4TiMUCcCKMaCcaF1Hjd6k=,12,30,male,3,20150218
/crUi3+ypTdjXlqp9jd5RB9mITDHRuAMwqEn6XZV3+I=,13,22,female,9,20150223
vy7Nxy5Xesw6Angb2uGr58t0wYRXP40NkedHIsx4UHo=,5,58,female,9,20120309
uA8HaVDbomXP//59QQQziU85yCcnxpsmo1805oOh+hc=,4,37,male,7,20120210
wqfACmprJRX2OEIqFCnRlrDD+mA5L2dEwF4JoDYiCbU=,6,34,female,9,20120310
VqGNo497FHarWzHB6IeNPHzygi39aQsi6OpHZAncBB0=,13,43,male,7,20120409
xGtxZD4Ej/D/MfqpD1zkfoJ+ldnx45PeMkt6paeC+Ho=,4,20,male,3,20120703
qO9pT29+0yvLNlFYtLoV0ma2HCbXEC+4Cd6d7q93Ebg=,5,44,female,4,20170204
A0+Gy+nE1OYWKwNcd/tMGTGJd4aNOtPX6U7rpfcqONs=,4,20,male,9,20170306
KMlEJsz7oYrcz6Iqj8U3CjTIy6XY4UEBaBeeWJcYriA=,5,28,female,7,20161201
a1shzURtDXiApzES798zSHNpDkzpzDogbsVMe4xTHtE=,13,42,male,3,20161208
/W/QFiGSASqC6WnDipcFVh+hTGwfvB8RcmLk5Zxusuo=,5,24,male,3,20130910
r2WZNdtV4rFhsQeY1k1Xt1mXi8PQXxiqTS3yjTI2BW4=,15,36,male,4,20160410
pwpnLKYxHbJS5SGXEEQHTk9UBfuKqVpRSzwREnuBMt0=,5,24,female,9,20050924
dZqsRZtfwqb3BAmq82IWbFOHjxsc9bAQYcXHijmJMsU=,15,47,female,9,20051009
k0VWJaDctAAhO4EFZCUCoG8RIk3Lh7/8uafXJrxMc78=,12,39,female,9,20060415
dScuD4Daqa+/+EmejpB/qzGwgc5bpoe74crg/3ivbzg=,12,22,female,7,20160808
4a1LDcTz2bck1DGcj6tpjmO11e/A7NUx6AY9KeEJJjo=,5,21,female,9,20091016
lVUBznDEzsj0FuqkmmaIWDOr8TDka9Ht9W68Thf3n04=,5,32,female,7,20120301
cfUk+h0QhJJiM82pSCeVcySWrveG79yPrpuAiI51XFQ=,9,38,female,9,20120331
toZD8N2/vSq58la1TCgewATMRVACZUq3YBUkdZgpsS0=,4,26,female,3,20120415
41HhKUMw8qeB2cMP0g3jfwLO+s75hnynAAFpgGVN5Is=,22,27,female,9,20051108
es1jtUR6Cg13VRr29wOVGZStS0hQekuTG8nxYeEeZBY=,15,42,male,9,20041207
k+uEpPAfOSBpze7A0B4i+JCXpk1D9m83XrH346Ie0S8=,4,34,male,9,20070610
N7T+oxm+FCiZUGsHfLmrfa0dXUeZmGnm2tauyB2SMB0=,6,25,male,4,20160514
mWueam2i+iTsrd7AsdwS0YpBDSqCoby6aSj4sadHS1o=,4,25,female,9,20170103
ioDxj/xBSxqhlEbeBS2H3XU1r+1MUCHPDm9zug3yHZs=,9,20,female,9,20141010
KrUEB6Grtffr34DyaKCawdkyDMl19ZHCMjbggSD3UJA=,18,20,male,3,20141016
4Q7MudnJrQN5a4APHZI5h4xgWrkY+lXgJUqrZQPrMVc=,22,34,female,3,20140920
tIalME+8pZ0Y+PuBlxBfGo3T/bsEdNODEM/S35k85RM=,18,24,male,7,20110623
6VBTr4trviklouO4nKHIN/G9AQkNuzw54XbOkh9C7To=,22,24,male,3,20150108
FFHU6guSCRwDcbCu+2nrSdvqdaQGcpw6t0HkO6Kp0Y4=,4,25,female,9,20120115
B371cVtRn64q5pHzrSR2yFjDlUebRtntLX6d4FEZZQ4=,1,21,female,3,20150128
GGEhmhupTWchXJxsl1M1tjvzYLPHUAKmlN/XyJFhtXc=,13,28,female,3,20150211
u0/WcoSDAiPSrqyZvN0BsHO6Q703V9YGjQYusLnjXUs=,13,25,female,3,20130813
UdZl8UYCsT2gasbEjq/yQMIyzZBD4+qScYRrSB0L2vQ=,22,31,male,3,20120914
oytIs2ZSN6D9R6Gdu9fgy7oEReFl8j0i5EittS6t/Xc=,12,34,male,7,20150426
wBzK1Mh7F8R9HnuHwlDIDT6+CHYJPlajBRVTsSJDTgU=,6,16,female,9,20140922
XJLcC3OhHhvEV4LgStjgs+QM4mjSbL6mO3HAomtPhjI=,1,47,male,3,20141122
MPsUPhpyHT7kIKi2jGZvVeIf8MfYgV4l64MBwyY5Dh0=,15,25,male,9,20141202
pADcqXS69JFDz52cPt5C1Yf8xqEeZQjo/zC8UBkbh84=,13,22,female,9,20051025
sSnrRV4b6eRtp9finCZXo5Lo4mqcp2HoZzwGqKUfNAE=,5,27,male,9,20040508
1mxyAt/3AAjyvLb7bcqVPcUtVt0cFTPS9J74vSJ3Yec=,21,51,female,9,20041120
fe9DYooVZXpg0ugU7Fs1+0CfYPvXd1drsNqgsBIZpiM=,9,33,female,9,20060514
/wNFsTs/BWlAi4CzAi6moqLu1flwyOFiEliioaQGzj0=,6,27,female,9,20060629
FHiSObMhWcv30IcYOv5hHW2eBFf484LUkzLY/2lzJPE=,12,28,male,9,20070310
DrpxSGHftDlAUv2ZDS8sgludNCFp4tDx0hZoPPepDXw=,14,23,male,3,20130918
M+RTd6BYqbAmVcRzHg2FQJYMMKrqlFwl6o3WtTMoPGw=,22,28,male,3,20170224
VTeWT/JdhPthxUopu/wpV5zgCweYqObyveiNYxiaH6U=,5,18,male,7,20170226
bcYNJgAaJun6hfzjl6I9eUqu+3O8iPUA2KBIGxLzKmo=,13,21,female,9,20170309
lPO7fWCq0BDqycJvUFzRosDx4JMtFaQrBApEHfNQ1lQ=,9,24,male,9,20110613
EvIgO9u9tw1+DL312AERa1qP3DE5tBUIszflvby/ung=,15,23,female,3,20140514
zUtKMx+YKJVTrDrq3bELXnQyzDZPu0cwgslZcG9Vt+M=,15,24,female,9,20160830
JqBXrpF+gI2bKmOgIbhRf5UYYMH8gKixNLBTmgEyUlY=,4,26,male,4,20160907
8TThFvdOGNcGvOc/ZbHu41G9pYZu+Q36mkJ1l9hd8X0=,22,45,male,9,20070815
ciWEeJS9OxmxrDUJJZdAAPLiqKOCoLdcIhoxquJTj8Y=,13,39,female,9,20060705
/UZwxLagOaLqsFLvSGiDfhj2QJVdWmhzmhM1BpaqO3g=,4,36,male,9,20070112
qdVpHKk85Q7MtxKt6H6G6V7rN2BoMFW8AYmjcgtKvnQ=,15,45,female,3,20141012
2zYSiuqwhQmvTt3DOWJOJEak3xLFI8O/PQOFnsKKhnE=,9,27,female,9,20080505
ogBGMM4oycN/PshzLHxqrM3ycyFvR9cstUsEuKzh5UI=,22,29,male,9,20111119
VHCvjy70Pm9sGyqD8L5uSevGZNrdhdx0ZNHCo463vgM=,13,24,female,9,20111222
1SNeguZKxO2Fw7rGvy6MPwqjkl4uzkl3pOwCKcrdgs0=,15,27,female,9,20160320
JLNzQLHzQa0qbYo8A+FqURLPaqXLp51RkgQobBDLRwE=,22,18,male,9,20160327
/iN+FI6uxZQdLn/WNvbKUvgTehR5yd1OVOE+s7D8tMA=,4,45,female,7,20140910
E+Q7gEQa81r9w/A+3u3Pdnm9B7W3hPFbtejbhBB/pIk=,15,34,male,4,20160924
BZlbR1xukDtfuAEkFBfy1ei9r09xk4Mmx3QzzYSFDIY=,13,29,male,3,20141225
Hk+1fjym4flWsdL+j3mZK7kgEmgKJJvJrIf55EZ8YXo=,5,17,female,4,20170216
00rP2F1P27B1R7rXqvoDkU3m+eAhe24PwG3lLlRXeJ8=,14,26,female,9,20111126
EixqEFgqzjsz/aoJJQ0fO3o8VpiCq3wK1GwXnQ3IRBY=,22,27,female,3,20140607
iaLIpV4XWw22jd1HPKVVgZ77G8LgFPgef0BJYwbM9kU=,5,20,male,3,20140620
D3OY8o+jXYpU0urXJ2pq/kbHFbuH1Gra7VCZTo6SqLM=,22,29,female,9,20090313
BFpyk5nllwCdbzVw9ryT71i8e8OfmIKSufZxxSusFcY=,1,19,female,3,20140820
3H53j0xd8teHqo4J4Xd0lKwIzTTn6bwF3leJkPGCwWk=,13,31,male,3,20140822
9cvLjtzf29AF3vAUSi4hDTPNfXOYYhFxnK/LfSnFaME=,4,30,female,9,20150715
DN2tmCPFNJ7SfMM8YU9r0D9T8Ki3d8Z+stuHvpTkl7o=,5,28,female,7,20140430
DuX65S03omYSTM6qwtG5hdkWUCuwSJytyNuuH9o+n1g=,6,19,female,13,20170114
tECSpP2DMypdtjWzXK6I5IhIUqM0r+eZbl9l0j8mpYY=,14,29,male,3,20140816
f6peBzFdosCMm2ok0K5nk2BaLVmluTLzzQLRDSPrEiQ=,21,32,male,9,20151210
jiok0SuQNNYQeRwUVVIvS8YOImwFft3MGDCthGurjPA=,4,48,female,9,20111006
hQD2nOTxDx4/S/Uxbe9pGpuBYRrCZhpkuJGev3USeSY=,5,34,female,4,20170203
9Jmsn2WC4ibiSsKlm3danqzTMRtX6kqE2yr4y2iOMzE=,15,49,male,7,20160608
4XhGSgCA/s4munJCCt3vgr3AXUfe7+6rKrGQis8G2oQ=,4,23,male,9,20141217
574ooyXCWhWEX/67GfBUqyOUsfHJC2MA57onH7lu/G0=,5,34,male,3,20150510
Lg8WObnd+xDN2i+JXNLvrsw+wbzDy0t2Al4Tn6SWJ2M=,22,39,female,9,20110210
dFFlcuv3kGUkkb+DUSGq3eAGUER2U+Zns8ah0hfZ1S4=,18,32,male,7,20161217
eLMZJv+T5fjfipdTiys0EHeN5c29pY5NKOnlwkgOH1U=,1,51,male,4,20170128
OJud+W9lAm10OpjojJ8U3J27/AvmH80//NFS2oNxmXY=,12,25,male,3,20140729
g8neDS/EUbiEmEAOO9FptufFfMYDkh1zPz9ffXdO7nA=,12,38,male,9,20041213
moYhPoT9Z27ck87v+5JX9zzD7lwv2x987/mhjKLzIpA=,14,42,female,9,20111216
3u1xI6mYqvDGM7zqyc2MskeaOG7WEplEWfmrHtRJaso=,5,41,male,9,20060829
7vSRJtmc2FOyjua04vra5dcvparooFBez1VcuqQMizg=,22,25,male,9,20061024
BnkYfVHCzUGuQ2gBR0iJcH6vQf+Av0JK7ohMce42h0g=,4,45,male,9,20061222
FOYPmPztnk3mpMc+FutpwGkxsUj9anrhXRHTJcmBmHc=,5,34,male,9,20070223
VcdiRD0vCBiOA0Ax/InDpKtkcvkNR4wX17InpFPwpw4=,15,39,male,9,20141214
BdmconWptxIjSzMcWY3Z7iYQqBN8e+9maZ6cPw4cQ/Q=,4,28,female,9,20150107
mUKXwtTAzHLV0SlIxv9T74XxW7/cmr14Z7dn+BaV8o0=,13,43,female,4,20161116
FZoeaLuyp1qbR5uj27p6Hz1MMBYc+6/UqbtGFqc9fZg=,15,23,female,9,20090623
gP7LKsJauKInwNxiLTNUT6igBVCzCHoKHgUjYgODB/8=,13,37,female,9,20090824
GV5knMifY5XQM7IpVxOfmkzGyMMPlQ+yCKYkCG8yeuA=,15,27,male,4,20170226
5XTt1MuP3qKPULEgnkwo7Ll6RLS69gGagOdx/BDziUY=,5,21,male,3,20141207
txy70A1UgZ4XfF2QQCJboSHqN+KZ1LGwYKr8ObrMxPY=,13,31,female,9,20091127
tToPAKBMWi8Lcoo9g/StFEs0QPRefKA5Wa2p7YQ1OwM=,22,20,male,3,20130731
wfI8tXh0qRceKiYTb0m41IKbswwvFEMzMt1arCv5nxk=,5,42,male,9,20041025
PoVi8LE3dWR3OT8PFx38P9sQFR9UNA6FHSru33gExN8=,13,34,female,9,20120921
YGpo8yisMtznJY2ar4SuCwRk2oaNvVH7rwXotZsEqxY=,6,37,male,9,20121022
Gfc1le00VGT+gqqj+4UdpSvOZxSqT8RR55ylzOq45Vc=,22,33,male,9,20121221
qcNOrJSKy1nsF0WbxLQY6TJSErhmWm/+pBuuXLbtYQs=,22,31,male,7,20121227
n10nzAp4iJEmRQlNj59pZRgvNN4haBD9MEymjySeOOs=,5,39,male,9,20100119
Oc4zh206Oa+pdFaaNnZWh1ZBL5ghRVVZzubbgHibD84=,11,27,female,9,20100211
0ukP+NvSvT6URJpTtXmE+N9aefi0ZHU7t+i5lxPTEeo=,6,20,female,7,20160601
r3maHwndxeQb+IrqWTp9QmdPBl6/I7tx4yGuUVBOu7g=,6,21,male,3,20170223
C4h8GYllWE3jkdpXrjSm7bYMQJJ69KHmRLjISAjQ2PY=,13,29,male,3,20131103
C7Mc2V5D5o8qkAfAm9iaLefjhDUAL72lbzlzzFTxEes=,12,31,male,7,20131115
HKhCEsA5wEkB2ntCvLmHxLsWbw0Zw9H/4GfEhvAfMKU=,5,55,male,9,20090617
4wrzNwn2lxZh5x2pGWAfu++qxRnE2DVbOMngxM8HIeE=,5,34,female,9,20070612
SYP5skGi37SSXdWQbao/S1iDQjti8gsYxuQ6lLA0gNs=,6,36,male,9,20071030
VlS9P251bgqv8Ba3KGOFxOzYZty7WvYt4TpSq4zSRBQ=,22,34,female,9,20110218
FCiB/UTSumeuMYpdX875ifJzICFMMuuk/6FYMuU4ExQ=,15,30,female,9,20110517
7LkUCaEgrsIttU+TlU7IxLlOHjon1t4N5V0CiwE4oOM=,13,21,male,7,20151021
d4EUpZUXlDckHNEhDgCDTXXahjkuslRqYafrAwq730Y=,13,43,male,7,20110818
+iwAPr8I52jaxGG4Kq9apoAqMTuYgoWfm8xI05cFiok=,15,37,female,7,20160810
QJRBo/kAAVm0L6Acq+RhZUxuNGsWGVITQM2sqDlM1Bk=,4,32,female,4,20160503
7G91LKYB0BegzFCNCbiYovdFAL3W0ig5Izv6I131JKQ=,9,22,female,7,20140423
FYz9g/CKDBaJsvQfkULLM8aydhaXzqrRYNSdXD2v53M=,22,23,female,9,20130716
cY75MhILw7DpldsCjzq7H688JSIGa4zlP1ifZMANzO4=,13,32,male,4,20161115
2asYvNq48UKzNzO4iWi7fvrFVzvS5hVFISXsVIDDB/k=,22,43,male,9,20050917
WgoGUBnHskp9sBLqhdDrkfr5eurUFGV2lqPFK7OCh3s=,22,24,male,3,20120119
afiHicpwvXvrwL319A3r/PUbbSSqMhwnJ/lEOHT0e20=,13,21,female,3,20120216
wg4NY3POad4+bWm6MCSAk5nHjpb+UmhyR71pbMMdfH8=,14,35,male,3,20120321
+/ztZFzzOLlsYbWv+rZ4XJ8p55r+1+l2OpQaGaJgr1U=,15,20,female,3,20170120
EKfRqJ2eNHjjbjqF81jmEE2vbofd5R91td4ZuMSs3d4=,4,17,female,7,20160807
cVzJijkStNIUixRrgz+g0s7HkZUXpQvNRAyNT8WqTGY=,15,20,male,3,20130120
s6e9V87G51MmE7Dm/omA7DO2P+z1ag6O/j5aQCZWUh4=,22,27,female,9,20120217
z+WZ1D+rdzQhc4T5k55/1iwL2S+zfXq+uwxcq3Cg3rM=,13,33,male,7,20120305
Q3FcUtncfbuNenHsV7YVbO21Fu84YlEMATVlyuUAi/o=,22,25,female,9,20070510
1QuZBmdZnp8QKvv1WIjQqRwTL8BtZIcJn54Q5HK4Kps=,6,25,female,9,20110620
B0N6edDMMsQmlA6mocHUTTGY00x02Ghcp6Bd3HZ5hWU=,5,31,male,7,20110621
lpSVDAyyWJq8oE83WMM1i1osK7yFEs0CYM0ClQFjyT8=,4,40,female,9,20110624
hJfl3M07KIQ6Cd3n+QXwv4nVDMBctNpO4H4T/XjvHJg=,13,25,female,9,20111110
NvMf5v/9bp0Aray9+YEoOC5L9nk22raXXJJnpmG5dVk=,13,39,female,7,20111121
BqjI5fzvajUF1Ew7XaLQRulKZNBv/so05hTiPOmq8rE=,15,36,male,3,20140809
B0IqtoUpt8Us/GJVC3Lax97tWmLWd3+MOAb3TlpJGS8=,1,21,female,3,20140827
CPAWbMiIF9IBD/958xRYrkcrP4BfkZ+kozj62UuQ2j8=,6,20,female,7,20101104
zsTYeQCbXV2zCBsN3BTnRA3ebNc3NuVN6GxdIm3G/ak=,4,32,female,9,20061206
0cYcDWPF08f57s5JPZUQqrU1QFoZ/2m0S4i/OLrayAI=,5,27,male,7,20120626
w5O8K2b9MvBFTihAVfpRwglQRM0oEOK3U/f4v3ln1qk=,15,21,female,3,20120705
VYh6VDz6A14V75Fd6LU0th+b7JOyQortCIFBMfuUrCg=,22,23,male,9,20120102
rcfwWGMyh8tK0cayPiCyqZbDYCEPuKBbMFKLFce1GGY=,14,39,male,7,20120111
bh6K8OrjN5AlrWbv1qBvY6HTVAGrrYReJu1XotVcAsE=,5,24,male,9,20051127
yBSpBI4bFuhutbh4gXg3LNyZFlY5Peu+tRTFFyZ2eKE=,15,28,male,7,20170227
vy5UglxFlDLLujA86hvVd3kxsy3ywex2wHiq08wdMe4=,4,25,male,7,20120110
yRlc7YdATz1dyW3+0SrIUGfVPh7DfKRwKugHXZP2+Qc=,13,35,female,9,20050922
qK9xKatM7fUOMo3tyXmys05SWNO4Qqr3YpOPDEvT/bg=,8,25,male,7,20160612
f0Vtww7tor9cGgemZgcuemTEduLXntfQJENVQgVt/O8=,13,18,male,7,20150414
m8b2AezoKldlhJQMBcVFOspYWIHn2xwjHZxFqxn7X+c=,15,30,male,9,20080405
fMaVf/kJ/0Ef25sKdRoALfGwWULjPYav9LU2m8NPOrM=,5,41,female,3,20120411
TAJrKwzGGsLLysIAAcbbNPPGtNhhaxekn1Dth+Q/ZKI=,13,35,female,9,20110709
aE8b4nETcpVnzvItwma2wOxjTnQT9gVUj5KQcMQmh+8=,8,21,female,3,20141031
UCXOGdmsGdLW9crmgnxtVd2rHSBcczoqSnPcKKACtnc=,4,26,female,3,20141111
b6kGf7Uteu43yxPBb8ta0cwwXGjTgEG8MCsHfD9M2Jg=,14,46,male,9,20090719
5fB5FYyKjQaF+T2h0QHMdDi2qoJslyjXuyiAEudv8oE=,15,33,male,9,20100115
vgiHmaRRABRTVAnupKO4iP8sOT0DKvYBncePZs5Exrs=,4,31,male,3,20141229
SAUeO88AkHVrD7pNWbFb+bWmMUh/WjPZTaAU3wMlCaI=,13,31,female,3,20140618
XUAEwwA16lp34IatOzNFbwBo3nH1AkXxXcKruc80meQ=,15,17,female,4,20160722
g0Gfbv3hLoeTFhiugm5i4HOiwZIsVXa7yNVSwYkscTo=,10,30,male,9,20150411
c007Dp8Al0bGcC58Gwj3+WbY+dBjf+BYN/7mj2/8us8=,13,34,male,9,20070205
IXXyELRa2raJtt0l7WaNMs7cieRjpy0ruabJBmC6ncY=,13,38,male,9,20070316
JB3eYRDFbsMmGvt/TqKFpVwTzl4mBkBh6Uic/sybhVM=,6,30,male,9,20160921
wmUeDGJYnS0VRbxmCp0+JM6Pli7TaUW5SpIFVt+QzIE=,13,28,female,3,20120114
CHgVSyeEH0hf0kKVCdMbZvr+WMBtCeG0jB9FKT97Adg=,5,19,male,3,20161230
OQyEqS1znTa7Ts2DX3YhgqeyHe5281sMARrA80cb5xw=,22,25,male,9,20100530
3/kRWGGnEd5VwBHpwuf4mkasAf+ufsBI1jboO8bYAsE=,13,31,male,7,20101015
0Ez+fXDCRzIpXsGqqgGs6FcKHoVe4mpZjyJjK3NsR28=,15,33,male,9,20101015
/XXjqFTNDHCixski0OQ/NcLPBu5YL07L68+k6FoGmDI=,5,29,female,7,20130606
FqUZP0gyEOOsG3ty+nnkV2l5bYsciuvIWFy4PVbpstA=,13,27,male,7,20130611
lCYKf724jhZGyjF07vB323kQMCUwLoe4tSjxHWOJ/e8=,21,40,female,9,20111026
z0qlYJ5gQT8ilnOLcYLWMtUzZz9ocAv3jPoLN9D0hCQ=,5,41,female,9,20110410
YcijPkx30mwILBVZCK3bXP5w/VheiegvQ9TgcHA5BcE=,5,46,male,9,20060924
YfiDqR6cXBpXcCrcNrTKDapULOOXk1Nab08fPaVM+Bk=,22,36,male,9,20061023
TKI0aOshktRblLfhDVvOS8/ovGiGGv0zElPK8OyVDRw=,13,29,male,9,20070209
8dLukH94oxn7U96c1bJNjh7aWjstIDsMTldBMC1JuGA=,5,26,male,9,20070222
33TWlBDzkCe738NsG+j1ney9+scQM0Me0wQzhpHdYOA=,15,46,female,9,20070409
WMx1QW1VGU14YYgWDwEWtlUh02KirZINmES/t76nXYk=,15,36,male,9,20120202
CI49Fl1AAjxQEOCJNmHQhkWCENTcB35LhdsvNltqtCg=,11,21,female,3,20120408
7/cOCLLGpvKvOx46mNz1B1BW17WXwHl12CtQn6aBaXk=,14,21,male,3,20120505
yuE0QlWJEMLM+fa+wlE6qR/MTs18nSaS5UIC3MPlI+U=,14,33,male,9,20060818
eYLGBYGV++wsqIEIvwR/iP/hx1vLKuP0gJBeOpCz1w4=,4,30,male,9,20061102
AvmtnRQJY3AnykubZYaX/7/I2+kvPZ9N0RjfwuQcsEw=,22,28,male,9,20071203
VjaMJmZcDhwAq6gEdB7RZK23qgTt1M4j0BWNUbRJQMY=,5,17,male,7,20160823
/fFpv85fnjcRoMOolSC5/eYzHZwWoOB49fBm5tVp3+o=,13,28,female,7,20170216
6GSzqm6b9Xuu632ZgMDAvEtG2/A91X6QZh1jt/6reD0=,15,44,female,7,20120525
dXrDmzlh0YxZv9yEsvZxK0dsKMRBBmb2Fwj+V6WYB04=,15,20,male,9,20111207
TngSOkW+Uz6Xaq5EsdZNkkhlM1XoR+49SP+D6hEgroc=,13,30,female,9,20070905
M5KOaW4QGl333i7ZyovWQRRONvcHgEzwjaG8HMVxc/o=,4,22,female,3,20150308
u0VSJySvd1zX1TCN7kuRat9CokPdpUaMQQNErNAG+JY=,5,49,female,9,20130716
Ms0o68fR6db0pJDEPMeGToJiX30ydVUhlcn5GQhUXus=,5,38,female,4,20161213
YHqVIJLhHeEcE8bTYyJpCLLSsKDV8Ms+CpNcWgqqb3o=,13,53,male,9,20070608
paLsmYlMlh3A/PD/FdNiZmt7l+zcLOX19MpDzLH6A+w=,13,37,female,9,20070608
nKWNCV6Eqke2oIe6WBIzl4DtatvJpUCN2yREYNYopSM=,5,22,male,7,20130712
Aw9STQY298aZsZmsd7482gFbt8NZZ6eQGDfC07X/cN4=,1,37,female,7,20130912
b6NWHVq0l642196NRW31GCW7Uo5UtljCyjgODJ2qm/0=,15,33,male,9,20060211
katmq1R/JiiSViWys8DOPVvAPybEf6gvWVZmsUzW8qA=,1,33,female,3,20161231
DLse5HGnOmR1JeRV4DQbyMXWGCpZZDrkf6FHABRUVZA=,22,31,male,7,20110506
PnEkpfpCyuD0Avxajo5dTsNocukXEm9QWgP/3C4KPsk=,5,60,male,9,20071027
reUTEqI1e1TQcJ9J913UuHK2hMKgpbLbp9Ghgl7nbMs=,15,27,female,9,20071030
5cn0Fb7ta/vEfiATOdtMnk6KnQlX3ToRvZO8GdePyeY=,4,19,female,3,20160129
+IwiKn3vqDvq81nrKMLdqnnPrFOGvjHPLU+YgE5Frac=,22,31,female,3,20141108
ZniX2Jhf3K0ni9nYBsuMGiNaJle7WJ9WPBHe5dIVSEw=,1,20,male,3,20160814
BFLmOxDloloVY6fiS3RvnbKoC+csEQncyXm/wqm5I3M=,1,18,male,9,20160907
2t3D3XgRvCOfYpOwt/y9AvhMDj0i6c6HOlus8pCZy6g=,4,19,male,7,20130823
J4hOlZSkowl0CTKOePZR3lL1T74KJRAmIk3RrD3naaA=,13,23,male,7,20130829
0NQ00Ri35mHV1YGpe/rCzUBsBTeg5qTs/0cqvQkjlKs=,9,22,female,9,20150202
NWGrXF3OO5oNw79EGYJ7mLNKJrAmkpghOEIJzNvVe70=,13,29,female,9,20150204
ID/UBUswIUOuioY5ViPuxQkgu/2/dSJPnvfUBHDSlzU=,13,45,male,3,20150227
XniQ+WO/WIV5sss/Ir3/DMkeGosEPFygk7sEUZRRhvA=,5,23,female,7,20170121
oKOQ6ieT+U1KaE1CCx63A/XJi4Ndn+F/ihKzs4cicn0=,5,31,male,9,20090405
8BkjjdOUaEX1cmD1SJd0H5mwjxK8vTd8mpHeBLD1g74=,4,23,male,9,20090506
jK2v1Bc+LaJEKDKn/bCf2eklP3haU39k9fJipgoCMK4=,14,28,male,3,20131004
V1KNkegkUY2mzeoN2cCDDGcvrpoUjM/UO6h/P+ufCkM=,6,52,male,9,20080513
R7IX7IWZ9hNqVbF1VQRtXfTugxHQt6JSeLnAczJfYaY=,13,30,male,9,20080522
ZDoGxX78bZoTM682mae4YaYOQlIJx+uBlUYeP16i8ZA=,5,32,male,9,20080814
4BgZmE+0cKzlWL/O0sNXyddCbvmQeWfA5caVANQJjao=,18,35,male,9,20090107
CHF9eNnDlzpPMgB5M3B+ILITcYLrvKNsaPRWBw1oyGA=,13,27,female,3,20130118
7vA31k7mHSiiS+tR5bQd1hRRgQPqdb5CuzNGD2gw9ag=,3,53,female,9,20050304
hpNneUl+W3OtXqXLd5iYgK/IZKja+CK37Pp0cyZTaMY=,13,62,male,9,20050702
v+exVOD1VkjJFRSjw1+4o0oOGxGP+6vQ+xINkL2iy0M=,5,35,female,9,20120806
w5VYUALTA84eNkrH1xPF1LnFf/WC9OY38EsBfWtfXqE=,6,23,female,3,20150529
pOtv6yLkcJt7KW8sajOLnVLfWgG3l8vd9m2g6Bell34=,13,28,female,9,20090717
wN1MU5zErLbKZrCkBBJ944aWt/JuP9/VJ8yWotkkG0E=,9,43,female,9,20100212
k6yJ15TIwwLOmZ7i5o1/qnc1slrjHGYmfm7yc91bUfM=,12,26,male,3,20131115
JzHctklnC8jJhKecwMQrF6EB7pC6sJYDYuWXYI9LigI=,13,24,male,3,20131121
C26ly5IHl3BUO71boYAxetFRlJcGAgVvqfXP1OpTyx8=,14,37,female,7,20131215
vpq7nyDjcI90axnF3+Hl5fn4zo/iZTTYNkj9o7y5e4U=,4,21,female,9,20140104
HvrAvtmvpTrzH0MjXKk+MPz8JBp50lUyHxDdNM8a7F0=,13,32,male,9,20070704
mjWCjzd/PIjpHFjb0lPSWSyjJJ4JvNNhFcWx1C4O3oc=,5,44,male,9,20070709
zPDdb5budMYiK/CIqPTMP8wpxGz/qEBRlKzwl92xCFc=,14,25,female,3,20121220
cOjg6TxByrSvEHoQoaDH9vyB1i/8EGjhnzpA9X2Qzsk=,18,34,male,9,20050822
+OCyVDYXfIL/xGY5fHN+co4ZA9kW0DV66gV3ccZlhT0=,22,26,female,9,20051012
/fpjK1MoeVcCZK/6r76e8icJhOdv8J+LbSH8EiBtoUo=,5,37,female,9,20060216
xbDI2Sxe1Um0WTXIsr3MQ6dmsg7tmkAmjP7GXTBDtcs=,4,22,male,3,20160728
o58LUITpTQToJipGtKS0jwfFtBlyFvS2ZaPSljFxMIo=,5,28,male,3,20130104
4bc/o+pNXppGTt8J7yqZcIfhHVBaiHyvdrR2knZaAkU=,6,20,female,7,20140804
cB1HWT/D02XbBl9DxFiA/sr3ls0upjwdPdGrCKWPhOI=,14,31,female,9,20111006
L3JK4WVX83PDbWTv+sX0UeCThsGoWGDg0UFTKz2OecY=,14,33,male,3,20141020
B0LxFN7MbTFnq4ZGQpf19u1lyJWu2Rnh+0ErNSY/iew=,15,22,female,4,20151129
fVobgU7cXheoLEThRfma4Dp4HEYpAca0oDWUBv22ksw=,13,15,female,4,20151207
gVma6Jy0Mn9ZAhymySHYt2inQAtCf0PmMdTMWzOEJt8=,13,17,male,3,20130223
IcbCX4rxYbTMlN9uFhXnQd7SaukrdbWJPaETzkSM7cc=,10,20,male,7,20160929
ufZoBUzO/Y1f9eUL89aRKdUlcv8Xu5Fbn5LMwxoy1kE=,10,19,male,4,20161005
filuG6YQeE6v3yPpeaqmdNqjfuI6GZxRF120iuBFgek=,14,21,male,3,20140702
YgtSYnzWv1fDUoQ1QK854/jU62iwMrKZWX7ElLOXhrc=,4,31,female,7,20121208
XbxYTwF/twcU8c3WdCE/Q0HRPhj1AglnUNWXI3s+IOI=,5,50,male,9,20140914
7OSBcWT8fMQMhY/U4wqoq3gqr455anesXx8ySn7e5LA=,15,34,male,3,20140920
nz+QxPpNGB4YFbBtKpSlMAB7HFIdI1llA/jyCPTArkg=,9,42,male,9,20100409
s+WdTBmMKyiq4c0+2C6nDnQQnQIFlsOjxv4/gHC7mUs=,22,31,male,7,20121013
O6ux01BzveIB8GGo5849DknSgvSWUjfCTm1cv8vEQAc=,13,30,male,3,20121017
jGcdyZvrLk1Px8a7lzWIwyToMFqs5M29A4HYTJH/B5s=,8,20,male,4,20160518
cBQDDhKsHwf+jt1t8G+e77ErAJ5C66gfzwPx/TYhJOY=,4,26,male,7,20111016
qe0JxVpjVU0HZdwMvWlSaPKdbceMZiSZi67LlyJlhkA=,22,26,male,9,20141112
7SmhL7xFZMGz4cYrSwQISSda2hko6uPaKUHq2o09FIA=,5,29,male,3,20170109
atQZ9g/+EGzpzArTRI+Oa+Kj9jusmrWrhwUJp9JmKOs=,22,61,female,7,20160806
QUquU+CTBNviaqsfvSfCLmw3WSzNKv8PlyytMYUcywk=,14,32,female,7,20160818
PjEJeLLvxOF5eG0S7CADpAQBbvMjzkkhWyZsq/P5enw=,6,31,male,9,20140814
KOsweBHTXVkQviwhu41ncsPofd+LykM0Yoh6aZdOMTE=,1,22,female,3,20140930
i99gFlbcAK2Hv2x+xsrr5WNYKJOME6XYPxhfE7owOKQ=,13,28,male,9,20070805
0CojFTIdzDvYsSmiOjQv97yJhc/uYC8ZY7IwbqmKOM0=,5,28,female,9,20111201
Ld/Y9G3lOJpJJAZ2yR+dM40TvdzPETva+c3pxCe4h6o=,5,36,male,9,20051014
BGpewFCJHJsEflIi9GWjbEzRhaYhXFZtIQTuTApqCh4=,12,30,male,3,20120918
27GE5L37B5caLXoln7QfnwjJeAhui+afPfTb+q4JeOo=,13,38,male,9,20120929
GChdNwIypw2Fpn9B6ck8AgFGs0BnOazbXf1aXaukGqg=,5,35,male,3,20121022
p5ljft9aSh8LnBXI7L3JicypTamQpydJx9NTFQ+sJ/Y=,22,30,female,3,20130803
C0JaLOK0otKAK88LgDFtyXWYw/Ao0fSNK3AD+xccGcM=,13,23,female,3,20130903
Kk81JQeqZU8g0wcz82UHDRyZQ0QaT7nwSpAGUDNMarI=,22,23,female,9,20120827
p7geT0BTHnKyAjy2vIztZMtGxPuzgCF6FB/XaZ50Pws=,14,31,female,3,20120906
U6jsrG6S/QGJxc/dVHOhoTRkFaJsEFY14gE4ZlUgdHY=,4,48,female,3,20130325
2ZGd+szA3cdrkJAsWo5GGzbaDoM8iyS5K42uKrDNJrk=,6,26,male,9,20150218
MroJSv/ZJG7IIOtEFB33xxPW1cv8MVNJtrvZfEVqM0Q=,5,19,female,7,20170212
WeYmONwLA2QHA2e5Wbf+k9dvXqstgtQKThyOeiImEMQ=,4,42,female,7,20120317
ozNoZjC8pF7RrHlBS7Mr9CZSrS5wzfyopbzrqAlivJw=,13,24,male,9,20081103
M5CJpt0oReOpiUJm9OgtrY8YyxfGBz/yiIFmYfynTe8=,12,33,male,9,20090208
idwcSNdsustLBgklv9khMPNeCeCxE4KpCGf5tJ2Tc1I=,5,37,female,9,20130123
Tl7ooJdM6vJJ32EIrZO30ap5ySgAXlcsH/zn1Lcv3jM=,12,26,male,3,20150328
mQBmtdlJao4OmBH6/r68uxKQFaEsSpq2kluYBhxDVcc=,13,32,female,7,20120110
Zj0GMh2ySnhmeKWlC8rurCidrL6iGWE4iJ4MvZAffqU=,4,25,female,9,20150111
WYULvpuD4hb8XCWSx76acdVv5LjchHzZ6e+p2dK6WWo=,5,25,male,3,20140820
ibtFD9D66E3zYMDdW0znXn1ocFmbcJrLrkhgV0dzDg0=,21,18,female,9,20140825
X1fzQ2UMBv+Nbzw1VWv0pDZIMjgJHO+0GvHYSrSueHs=,5,19,male,7,20120421
xEikfOHiHTFgYwkUfSqfQTXTMQo1yegdwvRsFehmYW4=,5,37,male,9,20100102
PHYz3AJZ7n5pJ2/xU6T7Z2vtng7bPMq3ccfVpHelSSk=,22,51,female,3,20130729
YVenjCmoWWsqpG77bwwP7Bs6U3zf51ZwARfJyeZLJEQ=,13,24,male,9,20111204
LP6bJ3NzjZuG6GVqcbKNjIUEGOnJvVZIo8DLbGLKTMo=,5,39,female,9,20111224
KFNCra3+ZNuAecnpzQv20oqVjmryscLAxux5mbLxruE=,6,37,female,9,20090707
zbnOMk3AGyEFtf3/oCoXhsMUou/JK1nGsNSAFtp1C7I=,13,33,male,3,20140913
XgSc1EZIgof71JA9Ar/QwiVOL7rvVQfKIV5Uezb8Cbs=,14,39,male,9,20141007
4Fiu3J7l5L89VLmVuZ6YZ8w1tIbo30RWQO9tJeFhMn8=,6,25,female,9,20110415
sDp2gZByuHhdJf/bLl7UCWcujTrXONlR2Y98NjP/hSU=,13,29,male,9,20110425
3sxjQS3zKiBAQKddYL22X1kERR18zI0LNO4IzaH6GMY=,9,21,female,3,20151118
eUDf4OBSqJVJg/d2hxUZ1g7mK1u/nIB6N8Ib73d7Mwk=,3,38,male,9,20060725
DcmrsLgA+McTT1f4sGLB+NeVwgXBSdSQNSg4WhdWwrc=,13,24,male,9,20060817
L1sBr+N1vUXVBCkUAEByZuw+D+PC4jntf/3xThYa+ZU=,6,25,male,9,20070208
wHekLYbdp5em5Adx0F51WlB5EvwNIgjqDF+uDRApl3E=,4,31,female,9,20070329
GAPoQpag3Bz3iA5MJIxoKT2NTKgyOe/jKVfZ6ijOXa8=,14,30,female,9,20100414
6A+7ejO9us/QI68aNeywtKx1b+g0TJT4tooXFjZ98Ng=,22,37,male,9,20100419
3WJ1YRlkeq/izmIwHG+CXs2RVH6EXyHJ9MxpOOc2aOA=,13,36,female,9,20100515
TgqSXotuKC3IWaMF+YcI1sQGBO/mRzgub2/iiEAdzA0=,4,21,female,7,20160620
eIK+1hugMVjZFwFpNB93LboiyTI2CicdgAOPf2iuCEw=,15,26,male,9,20070617
BbLYhrjkC9oPwqPFzZZfyFri4ss5CXyYFlYMVmokcm0=,5,67,male,9,20070628
tYHkYELL+7CvRUKoWAeahP066Y5VY/YVcQGR1bNZdoA=,4,24,male,9,20070817
bVeAonr2wytnLBAtixECH5Sr/GsT0lM9t8/lXpC2Dyo=,15,46,female,7,20160720
4xXgEKHgFuRhBklvXjMBPj6JgR7MHlKdRl7TG/DqdlI=,1,17,female,3,20150613
vnhmHryXyVe/D1DQQgnJZ7/5Gx7a6pQjhJY0atO460c=,4,22,male,3,20150722
bLSWClWbtBzpaUzjthZTZOkqHuEq57JWBN1hqDzjwfY=,12,28,female,9,20110130
uYwEpI/aNuOa0GVFlHerpUcv4EL6eyv4TgaklFC9SeA=,9,29,male,7,20110211
4ONBBzqLvcxAPwl+5cp7qbmyf7aq3fmTK1c7Bi/u820=,21,26,female,3,20140329
ZHQyYEJSB0hgEjC75uVLq9aWaaQq4cDaZlLGkC3CSvk=,13,18,female,3,20121208
UYmZfSprQaO8Yazg98mpkVTrErs0CmJo6hdmdL1PTyI=,13,42,male,7,20141221
jIozeI417lsnjYAicLpDjsan+XAB6lZM+N0HRnRotKs=,22,30,female,3,20140125
SzETO/L9zMtMsW28I7AyQiwDGU+V/LZfDty9kQwzYsU=,13,29,female,7,20100921
5JpJ6Qm93x8Udz6oHwAjFRjB7bpkOMv1ti/hKRah5V4=,5,35,female,9,20120206
MmaJL+R5ZFVLiE3nfCUdW20VDpCQSrfPc6TnWithaWM=,4,17,male,3,20120211
tCglmJfUZh98WwKFREPbQfQdGuO2DD4L9zgm7OqM1sE=,15,21,female,3,20120805
By0IyaDiaJUeA/fbg52QiL4BCp3RsGn0XCyNdE/YLO4=,5,24,female,3,20120827
WaQCUAuFfnRwZejcNLMZ6LJaPv3vcK1mkZ1JcKGsFyY=,11,42,male,3,20131029
WvHv/t6+VjRaGhFWccDNd5BA/cNp5Wbljji68F94BSE=,18,20,male,9,20131108
Q/SVXZ7Cp7EHycupTq2P40OMOjaRqnO7ivqkagcA8Zg=,5,21,female,3,20151009
yzL1cy0eLS7KcN1j3tUmUnpcfyZPpFbBjIlvPHJj/H4=,13,29,male,4,20151023
f7gz7XMokOVBeqUQ+k6PiOjuXoEzAhLlcIL6GWJYaSI=,13,23,male,9,20150817
7IkrRo3SifSJPzGPisLNWGPQm6kj7myA9u94fResbrM=,3,27,male,3,20131230
xMDBwLWnKlnPYifDE63t51ecAuGFJnOEucSEKmUPaVM=,6,26,female,9,20131231
6Yc3RSqLJyaJuKTvV2g/+YhAaHvHsSBSQ952KbccArQ=,22,48,male,9,20150427
fmaknOCmIWWioxoSfr4h0PJx8b7/LWl7mRcG0gcr8BA=,15,19,male,3,20150603
+omdB4WILn2kRjQCkI1gDYx3ML2WFrZx1Hlf6+mKCgw=,13,17,male,3,20150219
c1/aCM/NFJ7fMyPpyYg8r+2FpdKDOFHpc5G2mLb3M5U=,10,32,female,9,20070927
XqKf1xcJqQimLC1FfQcg1S4mjgjS7qDV2y0tmcmrV1s=,22,18,male,4,20161210
uo0IYTf4d1ZvfYEZ3zDu72Mi2xIqk6XhIpht4vQ1xG4=,22,33,female,9,20060310
OXbnd+tpVoFD9ypqRoEM5nPkASUCVxfJqGMx04Zc3aQ=,4,46,male,9,20060414
DPkRSf2ijwbCnMLyzQRq+vUD3zPJAZSoYjaqIyvnUdM=,5,55,male,9,20111113
jC9cDemSb7my6UTlZh3SMSPfwV2PIXUcPUuu9YxqFlM=,22,22,male,3,20151209
LhaHW2tidffz0iPux/HthBC7nNZ+XLB1WJyfZ/y4ckQ=,13,25,male,4,20151127
EfW5gMjdWuzjurBlM7LwG/gjERC1M0pX4poLZWOvi3w=,9,23,male,7,20120202
/KILTF39pC5w+RT6oc4VOXjqd3ccgGXjZ2FcjIHu+Gw=,5,30,male,7,20120313
RGVz6tt0i5hH8PCcSFwK7deFw2+18NL4kn7yj2u7OMk=,22,29,female,9,20120511
84/5LxGDxx9klcCqKVkVmzWa+TVK15V3c78XOhkO0qY=,13,23,male,3,20151224
p0rJZ0uKJxMTAdSvnxrlzrdKLCiVHVhKIGXM3MY69gs=,4,20,male,7,20141016
/ZxK061qHR4SoHAq03N5eOhB7YqFqN7sLCQnZ+Z0OnU=,5,33,female,7,20101115
RRChj3EKIXCtnIE/Y2jXOFr5mu6VARvHwYEL1ksIsKQ=,13,26,female,9,20120913
woiB04Ox8nbhNKv/HWfgyR27kMP0vSq+ok0XisqJ7/U=,22,17,male,3,20131118
0g9cJKmbCkOVQWGRbYUO9ackqzobF6F5FcJAIrPg0wk=,4,29,male,7,20160819
0QxHO8CKq/gbKhpErgW/BqG+I1meuRxAK7McgihwCBE=,13,26,female,4,20160124
7rg2Lgd4ks60BKw0GhZMuPR+gpn4sIPe9BbxpEBNYh8=,22,19,female,9,20130414
8jpj/e89CInn+mEP7DFAbnkUeHOqL3Cx0H5Ga0ACf04=,22,21,male,9,20130529
jz4QXKfuI/MwZtLEdv7Uohc1AgBFpq8JNtmTSaC6Hzc=,4,36,male,7,20130530
FUe52n1tEFyrwD+JD9WlEVK0cmg8/DR5po7WGLW5MNg=,8,26,male,9,20131116
8hSWPaXTtRO217XwFN9vJRU410iXBrI4Oa0k/v6f/NY=,22,25,female,9,20131122
ulOxwGAqmNBwYtSZMYvesMSlhzzv76wUivqwWH9dAuI=,13,24,female,9,20121026
Du9FRn4hMunX8tkfZ4GOBMN62eGNQrSr5F1Qx32qWwg=,5,39,female,3,20121128
NztPKP9uynAPfYnG9VG32u3KLXtjXaDyvOJluY21meQ=,5,34,male,7,20110716
4eGHVx9zJvBfyOZtg0PjaL69yFvXJgbth7WCnvZ869A=,4,27,female,9,20060704
ZnkodARhV9DNoHqNuK+aztpPcorXCuYFqr16dZ8Y7cw=,4,28,male,9,20060920
1H77PAT5PpJHNLdpE3WuIfmK8+LtqMbzkSZiOHoVkx4=,4,27,female,9,20070221
Lg/+i/j2sz4M6btBA8kg2d1k6vfdNKkVH+EsUM5P+3I=,3,33,male,7,20160117
b/0jCVNNNN5GybzfMryxekGCrJt6MMlxykjx3dqMcIA=,13,29,male,9,20081206
oTFLWil9IWvkJXEX2JkYgq7JXb4euwyu4FVpXESbH5c=,15,30,male,9,20081222
9qKDODqBDTGrFwH2YLYKepmMjH1dIeXvCe3lQ1sDyvo=,5,31,female,9,20131110
6wf1n0WqcGkwz6ycPDaKYNCJnn6W3AFwU1MztqWO7eI=,11,26,male,3,20141016
67BETBDYekE+7CKO3w08Cq2HMy6PVHnh66zGr6oOnwQ=,3,17,male,4,20160715
p7yTD2Y3O6BfoREuO69IcU+9PUIwhMMDn48UXMYfuMg=,15,41,male,9,20131227
pX++JZp0zz1laCl9zy6qp0CbAXA6AQeOLVHnbAbV6f0=,13,29,female,9,20120330
vu14pVo7W3jdxyvD2PFDYXXrY4YZZct+pzhCXZ6zAyY=,22,24,male,3,20120503
gL5PRtnyhFbgdCwK1hn8NrnLsCqvlYWztEp/jqALga8=,13,39,male,9,20120603
EAyzM0FArcqneTiFenbvB26B015XenCdqt2WyoTkCJY=,15,23,female,7,20161004
6SyEBWHUN6pfO/8B34wZHIppcoGgyQ9lO2mmCP8pmFc=,14,29,female,7,20170224
lwCMmRshNTAoQ9UEZ8LYO0uaV6uvpe1XOZ+z8TraD50=,15,26,male,9,20140131
9q87NQWDO7AnvTL0JRuGg2ZLuJHrjYBMxtpBSCR0j18=,14,30,male,7,20160130
t4vFx8KKsrmllG9yFv4UEoWgI6NkN8fEUf+SpOoE2Zo=,5,40,female,9,20160201
cemkczsoK//BQdwidAtutlSmTspw1L8P+76Mv98XNN0=,13,20,male,4,20160222
JcPjdp646nfZ2QLdY5k+tKdcuaGFpR/5fjLNhdhxY7U=,5,25,male,7,20131207
J9S63sP5E4uguGEclOxFWN4xt/9O1m/IsXxn/9iqf/s=,5,21,female,3,20140127
04FYu41djMe/GvXgtIirPol2Z0x740z3+gLRLD2A+2Y=,15,32,male,9,20100528
0b43yYY3joFDQFXd4ZqooteII35mCTQmKZCubi9SywE=,21,29,female,7,20160316
4MI+UxzBKeSGJd7ejx2eyJnO0NywW0PlXr5dqUwoGWs=,4,27,male,9,20040628
34Hxc/JgWKtJaxr7vb6uE0cE+IUXnR9ncmQ8wX0+nWo=,5,27,male,3,20140619
EjZ8u5w818jd54fD+E8V8vbLYhYAD0JIdbPuADcEws0=,5,21,male,9,20121225
vsngtLu66RQsDFqVph8wIq7otxuQ5ScdZkymqhdx97o=,15,33,female,3,20130601
OTP/cDMHkCdsQ10WuxXy6jlHaFYdM7sVOHe2SHQz1co=,5,28,female,9,20061028
q9TIUzzMdMrO29NwfqFW7wp7myHr2zoFhweI0Zejb84=,22,41,female,9,20061203
OWpMEDm9O+jX4fe7nJHWPxnxP8MdgbXQgVNLwpPkxww=,4,29,female,3,20140629
oYQyyWI//H4GcxMEQf7IsIJtjmhRcxqwnYaJ0/N7AlU=,14,34,female,9,20060415
HsbJPsyZApALI0AOyxroTV0q7Oz0mA7Zxi4t0uN6jgw=,10,50,male,7,20111111
23TEmBEFSwZUh4RlQSdOauCdUoytTioIZMBPY5gNxTU=,13,17,male,9,20111119
wzj2RdGrRQKy0lHqH47ybhB1rpv+tDh7DZZzY3LZRpE=,13,28,male,3,20150405
bbW4wLgjpB/75mvbLNNPQB5J0UodupPRaRsQZSV4l0Q=,5,35,male,9,20100717
4F0Hz9iWtA+URNxw5N8Cl2jlMH0D0/2QcDkTSeh1590=,14,41,male,9,20140724
m6ZkgY+n96aW1ZRWSndF9xWK5jfgKVN+7Hse88lGQM8=,4,35,female,9,20040915
iEOB5i0FpQxdQemBRSnItiu/OGZWi0EEFji0RBBBoLc=,13,32,male,9,20050503
8Ipp1Ol/MwD+HuLVNRU8YEqcUzUqB0oB3U1i235KarA=,22,30,female,9,20111127
ncayFi12MEBkPbjl4AnRk/wjegTuWHhZWoskmggVN/w=,4,31,male,9,20111201
Bg3DUvVdYuGiedkNYFqrVQeggCWGDxn8TC16pyjB3ss=,22,26,male,9,20091010
AHPrWee+eWptc3i6+wkToJOjgDEZsHujI4y9XTkBylc=,5,31,female,9,20100204
kBmnpgboqDHVMVoFTbK+YsL+fEtN3C2INAK5TgS1H3o=,5,39,male,9,20100226
HaKxxjeRtkdfmSDub5gpPl3O4N6DlFYkq2fdItGd3+E=,13,25,male,9,20130723
cZmcT1BcCimHU8d9TZJ6Hu0ro3i8BEAvV90m9SDXRH0=,4,20,female,3,20140801
s0D0Z5DynrWcUS2o+5U8RIqTBcA7Dh81FH3lESUwaCY=,10,23,female,9,20160812
JqBoIrP09OmcIeZRymhd265BoCmayx9g6y9C3SKRT/c=,10,26,male,7,20170227
5+hSAh2o9SWo4HB4SnS7kwR1fw8zwp4eyh9tpU+6rx0=,5,17,male,7,20110909
AnzacaW8UjokA1kwGKfMuVh4vz1QjB8vWtm8FESBbiU=,6,25,male,4,20160418
nm/bgKABRpgUEcA6ipbAiBWl6X5AkxbVrit2CP4WkKg=,4,31,male,7,20131223
p9P9EQVgVZ1muCOQS79ForC6Mlnzt6gcSverT5p6xII=,13,42,male,7,20100908
V17k2xS8WKm7AzlrkKt7p/WZ7KD2DLk0i1etuM4LuKk=,13,33,male,7,20100920
w7G8bNXTJ9HP8qoQFwK244z4cSjkfAxCkLI3mc20wYs=,4,22,female,3,20150730
4YQSqYAx8L23tbbGl8iPNIR3rIzYqhcRdugNOBI/Z4Q=,5,38,male,7,20161011
rJR4MIPjrRM8u1iiCCI3Dgqdd7PKEFpKO5Ea2K8CZrI=,5,26,male,9,20071106
k6Gl2XACEHt93GFaEepxTpGLjIeCWtxwmgWcq3oF5OU=,4,52,female,9,20130212
+LamOtrqN7cq1j8e60OmsLXbqsihnrFTutTSIvnytzQ=,4,24,female,9,20130222
xaq1pi1vDZEeY7394SJ52uquBHMLGtoaHhXCpWmcl3o=,13,20,male,9,20150921
gtZQ6sV+7YL396eJgdTzfjPuKKf0GWB08kxzGtiXGsc=,22,39,female,7,20100326
UFKyVdTyqaJOGWUB4lSXzYxCMPOZGcj3Oxgh8BePA/Y=,5,25,female,9,20100405
xKL2fFoK7rjFj/qXI4iLDxDO5HwGFT1aLtOb62etTFw=,13,42,female,9,20100722
okSl2/Z5xe7o040AOa8JqSV3KThkCwGxfcorqvJgs3A=,18,27,male,9,20070506
fvKJe48pn4pGoObWaFjDzIcbFym+b6PzuSIX8EhTsws=,4,20,male,3,20161001
VtKHuRgMZX+SsejkfsCzgxws9seVDFO8FFGLTkdxdhE=,8,39,female,3,20130427
e84/dYPCtrHmYknfef4d/SR6Hxs4DJOGLV6sMxTiI88=,5,26,female,7,20141003
MgsmNxqz1TLxn0UTGm/uqzcrh3ZEEqa17ITaDolu6JE=,4,19,male,9,20141012
o6czJ9LHJEM9x7xzoYEQ+nAxxPmd/FFZ8hbnqSxHEXc=,15,31,female,3,20150504
R9gczmVw4Yo/L60dB1zP8xHUTYdpB3wABgdu4EvJwtQ=,13,33,male,4,20160101
NWM0houAWbjiPaMq501hJq1WHq6UQCOjmVB5/1fsWGw=,4,21,female,9,20160122
vMx1Gqg/BMJSEqfT5TOLAlW64scDcr0rCzkMnpC/bjg=,15,23,female,9,20130707
yNdSwoNpgThxOqv2W2qj7CBAt9zvpEHzWk4dj5DTHVM=,14,40,male,7,20160216
CVO7gx0SycKNTV+yjEXpC7BmuCytxKirjY0MHQYmRww=,1,23,female,4,20160226
b/qdn8w/C1xh3cA0NqyuQQPOamr95yv6kZKb38GHhlY=,10,23,female,4,20160228
qyc0dlLkfeC2v4oW0qyfU/f2q7DOr9vqxCVXa4FsEZI=,5,21,female,3,20150517
woNDYMkSp7SRq7vB7N5XznTa7tScAKmukszOFeQUuak=,5,18,female,4,20160123
oewMhSwCh0G1z6b1izjfJxqMJBrE+z+Q6Cmr4OJfkhs=,4,19,male,7,20151208
Aszeu0hIO4ZO30WEiQZ+uDyXSHq9JYWFin1e64EkC6g=,15,25,female,7,20130929
Ia/QkHSdkNNook4jNs3S5gfOdyqHt7hTZwG7nnIPXPI=,5,47,female,9,20131013
cEveCommeLHwtWVyvEvKWGZQO7P9SSQi56fQjvoRAJs=,13,24,female,7,20120117
ERUqHkECZxn10KFxQJN2PlLg46aQ3t8tS+D5j55aiJY=,13,28,male,9,20120229
sctgzUeiLNRC2ouwAZzgv+TPGh7dMSsK4gYYGppa83M=,6,26,male,3,20150130
4AyB4IeHdstgJG5NhwdGmxL2PqYEbsYDfxPtb3speW8=,4,53,female,3,20120113
Dlmyf4VGpjgErasvsl4Tkz33kfvWbgEOVJy09oL7gzA=,5,31,female,9,20050918
Gg+0htVA0lc5nV23TcqjuS2NbkhvpCIhXD+FOhuCuYs=,5,36,male,3,20150210
m0k+g8gYMxLg7h7klojVoCoYnr5ADXeh8w1B8u8nYJ4=,5,24,female,7,20120419
Zw8vBJRxitLYHUdDSW69/WqtCnlg+mobp3y9VtuVEmc=,12,30,male,3,20150506
VAE4nxTkcK1ynM14I7oJbuDFkk6z2sTPF1eOKp2s4no=,5,42,female,9,20091204
xAcSP0gkj1v+6h2xSGxvN3GAzDHNjYdY7mMJGIlCvLE=,13,51,male,9,20050130
pKxHdo6+ywmCFkBrBuzDQwtkeJqUUMjvc3bxnt5EngI=,3,24,male,9,20050323
ic1uw/l/cqhGIbErCBewoADSuDQlmxGzcVWRx5GRWBg=,4,57,female,9,20050517
UCFywx+4muEXXCDVN+dnTr1VzChI0EDytoms/FXOgQ4=,22,27,female,9,20070114
a+M8UkMBzy46zl2YJV9gjZ1SZZihnRuXuaEyTji2k9A=,22,24,female,9,20070212
/V+6S2JkfgW38vubTmr5ocOwiDGUB4t17DV38MTTWcQ=,15,29,female,9,20070330
49dhr3+RwF8s2SDN4bhuCp82yYoqN26fpYVuX+XR0ak=,8,27,female,3,20150805
2gbJ07+p592mz54WSmTGUIrYT29YUEGGmrO/TiwoeBQ=,13,34,female,3,20150321
PMz4sS/3Fw6aP6Kv7ajn2hd/9R+T4vSY/1moMoiGH7o=,13,21,male,9,20090516
D7ZJnfqtQIw81oTkLa5KSL8EPgeUDZiEA4lyUbqnUCg=,15,31,male,9,20090726
UYCwO6FsULUxTQmyAjQ46rO5zF+dqlfvasMlGd73YoM=,15,23,male,3,20170208
Jr1iLw5l0Nl78j8nbZ8WaCQFUvI1f/KXsB3wpL/3718=,13,34,male,9,20060209
GPe+trT6X03VRaLp93S9Pi4mG56uQlJF0rln5XeJBVg=,22,31,male,9,20060220
YTrouHxellnrWSLncfniEVswAStXi77NzG4bvvE84rw=,22,26,female,3,20150720
5BL21rmcZBSEegKisBsZsH10b4EGnuYjXjf4YVKYIrc=,13,20,female,9,20150731
iB2uOl/xxIPC9OeH8UHXk3l5/CU6Pb2/LjeO9u2s6wo=,6,27,female,4,20151126
TwSuTgXMQNxAWt0uqQ7K70I8PbdHsE++YzEMFVyIMys=,4,26,male,7,20130517
8kKSFWnmFgTq8jX7ZjOzDi1m9SXRm3ofm4P4UYzZNFo=,5,21,male,7,20130701
N9Wtt+6n1XjJmzVjAXqz5FVbym5W38DagVeCBrTR1nI=,5,20,female,7,20130824
+Y9BqpzlJSAMkAwGJd7F7ZfVyHeQo20W6eLlnlopAMs=,21,17,female,3,20141011
G8+TXhepcTM/oI1/WxCUGaetQinit30S1k+KIwzB7r4=,15,20,female,3,20120505
RYiXm032eCn2DAr/jRlLC5REOQWqgeghosuZ4b65QKw=,6,24,female,4,20160926
TBgHyHbaTjc4FWN8cD6+JJviTYEPqI+eGOm01+LnknY=,6,35,female,7,20131108
IJ9qa/CIQkDmuk9UPIg62V4x7WRpE2m+S99lF8fgu6g=,13,24,female,9,20060422
5KIOkhKRJlLQWzqhNwLwJekthaVrzpX0Qox/jA1Z2OE=,22,38,male,7,20160913
n6zPfOMoNnxG4Nu5ru46FgcsumqGDrUOO3AzB2qwFbg=,13,17,male,4,20170204
D01eNLmMgSrFhE9lX74D+kEtRail/VaUWDvcru6lcWc=,5,46,male,4,20160605
3QLVChdW/XsNRX4odUm6FVanO5b3aXAXlYafXZqLSns=,22,19,male,4,20170204
/d8tvMSffk4u3FJVTEotnclKCr81ncsoRN8u99q75Q0=,22,54,female,9,20100202
hwo2kerXUtn9IBZQbfaa1LC6rS+yvqRxO3THikSM1iE=,5,15,female,7,20130723
OjSzvgf5G+WRx8mDKZQO4h9JN5qKp1p+FtkvUTxRj1E=,14,33,female,9,20061202
GhkvzXFaip2F14eENHsvpX6QT08HVhiFlgOHindNhNg=,13,36,male,9,20070115
5fBjEyruU8KqRNfh2Ia1mws6SeynF+NTu8np5TX6kkI=,1,39,female,3,20140831
3gVHA1mN6O2NxVZO+nbPhKfbxPHFHMEP3T6rct4MIig=,13,21,female,3,20150620
M7Rg2l+MaiwMG34Rn+b6ugrWJ/GN1bKIw5QP4qGUoBg=,14,22,female,9,20071007
LKQcnXHT1rkcKjXA1Y+2UxQzW0U0ZF4lV0DVWYnHvqo=,5,30,male,4,20151228
nkOncvl8fGrpSZT4atRdv5xCKE90dv+ThjHkLjStK04=,9,27,female,7,20151127
LxBrIK4cvkzE6W30kBTXunLRSFG1tmkg3Gs63+7udBg=,5,25,male,9,20060430
Q6JyVho16MJzbkK+TSLvhWeFKwRYKrlXG5iwKQ8mH8s=,22,46,male,9,20060507
iSm5iSkYocAXmkV2YSvI1pR8Nc9jg3fkaHdXa9ZkSZE=,6,26,female,9,20070113
ZtXQz9zebqICmZ35LYuPrWYH9IJA1DDj5cLvCSPdRSI=,4,23,male,9,20080131
oIE8psF4R3kYsr/WV6jPZT0Mq+5dVvZ+JGNXcYuIUAM=,18,28,female,9,20041031
W01o+MmDWH9fBgfqc5DPSVgeoF2Oiqtkx2VrNxsd0q0=,5,17,female,9,20050914
zkEFUYWrayEaCggL0WYEXVyE37JNp7Bj2Vxe1r20vf4=,4,19,female,3,20140818
y/b+jhnWaJuxm2dJZuRa+cha36ycpvQabYrit4zvtqQ=,4,48,female,9,20140923
otUEopI5RTC0+81i7ZRzlxTxzsqYcVkRmeN0QCAjVz8=,15,25,male,9,20071104
lRpWgTK8BngtLCLls1mfyaIdL1hgjocLvmMf1D1WBAE=,13,42,male,9,20071225
LBBbquMqttAWL4Bpfq1v2KVEv55YeD56KxACMs+Xv1M=,6,27,male,9,20080201
tIByAnQui0t39aIfFeXu6UXQsChRiKhbrsWbGCEFCVI=,13,29,female,9,20120926
p3MJ3CcDz8ddmXwyAbWRzin1mnIOTY2V90clyGNbGr4=,4,40,female,3,20121001
coDm2lWeT2HJE2gwVSiFTAx7ze6jNiyYttZQA/fxloU=,9,41,female,9,20121010
6SO076lKDY0QH7ozMoFHwzD63Fsx89uWW04tpiJ9PSk=,13,35,male,3,20121029
B8q1SoUZ5fkWooF5K59A4Dp0+LlNX18+wQjc2Q/eTws=,15,26,male,9,20160201
Bfg2SIEbyKXyeWtZU2DnfvpIKVQFhdBp2uMvSm5PuKY=,15,36,male,9,20160911
vWGABuC2BVwZQZVDM8pT40sEEy+Wct1wMKE00GV6sPE=,4,31,male,3,20160912
EE3DUVGt1QI5pMDd7BHA3pzmzGZUG7eiQoxzGJc8mWE=,13,33,male,9,20070906
Jei8bqFhdqYYowMEkduXdp+q+Cc3HOeZImURkSSstmU=,22,33,male,9,20120614
qE1Xuwg29WI/ZbF8IA2YcxLyS3ejDXR2fk6vMlua+7k=,13,28,male,3,20120914
cYJmBH7yRZLeDI6tOIGN+u+/LDzQPgVIYRE+kfjuM7U=,13,25,female,9,20131022
gq9q/Zsn/ylmXZUb01f6BINMtwhMZK8H/6NfOeRxSXU=,4,22,female,9,20131204
F4yezs6x/+dTL/Hsy5bR1O31M1e2HKw0josIiINYNnE=,15,25,male,9,20130204
ZUSnhZAMR7zOTFlkggyNldDvQtdS/QoLcjK2mceS9l8=,12,39,female,9,20131006
/8To0Mq43QBGyppMxkNfzqhP28wmygijxbF16tx9prY=,7,26,female,9,20100508
BwEr3DzZIkqYQ+X4bC5i2GZNdvZspNm1idMk3/LPrXQ=,13,27,female,9,20100601
eK6qQ+TgPCqAavoCxKNel/ZGpuQS7jrw2/DQxP9Y4lU=,22,29,male,9,20101018
5Gt4SZFYJdTQ1aUGyJSpZcQyqZAphs/gna/V9AP6Y5s=,5,34,male,3,20150731
LnoqV3RXP2wTag9eLAkB/A5ot+KjdqlShikDwy7ICSA=,13,53,female,9,20080531
q3aR9naBYqRnpgRvC+cYXMSUu7aLGIdz5LtQj3HNyOk=,5,62,male,9,20080426
uK7dUUR13iTRQNED3qRbsCGXtRSVwMRfcIEiq7YRC8Q=,13,45,male,3,20150418
j9UogJIo/Ub+Xe2ad8/F3r0QOqEPKR9xZ3jOoR5ks6g=,5,29,female,9,20130216
44wa+lvyy3nmJP9jA0Z8mliKzz9M/FBwUDVk9cXponA=,4,27,female,9,20130218
k7BO9qnXBvxN50YnANoYHs+k3Gv3Km75p+Ct6xlAyuE=,22,22,male,3,20130225
aEa5rTIZzmDpSuhGw8BwRo66E6rHQBx0/KCCMHxKejs=,15,21,male,3,20130324
E5c60v5cSrm0K5TxizPlAHygtErI6OlhkhcTDdk3IRE=,13,26,male,3,20130406
vEdR0Yvocrv8mG1QsOgOyMTCT6/z3oMXRA8V4OFpBSg=,6,39,male,3,20140522
DahdLmnJbQeGrbNHUEbhGYHHvSkZV71Rr5imkU6YoyM=,15,27,male,9,20100530
SX2Ls3+8BtMuhx6aHJhhXf4d9NSrsFshgBhYcZPHDAU=,22,25,male,9,20140531
bEwIc9pzkey6CW4Wo+9Ac1L+bHqmmnfrgPTreoSzdFs=,17,23,male,3,20140531
bf77jRGa8yOh08rrzwOuy7BDNMimW3vgM4dMb6l+zfM=,3,29,female,7,20170206
YycMwUqBMA/iICanRht6yA6cFvtRTRm896cqk4Ai8Rw=,5,31,female,3,20150208
QTUHj/X8lwlL1jVSeMHQSqFVC/GrPFGyXp7sJaZnlvU=,5,44,female,9,20150210
eEHtMSpUgKMy9ip/XiktB685FAKMrx9ZmtOctg2U+WA=,5,28,male,3,20150213
jzWZ+zNmOKxevvuTxD1C5dVHCaIF/dbT1tYqIfQJcRE=,6,23,female,3,20140809
91xjhRcurqfX8PhPAND4HZhE5zP9LbmNuClkuRvvXC4=,5,20,male,9,20140825
7wN4mo/OZz4Qol+/fh1dRxVAn2EoRmXGr2QwlNuJvW0=,6,23,male,9,20110910
HiyINch//sTNJVqGMz26wQyuExdaC6cHEaykxIl0O+8=,10,20,male,9,20110917
CRlvYULVFEFzkY087LFuqGowzvQHUjet51xk/V3m5VU=,5,24,male,7,20150404
dD1RJnZloe+9rlbQYymtTuQOHUugd7xz3TKvU6O+/co=,22,16,male,4,20161114
lUiq0ZJhPpHQy0jKegPWrkgRj82w9aKsF3mkq5QucZw=,13,56,female,9,20161124
aRZSWZmuwsjsNQnxPxATUXHqEwh7uxBHp8jH/wFXTuA=,4,36,female,4,20160504
OLgJjcTLwyAbmKbpIrWEFdvsaLzRrgpBPCsQo547iOc=,15,36,female,7,20100815
WSJYFTu/etpW7LgsPSn/a1rZNKF29zaeQZEqtDAowMg=,15,24,male,9,20100914
q+yQakUqrbpDN5YEi7kt/jVwCxQ4aJ6DVtZfM+XFxcg=,22,26,female,9,20101021
3k6XS1P8YNHa1EcsQNzixvrLDRf8+55I+tjsJTdwG+Y=,18,31,female,9,20101122
+xsq/cnEfqTzXB97IW4JNi8j2DnGx0VWy9jQSNtB3R4=,13,25,female,7,20170223
DSHSsva20JD8YFTOogx8RISw4wW5KoP+Dv2n4C/vQ0k=,4,42,female,9,20170329
Nmjn8/oThcSP/uC5BqaHa9vHOAnbYK63EY++kh0Fq8E=,15,25,female,7,20161106
2whOV6uYHRJ7wWYtAgwQbnD1T8Ns7+0e5gzhxqRXo0Q=,22,21,male,9,20160729
2dLo53leH/aNtnZDpa7FsVz5FPKfkAavhDmSu0XQDNs=,5,39,female,7,20160627
RvUorXb6I/Aa82KZeogYZsRE4TWO+zLfpqRe7L92beY=,5,28,female,3,20131003
pO1Ebt+0F7MN1tABtcSM7QD69x5XBiu5Zjm0Wq9AfZw=,14,23,female,7,20161116
epEFMeHCCsRVGlFUvhJ3r82HWt+fMITTfbTvQgEcwJQ=,5,16,male,7,20161209
9ja+4gTIZE0DCfZZB5VOKCFrxceeh91/Ze7HG0DuqY8=,4,17,female,3,20150913
9l5zpMd4tauxvWlYNSxXl/5auKZuf7L2+KPAW/awyNQ=,13,23,female,4,20151105
fNS8w6IPA4tIl3IL1Ttfobt3fgh6Zax84WShCxteOZw=,4,27,male,9,20071011
OluWQRlfFvk0eCDf/Sz8CeMcSvlGsXpOVoiADDmc6LQ=,13,19,female,9,20140126
OL7qhBt+LjilPbmZQoi8j4FH1/J7QP27hQzIauB5ydU=,15,22,female,3,20140118
cMIC1bzfAfoxS87NMn2+1i7dKCcrz4EpOsxqD55NEHY=,13,33,female,7,20150428
YWIdtGFtdI0/NNs9BhyzF5Kt6zjIo+FcCcJrROZO/NE=,13,36,male,9,20150325
ioE3UYQc7LmYM7Oc/b+3pirB6bYmaUS1eun4rZv92PM=,5,33,female,9,20100604
ZmBjkPf1ZClc7Dc79MjgZW/rxthzdTkHiMYfFbcGOVE=,13,22,male,7,20130426
mbduaGBsJlYCnZcbbpqxVytq1dflXTuy4t2y3iJ7td8=,5,26,female,7,20130621
nBPfZsb2kUe6z0KX9TREmtdIetm5SogzNlPYHQXALVA=,5,27,female,3,20150818
Dt/8EuiUffzsLHAkL8iWgmFOt6jEZTPukrG3j9ZBpoQ=,9,29,female,3,20150905
+hrCkJYz5i0p7hWfpNxXCDhGHTPpS50hamb3fEMlHCU=,13,29,female,7,20151207
iopy1INxGwkVq8ImsSz4Y1ldpZIlPpcDc2tVWsjdeaY=,15,27,male,4,20151009
zmicEZ/0XTvCnFShZjjz7fZawsA2QefI7QBKhBnGtfU=,5,26,male,7,20100912
Vn8s9GqwIBcGFU6/uW1JOw/TDKvUDr/ydivs5dlxUjs=,13,22,male,9,20101002
1UVr0Oz0kP3Y39X6yLA4mLut5Tyge+EKXkqhKwHV4kA=,4,24,female,9,20101003
30clVDuVNxQxcrGxDmernES2T1zHTkxZIZaCbSpTMYI=,21,40,female,9,20101201
dMT6Rs2/TJIbpOZ62LIYZaVZXb8zXYC/TwnCuB0IRFQ=,15,53,female,9,20100623
LcliLox8Eikjsik9Pa2hoKjeouWtMNN1dYAkgvFTbsg=,13,20,female,7,20160903
s04gVSx9sXz2CLvRgmBo0IbCEaKug16qoi7iB5ejyvM=,5,25,female,9,20130102
Linj9I6+WChdKPEmPhXaq4KMRL+QzyG6/7Qu2sfhbSM=,4,29,male,9,20160811
Nf+6ZVNDoXZOxV+fDYCetGZxVGUykpNUj55yMo55gus=,8,19,female,3,20140817
vSM+nx3GSzkMPZskXJcjpk7aBwlWorC8m5meg/OXetU=,4,25,female,7,20140818
Sr9fpRFyrz/UX6qma7/ZJTBtoclc2CHhAl2JJUyUzPk=,13,46,female,9,20140825
pyPfH30JdmMDRQ9jZXs9kzlvrlw0yX75mi7abiLEmkM=,13,31,male,3,20140906
nYd4mEEsK60rSTVisodqZ0EGN4xGeq7hAZjFHlPIeK4=,17,26,female,3,20120205
EzNxFjgjkAOYXgAw15SR9IWE2HRFJYnTPnQwCUcm494=,13,27,female,7,20120223
Xiy4hD0UtIfF0zhIT4cbjwfjfaxCC/ufob53Qz9VxqU=,4,33,male,7,20131121
s5Ox3LaX7dnS6sETeLyF9gTwsNHf5nis8RQq+YFEX9c=,16,28,female,9,20120215
dV/gFBlg+fA+3f0/8eIcvokk1tjTxKkMvp/GLMQNOJI=,22,25,female,9,20110117
qDAPYrLPrfSx9VoG3lVrZI0f8H7PKC8jzq9x6pupstw=,4,23,female,9,20110117
tl/0Kr3Lr+QlNClk2OD7yac/+oqO6sA35rGjN+y7gts=,9,29,female,9,20080120
ptLwziiuZ68UNl9Ze48XqI6EqCLXjH6TlkYnSDWE1RA=,7,30,male,3,20121026
kX4bqts6Puu2hZifWgh3+eWBi0spTZo49ApJxKlxu7g=,12,25,male,7,20121214
xatETBBj72WZlHGTeb/OtJh0oZY1ac3aCP0Hh6yzwt0=,6,31,male,9,20111017
ydoT7Sp1AJwqW5irm5JlXJLBW9OILbCq9a6ktNajNro=,12,26,female,3,20141021
ifXq/IWbietMU0q6lvW6VD+pVLER7icMEh9o46pOOe4=,14,24,female,7,20141021
A5xyuEFONJKzkFYjtwGD7hcPAvX1xPhCpqQElHutRRY=,15,26,female,3,20141213
GNpGRLYKicKIWe3ptei/OrNEy58qOo7M0ZchEA5R4vU=,11,28,male,4,20160309
wkgEssAkLsiTZyJ5eoTTQagJyEFaR49FvpxGRylP2Ow=,13,32,male,9,20050220
09j//AmPe/p/sYHhD9Vz83h39KzXqx2IgOYzep27yW0=,5,47,female,9,20050922
xC9qSYwsN76AQjdF5sZC7c1ZUXsv2y1I4RBOO0gK82A=,1,27,female,4,20161126
vG5GI6giQTSUGnd7aeDtUTy9bcsuFpf/qgTEre1IHkQ=,13,36,male,9,20140509
pB4njr29TFCtgiWbX6UitnVM2AFKDklPYpZC/3mxCAE=,13,22,female,9,20080105
S4V5+1E9qVpzQfsITHofUKnJhtQdJVgNcKnp+/CyS8w=,13,41,male,3,20120922
bYj2oggOLbMbviUb+VxpCJC2H+xHGK/l8PV2cPeMVL8=,4,27,female,3,20121113
Lq/7ZA7DPZeUvznoygtUapQ3h04OYitrqKX9rXcqqrk=,5,44,female,9,20121124
cWT+v7LgR9mWJzwPjnm8wofwTpXwIR7/lzS6xv4Idto=,4,33,female,9,20051112
hBrwwYcpbwl+CHiU8IA0gY2dHQzcORS4cKbsf9Mb7go=,13,27,male,9,20060201
PRUZu0KIrjiv0lm+KUjm066WIyoi3GS/ExswBZNtwws=,4,52,male,9,20060222
FkKGEgmyyyOhlB6PchHAOs/ts6e9yC0RAHREhZpyqFY=,15,30,female,9,20160104
RdISq0wIk1DO7rRPrRk26kbvB6Ampx9TZ3u1w1Z0Hlw=,5,26,male,4,20161010
TeYQRLgQrKKRK5pfqDSc6Xyf274H7G6YFOaiA+NnWSg=,14,51,female,7,20161017
7XBbzG5CXIlcz3spjgMJxKa2EMUvTMiG6+d2s4XGnlk=,14,42,male,7,20130307
G7xoSdK6j78Ivrn5pSMLDAZ5FhFNrZxPtb/ECUDzd14=,4,27,female,7,20160121
YwC21eRt7l2dCZQtUGhoSf4p4w6kfDS7jA96mSseopk=,12,23,male,9,20150221
8/jNf0r/Fts3PxUh2N7lJe3KDY7swSLRe6cgsWYveA4=,18,25,female,9,20160216
9XBYfcdztCD06xnXfh+bH14OFa2FJly9UAMM8AnN+uQ=,5,33,female,9,20080803
W9Ut9FxrcRPvrnXmcU4++47TOjklgSwNNJDujDYArbs=,22,28,female,9,20081019
0RmZ2ohC0ZMEbavdHsSfc9WirmJk/zEzev8qy1X1gmo=,6,31,male,9,20140305
fdaiCPvOw195w19YZBmnqpEKi/H6iH4ZZKW5Ye8q2rw=,22,25,male,9,20100612
O5/wz7+mEugo9+9ckGsn+laIVdso1KWc9dvEWuOpe1c=,13,21,female,9,20150120
ZB3jW5An5X3mXDlXjmh8X1Pdh9FRAO6hJvV6VtLWdM8=,15,18,male,9,20160715
6gwhnIkf1ZmaYMe2h1wOwdS9vA2Z1we3BxPUvdioH8M=,4,17,male,3,20150108
XUWgaFh0xvcWHUx/JWvBQ6x39N3OW+TRfi4uHC6Z98k=,11,27,female,9,20040907
K0hAAKOoXXjAF7fzqbmU6e9zT87nJgh5u5qXgdgylsA=,6,29,male,4,20161117
k8na8ON2UOioSS2t9JDzuR0pEzfT2HuLXbyg4et/ArI=,5,28,female,9,20081219
zCB1tZWMRPqvQdWC/RijShs9k8WG4471n46DaOrPmRI=,6,25,male,4,20160529
kbPVrVDvf3iE5Rs6Id+J9bQVz9ygnvzd4yoCY6ldBXM=,22,36,male,7,20120113
RDMACewqQoqCRjN4gX5NqlYdRUssWiXyAb0uquc14Uc=,22,25,male,9,20090523
Tizxn9yxDTTK+0qGeINI0kwqWXfhbXltz7TBBlnWGt8=,14,52,female,9,20090603
x6N63ZlUnELlbB82tr/I7DOEBiVvVJFgWXuzQzsG9zc=,5,21,female,9,20091003
vjzsns/nLXuFJYjwPJCpTAg+GawxS9rcd4QcSNltSi4=,18,21,female,9,20140903
Jn+Ps/kV1GZ1fEtP55OvW4QASHV8fK1DXgxWaD8jZPU=,6,20,male,7,20140920
y9tgw6KFOGn6nTS/RYp4oonnAj+jmaKNcte0+fesgzw=,6,19,male,3,20120604
trWnN5C/BmaC+YZMxxvqaW/HC1F2UPFYWjbCCxhS/sw=,6,27,male,3,20141227
bjaTsB/b/7pmkcQfFG9ijINe26APqoThZqebcmt6OFg=,8,31,female,9,20150101
3HFn9mCaSH31h8N778NqjfxfoxQlTm/WxX4R7PDmHyM=,5,35,female,9,20070622
11LY4T40TGFMok+zakc34uSug2m+0ikB9tPhUOagPdk=,5,49,female,9,20070609
4M+lqUyc800GeMHOQQOhRhEvW33d40BN3daijGBzxxc=,4,40,female,7,20120228
xn+0solyy/uL3oQ0qucB7hyVvHe1C9TVQEyH2Zlu4lA=,13,29,female,3,20120508
IMf9nuJi8RmJkH93Xgr9YWy8M6VDMdd3bxXnzbntM2w=,15,20,male,3,20141218
jmjF9YwaEF7v4Z2h3iabZ0Q3eL5qpePMD+iyrErenYI=,13,18,female,9,20091125
/HDpo3LADvRgeurvJKkv/eYbFfMiAHSjD8OTRC3xD58=,1,34,male,3,20150314
ktJAOqkbcfXIecJ0XAxgaAocXroKfYVaPwL6Je0Iaa0=,12,30,male,9,20071006
+Ee3Z6oRlCNX6Kf4vKcWHfzCn3IwOj1dqflnyk9NYzA=,3,28,male,9,20080126
GKnVgI9syNgouYlYmwszeDry0kdFf7SDLghnuF7uuDE=,6,28,female,3,20121014
UyQiEMRQ1Clv53oZSBuDDVTAtxcPWuAaYW9Y1WDFNZY=,11,21,female,9,20091217
UVAAfVIebcpEVMRYfrZttypW8oQ1czhchvCd79cI1qU=,13,26,female,9,20100228
/CdCMbTUfb4WrWfYYGa32gvn15EGoTtFFyO66E7nSlI=,7,20,male,7,20150208
QZCreaFNdETwFgqRkZXGQSxo9szYb+lWkmZ4pY1/2WU=,15,24,male,9,20150225
YWkWcV/DJQzg3S2mxeyEMNiNisb9uzadMUkFK1Ij9Yk=,9,34,male,3,20150316
C2KSXpv791XSRztJbckyaHwLqrwlQHNO7CReXVQ4/6A=,18,47,male,7,20101213
BQFYcW4djzGS+r0pBN/TVv8X/XntHDuWFUnxT9d0lVM=,22,37,female,9,20060731
dni6bW4CnLEie0M49Gdz4o62fsHzXEq7FnBQmZhdfKw=,13,26,male,9,20060822
XRPd+SgHnMlviHKALsiXdwc1Tgtlr2+5Jh1HaUUB7nI=,22,56,male,9,20070203
ax8CRhY8BMRA/ZvT1wI+2N/EdPXiSPGxa9y7bntA1Uc=,5,53,female,9,20070209
bdSw9/tAFKN64Pwfs8Yhtt/S88jaTVq+/Tl0Qm2kLJU=,13,27,male,9,20050921
NFE4cHfAThNFsP7AMD5/4+7XBxjIHTb+WVM+8ZApWWw=,10,35,female,9,20060112
SPgx0la3i+wjfjVmbp56yJ/hWDdqONHFLB9/UnNXlFw=,5,32,female,9,20060227
XhHfju0Ev95FkIkLTQKbNbyerJWzAL5EFovvG7tzxhw=,4,39,male,9,20070116
PWotzrcD965oPD+Lc6CsoaJAA9es0VLyP3ny1KZ1+q0=,1,17,female,4,20170125
xC4VeSWLnfyjDIfKR+WBUERfM1Py0z/2n0CFgsUeM6I=,13,33,female,3,20161213
dxQdUZnbIe24o119ZxGcA6jySlpwy8Nq15tGBYHDkGo=,6,30,female,7,20160423
/3W4KsBOUlzWPFTXLsQoukoANy+HG+79qiuLHzJQcgA=,12,31,female,9,20121104
tWERd5vKqPFPKkE9bAZka8PUGcaKcD9o7yPkgROg+xE=,4,24,male,3,20161225
Imf1M7rVlw/orjT7K8BuTUqSQwsiAAPwHKsXpRdvtgk=,13,27,male,3,20150925
TNO3eWhZDDl0rkEEOOktrymlJFY+3rLEuaTLfym6T10=,13,29,male,7,20170120
hYZTCfCHZU0de00N7w1wvgf1phhjW4U17hds69DFhG4=,6,22,female,9,20110626
nrDucUHgNJD4CmnCIvmHj0bL9Ygk2iiIB2w5UuyzYUk=,15,29,male,9,20110626
1z/2mUPfVnLQqPqzQK0iHsiJgkSB0hfGJAEIiPgktzY=,22,24,female,9,20110706
CLCflaU7C+tqMtjRxTsb6vh2zwZDUzk491lrwSfAZZM=,15,39,female,9,20110714
nWZw6OkPfl4PPglinHDrjkgf5RcYebEGB/dnJ+lPe2A=,4,34,male,9,20110914
44pSXk+5iaEI2mtqLfNMM7AcXbT0Y1GM9EjT7aRXKGs=,13,35,female,9,20040918
pzHTcgM9H0qYOv0QhQ+LMgv0aYK0XO2pVdnVW5InQLc=,5,29,male,9,20041007
2ua5HryS2TTXTqA3Pg+5lGGq8hQBG9Gd3qnQbShB1Z4=,15,27,male,3,20150130
3ffT7Tg+wbx03KLBJxu5LfipkHksdQOSbqScaAnL00Y=,5,30,male,7,20130917
/jXEhv4ZIPeBNTmuDCQDhyh1WRGQy07d3LLVc0Gd0hA=,4,27,female,9,20130920
Dfu3xG/euvmT/gJGLQz3Ro1iOzDiTkeTkb3GVgbpZHw=,22,26,female,9,20151113
7n0eHFNawiRE4aPIV1qaMSrtAv2Z48iGfdzr+vc3Ox0=,13,31,male,9,20110121
W32AhlDzENsGutlh+gQhlpUPTSjCJjF1Y5shfANs2DU=,5,27,female,7,20101123
pneg+W02ZbRg7s2VDR8FJY+k9UJVk8mYvDWHjLJ3cJ4=,1,26,female,3,20140906
u4Kdz6MPgiRMuCV7Uz56MLD2aDM/gmiah/kFwgsuj+Y=,5,30,female,9,20130425
NrJxbr1T6YxDJ/kYyGt3FZnlXYfh8yAk4Sa7z0gtxNw=,4,21,female,9,20131012
L3hlYEpn5PKgsEhCWi9pO/Nr6sna171uWQ2gFh+4lyo=,13,19,male,7,20160902
ElJMFxeqVP6WHi8hGuCTuJmbpa2sYCx9o93B9SBdaEg=,4,20,male,9,20160721
uF1LgeGWA9DoBR9hgG2sLNU/yaOSbkopfHMP/BV+AkE=,4,23,female,4,20160724
wiYj1fkAtZHGPjedmm7VM8R3/TXIHKwL+uI9uJu/3qU=,13,29,male,9,20080220
hzkBDAqVr71xFtS5JJcWoyOWUVxXlo8PJYpuQNwEnuQ=,7,27,male,3,20120930
GH014yoD4eIjSuG6v5D8Pr7Py7yw5aciLuYlPSwDs/I=,5,28,female,7,20170226
Fm1hkUySMS5nQJfDDy+Baj30HcN3r778abD6BaqwjqI=,14,40,male,9,20120722
9/mOVqrR0woWRQa30zLIu0dx3Iz9bWL5FjJucT561vQ=,4,30,female,4,20170219
c0o1h1oQHW1LFD3nXqJC4gDqDH9l9zKdp+3Cu6Ea0UQ=,13,35,male,3,20130926
hCRQE5HfMBZUSHBg7/i58BUQqOXQi2gUs4T3MfcydRw=,13,32,female,9,20061113
ND3MWksWfWHrketlQw7hgx7Whff1QgV9Ic3q2ltdFVA=,22,44,female,9,20061216
xKHTvq2XGh9+nlzOzEYulaWkkCj4ERh9D2/+zmJkBaQ=,15,35,male,9,20070323
zsPbrlAZ1RQnfK5cGK5fZ/fn00v7uhztFwWZ2BPFh8g=,4,57,male,7,20160804
cUI7LbhajFkINVbF0kd2YxT/HxYLsxZ0vl1riqggChk=,5,42,female,9,20150805
WSKlcns86LNi7yaJ+JbSh8YMqpY0ncPZcEeN1wf4Sn8=,6,34,female,9,20070507
+WBcP9wilghH+l2AUX9SM9Ce2Ouq438CHp4B8bN+dJo=,15,30,male,9,20070517
jTkIjP49fJ7RYmZvP7xVvZ9ksPwziq35mFT4XMfux7c=,13,33,male,3,20120413
FELpGsKSmtu0aRtXNOo6HnKXtrDrBpGgSI8k5NfIIZI=,15,25,male,3,20130217
Ay2FfM1+PWam/okdyHmIfgFg7z9O1qtuUdE78sQtsJM=,14,29,male,9,20070621
ZnJ6JsOaj1cPEhO2UR8IvROMQsCBNeMmthUnS/IAUXA=,4,38,female,9,20150712
K6zvKqNjXUNSo87xvsrnM/CS7PDAl0N3ZfKkuyRZLwg=,4,23,male,3,20160617
P37cLUiUZGwGfOMoYrG2sfr/zGbsEjhcHC3o9nVh17c=,13,26,female,3,20150302
C36PAEs1bhjxJNcHJbr6h0XR0SFC/en5UWCwlb/tg7I=,1,23,female,3,20161202
F6bAeRNc1516fzPQ/omXNNgRJDvt9dIFKbCNXLR1T7M=,12,27,male,7,20150324
KkUx/lY6z90Mu34lPspArWnsRm1Wap4Rh9plzstbMRc=,15,30,female,9,20141105
N2fGeuznu7vxJ5mEIvewgf8tgaDzDLTW6zOYhuT8lNU=,12,24,male,9,20161002
pn+AWcb9oMsHc8H82T2EXxY9LVyv3dYG1Js01t65fQY=,9,24,male,4,20161006
nUxr/qGwl/v5pbWXnW4ft3fnkulHCVUnpSgS8BtZ9Xw=,13,19,male,4,20160323
vapGjBdQHhNfTxIZmJSywZAfQ+/VSyPtXMWepJGYmWY=,15,37,female,4,20160702
P8D02kUr7/0eqyDbQA+mVGldb0mArUe/bbWnZZ9ooD8=,8,27,female,7,20151210
QeWSMDaPEwqQQgCzJPT97Pjvzi0ZJ1Oug59cauMABTE=,13,21,male,9,20150823
q7cHdAsvG9YHjYTm9RuuselyrRH6j9qK6WKibPO7LyI=,13,18,female,3,20150731
cHIn4rXid5AsVmR8oDVv6kw7ifRop+4w0c0YzvL0ysY=,4,19,male,3,20120806
Tr8vBLnqoyY5GiEXoEwW0NznDBCez9nM2DbLDrVjULo=,13,17,female,3,20130708
N8WeykgkAga86rKio+5tKvOIG/24c996pykxGdcCdLQ=,15,34,male,9,20150820
2RgrIiTtx4ERawqmuHwidvWwnmsAVvXlN2vVxRnYf/A=,17,67,female,3,20150826
Z+ea2Eml0B2AhUh7MVZjKzY2+vIRyVN+z+i2grouOPg=,17,20,female,9,20070922
1cX2Ezb0qC9mH+8V+HJwo31/jaCrj3nU4pIVce3Y9ng=,4,36,male,9,20101216
18EZDjGdF11iPcfULQ+94FCnJgHeaOLX3vNLda7bies=,22,28,male,9,20140825
gTUnZx/w974hJmlbfH8/pMd15IMdLSxlQT6v2ne5u+4=,13,34,male,7,20110209
rto+6jPA6KnfcxKYo3CRfvxWLJU9ZF+HhD2Ah5TsUtI=,10,35,male,7,20170108
DaZIpnswfjMnWH1pw4+Ox0x5u0TqAPJDkAhNH/mwHHI=,15,38,female,9,20070610
E6oH4kSTmDo2aibIF8n3RaJ+UwPINhniMoHvd4MFh1g=,5,35,female,7,20151206
rRq8VS6DhNNVq4PS2i2Tl164eOgDOuzu2A6xekx3O4A=,6,18,female,4,20170212
mpOfUOYT8902+tqHWnt9/un3At1NJOVZVLjXxact4mI=,15,33,female,7,20111031
T/nCllTWMtbFjoDrrKx/JC7qFWjg7Dr8tfivXX6mWRI=,13,47,male,9,20150614
BvIYBi3Pf07DQ4K8mZFGDXXr/CiFI4dXKsVLyuHf3Yw=,21,21,female,3,20140524
iVWzzhvX+ayuwD0bZfRI69hNv0UkVWLmTh3hqRvYoKQ=,5,60,male,9,20131113
a5dA4mPaBeWpQjKRa5kCmRlnQGF+B8Ss0y0XIVIVp/s=,15,21,female,9,20131117
D6GRFhg7nNrYgFwihyMwcdh7HKNn6vhTyD2wtV1bRHs=,22,21,male,3,20160210
3KmHwuDJTXXVgLDs2M2j4FtQ9vQRqc+2JBUfYCyWLVI=,22,23,male,4,20160210
VFwj4cmI7+T8C0gzF8LN/xmM9MqWru3rebSz8ikzt/8=,5,47,female,7,20100429
F8h9XmNh8/PYV3uLBhfMHAl9HnHX3BhTwwyraugAUOY=,5,35,male,9,20100809
39YyOqqSF5gUAUDIZvSg4lMSdBNYi03DXs29nAAE86E=,4,30,female,9,20100906
P4Uiz9+Gzyn4WP5GpyQKdkNflyIumZYgsB4d053VYX8=,16,18,female,4,20160107
GKHY//vkFyGR4T3YuQLizkgOkY/A1TBn1FHJ9gNy0Vg=,22,25,male,7,20140928
mSYoHbi5GPT8L4fN8/CRwKgzRDrRUjG/fEKJOFyzagI=,9,26,female,3,20151219
yQHWksadRNClLag9NYyV/K5cAh2hEqV6Mp6J7UQ82Og=,5,33,female,9,20070611
btz+qVmell541zowZCZowrNXLnG2kqaW40D6i0E/sHU=,22,31,male,9,20070628
fG4xS+4ylqgmGDmSi/WyqtXiE0XWAZ8lq41KlMEKyAY=,13,28,male,9,20070904
wKIT2FQVLI1sX7tPrvhrZ0Ss25owqsuicTMM16rGd9o=,5,35,female,9,20071001
Uw9tfTq2aTyjgwnMlWfU8qqRqso7PIwsFMYnYiftBew=,5,38,male,9,20061022
UrUC5O0EhEuo0mGCYoUOCeoTkrC3fc+VP2PeC3P5A0g=,13,35,female,9,20061118
B1DHSpsI7deL7ms8XIUYDXX78PVHX3LW9npkGUzS40U=,6,28,male,9,20061201
zujnAYzBu3Q70so63kvNWTNBeNqhxMri6jmqI+S06pg=,6,27,male,9,20070501
PuDg84mwDgoP+//Yv9DfwIadtJQzzC0GndB3XeKa5Ao=,3,23,male,7,20160110
WsV/9oCjroKJPL95QEbXjvkjS0E4+fn93j3b/B/RACA=,5,26,female,7,20101207
ro1ZD00ZcGuMhaDGlTXMipoiEl3O1mlvpWNG6Q5yShA=,13,20,male,9,20080426
V1yO4FJlWU8h975gmDkst2a7XNbXonjaZW/vv9VS93c=,13,33,female,9,20080826
peqbL7ITp7wSL7iUkkeBoSt7BXP4JoxI5q5TG1C0i8c=,13,25,male,9,20080914
bESFyzCQp6EY+8Kxr1R36ylB6sTXXy5jI5CQ6CuHZrE=,4,21,female,9,20100612
jXUCPU2MoO3pNGLp/JSNZLOWkuUbYDf02LjQPkLJrA4=,13,24,male,9,20110621
0Gfys6a4BnMbgRCqUursGnZSzV2pHzsdQvf3Ouc7D8M=,15,27,male,3,20160828
iGZ6dnj44XuUwb1+erhB+Cy4GuDPhe9su0BZenkvC54=,14,22,female,9,20160829
JEtqzJCbMSirQ/nGCaj/w61O+EHsSARvh2xFFUlyS5Q=,8,29,male,9,20081126
KQ8qekMxVQzc34X/2EBmI9++SO0U4jyZLThn8AXZc3s=,5,31,male,4,20160303
NgPOw84l8BDjbfaSW64m4aCUgxpCcOOXJRkYKZrwxMQ=,5,48,female,7,20110918
Mvif1hLrHSHbyQAEM9SoU65W8KrSINMjyEO7uk2QuVg=,13,48,female,9,20120717
OK+uC5Ed/il7gZoLqkJ4kPxAgBc+MH8pWTo0UQrTVzY=,13,21,female,9,20120811
sjiMC2reQQUJi56U04OojbVH9IhFj/6LgVp25W00Wf0=,1,27,female,7,20141218
+d/GVmKI+Il7IwCjriIBKQqW046OvkeGWKnz5MbKkHo=,22,27,male,3,20141002
I6bP8fbYo+2736jelarDa2Tj9KTQqK0y7laorQ/oqTQ=,18,35,female,7,20141008
/afdyPobvRT/wPrzUb/nE9F+pAZ+6fiFnwYU1zG10Rw=,17,26,female,4,20160112
gOCYuBew1tmMUEuOW2ID9Jx0b41ZftJlyYIRvhBYfsM=,1,24,male,4,20161122
WCwwgDH0+0BlD7JcrX5oeLAs+2Q5kwbYZlJJET8E8BA=,8,27,female,9,20090626
e9gFCCg8COzVFAck1ZJ46zMcWd16QtWytCWSFfv4aIo=,13,28,male,9,20090627
bVzNYUJe/cF9o2uQcS8oCTEpAL3FDuJ1LV2z84k4zQQ=,15,35,female,9,20091111
7v8uBdm/Gu4ps11aRk4vnlzU+dOtq4xgMkUFqQIHOi0=,5,47,male,9,20091130
/DzVLargBu1B1VpZJLL9+AhixjsaZIC6kljOMuKLnu0=,21,23,female,9,20070617
Sh95/5L7g1jMbwjKGXnrZQmDhm3ev5LUSYAe7ORKQLQ=,22,20,male,9,20111009
dxxIgoS8NSfftS5qoSPtIQmExI0WhqRLMHL0ZZ45tTg=,13,42,female,9,20080111
6JUmFqU5UYcKbE0XmK9CQ+ofkCUHbI0SDm7gWk3BgAI=,4,21,female,4,20161029
eABY99fhKk5IYcg3leHXb26KzmCEojCpKp9rSVggHgg=,4,31,male,9,20100414
RKstAA4MNxgY8RCUGhFd8zyTioRRjSANRSZQ5ytbWPM=,5,24,female,4,20160906
28cAsEPSFVEewKnyNLeYQEVHdpuWqLnzxdDHcTZB4Ag=,15,35,female,7,20160920
1vJZJJq9NFrfz/q8K8cYiv4giDsETim9xj8dHQ7Vezg=,15,26,female,3,20140903
7OKhE9OMK2zZR3fpaRFNbTnpmma9xn6VzwW1Vw9oJE0=,22,32,female,7,20140926
jgfiR5qrFERdFqc8Xy5svXaPs2l02+YyfYNq9i+DPQo=,5,25,female,9,20141003
79jNyP2iEQCq25eixVJeHhVi4S2P8wZLxy20WjRP0Uk=,15,20,female,3,20141017
8C/DE3UvecF284TCIE6001EETmKEw4HB9yWLvd+OeWQ=,18,21,male,4,20151202
LlW5tiQEnstP0kAu7L8oemo4WKGuy1OFyiOmEKJ70hI=,9,37,female,7,20100417
rt+nbbdZ7SbYwKYQbZtzauS3P3jsKVpBEBP+36tl0Yg=,15,31,female,3,20150715
Iv1Qb3hehNZl3quItJf0JhOE7LNImpxEUXQuyb03I0Q=,9,27,male,3,20131227
XT5+/8K7UBfKXnxUY0KoCEmhT5SNRMjvj3Uy4C2BqCs=,1,35,female,4,20170202
xLy3qrfURqrO8EwRXvtQ5oQVhzU1ejTsJo2EOX5U7Qk=,13,30,female,9,20170219
+5AaA8WE1cDbM1eVgYZtHS4d49r7iwXeGPoAR2xywwo=,13,30,male,9,20120314
LXwTe3IQ0ZcScjhowaQ+0G9chD3SNWEJmYh60XWF4t0=,6,33,female,9,20050427
XgT5PkUpEI2PhxTPjveDX6abeu6BknLhMuXA9CJonNM=,13,24,male,7,20160511
OasafQe8BUzT55L+HkP/eiV1pWRuo/3yGJQtS+Te7R4=,5,22,male,3,20150202
K8gq0HL+WceTx/9DCCXBVnOjxRE0Sx5hBMQ/hTmUQlg=,5,25,female,7,20150415
8pbGYlruQBIx87GMq+WXDkfCV71tMR6rUtVTBUfvg9c=,22,24,male,4,20170120
SeKuTjDOPb8K1HkWPJwe0Z4eNV4ff8muu4vNySpHHFs=,5,20,male,4,20170221
O53PDyI4F05mpSgCMlTFVJmAyPvk0ZD5chHIg3FZPVo=,15,29,male,9,20100811
LdjTJPEaELKfrl3Y4rpEFX8rcxpTAnx+V2LDMEAPHHc=,13,49,female,9,20101001
7aIZEGd7BCI3nThhqUlUTy+tZOopXfir4kYTj3JJsRs=,22,27,male,7,20110928
xB5qsm1dpwh1r+uYUUO7GMvjqEix114VeYTWzAxjGDQ=,4,29,male,9,20141018
NWNQj4LJ2Ct3oBsxrDF5OIbNwfDB7TZO+04NeftFHDg=,5,26,female,3,20121127
a3ibNczQD9nd5Zkc3n3UG8K1yGX1Y1rXfKsEk8DZTJk=,4,19,female,4,20161207
h3/ZtBF6XWVFxLOGYhxLiLSBO6tKusydmd8onifoqz8=,5,20,male,7,20151209
JBqGOiFq+UzHImcsj4CucXf0E2jOVyEHlnnoWHTI/II=,11,20,female,3,20150210
Y6HHJSZove09Et5vNwHxM2LWsBgI/kkHFwWqws6jOgE=,4,24,female,9,20150308
WuryLxd2MS8VzAzb3U1WtJBwFBqonm7B8nyxfTwT798=,11,21,male,9,20150309
3EGWc1RWKOo5CJQj/y2H4d6Szbn+vh8vPjNVXfFZ3mc=,13,33,male,3,20130727
jqM48+s098NJMCJM5IUvq09a7HQvK0IwmfF4bwN4+NA=,6,24,male,3,20130731
MCIgK2RW4OmHuk+q2jaO2TetVLuj06+JsQfJPdh3CCU=,13,53,female,9,20110426
cbOraLU6SzoDSgh7FKfbMKAMQaR05VOBl9dxCnlFc6Y=,15,31,female,9,20110523
1cSvBJ3jl1uQ3D69RTcJVV5cTlSOauuYNypnrcxysM4=,13,23,female,9,20100524
ZI3IbOvgi16WCr7RBbVLib+EVlY3DN0TMtUGCUYt0bM=,5,28,male,7,20101006
GUo6Fr459G02NhNaSQhUpndceQs4ZEDmm2+eaZyHNPY=,22,30,male,9,20131015
n/N1jiM1oe3lcDlaeDzbhE7TFQ8zMb+4qAb9nRL8LIQ=,5,35,female,9,20131023
Y8iuEDy+hOdn6kB43eaSP2zW4e+WTdXGrUl2w5bFmbc=,15,23,male,9,20131025
2H6MCDPkzubXlv7wuizvyXMiBM1v1/RTve3RHbjaa24=,9,25,male,7,20131106
e8LstQ5/MxBKj4ihX2XXcVWFLFZdZDl8C8l2lqw4S/k=,10,25,male,3,20121201
Uu0hcNE68tkneA+OZrUgUlLWHr4Ylyib0DZw+ViBRU0=,5,28,male,7,20121210
4WrMw/prQLyfLrpNMfjNzn23UcaENQzPRxf7c60EWFE=,4,46,male,7,20130120
94gE9srdLJInEPcYF6Z27OL2+BM3drwVy1LBGDN0z/M=,9,22,male,3,20130215
EK0OSymFEyBDBkFKFleLOPrbCtKCF6w0gnYj2guq2hA=,22,29,female,3,20130223
2xCDXLsh7Pz6hGxaBRlH8qkU7SrltgMrhczYe1PZdZU=,13,33,male,3,20130321
RKBOPU975KQC8AeJho/va+hdaONilv+FRfRwpp6tdig=,5,35,male,3,20130213
3fAk+xeaCuZ+422g5PxCu5DYewTsgoP838nkEbZWMoA=,4,48,female,3,20130409
52R/fJpaEDgtec1NImJlb1sS1jWszFAx7jVKq/o6Y48=,14,20,male,7,20161115
coFGR7jaBqHrr+J4q97k91BiYi1Rn6ElmKuR3F2lPm8=,21,31,female,9,20161207
sBqZUC4Avmqs888D5vbDEeMcI3V/aGDR9G/xo1/T6Nc=,22,22,female,3,20150621
YRBikTKpibFcOFLZ6qVHpQuE1cp1pwJDspM4hUIOhic=,13,31,female,9,20091030
dXcD+N5pvE/JWCxspE6JTjCLmgPoLpGfvvpNMX3HFZ0=,1,19,female,7,20160909
HUmfwWhbWRlg4LjalOzAINl5vT6IKiB6ehymgcJm8uI=,6,43,female,9,20160912
nsGio7k5YT/60+D/68Hw1/JfjauB8GeJJz/r5EZ48d4=,5,63,male,9,20100828
5TDDqtZWO22MLryT6xx0NE/5dSTp9dhnx/ufVVuieu0=,13,31,female,4,20160221
bSWjbd1DYHYHbME44H/MU3aZcjcL2cSH9zOmBsGGI3k=,6,24,male,3,20150604
nVZAmlW93sSvl/3Yuf0o1pDppd7TUd6Db9Q5MjZJPZg=,15,27,female,3,20150608
pfP+hiHcoNbS9DVzPfAhj5fR2vnSPCf56MTBWi2VIVY=,22,50,male,9,20111129
52ENj4t9kgGeeOvUtZCc8w5WghlRpWFUieg1IqUUp4E=,6,37,male,9,20111211
8xwaohpFlCzpuPkAOrNFQLXTwW+xVcrfUaZKczHRyO0=,1,24,female,7,20160226
HXPa3RbO7DszkRHmk+zGJ19m3akG+eTqAtxj6e3arrU=,22,26,male,9,20080307
G26vChBIHlTkB8h4UR7fleL1ZP/0UDjTWNUDRpr9hsQ=,4,30,male,9,20080515
xdO5ttJkOdh+PQGGcl6706Um1phBVEAQYthHyA9cFFM=,15,50,male,9,20081128
qlWG+irAL+A63Ljn/wYYsHJVhK7qlQnJCOgkGPKeipc=,5,26,female,4,20151218
q05gMTQiIyVywwfKfPU/GheOx8VUWcnqzfUIG1vInoQ=,15,40,female,9,20040901
R3907QrpVH+ECrpQOfscGgLLnUo53zbd0qypZsyfjoE=,22,31,female,3,20131019
PbA4RiKGf8x9KA1dHNsnOAFzeTyWiRpRdWRM5F0Pr5A=,3,32,female,7,20131125
UWh8sdXiN7MKJ6iHcElA7JId7xe07NG6qybO5s/TKyM=,5,27,male,3,20150913
h9wX+rfK4GoQsMN/RX6QFpzfsqUz8A/7jBv7lUi3PRM=,4,21,male,7,20151105
x4goDb97xZsz6bFox53vBrQnGIU703b13A6fT1oGsfA=,4,40,male,9,20060416
SdXEdrjzsBRY+QtUo0p3rm1ElqLEMprhxXPuhILUFqQ=,15,22,male,7,20160202
/oR5pLfRHhG+loFk3tt92hDtmn50G82ykFDCHo3Emtg=,15,19,male,9,20161023
cUdxS3cXGk0ACvF6keLQk+4E+QNOzIyJVWRUPd5350E=,13,29,male,9,20080312
kPDSx9DG5ee9AlG33pRzoaQYuEBEFbbYVofeJtmFkFo=,12,27,male,9,20080824
jlfHvH3UzKVmrTPiXHuQcb5LcuzKhhLrZcO1Lkmw1Gk=,22,29,female,9,20080923
d8z+n8rnTNuCGhKp7v4IDcO1YGUlujoEsafZckMOLm8=,4,27,male,9,20081006
h4Pv/fGjPFDcgSsAoWbOEZM6kkQl4tuFnDSYypYqqQg=,5,36,female,9,20090125
Dg3SEQe3UpDwqM9Weg+J5bVQukDw8mY/cQ5JEAxb5k4=,15,56,male,9,20090308
g3DLO6C8aW+m54qHL6rRR7pmFA4xIA0m6NldVl+Wv8Y=,5,39,male,9,20130120
+v1BwZH4UUqtwtVDuaPhgyKrLOVvrtxuz6nYeqjRGbw=,13,34,male,9,20100501
C5tKlVse72x1jplF0yq/26rCjpHY2QADn1m+f6wz9mg=,12,20,female,9,20151007
DpJWo0eGEQTqnpqR9X9PZQMxNRPwMp6A2FUf+593+qU=,1,21,female,4,20160512
uFMtxihsTcmkxM+86xYzxvID+XyxprO3IQNhEh/Gu2Q=,1,41,male,4,20160514
oT8MYHF+vNGstCZ/kdIhX0yaOOMMZ5lAEwogNx0cW9Q=,5,19,male,4,20160621
5a4GURspsyBBKtr3dwH3HWk2hZ3KRZpPOkZX+HakkZU=,15,35,male,3,20130604
TWOkb/qz33I9jeq52Fuu3HQ4c3Hjypzd6yX2XGaOXxA=,22,26,female,3,20141121
tpW00qMDR8TN+jDoQgtYM3rLJg+1e4CHNCBrmGi89T8=,13,26,male,7,20141014
woa7I+hnxoi97ShjtaDU/ZdtHVvlazvN4U2sXNCPHY8=,13,23,male,9,20141011
bRe77+JHU3hzD6z11okU+D8m2gYUPQ9/np5bCuLdwfk=,22,54,male,3,20141013
Rkh58CPbZBcXLhilOkYDTELYk+Yy0lAAIZe1wJMPdms=,15,22,female,3,20160803
eg5qoRmdKf6KUane6NW0RoPFODpwLBs+Yumw8y9yDWQ=,17,36,female,3,20150607
sZ2995MfaVBPQVY7ekLz5yjZ/x5PGorhFUWEyKHLUL8=,15,21,male,3,20120824
e3CJtQSi7t0TYNxK2AIsHdW8HixaMH4yOD890UrMupA=,5,39,male,9,20120831
D2P58C2whq+EUugek4q9j9FBBc5QgdIcgVKsu+LHUtw=,12,23,female,9,20150430
Asg8rnuKMW+36fRJkde0GW97JoEXgqig1Q41Dk0Y1C4=,13,25,male,7,20120111
De1VkUHctXUm20/X7pox2OO9vnVHBVXMz/Ta9WYh5fg=,9,23,male,9,20150115
iHtIy4R+53jeKZmcdFTuYa2iYul/ZvI3U/eyIuxXJQw=,11,30,male,9,20070831
JAXIE7s5H5WSgdskVGIWrZ17MviALbqeM6DxrSFIpd4=,22,30,male,9,20150903
OR3/ohdoo31vDunArjnkUgU1R5QuMy3yW4BaxlSELOc=,14,59,female,3,20150907
B4S7PNiB1CAqKIrKu8081r5/E6PQ7gq2+epZ7g4iagk=,21,22,male,4,20160806
eOVUmkGUbn+3Tbxkr0mPiJZJdn2lXMWR19A8d1k37LM=,17,26,female,7,20120429
DcDxUaQ3/Fd3tadd7L+v4MpSMtZ07GPiqkvoX+QaZJs=,13,34,male,3,20120824
lc++naMYZs4tP8ivio4JKrjehw1BRNdlU3HrXW3KF/I=,13,22,female,9,20120826
winJ0DYkth/pIAHyy0UWv5f8i/a7qzEUEO8XhuQgZRI=,22,18,female,9,20100326
pk2g4TpCHL8nhZVmUrp7zGjpOtni+uzMECSzPVPtPhU=,22,37,male,9,20100425
9RpugW+YJLFAWs2GSk5NhmRhP1Fr8NYwV4hRHsdID/Q=,4,33,male,3,20121011
1NguHvUQGzI0Pg1RoPNH2D9gNXeS+K+yzVq60y/G/JA=,15,21,male,3,20121016
hvp2vUK5A+YMd29n647Y65YN6xbbB+LIiYIa7qZk9ok=,14,25,female,9,20121124
dm+eHJeU3iANnOQEsh/GmMjlcB6/Qn4OoiuWq1PdQAA=,9,28,male,3,20130107
WkpnzL7ttsmuRTrFRQFJK54kb4PkDUl+pcVq0y7aHDQ=,22,22,male,9,20140331
5cBra1vLBR8FAB0qbI47N4lQxt8yfA/tIyzDgpL+isM=,8,23,male,3,20140422
4l33+Jqb6F/y0SdifSNlvCbAwVimubplTz/JquZDrNc=,13,33,male,3,20140926
qm15+e1XloBj3tQ7ocKO9D2oMpTuQPqSEkneyNGA+e4=,6,31,male,9,20101015
lBWAuUQ3FNGX9yKTHV8/VD13nHZiiz1aWF7RYi+qhxM=,6,39,male,4,20160913
g+YUOo8fe3xQD91jCn25XCcJHIow+SVTny205GFj4q4=,1,42,male,3,20160921
ZWQPmThBL2g12bgzTteFuNIkBN1xYVqB2t2c5LhymOY=,4,47,male,9,20090312
OctKGsuCX++NdzRsbQtbzK0MG5LxZWimuGR0YooIIoM=,13,30,female,3,20130131
huG10WhlSbhQYFQToDyVAfoeiFY9LI0e2QE4TGSI9iQ=,5,26,male,9,20130301
8jaPKI29ZuThlmjArSenSJT7oQ4oIJEPikOb+P+VFb8=,22,30,male,3,20130314
4UxGBxgI1OdcTSFOTWJaZRnKXhLS3ITb6hn7f2Lui5c=,4,27,male,9,20130603
trYSwEc+eFFEKnSCglA8MkZg0WC7PeEHqH43fpawQnM=,13,31,male,9,20070710
Vf+mrusXQbf+ApaGEGOl0fYicV1z8ZE0BR26EDaS9rI=,13,46,female,9,20070905
h0fTru8nYMv9bR0j6kBh8kiXDaybzWBYaSHbUIVzeBs=,22,28,female,9,20080102
Ey+jmFw+a9KtJIgrSMSFuzhnVrDXuqOW5J6cdKLqYZ4=,22,26,male,3,20120630
wvPPFX+hoEAfE1vTtkqRd8XV6Oevgu9yqke/vIrVaL0=,11,26,female,9,20120712
aZnvRI3wutflAo7eKRT/1x6hIqWQ5hOYtlj137aVnvg=,21,20,female,4,20160806
MML8NHdf56bFbb8215etR4D83xa0yFPGkqP8iAOLUt0=,8,25,male,9,20150710
LNy5PJlIp7vjaZpH/PaWJjDiS/xviy3EFr6OK9vs3NY=,6,25,male,9,20100426
n/SFy2gDVM99vIvJsSYzRh2FZZFFnRl5uaLx6FmzgjU=,13,33,female,7,20100603
TzLQa2dioFMKlvTQeqGzBPmk5VKeSW3GZxUGtMHQIrU=,6,25,male,9,20111003
GMRycha3rmA0ZSNf7o6AUQ3U5U/EVBjN0GWGhv7Bd2s=,13,24,male,7,20110819
pYSWaCYsHCnd0cfxETShEe/dv21JQmV59V0QwynnDjk=,6,27,male,7,20160907
Gj/SRJIhh0zcEwWsl+V29+Wq5j5WLQUuWMFwMskaMw0=,5,45,female,9,20140809
9M5t8s8XKO3jUEnH2YXEyQN+vGBmx9KTc0BV0c/+x5o=,4,19,female,9,20140817
hqjr4D2xBA2rNZx0h9kIz7sZBbnAdweHm0r/YkClrSQ=,14,33,female,9,20111104
+Z0MmdxOrscfKnJefX/gLAyt2fabZy89De2qvbRDU2w=,5,35,female,4,20160929
1XP1xJoSTROFX9JHJLqmM85DMDSzkex1EyW2IJGGkiM=,15,31,female,9,20060423
Ni/jXeeBr00VCNSWiZe0Qj0ciwsnlKUAFF2+wurr6gM=,14,28,male,9,20060612
1lr06R/6UemqQ0KCQwWWUzQXzJWtKsrDTm6gLI90ziQ=,4,50,male,9,20060829
S2QREdgDybEsnDxU7ac7OMqBEQCP0uKdPOjqxgvbdwo=,22,54,male,9,20090214
p29MGZZAc3tFGvPN3fpbJAkCc5yugTEUKcwQCLrNX/Q=,6,27,male,9,20090225
+VDc4ADkIsbJ5t/lW2A4xAs82tzX3cIsioe6BSRKX6A=,5,29,male,3,20130302
zKZRdwiFT7m6en0m5oH6Cbv9A2dQf3EZzAtC2EqCjtQ=,9,20,male,7,20140908
DwKOLyHi5n/OmnWEcm6Cb9y001ushMU4UmLBgX90xY0=,4,34,female,9,20050325
Rl8OU9pVZKsva0pbnnDy0cBUbCqoFUqlrfCAv/vXx/M=,13,31,female,3,20131222
BDkBhrNBuSqI7Zy3cUjLbaAdZQirt9XHHTc8aF/LTDE=,5,39,male,9,20061113
/yZ7pWoDhnzBWgbfZkJIr9SoA8RaqTMInt5UKjMWsA4=,6,24,male,4,20160424
2I6f4dCKNIMmQf+6114WSSGrpYnj5qvoCfbhl876ouc=,3,27,female,7,20160509
4JLY+OoswwfT2OMTLs7u0ftOOO94OwtcdNeAsVSgtiM=,22,21,female,7,20160922
u0a7yuiuNeTcRCXgv+jDGZza8TTcnnW85PZOPN+q6x4=,13,38,male,3,20140703
8KhZ2Kc51aR/EnRbO5sdP0+h7ZmKGzB8EkdYvpLkSfU=,5,34,female,7,20160107
9o8FLHF1xFYJq+9ji9imRFyvp8XKRsUuR+1RRGbwoZw=,1,23,male,7,20120717
sJyRY3Mj79Hjf2ognFtCoOHzfMz3kk3+4vpRIt8LxhQ=,13,40,male,9,20120812
kEo2eytT6FDgy4Vuw7nqVmcAnBRUPnzASfx6Yr7kfwo=,6,30,male,9,20061015
4VNmtHrqTouHmIXlTnhyUhAhMsA5yu568ZJkX/WhYtc=,9,25,female,3,20150814
B/pxTSjRMTD0C1fz7o5Df3PiwxeGuKIexv7349/8qFM=,13,47,male,9,20150911
3VYdrLsnKSrNeIxZC3z49pdXPo1sTFRwvAZGe4arANQ=,5,31,male,3,20120402
JYwVWy/nwC01aC00yWfOK56aSDRZZF0cZ4NyUk+r3oo=,13,27,female,3,20120815
yeB5hIiHnsIy7/xgcNziy1p6xKWL8GyF1SjH6C5K4gc=,5,28,male,3,20170215
axuLkOHdNo2uP6TrYhcgvTUD+/msRWZyfQlXpnEiulU=,13,37,male,7,20161017
D4pWq47Y5afBGkYhXRp1zG5tMM4FFqWtdBAUdfxV9uU=,14,49,female,9,20101001
V0JLaftby4DutsSkU8Wg5WojLKpYZaM1Z52p94yLl+Q=,10,31,female,7,20101112
NMCO1/68S+FPfhCdEyw88JEO7OmtoANkISRKuTXta/s=,5,20,male,7,20160702
1ln4rjVsn+uV/NhkIAzR+2AW9fvOnjmY7ch7YXiHceM=,13,27,female,3,20150227
kBc7iAbsyKejEGsgoA41eUhbMMtCXuXifDkKfGX9sOo=,13,31,female,9,20141126
FxKS6Eb5O2j/XxOac4bASO1Ao9qRd/iVN6yZ6AKeG+k=,8,21,male,3,20141208
UM5Mekf1d3VQAAna2bt0MK1JmnxJrG8sc1ougKX5g2k=,12,25,male,7,20111210
XlkBiE2jmRRXH4TWD0WktOeW3zYTHj4Jmo6HwPvOpSI=,13,29,female,9,20111216
YuYKqBsa4GQFvUb3z91G+vw81j7fbkCWhkezQQ3gKgE=,6,27,female,9,20070413
PaGdMbWzPhk+KHseLbzKJwiWlZaL4tauZWsIC3b2Flg=,15,33,male,9,20070514
OZq/BzGjq5t7t9stJpzJP35bCj/hicgqIiu7bPYI4Ns=,15,33,male,9,20090502
MwyjHyEKOxCPLcY41rPWmiMd4L4MmTHpAllMxX8uO+E=,4,31,male,9,20090618
6YTsZOzoi6TLqY2v6sW+vopp4NOJ/XM/cRwYBTEj6ZY=,13,37,female,9,20040717
TOIUQGEd+BNsNmAcqUy0wXCdx+KJSOhPhKPpHxWhMZs=,22,35,male,9,20090729
jSc1MCsajJtXDG6dSFOIC8wTUllBqKBlg4DcaL04zIE=,13,51,male,9,20060826
IqYmAjWqZ8YNRCR11kMH6NeympFJtEy4cPqn4kFJgXM=,4,48,female,9,20070105
A/aELt5oyXhhKHTQk3N980XteDLXlZJ51Hq4ou3lKqw=,4,24,male,3,20170217
c2vvNqpumafigJ437+jZz9lYC7/wtM40OfZCi4RtwH0=,11,23,male,3,20111210
mJ1tAMeEejhbj1+FOE0Kio2rs/Nq5pUS5T8NfTcgCrE=,6,26,male,7,20111226
T/YvSAgDFjSshsretqBGZcS5FErBb7kDxES8Hfc265A=,15,46,male,9,20121026
SIOTdmC8SsKfAprmV/Rzi+XOHlT/HXwZqygleP43Z9o=,14,33,female,3,20121120
C9XSr0hXQrTnpr6bmXLsYJaSz7o+PhNrExKtKrVzXQM=,22,23,male,3,20150131
FYwLKXkq0CLUNSzFHBIEGLMOv3eVXaouPnUYehdKA0E=,22,19,male,9,20150222
HcQn5fKT1pCf8UE7ARkkXgvrd+VfxAAiBskmJpyfihI=,5,27,female,9,20070902
eKk+XI3RtV43DxFi1G6kuy87F36ayKhL15/9+CbQoBM=,4,46,male,9,20071222
Af0JTM33mKbe2J2qm/wfgPmuhFAhsitqrS0Hcauex2M=,6,18,male,4,20160514
mVwxMzMijWnmJ+BHKthFVUYJit60qt5Nrpm19aYl7gE=,5,22,male,7,20141011
NcZPOT9OoZNYmPSV7VwlWS7g+9tLIpmhuAUy8Da5/Lw=,6,24,female,9,20160721
sDaupxdH4P2Lz54gFreavWJZ/odEULu99deM1TPkz1s=,4,20,female,3,20140413
z/J2z6DM/rbZhsbHTICKJvuqAgPTyyI5PwqGPJjY1DM=,15,40,male,7,20131101
6bXUYmtAAFxIw4Nxtf4obcoJx+4SO6lhyWuxrLkR6NM=,4,29,male,3,20130204
zIldU4YOYuXd1vzx1TEC+n66nmXUYh92JrkZulzgdjQ=,4,26,male,9,20070421
5Xw0vkYq2plRxst+ouz7o1TAJM46ZHtJ3SWV8kYw6WI=,13,35,female,9,20070511
gd8ZgmaPYmR9EAXkwHWBv/9f0suNbci/0jIGKj8+VTs=,13,23,male,9,20070530
ExcuLHhpCdhGdacwpI8E0BR916KTQtHW335XZd0v91Q=,5,41,male,9,20120123
SHiw0veXKt8kfnGGyin0kuuU1mmFxJJb9343a06Z0OA=,12,29,female,9,20060215
92a7daIdy/NnPE3M7DesF4DOXJo2FO6wD5VwQWwzwlw=,22,25,male,9,20060325
4LN0DxbtsloTjypjXhlpDj9DIcBPxKlekHbwFslh+BE=,1,27,male,4,20161112
iSt7MQop71yOOp9oiLT9aXEK+exBlxvClkAtjQ7gOPU=,13,23,male,3,20130311
37tKx7poxGP6OQ7MYoY4AEv72FZd+7pt5HoGHUJptBI=,6,21,female,9,20120513
Mo/s4EB+dM4sXJ7Dr/OCs9WkdpE0lDGhKc4Zeep19+A=,8,31,female,4,20160619
MSS9lPiJcbaKxlpfQf1z9U5NSLmQH9bYSda10Jdj3nY=,4,29,male,9,20081203
Cz2GqDQOhyL78pnYt2J1Gq636hyAT+7MXXoU1ezf8m0=,22,27,female,9,20081218
VfGxCB91sBqsljTYsXfnvH0XMkOH4QoOdI8iVgTd2WY=,5,63,female,9,20090215
2dGJjE7KjtFb7XRzZTzmGy4vWnbDU7J/inVTCnGafxQ=,13,46,female,9,20130307
NWCNCWBb5u3gCrqrjNvSjDnAgcaej54wPbZcFWYaZUc=,4,19,female,7,20160505
DWP8MaR+MhyAcAC6YhF3Jf8VsTRRwCyzJ7dvORvAapA=,6,19,male,3,20160508
JHJ+VFuWRWDIq2AwcK6gNOIbhUkfXBdWojMNzmltMrA=,3,33,male,3,20150626
AZd3RnrMSn3klrTfrnPWnzW25MN0hB4wpqoysjfn8IA=,9,21,male,3,20150712
EsxkdlPanws/Qm4dkBlTVKyqOFA2siRS7HVGHDxZYss=,6,39,male,7,20101110
h9kf6uw+oKNL2NYtvUFWa1BlsB8d0ED+bdcix8k0Rpc=,5,32,female,7,20101205
gNAVvYCuOlqka/4z+4feE6nw1lC68YQ9n8XmMrulEJ4=,5,28,female,3,20130930
Cx9HZxcEi2jEebZ+tbfo9I/FEbMl7N9YU3giAXJnPS4=,22,36,male,7,20131128
3X+Lt9rcVwnNUMS74xKE2zOWt6N4B0hS5fHC+kRkZQ4=,5,30,male,3,20140109
a/S0jJL8/l9MYlG5oiqXnWeAbeAc4gWUbY65UhL/SGE=,13,21,female,3,20130202
ws4y+CNzrDwXLcsSQa6Q0DCrN4wztzytTNCgjHvJ29I=,13,27,female,7,20130216
BoYzdUw9KezqrD5pGEOpqNEJ6IsFJyBp4EW0jQEbb1w=,18,23,female,3,20130226
CYk3qKQnsMpOsVS3Rt1jY3BOFE/Wyt5fPxr+1GXf6+s=,15,20,male,3,20130320
K/yc2v0mhaGQba86X4+KrAEdM6pwzmNkHGroNiAoDxc=,22,23,female,9,20130623
fB9MyB95I6VYYJZSh465maVrxQFjk4pUy2L4MnciV8w=,1,24,female,3,20150819
oPNQM7tM8jXgz/E6FuWPWHHb+KPTc2N065ygqz2hP14=,15,50,female,7,20150916
zLrsnDUS99Ze4nBfmSrkbLuKOzvGWJFk1x6Bq/Yn5Ow=,1,24,female,4,20151208
pC4T+Drdfws88Tk//tYX3zLFCREjCp6uQLvsps0lFs0=,13,23,male,9,20141011
txYA/2VfN/PH19Ni4YTJgdW5/5ZlPD4g77kiHP+Yi7I=,4,18,female,9,20100510
xYVVEP8ZdMKE4OxajiNMtQv0Djk+39cyswzeLguRTG8=,4,25,male,7,20140618
UqWr3cc10JyfNP/TZp8QuiS7ux5siaOEhDHCAiOFmMU=,5,19,male,9,20140630
N7HzqTwA3RNRsfBt+tkWuCRuXqQdZ4ueyEQXDFR9XPc=,11,21,male,3,20121215
LaJLuxKlL97whtdS/n/XSnfWkfDJnD5Gcu7b2MJscpU=,5,55,male,9,20120820
7pqpptsHFFEhCYBXDMPqhmxZ7XvM5aenbJ4/JTeSrl4=,15,32,male,9,20051111
o3RQDDdYXIdhFiwXX+Wt8V2zAyrPVrOFInXjB5H1FE4=,4,39,male,9,20111110
zFCEW9FMCiZXSAuTZpHgx0Wj5EKHls+F71xV1GPEdGI=,20,19,male,9,20111119
cGtj1RlteONcgx92zba/sPtiiFzfabSBmkDxlBy56l8=,4,20,female,9,20170320
j3FdzcwoayZrniPzBqqPtFxbbaV2OJXZ+wNEYY6xmjo=,15,30,female,9,20070705
afMn5xIJl/a52VxiF8rCx4W/fZcCRWZZgwGIO/ZoJIg=,13,36,female,7,20151025
9UslsAEg95ImB7sA8VDXWMFeADTjnCRppNjNgPns+YM=,4,26,male,7,20140919
HUaRVkz26i+Uul+bdFgOseTvLG8Ii1FMLN8TxM8hvWg=,13,38,female,9,20070616
iGk763F4d/Ij7lbKLT9arOcalqrnAhTvhFMBoMffHfk=,4,27,female,9,20070627
nqZ3GE/C2BHV2iovK3HP16/6yh31CYPYRy7JOcuLRAY=,14,24,male,9,20161010
NS+t24tx2gORqSYU5FQTOCtO8iv+VdyUU7BJXKWgUQ4=,11,19,male,9,20060711
GhXZZT8+f+MHOkA9fQlnhhc6zwZGPMIRSWOd8uhPZCQ=,22,26,male,9,20060714
AZu9wnIskLL2l9U5UarwdhWqHaygGULlEjuQHkKhYa8=,6,26,male,9,20060902
a8h0aYQBzJdnZr//J87AXVp42yNZdRIxM93yf4Stnxw=,22,30,male,9,20061023
lNSwowQvt2mJuju3WiOOM1zL4nqOl8cOLs8kuyR8e6E=,5,24,female,9,20061114
bC49mDcqh20ilzChxKTswj9cjCHoDDCDYwaUKVJmYvM=,13,20,female,7,20160720
S0DH+xYo+G0/Npp7/JGCgEFiIHw8soNWltfXOUerC+Q=,22,23,male,9,20070605
m+o7zwOFFEQM6zkyCb1d858JBdTPQCqdURoiQJeD9WU=,5,57,male,9,20120223
Y1mEa+SSzVAilVkIdPos+FysKe3wsueL2Xeb+QiIQIY=,15,28,female,9,20080123
RtjuUlxmnbLNV2CeGIV3PaubiBN/S+H/UCqqxfqv8hI=,13,30,male,9,20121209
h2q5RmIg4owAT1zzuaABSHNpxa1IOc9MO2ZhLv0s5c4=,4,23,male,9,20070627
M9NfChUORWf8Fj8FIp8Lv7iO1w5bzgirar5Hv8DaZC4=,13,34,female,7,20160804
otecs5g1szr/Lf5zUMc+od7ZALISIZ+muJunMt1Ggds=,6,28,female,9,20081206
YuV3C0z0pbnnWaDL1cBEwCDe5S1agrNVkqt8C9pX+vU=,7,19,female,9,20090121
JeeUkGWKgRckzk7tN/7hhKJImmrsDfMlY3/EWeREQjw=,13,24,female,3,20130120
B5WhuAw0qN3VDIDPlEjxpm8hhZm7c/0ZtozsOiT156Y=,15,45,female,9,20130122
ePwvYO8WknAmYvsvlTGWstCWFntFiQrElgpy8O0jW4Q=,15,21,male,3,20130205
AFmEJTjBive06ChmPo7lF3TxoKNcw+zsrKiPhCBILto=,13,24,male,3,20130307
Hfuvva7Lg/fn2cpGAL6sgREYyq34nmRZ/PUOHIR3+po=,13,25,female,7,20131115
k4c+XB07rQinmZHwook54xjEXBByjYngRrSIdjgHs0M=,15,20,male,9,20160208
WkcrtLRJBAHnZ2XPid6ZLw+5sMvQwr9FMk/vXPWlCOw=,22,29,male,3,20140928
12dAsBod08mp8WsAllvPAoXDMKUn9jyCARIi/CiFomQ=,13,26,male,9,20170204
wU2u7DtyfVVAYCaoP9v0w/HJQmaCWNIxfAsC0CF5nIc=,13,43,male,3,20141011
/OIs/k8u95yTbM1QLPmzTHjHBnBSjkkYk/uA3ug/vYM=,5,24,female,3,20130120
TJWduMs26Ss5EbDQyG9aCqhkpnXXiovVYnOVH4/pSJ8=,22,20,male,3,20130122
45Faikitdt2n1C74Dcp3GZ0W6wEcWHW++g+dQlIIRf0=,5,35,female,9,20040328
hFrVbJaz5v/ge0jEEIh0dwzcTaaIYWLD9yXKsqYf1BY=,13,25,male,9,20041110
wGZ+rL3p/iJAVpM4SRPtwg1fsqasGgziHCawOaJgFpw=,15,33,male,9,20140106
0aXrPG4yo9mUlEJDcabQ9jmlC1u8lUrxqK+uUB+canU=,13,26,female,9,20120226
z69hlix9acuALC+qNLInG/Gnlqs7N3W4lOYB4siUNV8=,4,26,male,7,20120315
0iRlIzmg+IuRCThkun5BjvvrQLCcBO6cuFa8GVGGDjY=,13,34,male,3,20120612
mtEeEOrzAYC89oLV8B3OFKDQCr/gAIsgSkzWA0ioqqg=,22,32,male,9,20100116
RzU4a6jHB3Y+lzhdrUJOXUDc4boIa9AFnFCoC53OaWA=,9,24,female,9,20100130
67oJVE61iiZDwYPY+qzigoFw+zr33KMSCJViSICG+mE=,22,36,female,3,20130806
cF/iC4NKteTDR/1rvsTmVLEqCUH1luxFye+buujk820=,5,37,female,7,20141111
FwV5kZUKBaQrYGsqZbWvwFst3e7AaTeGoOpiH6h2PCs=,4,28,male,9,20141116
KOo+w9Ipc+3zKcECJxOb8q+0G8ZXhn3p+Pj3xTFT3+g=,22,95,male,9,20161003
i56spX+TFBGVmnre8VnToUY8G1+vEPEkexvffvJdimg=,13,30,male,3,20140905
TsZoobIHR0fXAhRLWxDl/NL0luhqr1EWNijH2WcZEIE=,14,33,female,9,20061212
+qJVVyNhdo8oIYCfApjHsw9ejFyA47pw5KcVyWyElZU=,5,35,female,9,20070125
KJPEnA1cMlfakv+KQWUQmnzysFdMqbm6au4Fk40w05A=,22,33,male,9,20141008
I2pqnKpeYXHG1wsNUj+tYt8WNXwUuEBbVZPmoDvpDUg=,13,32,male,7,20130331
4odHrMCyCgURl6nmOL9PlwqFnO89yKLWS3Z6RwqL9h0=,13,25,female,9,20160919
/GMxF35GcMBb0qefRsWQRF8QoOqGNZLoXAJusxaDfVE=,15,27,male,9,20100222
Lq0L8Gl4IrPllvgUBmc7flg/30/5moSGoKaoQBqyeuI=,12,32,male,9,20110905
ZAvfbVabkoH36ksn6By2LuqRZjcyeTkodikv7NW+3ps=,6,30,male,9,20110916
BFFSLw4Jz8auPBEkcqydXNNZG5tpeXfb2k7EpeWMpAM=,11,26,male,3,20141026
bjenaJDUl7+ob2c+z/iDhG4TzP3kzUSfV0PQjiNVrmk=,1,34,female,4,20161002
CNyv54uCfaGUM+H7USmRORRFlcbDD+qJ6zODANdczwk=,5,44,male,3,20140322
EEPe0fiV/JVC1wC7H+E3uOERFkzG4xS4zkQJHZEXUk0=,1,37,female,7,20100806
0QHxdyC8mwWIMbyweNi3Kv/bKRPNjE5M1bKySA9wmcQ=,15,17,female,9,20150715
Kb9MjZXLLG0uIgfAJvQuIJdbE5+6Ai5E8mufJmi26hQ=,12,30,male,4,20160211
q3I113SQtJRgamVgRBgwJtiTAmy8tbd6Z6zTR+yU0iA=,5,22,male,9,20131004
V426c3rOZyF1hItL0nLzKyKYzz+F3OGC97MoysLPz5Y=,4,44,male,3,20131018
R+adBizBOlG1fqVBOSv8rqPmWEQYeYwfR76o//F2PHY=,4,46,female,9,20131107
Iz5RhTBFUBMdB8vfZDMKy4PivpwvOeKjjprCyo9EvoI=,22,22,male,7,20131201
6NoPIsPhivgKHOMTKMmaNmbjMV+qkmsA7Uzsen+Gv5Y=,13,27,male,3,20131214
zaSCToE3r5PIRdHXihIGpc475AiiTTHdyG3RrBUfH6M=,13,23,male,9,20100329
U+2BaIsHNpBwNbYBgFtR7vVjbcnyLqBD3CDdwUIydeA=,8,57,male,9,20111209
lZQmvoX/4G7dobJaqvTYjMrDCffDM0F49lSrQytl1/o=,14,37,female,9,20111210
joL9SKgZG5/Fw3aVqs5m2mT57ZjqY/eaEBT0abUn7Ds=,22,28,female,9,20111217
6TI4lMGuwfVKsuBlmgorIRxKiT40Aho572tdFfC0WdQ=,4,29,female,9,20081024
oyZmX+vgghM7nwjtOHjxBZziWET43Re1cYCX/pmfaO8=,1,18,female,3,20150818
9ji7ccYbDCxnGNKm2geg7JC1ywVdnO8hTIrBKGU/OAQ=,15,21,male,7,20150209
6z1PKZeDPnfqePUM43OnktCIbpFCLi99fTscEuuoL+c=,5,19,female,4,20160820
XluKcJRxs0RHNJ32r3mj714pb6Q2FQ+o43lurzRmpu4=,13,23,male,7,20160823
UaRQCnHsLlxBjKZ69uZ4i3Uqc+dYU82otgj8Pt4SaCM=,4,19,female,4,20161115
eMBBPCVPIOF7utpBg26gkoZa4Mb70jkt7Abl5KPYmTk=,22,31,male,4,20161209
V5yWRIhHjCFrFRHhMP0tNpYsE18F1QDDLlIAUpe8L/Q=,13,29,male,3,20140802
GbTEs2Ficynwp30NAqegUrms0TpxXs8a6JJcZxVYJ9E=,4,32,male,9,20160609
z4Jhepy4o4TYOL8HkfNbOsJu5E/NMmiDgBfKLmdcjxo=,9,28,male,3,20160610
vKd3yssHBgd+wvVWIqkM3zOe/LLBwUtFCj0D5N6L90U=,13,18,male,9,20110816
R2OI7+nlfQd9gJnv/Xk9VMLjphN3E8VUlWpbgjQwAVY=,15,26,female,3,20130318
mfWkFcCwPPp1iHvqP8auTTQcB4L2kJwT42mv7HGkNZo=,15,29,male,7,20160807
qNryy8c3/5vEzN97An67oepHaYpMMX2JooMsFll7AS8=,5,18,female,7,20150225
JXsimlAfKPbNAkjQO66ZciNyJlRGcIsR/oXTIuo9ShU=,13,33,female,3,20131021
lPeYSqGiNCldjB5jMj+6aPqigMfvenmWv1VsLtChHpo=,5,32,male,3,20150730
7ZpdjCWvky8GzbEA0p2o9W318j8sAA16KhfntelFb0U=,22,26,female,3,20150731
p3I3xlkM56dU6UvhLApQwj08bS0Om7IU3QmqQNGFYwk=,13,32,female,7,20110119
ePcnd7U6GCPOt4VQDFmxbRCd7vYSrt4FjTe3kCIISbg=,4,34,female,4,20160802
cJ+1Le8V2dOBT204XspjPeHdv5tTgeF3b7HfGA11Jcw=,1,22,male,4,20161120
fmoqt34OpDgNP/jjMPJ06A5MvWlhtkx9J/azgRCVty4=,15,30,male,7,20160818
OXnLnBtW+RQgsTip1HqLE+Nxnvo5sdxjFA3zOGM9/ug=,4,24,female,4,20160819
hMcC0eYoKkg663dlMItjMWciS52ldvxWmpbpU3zpxTA=,22,26,female,9,20111103
VDQaQ6vel0JspF5dV5bsNVdDd8LSD8edxV5lmCkuwgA=,5,16,male,4,20170114
bD2Er25HwFbAGAYEbK/WwPCda7TXNN6Ka+wcuh4YPHo=,9,28,female,7,20170123
qZu1hajAtyhltKZlo8jGIF4JwuJ2BsAW0u2hOh73+h0=,13,29,female,3,20120710
p9hJDQx56rIKAuQ3trmEO4kCnBfd2OnwFewTcdgdy2g=,13,30,male,9,20120718
WldwSS77vSD/Fn2xLB0IhQ6sGof8eBLuW9L8IyOHQHk=,5,28,male,3,20120805
UrI/b5ZYq/VDs6LfNpfmaRkXZ+Saqam8FnDilQnLzcg=,15,34,male,9,20120819
ENJTrdssbvFOvASZiQNvTRclxIkTI/ptRXM1f5RxVTU=,13,24,male,9,20131117
2//+Z62IrfcfjlI446OO42ZtreIJtfRt755Cxz8k2oU=,15,31,male,9,20060401
SXxQ00/Ld29lk8maiyrWhUlxCfAKKOfh77GzFGZ8gGk=,22,31,male,3,20150816
+pvO7NJIlFObg7vD7Ld+qqphdQDqImhAIs1wr3sZ6IM=,5,19,male,7,20150902
8EFJz9gFA1GuCGay1XHHt06teLPvobwuAwfAXPzjifk=,13,21,male,9,20100413
85eey8tpkuBkOVwQavoMJJR7sxXT2y7ldUlTYuZJoLU=,15,55,male,9,20100421
/hFU/a8PspFFAM1jU3bTI8XVU2vJVdoBzzC1LEAyF8A=,13,23,male,3,20121022
6fxNsUyuwsIb5BLfVzNEVImQh1l4yvdflN5dXqis44Q=,15,28,male,7,20160105
cgMY5nM/uLhSfVpC4vnFAmGq5l8IZnYCU1DnXgpm+Xs=,5,23,male,4,20151113
FNdZ0iEAeXxZ4RhxpvpprW/AeHmLeB72EPckAbxJl8Q=,9,28,male,9,20150113
g7k7J+HzF0zIJG3uC/ZSAa1FSBhh+iBf8jhAqMIZvL0=,5,24,female,3,20150120
fJ0ow5DvjYQ5LePxllAgmPwXVtTehrgCb7LeghuiScM=,11,40,male,7,20151222
EqE1MMgmvO01UMw2x18wsJfcXrvNU6SzJwLturoBD3w=,4,27,female,9,20110707
Zfr+ak5sIaLknAblSTPtZZY9mFGflasZxx6qJgktLH4=,13,22,male,9,20110709
4cFuBeGOEdKn4MiX/yhr7Z/BvbdRufQPDCO01YRGRTM=,5,24,female,9,20160903
dVo8zlwAbcyU8qj+s5AOZS+SuHZHeoiiTuU3xMaOQBQ=,13,26,male,7,20130114
0thLB3t1HxeEXXMtoqigvs5NvIzItwkFLduv2VAoamA=,12,26,male,3,20131030
VnUbwAhvXhugjt7PEQabc4t9+4HculzQEOiKf8AAs/0=,22,23,male,3,20131125
Gn7QRWZVPELnfww5UKUe3yku/evsFrI3ODDvkF2tVe0=,15,23,male,9,20081006
UYnpgQovZYKM6acHnZ0JQMzUjtS5llEwRH1iVTg7alg=,4,22,male,7,20160205
g2ow4+ypz5PZMD96OGj9xnNh5p2bKT4IzmOWbcVkGJc=,1,45,male,3,20161015
bYEPOZntPYpAHqaWZ3sUnifQCOdvFq6cSHFZ5w8zeKM=,5,18,male,3,20161023
5fHA6BGZ1gUOz508bjhyrl/+/OcTEfokuERXQyCt2K8=,4,24,male,9,20101218
TP2LDlu7NtgtgbJ4JaW2JRykHqSlhXKIC/GVzMFF+7o=,13,31,female,9,20101223
Gt35Gejwy9dCUaEvihWQ7DtaLS6pfBj1pPYDeV80mro=,15,32,male,9,20110111
mwky0yK11H4pThtzAqKEwtH5EvXvQp0ZnTU2nMS7aUU=,13,30,female,9,20070623
vC1dJgz4MfLX4HC0M7LP/LdjQYU+RQ3E0d90ogny7ac=,5,32,female,9,20101107
PamTVI0row0lixKn7q8YVpiwEo4Zv7uCzCbRfEj3sms=,5,38,female,9,20101203
hC2i1YbUQtp8A5T9pfTo1HWi2MjMs3G51h40F3axhfE=,11,17,male,4,20160328
Yb9FUczBvUsLoznjchnpaC/kRK4wCX7m6ZT1OMYE5gs=,15,30,male,9,20130406
Pqoy/cusR1JwNbEGPnbHwClSw8LQExDGlPwv98B/FTw=,5,47,female,9,20130413
//rV2pd3ncomJ2aiCrZvf7DTzvSh9WPtwoDblZqqKQY=,13,19,male,3,20130420
6S3Pp4V/zPd0EiEwtKKcqJLn6tmTNmVu6aSgEQOo9Ok=,5,23,male,3,20130506
xAefB8ubiOt26njSmC4m3cEM8XpKJB1V6cFDcjMBeVI=,15,36,male,9,20041224
8ed/e99rw7O1np7zU/Dm+DrVYvJlTnVqxgb0klGtlog=,6,41,female,9,20050305
3SeLvEqaruv1kOQ2qnYgMNk0/A1YArtqcYrk6kfn0I8=,4,29,male,9,20101129
o5xE4ck1HaK2bb006+HbUo0MiyMsaa/SbBi7c04P240=,22,52,female,7,20161124
dR4laS7EzkyY1E7xFvapyEcwT/eUWvqqN1mQ7DxAF78=,15,23,male,9,20110701
GaEUmWJwStKdKwo+ToeNC7+8aZiJG938VFieusqyInc=,4,34,female,9,20111013
+oA1SoFvvN4xtW4kV/hcrfYFsC/3ZXtmhh94Q7Wu4lw=,15,25,male,3,20161006
yhDDBtHszbsanLktg8f1904C6u7Cvz7v1ein5qiRN9s=,5,34,male,7,20120201
YDGWbJtaeLVto1gr2Xmj80Cu27U1/2xpbfVusNDNAko=,3,31,male,3,20120201
WpepxMWZt4KEkSRPeDMfat3FW0WXDhMn115Z0SQzuYw=,5,40,male,9,20060926
mVGS87iYQnS7qwz/gTdCHtzCm9JHeXwEBu5BWld1GEw=,13,54,female,9,20070317
+M+De0iWwbHb65a9l1QjAs+QTqPgXZckPqEUerwms84=,5,34,male,7,20131219
eAQ76Zdx3q6mUND7i/C33YEmwizIEXcGQFydZU+efTA=,12,35,male,9,20100825
zqyzjWu+73EyTyATuQbdRMjMz4sFH7Tc2IGvl+s3Uqo=,5,39,female,9,20101211
ODVR8n5T1OAYN6n27IMf5aeeSjNKmW7kuKzPUl/o3j0=,13,24,female,7,20131209
tZ8cDsBm9ismoVEgzMgLZFCn7VPp9lQDYFIQl53y4Nc=,15,29,female,9,20140112
IZLb0+cLkLjcViqXyn7h6sVncp2oG962xMZq95KfAD8=,5,32,female,9,20101115
7YgUUY8DdosRa/YTc3TPMjAC/LwnuDRuZb5XEc7TdCE=,13,26,male,9,20090126
cyB9F4KNbq9l0+cZ4XmKJlyG63eTVhQwhQcJz/1z6Hk=,15,21,female,3,20130309
2c0XcYH3wRHM+XGALqO7pK7VMCq7i6v84oBtHUNtQCA=,4,20,female,7,20160224
VDZGCya9GeJiVVttUo+I/kMQQw2uNiIBAQdq6y3yFtc=,4,25,female,9,20150825
4KKBe5cgxEN2M8eckcBffPCea/C9GYw3I65eSIeAJ7I=,13,23,male,9,20130305
yHjgVMq+Qf8Czd4R5QDKHvvoucnQdUq6ZYV6Xf2gpCk=,13,29,male,9,20130326
G/7lXxzhxLwcU4OPe2CqBPSZ4j7QJqagvF7RHjuh0gs=,5,39,male,9,20131103
kUuTtg8+5XHVPWvKlQWkoy1hjA/elqsfLtHJh3CjbJA=,4,31,female,7,20131104
3t5iRWEzvR7rKmBcqpAPLc7Ma8O3cryDdWNTKiMXskg=,1,19,male,7,20131206
O+HO+0SvXt8CTE3CU13v3X7jRHftysqifbWKgdXHm8k=,22,29,female,7,20131211
haEwxIlGNpe/DKKHmCYpUOOWc8VSpHdM765nBh9V7Ww=,13,33,female,9,20160107
ogDxYYHd/4IvYlKb3OMhnUcljAFCeZbFx1IGufFyAjA=,17,32,male,9,20050805
cSjUUR9myTMuKUBL1SaibzjkdXxgjOCT9pxUb+7FfVo=,18,23,male,9,20051205
a28vsCaEQdPulbufCPcCMoIXCod62OktyJjgkabvznY=,22,26,female,3,20150903
skfLrR2HxEdU6xoEmpGqAjt4WplmwIen1smP6q1e4BY=,13,17,female,9,20130313
7Xe8ez9/1NnlMrawgoZg8MgxkfSzkz53nE+int/aCFk=,5,34,female,7,20130319
LrmCNDtciWbC9vgAyZdQyDZSVes+n06t+efkqQLezXs=,17,39,male,7,20170220
8754vchUBKRdrSDd8najOPblpwAyadCWIdT84eC9cjE=,4,32,male,7,20130601
aWNF0rxUdyz1PRi+UEvHiyGVYt0UNcX7myEUqYpqcyw=,21,21,female,9,20141025
uWxmVfSnVZYO+N/b74nZqAgfsIAZmOEkx78yqRR9yiI=,14,23,male,4,20160501
fzaodhZ0f+7v+NNrCL/6SwMXRsgzqYm8E/ai8kFrfN0=,1,33,male,3,20160718
C8ltXkJGLO7qRYeCIYleS9BUdolyM1ihGerVewZ2VC8=,4,21,male,7,20160803
ytG4FZFcy100lh7CC9TPUHGLVF/aXaPYelVvhQckdY4=,13,25,female,9,20140923
3L2tSuskxNj4bgYSSmRO4lAxkywoqno9Ned1NfQszYw=,9,24,male,7,20130108
vA3f+OG7gXskzIt1sK1oSJC21eq8Mvte9m4Xif5Vauw=,13,38,male,9,20090115
5fpjRjtGXHK0XHzMv0D/GlhddMCGTWav+DPeSlH6438=,5,31,female,9,20071216
dEg/rgdCqkXPyYjXfj/ey9fmSL3imgPI/eOf9uHpais=,4,26,male,3,20121026
vnl1F0oXGGyUZdicvRY6XNr7DEZqRgcsqJoxxImFIEs=,13,51,female,9,20121104
oVk4s74Sw89GvivlIU0QHuq7AgQp91kYkVQucYsWnXI=,13,37,female,9,20160807
IKn19ULmSXnUdJWJ3yNL+WlECK1VCLqHJ3NS+MuX4Yo=,4,25,female,3,20141002
XS+TF4sU4EC+NqBabdkOGHYn4GoeAMGinGvJqk7XkxE=,5,34,female,4,20160804
0RG71ePmjUvxjsNMZ1GCbZPzhfWw1VLPGO+eMW/MrjI=,13,20,female,7,20141019
uUomFdl3glowI+aOFqBSktSHI26iROqi9bxweF2tGG8=,5,24,male,3,20141019
XWlZ7fg8pDfmNy0ksiNMvCHw0U98mpX1EJaWJgAmKco=,15,45,female,9,20090726
z+ll/oznFAQuivz6ffabOpsxzNoRFr+W2Fy5+o/NPBg=,3,26,male,9,20091114
zatMYrS6+tfPLN6mHQC7P6ZmU8BNS91QvMcWQEUcVJg=,22,21,female,3,20150212
3KWB/zn3KxOWEMza7kC68QdbY1EqRNeb0iCvLlK5CRg=,15,18,male,7,20140422
Lee5sRs/t6JzhN9+SliPVxJxqcDH7L5iay/koUIuFnw=,14,23,male,9,20060604
vne7UljIHpLYjApZDPqghJVOSs/GKTKGo1OXms7aZ5M=,13,41,male,9,20070301
WyO8L9wfUA2ozSt/UZUE2gDJ6C1bgLVpw4roXGiVS1A=,12,29,male,9,20070409
d1g2NtESA4GlDQ7wgSUm64BRxzMezDnESQBG3s8Zx0A=,22,32,male,9,20070430
Yj4MkCAuH/MJ/B0Du9GQdq5i94IFpAPUBz8t4CCoLBA=,4,17,male,3,20150717
9u9ZpJChJtDK2HxXtFL3J39dB5IkMMEDfoTYNZP8BYs=,13,27,female,3,20150527
Z9A+LkepewPQEXYw97v2flX2aeGXmw7Gz776KorGo6w=,13,37,male,9,20081107
eOMKmXrEvDfw02KQvjJZA0H8pufVxcptHci/2ldGTkY=,4,40,female,3,20130208
Isunc5VX4HwcK2ct+v5uGDNiv6wRW9YX2MwzCCSF90U=,15,29,male,4,20160828
P9RqsHHVONnj4nH34+bHnAWyGPt68xLYokv7CsvHb34=,4,24,male,9,20140912
Q23DIXacax+AwZ7r8xO/8evZt53Xfl5LFb760btjJVY=,5,26,female,7,20160719
crNa4HvicliGLlUzed2FrrLhuyYLxh/pa7iy32RdBVE=,22,38,male,7,20160220
OWHTLaaeaYdKkXC69wdYhIHSpxjvHPY8O7MBKlaHXpE=,13,18,male,9,20130910
GyNmo3QpWFtZu7l3kK4L9s0H45ZFrFCmSGAx3/XcvaY=,6,28,female,9,20141206
J3bZVkFq0+nAoXljUP1I/hwRzv5jKzUTqtStPp4JzMc=,4,22,male,3,20160908
baqTg1yBaO3A/PuirhMd6Ti1kXm6AgMkKtTpw8jZHwQ=,5,23,female,3,20160927
WZ3VUlu4IGTyysDkrY03HbmUo6if2jmDEr2gFeKz+XM=,17,40,male,3,20140106
FwOMYPYplPH+595s0c4nuzXvpjklj8ScMhfS5+EcXGo=,4,28,male,3,20140116
txOWKoe5TwXTsPHGJ3g/vO1w/8ODhrabwP/2NwGMjEc=,5,21,male,3,20140122
jgNLXX6OHTK19+PhpPPx2XJGiAHLsZ7Ev4OmoNbH6P8=,13,24,female,3,20130507
J2OmzkUNHfcU9iL4hSKHqmqp6uioYe5opswfE2Dych8=,13,27,female,3,20150820
JC/lADnziyUKtwGG+GzQPKgTVy5uI9pn7h3vL1FUQFo=,10,27,male,9,20150822
yRK74xvNTuQ67R6NhZJ+2rQttKJpxWdlX75zHr8j9g0=,4,23,male,3,20141114
S0uvPM1sbfkv8bj7zU/xEIFZhq6ja6hCr7BtrWjZlyY=,13,18,male,4,20160305
XaeV/NgrJaoJ/wOlxJ+M+4Gz+hqq4l+WMrlFVkqc/Qg=,9,52,female,9,20130430
yvlkq+lMrif5fQugBhSVLklVjeIGd3Xu74Zl7jFcN04=,13,24,male,7,20130330
eE7Z/5CvMImPFvKKl7hSh1hC9mC+2n4WHScX/ffeXa4=,6,22,male,7,20131221
DjJ4XwJxigwq+67E8nbwZ0TyjUDIDMFz4R9IHpxlgi8=,13,30,male,9,20070616
bFwc77zYOaFJ6ynhG/URWSTtTwMxwUW+yKuhF/ORoPw=,6,33,female,9,20070617
JRYMSbftJlT4oflJr9aL7T2aEDoqsQ9ulbFh5zWgfo8=,4,33,male,9,20070714
s139b7jd5cdTt0dDBd45rjRq58enCa0ijath3KvHnQs=,6,51,female,9,20071118
V4MDjYYQnqkiJYHPTKCnc0nIdlYpA600rPk7/khUaZ0=,15,41,male,3,20141222
RtWbA2twcbjh3il6cPyZiu8xKuMqwqE76Fj0UKT4trw=,14,32,female,9,20100610
otl6oEgpAM1lWwjRbPY+8S672Dmpupvb1Lr+PB3/qo8=,22,37,male,9,20141002
bF08riLf4xqDNOvvxcTFNDz0Q89w02DGT2ddPVHvqAQ=,22,32,male,9,20141012
u9oGg5WN/7bLO/2LuA57wtaz2qKDkOMLeY97r47AI5I=,5,28,female,9,20100418
aZRXrAwzGahNsV5VkWqUIKOdic72uEPxJMP1bYa5AGY=,5,31,male,9,20070616
DU+nLtvZGJ8Ch8aytG6mqbOn4y9p4+7DaGEaigCDlRc=,22,40,female,9,20070722
Bo80Uvfob00eEkikGf/vhS/2hEJkmMvsCHonaL6DK2o=,4,30,female,9,20070821
ajeAMPSGRe0UpXcwagk5GNXkyInrSnlpaQ3s1OMRZA0=,13,30,female,9,20070904
FJiZy0TA4ErrQs0+CObhM4fvcK+ITGoPW5oNAnu3Blg=,15,29,male,9,20071121
xvmhM70E8O/F3TPKtb92qamaos7619T7Mjk+gIB/43A=,13,28,male,9,20161204
Pghx4M9RndYrMOIY/FGlBrVDEkQadQI/XbO45JrwA1E=,5,53,male,9,20070526
aVtnQUev1Bpmo+xhPKnZqvbNOpVHTnRBMSi41TUXPUk=,22,29,female,9,20120614
SymFQM7OXvMHE0WU2jT+C6o7A9MQQ6St3eC83LkJnbQ=,11,27,female,9,20110617
3XmAmZMSVLBftgmUuDw344Wa6bGC+LxjmBCS872zFrE=,3,27,male,7,20140607
HEW45DkvVDghR1rkP89Uk5OxiTwFl3/T90oofiRlzUg=,14,22,female,7,20150517
8MC4qV5Pld0aLPk0KQ50T8uR6fH3m0/FlqhayyBV30o=,17,20,female,3,20130513
qkPB4jsT9Vk25ldRO1EMjmyfOwIuRPlCks/PV/kJ9MQ=,5,23,male,3,20130518
83ojNSoi26gn9T7fw1Rc9ItsxlnUKFHVAD7eG3wOa0Q=,19,39,male,7,20130609
sJGJ27BQr9vV9bY3Ll2RnC4dVkBDZScnmAq0o9kDjH0=,13,32,male,9,20060319
J8jG24VeSdtXDj5TmN7tfp+6MQKFmOkRKFurG5A+2Qs=,13,20,female,9,20111024
5CIUe/rilWErWZSP42n/OpIOFXR8tTVyIQWA2XyUr5A=,15,34,female,9,20101008
8lOh0OYo51nDDCLyKKHiuThM4CDdPMCBDUGIJBCi5/0=,5,32,female,3,20120809
M3b6HvYC3cQ4nuDN+NKSxlkMi5yF4awlERDDHH7N0LY=,13,30,male,9,20110304
uF1ILFHok3QCAbBsBsVB2tsndPXBW4Ig8+K02Q/3bHM=,8,25,male,9,20071127
Ni+IcwYOG/JDMrv6hCijTz+NESOIlH+BZQrewpvEt3A=,13,55,male,9,20071215
YOceQckNlh5ujYORsGvoE/VvZvJfzjoPTfISSTdbqfU=,6,21,male,9,20150116
6/uTLh9llTRM20lho1is5H6TR/F3E08TnbfTbo6UXzY=,10,41,female,9,20080115
TGEkabKyg0hTdO7SabvxA5Dq37oh5lNEcH/2tIV2kIQ=,10,23,male,9,20080131
iPw9KaQ1zwh4LDEDASURa3ImnfLFblgJ+brrBMJHOFo=,13,30,female,9,20150406
0/UAHP8sBENljmBAUIgUk03DjACUq/l/ezFzTPHH/9M=,15,44,female,7,20161110
SnIWqL9bbtD2AkhzyFt63y8BIgC3J2kCryyCnDf8YBQ=,13,36,male,9,20150728
AGGn65IdXiLx9cPcB0TbJiR+OujaFylWNnpOeoseJ1c=,13,43,female,9,20170220
7/Agz/Z2Zw2qFuzZkp1axun4BuUw3Pe3IONvrQw7qyw=,9,28,female,9,20110820
SizXMOtt+G3IUKDL4sB6WOCNXGN6LS3tm4Do6GaeHFU=,22,29,male,7,20110904
rXq/wHqtQP7wlh01GePRVSWenL4/UUtTe6zg79kBflI=,15,28,female,3,20141118
lyid/Ta9jKGSk0uingdm3WhlSu6kNoJXs5pv8zbUF+M=,13,23,male,9,20141121
3uY4zvs7TFM3XSKfu57VxRU9Ru1yfiE9stGa4IC5UVU=,15,28,male,4,20161022
7obzLXD+9Io0JarzCTcX0HvO9T6T3P1xR/SU+I771Fs=,4,35,male,7,20130225
qmY1h2gmV2fr0ls7JbjNbfPnkpTMZp9CgUScYGLEweQ=,13,31,female,9,20130227
KPPIAhWidBl9G8QEAg7zw7VPpV6BNDOMcmLHiigWJyM=,4,17,male,4,20160116
XL5udyMKglLtbomGW9LlTohhWVfiJPsoCXRXX5gwReE=,5,33,female,9,20090903
RjgP46XFZ98C+kyLoGl0sgClOTw+tBIjO7s30O2CL38=,15,34,female,9,20091026
fnZZsrozsxaIoum87JPMYRT6noAokEaQITR5O5lEtTU=,22,28,male,9,20130711
xocRIW2f+p8a6jPgZNeP5kkKFLPQ1PRncSYOGyy48sw=,11,29,female,9,20130719
9E9gSarA2SZbSvB88Z8WdRvQmgW79REpiLjM/L3VDKg=,13,18,male,7,20140622
j9h1L4pxPJAmzV1fiajAKsHY6TfsSegUaW6j0InaU+s=,6,24,female,3,20140724
Sj26WhpibuZJGceVsBRbv42iADlwoG4EkpdD88sBz8c=,14,51,male,9,20150215
+XRUOt8d6k1Je9N4k/X6wWVxRMofFCCGf4B+Mh/U+e8=,16,22,female,7,20150220
KKATV2IFlQ3uyWn8LDiJx/2Ewc36WF5voEkBKgUri7w=,4,30,male,9,20080621
M4FP/+gHzYrkxp4M3k79iusRappjqRyLML+nQUgkPUQ=,1,31,male,7,20150729
vCAsZ/2DHjXCdBx/MxoLp+fPkc4n5OnU/qGWOQ2Bk5A=,4,28,male,7,20151007
Ia3q/SDj+9HMDaGvAQNbrSunWGtxqbNxoA3dT58aLw8=,13,20,male,9,20150810
ieJDTTucFlzC5AdFRWf9c2YSJYg4iYOwyUY7NqjZgpQ=,6,23,male,9,20140512
Cd8DW/ryPufV4rA0zsOYsnI2xI6VqFpJl5aXbzyBO5w=,13,30,male,9,20140521
dpyG8Z7GYAY2Bo3WyzeQK0+vK/Rzrlt1MY3abmxvPvk=,13,32,male,3,20130918
OSaaGJf8d4sIlRtUyZxXdDaJFvhCT62BvThSENvFqKg=,5,32,male,4,20161122
c2IbQ/21Xgj+ZshiE8aqE7utfeEYOsmDZXiH4OCEN6s=,5,38,male,9,20130612
U3H1xKOKzUq7fELr+VAMsa1TorzIF0cMYrnJNmNQbtU=,5,40,male,9,20160904
LyVXI2i8Vuje/jNFCteNohE0uIShf3j36pFxw76sXIQ=,5,22,female,9,20160913
wrhI2+cV+V6RLSow635DDpD7WALivzQKGCvvMeFUPd4=,13,61,male,7,20160424
cpqA+SzBTmMF2FqqHeXTJQMRPLIOZ+VfbbCCPWNqM1I=,13,22,female,9,20140301
UgJFLHp7bbSP0UXdj2wvYdoq0VHTNLWqBQGHkzSty2Y=,8,28,male,9,20130120
SwLmwMJf0QAzSc53DOWXDdnNDR9Sx833sL0j0h8iI74=,6,22,female,9,20130103
/FCbJjCcDTNHfA29FSRXoTKCFu070o/MW2MnKDmOWps=,22,38,male,7,20131019
qmUzq9Z1Bq0qM2pQWbR5/0lglh+7qbpc58VxAurALVk=,7,26,male,3,20130926
2uG2HQ7+Ys6PLa4AgKq8awhLRXpqlOjNOASGzA+UW5Y=,10,29,male,7,20151122
7kQwmiUM+IoYaDObJ9SVZLhU2nPg+SrH0CB5TtCkyqw=,15,20,male,3,20130923
EgVDMor2/HORcbgIGbncbkcLr8hZjcQ0tDprfDy3qoo=,15,24,male,3,20121124
69CRwBVpyJm6irtOg4YhwHqWdlvSAktVROke6Kte3jI=,13,19,female,3,20170324
r7iamfxNXxEIY1vI24l3mEFFxr2qyo5mlh5VvHgGn0o=,12,27,male,9,20080714
tbqPHYzvWKCnQ1Vs9cUzMxtFmQRe+7MCVUYVhG4WOAY=,13,26,male,9,20140824
YinQMu/95qC3hvQDs/qpn0oXRpEH5cR3153fydgq6ts=,9,18,male,9,20140907
Nv1g/HmzznAEtZZXrqFlE0b4F5gx5xd4+XVOIxVoOzg=,6,20,male,7,20160809
2k2VwUNrTRKP5vx1FTwI4oWCQTprh5BP5SAkkVl99Kw=,4,22,male,9,20161122
V1eve/vLPlZVZQjpqVIhSYUbsc7HxqpMOSaAfU5+M30=,20,33,female,9,20131204
h/ALgZybzJHvCHw5tHur7BQt4a187yaOcAd4fUWSPj8=,5,44,male,9,20131219
0krtXHBNt0wI82uHvAoDzqB6Kc4IXnU7BIeV/DvJ/HQ=,12,36,male,3,20121024
dg9HOnRqrt1+W/ZIflbEiXJF9ad4o8QXjrcpzteqllI=,13,35,male,9,20121208
jL2BvYIl5CoMueRtkZ4Um8zbolWQ9uEemLSUAj1fY4M=,21,31,male,3,20121211
+KxvUabfWkZilotIZqNV/u8LAPYGUGKOZXcaQ0ewfEE=,4,22,female,3,20160120
fATi7TYYP5PkbEWfcdg3ypaWcfmHr2tFwI4DqbMJIWc=,4,22,male,9,20160122
3mqC062+g+kZNbcBdtLm+TNN1qZnjDAQJN0xXq3vDqg=,9,33,female,7,20100924
3ScEKU0XG17stoP/ULorVpq+1SRQvpiPvDK0jYaWafo=,6,29,female,7,20101006
AvL8936blAxfBOTDFaxB9g2RhKukxm4D09kg3EuCfGE=,22,31,female,9,20061228
Op56wXd2FeDWuF2S4nEvfHFvhH5Lrr9q/bbith2Si2Y=,8,32,male,9,20070228
gNhSxmGYTr7di9gvqDORrKeRpClbRYgMUcAoy47LEug=,18,32,female,9,20070317
SXhcOZyMOYlbduAot2EVJAsOv2AYXoy8M4+30sriLzA=,5,35,female,7,20160917
c3hhOocXlfqCquvQo2PppT4mNS+w3QL7yk7gM+gR4QM=,15,26,male,4,20161017
VzXBkSzBFKOUo6udt+/nAlWHrjxZFxO7dvRT0Y4Eozo=,5,34,female,4,20161013
2PfNsMbDjTRdp+mCDPQHCgB/mEStoXr3Qi+X5vJJTks=,8,21,male,9,20130220
U6pbIW8sPXZNiiB+Cpyxezxlkfw+UVtmQ6zqKNKwR4o=,15,26,female,9,20110621
+hI6V0Mj5tJZPCdXXo4aE5KZLmkY2/rM3W3nMhuLmwE=,22,32,female,9,20101109
XUzbduPSNfi1IQNMqgVG71D7Fn3ERYD4hnHnipnSkeU=,14,25,male,7,20160731
as3hBlpikSJ+qiMF8XxGvZfIA145HQfv6M0QyWRhOts=,15,22,male,9,20141210
41oKaQQ2+iRATT3wSAYlvDdnowx3h0NL25DboDji1Dw=,5,22,male,3,20150106
Iu0cUcbc4orDeM6RjQFUlw7PSqJxlC2815Q8Vw6+bLY=,4,20,female,9,20150106
zXTlpt1rXkt4ecslZOiDTbSw9CCp7e9JbN7nNDMGmh8=,5,21,male,9,20100327
cpOp9t7JZYPyDq6hIbsPUNOqLZOy7FDXoB8NYLgWnT4=,5,23,female,4,20170126
tsGipAt/2vvokXWQV1OuSPwE8ltlZ7jXKqRVPmDH4NE=,5,51,male,9,20070617
cKjziQy9eLBZAslRXSlURm+5ICYCV/QfsBLMQakE8x0=,4,30,male,9,20070618
9GxRT6mSC2s/HONUlEAonCdQXKlMzVX6J93RIskvqos=,4,27,male,9,20070711
jbeyRJZzwthJOMwx2a2UpEZ+LaWOM2/D991R26uv7ug=,18,29,male,9,20080401
Cmgbya7YIHw0lSgMsr2wv19RBm+ERxDwRuXfU+m3du0=,4,49,female,9,20120712
/uyisCj/ZRruTHQkjWAjFlwPtKNFJ9RAb45vCiMFt70=,22,52,male,3,20130318
cNrTTemIN3Ky+zQusHAIjkAAGRkBHn2NQadvBbJoc0E=,13,37,female,7,20170127
b3EzDISMeUX/NBO6Yqn+G7T0HEs4hKxLsVHoRyHC/DA=,4,24,female,7,20170217
WcNDbZkyaFwJXSamqAlq1GWoXKjP2uPf5qsFl/8srQw=,5,32,male,7,20150125
RwGuCyouhjHG77H3Tb5gWmdjmynLUS5Vp64XPe8BeEs=,6,24,female,9,20070624
MeXnoSeyRAf+t8rfLC2yZqR3opogr64vcu51ySgDBWE=,13,18,female,7,20150623
Mib9u6gUbzBVJ3q+NwDzmEQoB2XLjtTV1YuuwdbO/e0=,15,31,female,3,20150725
Pur4SVcUvjTfvQ8b+xct/lhMSZcZPEtSLU8C9tnywIA=,4,29,female,7,20150731
Z+A8HsObh5ofF91D++c4Hr/+STeG1QiMX2s5AIn/vlg=,13,21,male,3,20141123
R5C89pPI0giOdYk6GryNUNAyLFOUHpitZ29NTjT6hYI=,13,36,male,3,20140823
/QP/7DK2tHbHWwTL5zzWMDFw7hNY2lJ3jPuJHo3BMOA=,13,33,male,7,20141008
Der2/cdVesg2+u1UZX/u11dZBM/FWtNl1TlKIK82puw=,11,21,female,9,20140817
oCPx2KI8//6cjrY3enl9tMK2rbvucePEQA2KsrxxI9Y=,5,53,female,7,20140823
wfdf0xzhpShSjNK55ai4U6Q+zp4cLEbvVfTM3viOWEw=,13,35,female,9,20060704
tvCvt2fSyIX5lIz+bjEcpbLbBaLStGM9hhHSzg9yKoE=,4,29,female,9,20060804
yVleWqwGzELtGNCbAUThwSFdD1JlZppBbyfgyFANJVQ=,10,38,female,9,20080601
Eug80hAAD2E8l+5MrkLLA2rfeG98xgPrX/6BvMt/CBo=,13,38,female,9,20080814
RfBpXNs7PJtvj5OF54LWacpUqjjp5O9HusE5jtQf7Qo=,5,36,female,3,20160310
GysiaSqSQT248PY6bJK58YSOx3MEzpdJSDuqB9ng0hg=,15,35,male,3,20130302
e0wHCgeGZZ/PEhGjPNOkgk9Kp2zihnzo1qVsZkn2E+k=,13,23,female,3,20130304
zSp9n0CArkKUz0QuvN/bbqYfALMbYcZiMJQdTu+AuMM=,22,29,female,9,20081129
QnvUdN5I1BpgToY7fLjCmyYk990DR2NgnDgnuqcFMqU=,13,26,female,7,20130129
MPltR+8TDPUm8cQAcpHkYRqfPpF+zOFEejk/LIFaFRE=,4,23,female,3,20130215
EfiN0MFl9zS6NkxhjIfHkcj/APY0BIKjlQm2LWwi8TM=,10,26,female,3,20160819
VRbeSyxjP8nWaeARJ+nbOqLz+9FSQA3LQeq+Q5lnUDQ=,14,26,male,9,20130903
qGsRMF0Xe8Cq+XnPvcxRid+rJNeyBl79Dfa+BPeFeXc=,4,26,male,3,20150311
cpc9dFYbLX6alLKlYcTcoCvvbSgZOYoJuZ5KCwa1zWw=,4,23,male,3,20150407
urDfvzYlzekz02gfyUbkP5s0lBIBAYfN58wtB2GYJ64=,21,39,female,9,20061104
LMnQvvdUEZyFoXezXvXek6rpdbSKIzzD5IRZh+dvyp0=,13,41,male,9,20070301
wOYJDdmPSl4x9jKqOVC95Z6xNZzI3kSYqMPK7fLer20=,13,21,male,9,20080202
bvkErrBJCMkplSrBL6M5gF4aSEvk4CC/FUjo4Dt1TnQ=,5,22,male,7,20150530
+3RfkckBHS0oQrrjJj7p69bdwJak+qzKq0fhFaeXUxA=,15,22,male,9,20101205
ttZZGG+aEYR14gGVOssPvuBChzYnfaLWN9AGvzfVix0=,6,17,male,7,20131007
wovKFgBu1HGeqlLuZV9mzk9ursyb7+/ReuEpAYqlL6U=,14,33,female,7,20131027
qaYp/ST9EjKE7OhEKll4t0VIIHNTIwCSZP7F3xTN/6Y=,15,20,female,4,20160821
jNBC60DeYn5fatyqZDPDIFkE9lbisw0ODxubTf+WpfE=,13,34,male,9,20140805
HsG3OXMVDy8cJjIrEZgRlTrkjSopSyxtcFiDEv2G3to=,9,36,male,9,20150807
kUsARKNTkAExNj1BdV4WkljXAKjV42QFDDjBk7t8dRE=,5,48,male,4,20160224
zqkgkDE/bg20MKmpfThKIy9XKv/vOY05FdafO2vjHsI=,17,24,male,3,20150131
DTw7oOxTDtFDNbMwi0m3TU3YbfKFKnqKvQsIJGRHQeM=,5,22,male,3,20150223
nT/ZTLmJuyVXn716zPwiwD/tafXSDZj6TTemLLI2fT4=,4,27,male,7,20150304
chpmMpjn/1O31iAo8VN+YzeAiXijTQNf4tTZr6O6LRI=,12,24,female,9,20110525
IrBs/9odfq3tVQAKuHzrUdVnjH6bEYkXewpOl0aIzTA=,4,27,male,7,20140809
K9UnAeM8JOwhrBJO+sDvEvET40J+qSkWMfRgTEnkD6c=,13,24,female,9,20150105
JzZCcXwbCLV1rUP8/d0ToBdLzt3IoK5PnpJRRXUSusE=,13,37,male,9,20110528
EZuOmx5t1tKDX+Hs2OesqJfheUtSc8CiiqkOT12FaS0=,9,29,male,9,20160827
kn2ceXkxoP+lj+AyorLo70rupWla6F5/DWVex9wyGQM=,15,48,female,9,20080927
vOeE1aLh2CCgyVy37pkoQeT3ESXpZjJ0z7aCe7555FQ=,6,22,female,7,20141017
0PNHWluD1UJjYl7/XVLM5UrW7gZ0RlB0xqkGFT+Abcw=,5,28,male,4,20160729
IRtVlsKHvpsC3vxdD/9IWaCM+QWAyDgWZaOexNYZMEY=,21,21,male,3,20130103
7Je8MpDnjBMZjsPyT/cj4NovgP3A7kVYveCZk9wMaOE=,6,27,female,9,20040724
nQ5pfr8RYQYIcFjeg3mOHae9UwgkWY756+1YuyuW7aw=,5,28,male,9,20110621
o8aeLz+Kq1O9KLj1AWKwlozsZr8okqiuLV5cWJf10Lk=,5,28,female,7,20100807
d0cB5uoHlP/G4ZbjuG/CHF4kD0ozIhMHsQRc/anQHE0=,5,37,female,7,20101005
O2eBan6BF3VfkPJ/GhcVbq3WK/TFHg3LewB2Kh8EHTM=,13,37,female,7,20101005
Qz1aYkklwlWlN3+pT32wNRpL+/gJg0em3YiYxouybuw=,9,18,female,7,20160326
V8O0oi1MaPA4GRRiwKot/3BSSa7JuRfhPcqXs//sXCc=,5,21,female,3,20141124
foUUdbyq5RNwS/14jf6fD6YkTlP2yax4N3N0PXCNNW0=,5,29,male,9,20110416
IsQyDQZgmlbmLvFeI/trf+lb09X8L4V/gkW8bqavcLY=,14,26,female,9,20041113
bh3bJycyXbEWGcG9B/tkTWUtZYc87PPxyH1JWo2PxL4=,21,45,female,9,20050905
crql4mgremIwcjuDqGuLDDkfUxc0/FB6pFVUDmjUMpI=,5,37,female,9,20060108
oevQYEdoxUbNTH7xfWyqZyjmiZUddbh00W8gp84Y2PY=,5,26,male,9,20110824
/GbbZ9/HKbpn9xFejz16+0R4MgzTtJoWr/Y7WBPxY44=,13,50,female,9,20110829
ManHQjBDUQUFu0mHaHUgjkePQ1+4/pxbBxZdBbOYg+0=,22,27,female,3,20141008
3RZ5+/5r04pP8t58ROTCEdXP8XMFNbhTT/tyAcV1Qcs=,21,21,male,9,20100613
5ojS0JME3O2MDcD0LDZQIDMkvI5R4SsR+pCXTa/hGUw=,4,24,male,3,20120926
d10KcNa4jBxqJHy9eZHgHb+yZfGLRY2h0rYdxVUkcTs=,8,35,female,7,20121012
yF2qcSUWvCjyiMtss+AhvoeFJhuNB8jbZfyoGiCmwCc=,12,26,male,3,20121105
WZ9aXU+cnVpoENoHeGU+TRcOKMS701W4HGr839o2zXw=,6,30,female,9,20121213
gd8gZS2+7+EzjHklY+VuWHVby3sEFafGWxW4Vmpy6ig=,6,34,male,9,20070616
YYIPXAvF5Ly0DdPJfyAof8DcYzPAN1ZmMHKD10MuMmo=,22,25,male,3,20141214
MpUJT7Vl5zqYPAcn1UfAbXl+om8c87KRxW96yHPN2Vc=,5,19,male,7,20141228
mxKwgi/tWQBGvE2rcq3OKCgcvXBvioiHaHoe5iMptuo=,12,27,male,3,20131006
pPsz5GH/QFD0hWYzNt2oGAajXUeA85CMtbGcSqPJ2lw=,6,36,male,7,20110205
dHFEG7ljKJ4Z6GnjCj2vzlh/zUhw5jXsu73dtdVQo+Y=,13,51,male,9,20131214
AoKR5Vm/+jQYtPFZHaUHOvRh6DJQJhlcK5oF4RvhO8c=,5,26,male,9,20150118
L0uq50VGCpDYKWKlff1AdwqB22n7fNdWf1dlQRlkbIE=,9,19,male,4,20160731
ro+ujOYn0/sstQyka28JOdkiOPSjMMN/bRfwPXy5GyU=,13,29,male,7,20101004
QgmAI7W+/QaS33pgKRH2ZohEp4zZBOUg/WnhA5kNVIw=,6,64,female,9,20100531
hMFVwxkzssOoDx1tDXfot8BoFOzpCcB/h624ioxJMrU=,13,21,male,3,20150104
lxd/3YUNo9X9ZC/R89M+zY7gIswRAVNl/RZ6MgyDHxY=,5,42,female,9,20090321
Xg8JXBwcn5S/KPRHrqirNka+NbpRSamJws4IXl65fmQ=,15,26,female,3,20141017
Q7q+mjLTMG7xqseQZNVlpX2WiU1UX+G/OoLlDQ2gN9I=,22,30,male,9,20100612
ZISXR+c/w9TZoJsnjs0M6zri7R662no1vhsTlJVIoPg=,5,32,male,9,20071020
aA+qIWMls8YYi0qAoebFOWNVwst7576N1YjiQP+wGHo=,13,30,male,9,20140315
6zzu3RWN52O1Hdw6JdCm4p/qyRltNk4UKbc7k/Z4HsI=,13,36,male,9,20080205
39j1uF/bgm8Zevj9idQQMtfJLb7nfK6TOgyCz9nh9ss=,3,26,female,9,20121008
nBHmBAOySEIYZ37N7G83O8j//q0WVEs/HvkV7XBp2E8=,5,25,female,7,20130104
OUDpsUAtYPltTbKjFSZ0zUNiuODHVwpSfZVUHC7m7QA=,13,34,female,9,20080228
RE588l2fkHt7qC1yc/6ejH9xr7dS3jS8lOeKRKfjpFc=,5,35,female,9,20080329
S487VkeK6tw7a3thojR62iflKjUnJMc8FaDSNrme/KM=,5,32,female,9,20080920
4gfGM62yUp+mkKD4BC1oaBXQFh/sP8cRcTcgtNiVoq0=,6,50,female,4,20160603
Ht54eVIikeRxkBTXJjzkeG02S1aOAUAeiwH5zBqahOw=,1,22,female,4,20160620
WnLWG9bFsU6FAtgpvyD1S5Xw1CT6a9yZXmlXzpZzxFk=,22,35,male,9,20150418
JilSF64+dpfDoJma8BWLF7aZ2mAVrfIbDzOqIVDn71g=,5,27,male,4,20160117
ZueZQYM4aA5fqvXRt5OoJBPBul1DYFv7OCGHpS6fgtg=,13,40,male,9,20111018
Zx/31SsqWEzt/3j2Z9CcX3UhcE7uR5wvNaDiJk/8S/w=,11,22,male,7,20160120
0lWuiKJ2FMDRHoJJ2Y5tpi3TW6QXVQeTBH7Vl0GW0Eo=,5,30,female,9,20080512
Y0mb30G5nmXiqF0NwW67WZO1PGMNbG+fTwMFKF8V4cg=,5,34,male,9,20080912
TW/fc3EKl2GXndUBXT7JWtXgeKojGSWz5zgNuxfEhZw=,15,44,male,9,20130708
vjbmuwMsXvrIug5KQnlO8QtPtPT6BfHyNfZIfh58860=,5,27,female,7,20130902
PkwDzgpkXtlaiRaBzJkex2QnLiD/FeTeg//H1E1MxPk=,5,39,female,9,20100331
HotD3qGQ0qHQ9okUamjwYcjk2S005Kia2iV4nI45fWw=,22,24,male,4,20160728
mi96oktAVQEUYqWwGOXZYeML2NHWSccmgUB+pVt018s=,22,17,male,4,20160808
CDHjoXlkzUms5q0yHERZ8P8tAcOxRctMjOSujh7mMgM=,13,30,female,9,20150107
9EmX0fUxuMHxiKe543W48wRTIa1uHHwE0vuLgt0vCdU=,21,16,male,4,20151114
/btRM5prm6FDokjrnG/Eu0eJOkwqYD9KGxw/jvL57/g=,13,31,male,4,20151115
mtlmPOZDmts9d1kosEBZ6wgilLCzo2u+FRUGgQIMfa8=,5,50,female,7,20160904
LMp2bgwq+5rYzeQseNSSM+uzTAd7jLUjFaRRZYwRQ2Y=,15,54,female,9,20060616
mjSvXEwAVxEBiXbcaEwxGpeSKd1UH68OnZy6WLCn8s8=,18,20,female,9,20060929
X5gKOCVZjCjvZ6CzNAw1yp/RW/jWk4/ata3lPpLAl+8=,1,15,male,3,20161022
YV+YJKSmzky6gnvf0knpLPSFWXxCfJFKPcJV4zo2+to=,5,29,female,9,20101127
Dbzr8E/0uTIJtNhDO3M78HepfdssbtB+YJPSXir3xBI=,15,33,female,7,20131016
Q7RWjwK147IxoKPFSgPWliepfxdbQFzl6TbP0ONyKuI=,15,33,male,7,20131020
DCJ0wStjx7qkb9N2xZhy/rKBoL/KDm12YAmleI98wGc=,13,23,female,9,20160827
x+vwNCwhZEHbVoYoJW7id+0y2JdB7VpC3+wRb/QCGo8=,13,39,male,9,20131120
8T7VZmWzc2MNuaI49PNsuD47ySDoG6eINMZ3mhR8bD0=,15,50,male,7,20160206
+NSyP3CmdxiWuwzEdbG5Zk0nEolJZ0J2K64iLIB340w=,15,25,female,9,20111113
6gzxWlUC6azlJ/N3BoR/kL8Fd9kKkVjJg8VOqmwKmpk=,22,22,female,3,20111221
3cNWtI6BiIly9SKXf2lCvhVhL8U8+/y8AzRDYUga2BY=,22,24,male,7,20130920
vTLw2qHljE81r8rRgDwWWZ7nsZjE+cIeMLgrQzHasZs=,5,26,male,9,20150718
XpuhEwqQU8SrV//6WjBwB1/O5Tk6AipCtAEXYmnut3Q=,18,27,female,9,20080228
NMNE/rfBzRk1IBMJMIKl0cIFy9uhyvYJi7AM6lOXuH4=,1,25,female,4,20160928
eWuwMhg8/gfktExVtytFBvuZDQv1Yt8hk9LaZWwtSEU=,14,43,male,4,20161014
umxG3bhZuQgpAU1AXSwwLswzhGtCOZSDJxCSW1kHP1A=,11,20,male,4,20161014
K1GzoFq1h8M69wwrfcSNWIMbllDJtP5M8DuM0tfGjQk=,22,44,female,7,20170303
4GqxjwGCK2438/wsQsEp1CpDxrCDpg2Fb4//6rby/hQ=,13,25,female,9,20130314
naGnH12Pwvd4KT0N+8M/ye0WqSZ3SwGU0qXvHAkHvn8=,5,39,male,9,20101117
df+KJ8B4n/FuFc68HxO9kGYWfXy3Wba+dtGrrBKK0V4=,22,35,male,9,20050112
0c7CUD4jgR5wbhX21GzR0WKTfgYEznYPBcJQzWGL1TQ=,4,27,male,9,20050408
oJLUhM1cND3nJRd5Bd0tDGly8Be7tK6DxN+S8SuI2lI=,4,26,male,9,20051022
rsilrdXMmG65ijq5Om3bg94J6Qm4XvIn1EM/YBjf+3A=,6,40,female,9,20051104
UTPBpN5+IMdZ/3N3M6pxsbJ7wmrgCmOSShIBzuyIi80=,15,34,male,9,20051109
MXUpluFJj5enT+BGYQ/mC+IRp1/60tmDlr4slhKznac=,15,24,female,4,20160906
6PerbQMGEbj5aMostWyhdd+2vQ6qkc9sRrcCzni9Gg8=,5,18,male,3,20160111
DI35pqXPddsN/2Ypssb4k+/JPgWU6KqJq4rCXsJJPHo=,14,23,female,4,20160831
6t+XNPSLfHmI5eiEPlz/pQ1zw6P+HXZ6oqvXrAuI2lM=,4,21,female,3,20150514
bOJyazsUozOkGpbcm8/epkeQf44HjPW5k2eqPMbr0dA=,11,21,male,9,20151019
TsZM/yiyZW0j8uCVZibFnXpQXHj7xHJeGoyu18JHheI=,11,28,male,7,20120729
srPWwbJ6pxVFJW67R/3kVk/3HksHCo0wQ1xg1sOOy2M=,13,34,male,3,20120901
8jAItNnBvjx3dcySTmaIafkMhuYOvTJqGF0jVOnMvrM=,1,52,female,3,20170206
a6eFdcxT+d0Q0NCdeMZIJ6OAM5FDK+Rw2cu818ImNKY=,12,22,male,9,20080420
P5ZZVcTuG1g26SP5PPEXWEN/peyR6CWKij/LMihDFVg=,5,47,female,7,20150802
QfSNyT8t3ENJUtwjCjqHqD4LD0m3RBz3DE4T6V7uuDY=,13,55,male,9,20110715
N9SYqr7w7nzi2JbQ0uGxeCOtUJAofPYW4CrPgAmm0BU=,4,21,female,9,20071229
Aj0PBFBBevKmf7x41IWhELKas2ktcwzMZFVUmg8wTbo=,8,23,female,7,20120306
dxmsA+ZvNhN65on++0LGhGqOmOoc5wx8jbzMQZtRItA=,5,19,male,3,20120415
kVFlWNP2QzAtVPoRmvdTGLg6G5H+yUKHewklJgbIAdU=,14,21,male,9,20110916
EDx79Fwn3Sm1byx1H8zYs4UYK7ylUG/MT/T7clKAxnQ=,13,25,female,9,20111014
qAdq+dA0Hu2IHC4dKki6z3h80Xczde89sVKnIJ/luTE=,4,25,male,7,20141219
80X3TFuDbvdvqeqXX11ArW9mKEOk6mHHQN9IRuf2IaQ=,13,34,male,4,20160311
stfBabx0K2U3i/4kP6uayhJowvaLMkAP0K6zt4QkQGY=,13,56,male,9,20070828
+jw4n9T2sLMB2pAGT7y+pfzh4xZlO+lXEXodAgBr9eM=,9,27,female,9,20070914
L+rf3YE9SRsRbbPSvQaewrAk4PN8m/DPvDsNpPfpGhA=,13,23,male,7,20120222
M61s/6YgNf3jm4vYoX0WkqzA7U2VDUrlbNfZ0PlseJ4=,13,49,male,9,20120309
vgIW0TFcy855iW1jA7qVnRqRC0+d21PgMHjJDpkLenk=,13,29,male,9,20080213
4rP/FPaHDi5TziCcNvPi7OMW9F3R57b1We9fdQzD6fM=,13,23,female,9,20120927
9FpaZ05mZaTarPyM2Rqlfc6JYhDn3pELn9BCi/Z0APw=,22,26,male,9,20080512
/WRYr7gy0bcuBXUqAIDMSJzkNU5lg9bAELnQaOUyzW0=,22,30,female,9,20080616
UbvaJg92bkKNVzkyBPEoXP/AuW4qrU2tJXYHIN3Ih4w=,8,48,female,9,20080707
pLADuu9Rov3WC3NObS2eiTh4WAnRQCpIgti7BCHr7+8=,22,32,male,9,20100117
Ej5Q8RR4SXM7FZh5OJtpa59hR1Zuu6j9uKjZX7uxEu8=,6,31,female,7,20130719
TGi4o/mWoLQjfAK1+Uwha5xNJNefl1gSLNoGP+pt4Go=,4,23,female,9,20151105
Xs2N0x9SdL+vSIFF573TFi5bOhVD1JonjNB0fzvl8Xg=,5,28,male,7,20130528
SUZ4ttdmti4fxsV1Jl6RU6tgjSLra6BHg76ba9bnLV8=,4,22,female,7,20150814
RUgABEyGjlnOJnCQkYJia0Ni0DkyTiKvHIOVcudQvfc=,6,21,male,4,20151226
0HvEfwd3uHGgCWyHDzyLKnqHnBXLVukymC6zCs5BXJs=,15,27,female,7,20130118
Pm7WyqE0/16y9ZK/0TVDuXSbRsd94w0Dy0psJaXI1So=,9,21,male,7,20130321
8pWd0hoWY5HtkRF1fTMUMRGMOmVDmOSIsCUytjuV+jM=,13,25,female,3,20131110
JV9Dcolu7x7YsM9crV9laH9/XzUmBIQ6RI6+TS3Nyag=,13,30,female,3,20131220
p9bwyXv87aDogAD3aLZ3hsxWDxAJjIjQdjqxHL29ReQ=,5,31,female,9,20080820
9PX8VZnpzeDt6BOE74Y2IUujhm96AEjiGTGctVFbOUs=,13,22,male,9,20090203
OZgGmEArDclBXhgVlr2QyOtvrH+UtCHIR8honjQbJ5o=,1,19,male,4,20160214
VFWjMFhJeavddyXr0+0D4O8zi58VNkSOxZR6iImiqfY=,5,30,male,7,20150315
xDo47kmLK9txSlQKPsyhsOkiobt1dHwzuBkSxHw4Edc=,14,43,male,3,20141222
w8nzWWzJwtsUow5hmxY6m14hkN121g423CID53r9NGE=,4,24,female,3,20130622
An9VTTAs0ip4BFLC8EJf/h+9931s2/u33+pEO2JhdJE=,22,23,male,3,20141109
6trgCdH29Qg2v/sGm2ILulqZp4h72HpRUhnbtSHB67k=,5,23,male,9,20140105
VDTXSrLtatipSnqyP9BOnFmOk9Osig8SWJ8xVo3pGJI=,4,24,male,9,20110309
qC2GbKY0H83of7Jwdvimy6WAX5F+SVOtUNvjFCRvHAM=,3,23,male,9,20110417
8/VF85aD4hLGty5sINrPO8ZIt1X6Gxy3zv7puv615BM=,13,65,female,9,20060720
Yw0qw/nM+eyyXFYvT9QC6Fc1CDZCjgFRUnn4Hrlx0Lk=,1,33,male,4,20160525
58iV6fAJvRR0Rde31r/DFNAyEZxjrpj11cyBfjjzGv0=,6,38,male,3,20150126
4AkD7wiwtfy2/DWTzFLXgqGWNBOHB71zyL4EQ6lXOFQ=,1,20,female,3,20150312
Y1JpM5HtJQedBSkbn6R/UjfoT9P3FeklTqU9SVSygAI=,13,34,female,7,20161108
qgPrpsxOAL1xLQTLOCtvqUKSOraZRNt1mL8VIeBcWlU=,17,18,female,9,20100923
m/DXZjeFRY1bEgAigUoMzWhtm1N+Bs0YadNVxBs1Xzk=,6,32,male,9,20120309
JQRzxHxNWFdIyn1+ZZDbIZYvPYn7eJuIQ/eRkZwojhs=,13,26,female,7,20120329
zMOmv7WyIWrqU5CHbJK4cVP3TJybRmFSRNzQY2fhK1A=,5,25,female,9,20041107
X/VNeS6smgnGZa34BR0+Kmah6GaAZmzCbtsNlpdlzEU=,5,38,male,9,20131019
Jm/b1I3as0vsNLQiPg+wt4pOboVt60wqvAiD8i/7mgQ=,6,48,male,3,20131022
yHeknn4fXNa3IOu6pGKsL1+3jsP8gLuBt3TyVYLN/WY=,12,34,male,7,20131103
wdukrpjHBV3N6h3cYsxDnYllltnWD+/Di9mXO/v9p3k=,18,29,male,9,20120826
L4VuRnPnuvAlaYLt2378WJj1jS7Bcu7LqkfS+83dX58=,5,25,female,9,20160105
Nf2OeLkl1E35exCoTQUGYXcaZlNBksvKe+GIZfRGwlI=,5,30,male,4,20151231
WPsfjvUk1Mhq1oAjdsAFvQ6ZUr0sBrOBMgi/EoBFHTI=,22,37,male,3,20150821
RV00S36ELzGkVOn1qAkK6lyQ1fPZdx6WDH3BtnQNTgg=,1,30,male,3,20160305
sj38YnUeK/VdLOIEULe778qCUYaQ18AWk+tl3F/kVYk=,13,42,female,3,20130526
vi2BTmNZgsyoFmxbb24q3Cmi3WPVUKTS1KKqpk00HMI=,5,22,female,3,20130601
Xeau7gTN5RhMs7tzYV1F7v34OCP4O3jYXVqOzTYHLTk=,5,33,female,9,20070812
UO4MHU1PkFZIcY0OGOBcKNHseSwLPWqLw4Ze0p52Qwo=,5,33,male,3,20150403
j43HzStbe9OTRiQCaoumcyZTFDEbJ3Dji1YwwLS9pWs=,13,21,male,9,20080301
HEqsT+YuvZW0S4ty7SBy9zZD5bEu4LEwfUV90IkpgmE=,6,28,male,9,20080401
+PjIkUqn1Q6kuljLxfm/vhVI9PwSZW9t0ahHYFQt4Wg=,18,45,male,9,20080710
joVZHcnMT7B59V1wo5ggdz2mcu/RWSITDW6gbZTw58E=,14,24,male,7,20120414
s2B1JRhJWF4etcS/IrJWk5bQXVu//dOi1q+nw6UeFDg=,14,21,male,3,20150607
0h4jv36m+C3g4bpNOmtgGeoZxIy1e3e/B7+QVBbNIBs=,22,58,male,3,20150315
k/WHg6ihq3VAgZJo2gu+bAoaicQQBbI5AfNbBe9L/Zg=,5,24,female,9,20110811
F2wH+37HShXgEsOa6XITP4F1MyZhFzvzJ82KLPZGKnA=,5,34,male,7,20110224
eyoO/4FWnUui+IPreyBo8UKT6+94atYh4pFmRrRO/Uk=,4,22,male,7,20110519
UHBG8rfTIzVzV9Ui+5rd+dO2xdOVJmPKeBWnD9UO8BM=,12,19,male,3,20121113
EcZU/dhEcTNbhsI1rgXov9geKSrTmEEUgJUiG4tNea4=,22,35,female,9,20090430
XWNPBq/nWUyPWmKZQa5uFlGVy9IIiJwYTsxp4Is2xCg=,5,29,female,9,20100105
wvZH20zwPtVgz/fXI+/gGlNl1hN8UKS44Bx6mtTlF1o=,6,30,male,9,20070528
0IjFbitYWAsszE9ZpEPfq6fyUx24KFBEIsnt1lxtHQM=,15,29,female,3,20120119
ippAe/Z9rfV58UvjaLOgX2HOkIaFOVs8MaqL/3xO0A4=,22,25,female,9,20120130
GdPVbfp4IQBB5zcWaFN+vJJdbQPCn2xiqZEavAVQjsE=,22,26,male,3,20120329
gYew8xO1d+5mJSehj0Gw2nbp1Ko6xoQ93o5ANnmRMjM=,15,35,female,9,20050913
634dYYlmoGyCFvmx96vsk0jSJduK/XtgQpl1WsiHbaU=,5,22,female,9,20051025
uH+rkcSeOJPsKEZYE0Cz4S9Lmq409irQWLZEh/fgn2w=,4,25,male,9,20060308
sVncx1U9/tIeKFzHUTThSjpxaSjzbxxF0voXJLyvIa0=,13,23,female,9,20111105
H0JhkA2iqfV9e6uSCr96pzyYbN4hnFTi6ghslr5rkEU=,13,32,male,7,20110106
eW2V33AyiNAOfZWP/sY6MQSMD1kaGt1I65Dgt0TBGrw=,4,21,female,9,20151104
DIP5kPF54kbEgJ2vfaxhT3EFyQAubERsbCdoU6Hv/dY=,6,37,male,4,20151108
5UB7482OEsyPgMK8x028qLAJbk0oP7amL+EFxCpA5bc=,7,26,male,9,20070709
iUnRuBik/DqNiJUhlqM88i1RTBmIgoaQuPKWUIllqKQ=,15,28,female,9,20070726
7Wxg+6DvPQE/ZL8jSBxxAGiCJjEV3w8a45dC3W8UFyc=,15,26,female,9,20070912
Mnu9caNtdRezWmzHuv0kkZzqOhAIxlTznY5OR9xLwt8=,18,35,female,9,20061019
Y6sIgTWIRH9xHEdyKSHNNjxXBrENE4VwLSpG3d4KBj0=,15,31,male,3,20160901
VseFROY9ndUsY93z+56uaJ5MnqjwgnRUG/6LSy6rKy8=,22,27,female,9,20150316
+jI76Gjgb6Rysb26V/H7s/qRwAHNHaAtSlHNJgRZ5uE=,13,42,female,3,20120623
k8nMnXPNMh3eTnT7t4/X2SmGFSluyUohw7v05i3NXac=,13,18,male,7,20150427
sDpfoWseVqBHkVxQXsRdl6+4d0pMYadtIheX9SC/nDE=,5,16,male,7,20160628
4b9sTulhE5iILaViXg4dVq0ikKQ74u/jd6zq6gMSAUA=,13,34,male,7,20100406
+zVz6GF9KzVdtuUBjcts8Sp6aWSd8Fncp0M78ovSReo=,13,31,male,9,20120625
SJRfBNGr8BQcAwodsFMW3rVfvMLAzkdjwtJHVUk2li0=,4,24,male,9,20150218
Tp/tYu8BtOvzKiTnHHH0G2QhPhrUYXk+zNBX4ehWPh8=,6,22,female,3,20161222
pix/F3fIbw6VoJZ+qnVAxFO2UF56cdv8JioLXR8xFUE=,13,27,female,3,20130805
OS4JNZtYVlORssLqb+xYaRjKXOJSrwgVGkwWLptB21c=,13,24,male,7,20130204
ZgL31dJMZbuMBSO+S7R/9LmXyI+0T/5ehAtPY3Wzl6c=,22,27,male,9,20150915
h1MHxVG7/DQu1M9QuRGlt3suUMW0TWaIr0SZglxEExI=,15,22,male,9,20130707
HS3w1i1CijIAOd5dpzpfeLFMehttsdr/Q1MJMcDzHWk=,10,21,female,3,20150723
XO9ZwZITCvc7COwBXwgMWKg/paVUjSEE5YHfxIbWTSg=,15,33,male,3,20140807
Y7EaFF4l63ywXUeiNBwZ1EkRe7lYwbyEH50A2YlwKBc=,4,35,male,7,20100421
G6U5nVIf6jmRqgaUBd2BBSBVM8X/Vwfk0Olmo8zol4w=,6,22,female,9,20100905
po3MVASDmsWOqoCxmOfk6li/EtJRRhi0nKKdUic0bZU=,13,22,male,9,20101009
6hqFyxqbev7ydlMakygoM+YS63UWT3eUwETXCzStHcg=,12,20,male,7,20161030
w2T5rY8wwu/IVeHCZIlDg+YsiW8k0zuAwnx1yTk0uDY=,13,31,female,9,20081229
5jhbSAe4L/FSET345G40k3RHSNddVbgzFjNvk67Lpc0=,13,56,male,3,20121208
zBEEp5iwoU7FOf0m9YF/VCQBbUuTkKQvlSeFqPyxi/Q=,15,30,male,9,20141219
vNyYfm/XOZley4eX+XA4aCrOf7xHEFaTAjcH839RHwU=,17,25,male,3,20140810
2kTAAr6xBB67Q+PixX4EM3dfSyROnFQzSgMKHXCqyHM=,13,33,male,3,20160809
z6XNm0pTY55ZH56ByA+OKPJSXrc5l2nCIOTS8hZYbc4=,15,17,female,4,20160828
y7Z55mJUCsddZ0FopKEvz7CPrVN6Az0Pu0iqsb34vMY=,5,30,male,3,20141202
XhNGl+PqVCEhpPhPbFpI660woyIB+Tru6Dg6bmlouMQ=,10,23,male,7,20151008
bofHF7KAe+jjSyIQgqSEj18k/Sgex2fb7RNuX/LgKDA=,6,34,male,3,20120609
6WlqGMu+2hZOeS3Ct8UM66rORctX+H6Bmwao2tWCr8M=,12,45,male,7,20120720
GK5zBbIQ3ivMlRpY3pXSVgFaLOSF+ZaE+ubtpnBWFTk=,13,21,male,3,20140924
4BS3kI2byIsqbXhFELS4vtiyPjDFbhR1zCYWF/XKyd8=,11,44,female,3,20150307
j915unYgYP8uSVKACCJhJP+EmIkVPU49Gqdi755EVvQ=,4,28,female,9,20080414
YUTF5Fp6JoX45TYRQEp2D94zbtgp1cfjkNF2C5Jl3eU=,9,39,male,7,20110616
6GTwoRZSIqiGI615dMEaUMGD5e957HDm/AW7eyqNv0I=,15,35,female,3,20120331
UPxaE4XLzJT37L0T+xW7IM0WG4ucSrjJPRbDvCNMSdE=,11,23,male,3,20120424
2bWx0COco/iVWrs3Y/bB9p+HU4BT1QhovKtFQYyZQLY=,6,26,male,9,20080512
LXyyBkqfmoYyJNrQhItGivLqPr+CXtxGPATDeO1pwvE=,4,30,female,9,20080908
XV/1fyGtQ6b67Rb0o5EaNMD6U7wncD3e2qWGSVEX3Zk=,6,36,male,9,20081205
vHs1h+TopLkYvLHw6tsta7XWoaIz7DjxzF2fHCwIZqw=,13,37,male,3,20150505
xGhWcIHPbfqi9cGdVLLNzkJxED5eGoXulqG4rFo9GNM=,5,29,female,3,20140927
/H5XgcRmt315TS+E5UcKVmra9CCdUuOp6WHS++eX0Tk=,13,39,male,9,20101206
7KvQ3eDOrNRIH9sBBemExfDI9BlXjYg9bwOnqYoWezE=,13,26,male,9,20131015
/JEXi2Z9tIexfhznlLaiTnExTX7Lby8/ODyWDU9H7VA=,5,17,female,3,20150920
MGU5E/f2UPPYJ5IcsONtRu3CTppgF7iyC1bobhBYmEc=,13,29,female,9,20120627
9KD6uas6MAh5atT4yYflZTbolkrMroGtyBHHB+9Ly6E=,15,31,female,9,20120709
uVBrIQwKS17mSdu7tJ4kj+M338V6d4ZqVw+aeJIItLU=,4,20,male,3,20120718
3CA9ITogPgELCy7/YyxbTU9deLPztgquNgp9DRLP1C0=,11,54,male,4,20151105
Z+/D3A7yU218NNGnOEsMbGNvasV3+0Yy1/9btsCQPqg=,4,26,male,9,20070714
BkGaD1ZLe/qOE4Pcy/G1tom+0tsX8Vcbq5ghfgmFIHU=,12,22,female,9,20070824
UN4MT+vuRkM09lCb4vUWlqURhI9zZdJofuKG33F6nbs=,9,27,female,3,20131022
s9PWKQgtLLh0qM7/nnPHAD+UoJ9h0aSElHuCHL2+9+o=,4,37,female,3,20130203
gAe1fbhr/P4OJLCs7BvKnZaPJGbn5xS34f7xCtBguKA=,4,47,male,9,20130228
L/bUIN9UbU21t4e0XsIM1+NW3DARKddTmtXWXyCT/yM=,9,25,male,3,20130629
CXu3magHeGOzi7hYjk8Sa9zpZjYWB2H3fPn81IDM3TQ=,5,25,male,3,20150911
guH0dN3FesTruI+dH/Lg/NGAbiF7QeEN1bV18Z0YZTs=,22,20,male,4,20160127
h14cC5o4dJZ1G5jmAJs9Eq0sVdvZZhF56dTFeCriVTA=,15,35,male,9,20100428
Bb+xs2xM3f2ovbo/qS45sowj1gUt933Qq4DJhTyfU20=,8,35,male,9,20100711
gzoEJxeb3Mh5Lr7C7zI1hRJGaAO/21e8gshT1nC+b/w=,15,40,male,9,20100719
kCKtQLp6H/KuoQBbdOZmFAbdPzcCR3DQPVBba5bVxkM=,5,26,female,3,20120114
UTO5mqQFTL7l/ay4o8e7V7mcu+iqY5y3AFqrD//mddk=,15,33,female,3,20150118
IeSmc3Xq5hBBuk72mSke44KqHMkJg2l2ISF8MhCV1gk=,15,25,female,3,20150204
ZPW7EJ4q3KHsvpblSUpk5k1Bo9CTorjszw/hEu1q+XY=,17,30,male,9,20110419
5JIwg+aQR1rweV12ANDm5oaCxO8LgwpbVWkath4fFUc=,15,23,male,3,20140207
J18fEZA0QZlhiM5ZGwu/TyRGEMCz8pGMGUrXGIxZteI=,4,31,female,3,20160401
NME1nq3zZ1ndwwHpcKJXl5Ig/v6H/kWVyHddmd3qEhs=,5,28,male,9,20071230
5Gtb2H9RKKwUXLer/7CZw0JB8jwUUtWEf3jDU1u3eq4=,13,28,male,3,20121223
pGHaaSDXqXiXicrEUswZuMX0/gpOvRXBcF+jwVmS1o4=,22,34,female,7,20101126
8eJRecGRkBPf2SiLyc0zrrKHOmh1kojnl/LoAR9g86g=,1,34,male,9,20080411
0R6Q9v65LAPBg3sAoxXlqlAbxtKY51IktqMfZl3pnes=,5,32,female,9,20080514
QBahLagkpQkBy8tKEV2MfeIKP5QIPjAgRaqBCMfznSg=,1,20,female,7,20160104
rauQpcwphWoAkYO3z6hmHVdtcBfsyzusb/qBI59W/uU=,15,46,male,3,20161210
W/QOxx4zXy3VjYazGoRYSR0O3jLw/4m2SncyJkNolW8=,15,24,female,7,20131120
oOx7rATWKctz77koHFME4ctwl3vVr+r2vQOwor2EEPY=,15,24,male,9,20131216
aw7OSDeoWI6abkV0QqCKZAkTJZRUHLbOJUy6Wh8DItg=,13,26,female,9,20130313
hgxv21I7peVppQAFehIkogG9W+5NDn2T0H7+/W89O2U=,3,37,female,7,20160227
axd7T9cBsgNMpKegayMV8yxBEJhImMoVy+olg34o+b4=,22,55,male,7,20160304
7AEPrtDK045ThLWWQ/K/zSMi2QlS/BsdyPcrGCl1yYc=,11,19,male,9,20100622
NtkTIXRDLcLgwcEv/D2/fC1wJZoPxkLl0Goso9y0slE=,15,37,male,9,20100920
3m4bzfXnorwFqItWvu70+5GrSTP1Xu6IbrThrLEMq6o=,15,24,female,9,20131103
tXu29k8eN0UJgTul7g7KjnhBqBEUDYzcLU3AnagRXNY=,5,28,male,9,20131115
4D+BmDkrXN9OLcZ1sg6E7BZN20O6x0ifHY2fJlZwKzw=,5,26,male,9,20101128
N7sPdcXyn7ptzRP+2JTMQtP6yJ9SqYGg3v5fzXmhDyI=,12,51,male,7,20131012
tUUAukKbSWxD2kPLcalXUKDDCQwvKiEkFbd1oX2MwNU=,8,31,male,3,20160919
xrhONUEhZmvT2NnsqRQ2r38zfyF2SSUyMl/ABIWtJH4=,10,23,female,7,20131201
WtregrskdPCjEvfUbu8CV/vkT+ua6fKd49VtPktEMUw=,22,26,female,3,20131221
pI/B4uo5u05rL87kIarn1UU8fU0vj8NeTzPNopey2JE=,4,37,female,9,20100120
TkcCFQoN4u1DWMJV31jjMohC3yZT4QsR/ZAynyasuqk=,5,25,female,9,20141227
9HvOBgdPNh8an8R8u2qnx/rj9SObaUyI5LVDIipxhMk=,5,48,female,7,20100927
MDPBYx0uEMympwcv3kxn65pVn53KV+z+ddol4sC+e7U=,13,34,male,7,20101012
rqGg2J7IMysZhejUiMLY84muALm3+RAAEKPhVBzKKYc=,5,20,male,9,20101031
iljujlKFMVO3zMC0tkWyxDDMhRiXBZXvIvaO5KhHyAY=,13,28,male,9,20141025
0uLPfl6btiKAWNAwJSKyoMqYkDodPdYFOZyF66R4f+E=,6,30,female,3,20120709
Dluiw8nM5Juey8ELvMvFF+BI9l7YPLqtyNY8Uq7PpMw=,1,27,male,3,20141031
RSxCbDdj7c6WWNAffX9YCq0yQZnjSWYSk8t9kbSBnFY=,8,31,male,9,20050614
Jomf7x/44G1rxBcLrQWE92MvziKgzyxiJsjgcrQqwIg=,15,24,female,7,20131206
v2mH5NqPd1jji15RWp8VhbwyZcZ0x6dtM5hKjM/CM4Q=,14,40,male,9,20110811
J0llCehWi5zqsQYjRa/9U3tBNj53CDfwVu+70GV4//E=,15,42,female,9,20060411
H5vmgNTa5rq+Ckt6MtpA8TONFhZXfuf8EyqqDCqPlMw=,5,35,female,9,20160119
bZxQVS1C1SnaNaVGniy5wIMIwkAY4+qW6kc3vRdoFsA=,10,21,male,3,20130119
HOdhwz3NO8ItLwmCr3ZMB1jy65QmAI8izbfbaS58RRU=,5,39,female,7,20130331
dGpvZKfvbDg6lQYQmNWLMcrPULu6dnDeLAiwdQGhvxI=,4,25,male,4,20160727
3+69kK7evy+cY3SWzw53x8xE85Ya/VriLG+/JJ+XAw4=,6,21,male,4,20151017
gcFRfUuJ8IA6jHeXuOusk6ip0751RYOonpfPe15D3vg=,5,22,female,3,20151023
feT9v3xUh9p71mXclSiDUsQYm3yvY7+2vThrsZuvhTw=,13,26,male,9,20140525
/3FZ2yrvO5Q5lvTFz8LxDLOXIJ/BRurJfISK79m7Lp8=,4,27,male,9,20140905
Ie8/+WGKQVwY7YkA2oKlSK9SuBmyglHym71sDyNRhgk=,15,40,male,9,20150708
1sW9NB6K/RpDN9WtSAAW7MTknRx+ZvTMLn+gu9mq38Y=,4,35,female,9,20111116
vYQIuhFXyVTrtdBK/tAzhU/t1KU1PObKdpfjC7UE9rQ=,16,28,male,3,20111216
3rtePt//PR0c+3ND+JKvhkPuvEJQctyNgQh6w5N7EwE=,13,26,female,9,20051210
J7T8BEkKUwkQhJjOYH5v32Ij9q9EsUMFqvQWGxpRS4k=,6,30,female,9,20060305
xWk2fjpQdZG48nq8/NHY8eeA0+4fdWjXd8EKesnWuy4=,15,28,male,9,20111112
zteze6c0L5h1wUP8ma5eVnlXQR+6O/j5cKSOKkBCvNY=,5,35,female,7,20150802
dEPT6Ki6RIimMvKFy2B/iLhNalAIQVvVEznJwqcI5xg=,22,35,male,9,20110613
MBK8+unwQuKC04av3G8DSufENpb2L8OeLLeEIx04ALo=,4,23,male,9,20140622
ruUG49pGWcI19eFjoyYEI8Srni6ZwfxKfUUVHY435WQ=,13,23,male,3,20150101
jOD6CRha9e0/YDt+sOvke13xjq6qNHT0GmIkzA9PzWM=,14,18,male,7,20150104
0EWL31atY8tf5ksj8wY/BvHzr2HXwd7hH7SNFfTlWXE=,21,22,female,9,20070912
6hOag1wtULlkftejBUT14K3LVpFtldZ0CWUzog3VT3Y=,5,51,female,9,20070930
pNH1TypsOL0J5cutuqFIXQlwSLN3XFutyyKNiU2PQf8=,9,23,male,7,20150117
mLFBYgErzyRaQd01lLpm0Sa8cUDFORAbMZi/iky2RwE=,5,19,female,3,20150115
lJTQ+FDNCqFxbG3jdN3aDDMoIvFC7GrxqYceV/y72hc=,4,51,female,3,20150117
b6I2j4Aqyq0hA2dHf2ZTcl4r23v8ljSFmdy41XkjGlw=,5,32,female,3,20150205
J/CqUG9/YyQrdGemgOhIeYY6KDLir7i2BAcq5XItRt8=,11,24,male,9,20140728
bX0phRPhqR6o14wpbe5Ku+sixOHvvaGn10mf95CCsZQ=,22,20,male,4,20151215
woTZCYA7RJQXFrKW/wd6cutc2Jm7fLHx9+Cg9SA/+9s=,4,23,male,9,20151219
hrYjJjq5R0lo5IFt8fS9v7gTeWLdYMG5Mbd+Dt0rM/A=,5,39,male,9,20070630
jCorou1HO8cviITyR4kssgaCnAQS3HWvbEGyU2Sx1W8=,6,24,female,4,20161009
8dONj6a5tAH9RWxyjz8V3tvzrIgBg9zDyeJQW+KzlvY=,22,22,male,7,20150405
QW2eYxBLYDgb3z09kV6kTghXIAT/lDV3g1hwr9+L7KE=,18,21,male,3,20150405
j84dKRN5PprSdrvAlJQvOcgM9ZOBOPgIe/cqU4Y+8tk=,15,45,female,9,20060915
U5hPNKjPXBSDInl2nyiuKc40J2ha4LA9iJf2MGGNd8M=,22,30,male,9,20090716
JPlyB5myj9UuMlOKUzEYEcPnGwo9DlhavYXMCplrk/o=,13,34,male,9,20090723
coi+Q9M8k/o/oKixt7kh07XI0wFIXOzE3B+e1eztuhI=,13,20,female,9,20090903
adsv8HE1j4TDcnG79r5Scz3/d563+Hn21i1Hcj7Yb/U=,4,24,male,3,20150222
kZwYuBf4ePWgGx80OUOsdMfexGHSD95wH5pZNXxrK1Y=,13,26,male,9,20111204
GrMKQVC0bhug6dWO81T+GWXjP55PwCAOgH0r+VUHwRU=,5,19,male,9,20120101
UjSibuNLEQwffISjTNyrst9qEP6CY+4uMskBf1VG/7M=,15,23,male,3,20140809
W8ej4dsw8vSMuGHlvHh3D3x61IGrdN1ztJX/KLVCtHs=,4,17,male,4,20160801
u/kM8qspuNsOqmIl/p8xbPR+DVXdIq4c377mBR9xERo=,15,22,male,4,20160908
iNnEeBhJEiMT6EPTmTVFMkFiSCbgTAMLt4oe5cjpl10=,6,24,male,4,20161113
KY6Z9OWCmQUdslP53t2Q2ZaptYo+pw2FKLMbD1visqU=,5,38,female,7,20161120
qwon87qRFuz7T/5/5TZuqV0Inz9p2eRw1DQSi3OOofs=,1,16,female,4,20160924
4PYV+vqN4z/xM52G/vOvnnWjlqjNPMRHwfhbDHrUVY8=,4,23,female,3,20161019
2K81+arDM6lzYI7I3fpYE4WiHgtilncF2YiztQUGuas=,13,28,male,9,20071110
nlarAvPZI2sr8gikTHr0MzvDrM/SzrUtbyAh26EHqKY=,13,40,male,7,20161017
nh6W5bwACV7QSkCrbiKWTvNWAnAMkHH/bOchs/YNuZo=,13,22,male,9,20061001
/2hpwlez/AzeJCyOjDyMMVuDDpyDb98Zv8+cHXC9Xog=,22,31,female,9,20061119
axAFeIFrxfEWh6vhvogkmFbBs69F384eeiM2c2ylWv4=,1,47,male,3,20161004
8oz9/pt1NBTc9scGJfOOeYJVRJzpMK/diorEl/qF+qM=,13,51,female,9,20100724
NG90shmFXi+98p48bXnZoir09Ek6gcUJfatw9ngQkWs=,5,24,male,7,20150724
Pegr81hU1TgbyQr6xRIt7dRUcQyQl/whvitHCHZyjkg=,4,26,female,9,20060721
7HO7yMlrvdl2O8sqUKpBPZnFoc9m6zA3JVmZiSXps/Y=,14,37,female,3,20111226
AnQscj9oFFX1B4Agxon3vVBzLpSirXKq5LP5P+y15/o=,5,28,female,9,20120105
JCK5le3pJTFZ5IoVRBwglEa5d21eHb1N/RkioPiWKQ4=,13,28,female,9,20120106
V7tSZJ2P6Ricl0Ezuw+/sgPbO2kTCKSHbnCKGC1ncQg=,13,23,male,4,20160524
GaQexchwhdd0PROLlgcHWLsnJOJrLJnhoZ432jOT34E=,4,33,male,7,20130109
4AogPk7I/WTSdfmvLkPcXVfFytd7AikJocAIN1fqJCY=,13,43,male,9,20120301
/gd5qyi1aZst/LSKpCCx51Us6TUn254fNFOSar9/hws=,15,28,male,7,20101111
8HJ+0CMMt0gX8UJbQSvALfVUUPTbAoRJ9AQ3Bwt45us=,4,30,male,3,20130930
J6BHdW/lYChqBKqwyH5eyQujVPjSImsiu1y/mWOu0VI=,13,25,male,3,20120506
nnYPBoLGp4H4txIrCurdLwqLMnssMal1CTAksy6EI38=,4,29,male,9,20120914
/uTgHz2vtFnNdZSX19E/EyF5FcAHNmeFxYdC1KqHgds=,14,52,female,9,20080228
+wkzeM09NAOKj6b7Nq10VDoosdHGzRRqW1E/4GlnC2s=,6,38,female,9,20051223
hq8+AdINn6QtXr9Knk2rEXTN/P2BjgiCp6z5HH8cUgA=,11,26,female,9,20060225
B3Z7mSsWGMXl+ue4P6TxhIRJmtj4sUpC4sUWkzFCOL0=,5,17,male,9,20151102
BxcGRMx1S6BZqXsai7r5ERH5XHxsuTjG7Qq7tgfnqPQ=,1,20,male,3,20160719
OAgXX4orV6ir6BcIYgIptUit/wU8B0Hw3pbdzk8ZRuw=,4,31,female,7,20130525
gNPytCqomv7DZRxjdCoYnfqFunAHcmuOhbi+qt9KDZ0=,5,32,male,9,20141222
gdxk6QWcBRgYSpjTgNl6zVqi6Z/aaJv0BLvgkeFr7JA=,22,30,male,3,20131229
WiCFyrmGJST/x1fLigDRUjC3K7H8xXOqFbiBM/iy/nE=,13,33,female,7,20151013
nyprAij8vKUppkTZ/SrEHwOHutdWUgazrOVhhRW+yz8=,5,27,male,4,20161214
jdNgi81blCTYrAHMf9RFUEjiGRYBUQP+91DaDL6E6sk=,4,32,female,3,20161224
tkFQsGvPI0q6UvDUCng/U6BJz3TcabM864BGKDdjlpw=,14,42,female,7,20170122
+OoaWS9Wi+rLHccfY10VpV3A+QLhVTEFRMWCfenwUFE=,6,45,male,3,20170129
4kVJkUYUUXNy3ARAddFcmDb0Ws51CcHWgQSF/PETccc=,14,20,male,3,20170220
H43b6cQsxTbCbo/5l1E+jLGLmUy9eOuLMvE1XeXglDs=,6,30,female,4,20161025
TTcTWCZbqhrOBMpsfFC4W2EphXV3fmiVNg8K0CnuCaY=,11,36,female,9,20080501
UUpZOayb7WDvmp3bs2dQ3TtNsym5KmWaZtFd/okRE4I=,5,21,female,3,20150516
jiHnZ4riEJ665hKNz1IiUMEGf5exIlSg2NPYSpTbYUI=,4,27,female,9,20120626
A1yysH+X0cCsUDUeFxgxAKhr9jdPbHRmiubLNTyNDb0=,5,30,male,3,20161011
zdc3zy3Kv/jAZJF+2ioLMu4JpjBG4y7QWWalIMcRlG0=,5,26,male,9,20100325
8N3zsi5QSNCVgrLf5xAS/OM+WfZUuGkmnsshuDRRsG0=,6,27,male,3,20130215
TrL+X+6M0Rav5+gv9Uf7VCtzmAq9TXdcwlxFoj/mpZs=,5,32,male,3,20150828
Tb5cEGtcWd4BDCk/WZ0Rtps9oY8HWYhYeV869uQNoDs=,12,29,male,3,20130701
yh3Z2vIHUacO7xh0NjNwrw9lKDc0kigZuCPBr8Ehi3c=,15,28,female,4,20151203
XjBDq0TGVSZ9Bvj12Dc8J69XFObzViqlPJJJMINHANQ=,1,29,male,7,20131118
gAYAmeTXiKR9vTXDGrCQme5ICScWgP4eLis8m85rze4=,13,23,female,9,20131122
tGdwVs9fj/SHwDmD1ji7DE/5C/Eevcn/xDO1oWeNa+Y=,13,32,male,7,20111011
0qg6FWX0WQuLHRWxqZv5qC+orqC6ErbVSfQMMwxcOTA=,13,24,male,3,20141022
VAlcrGBA6gjzIohIuLiLOvRp9s4WHX4eqCbp/J59d00=,12,27,male,9,20091119
/YX0HU3kxIjyoh/Dkwbqaf6C+xhINAlfR0RA3labhl0=,13,38,female,3,20130724
zF6zPLYxUaHMls0Oj1Ki0DL9rZJPGl+oMxYlKEdKlB8=,4,33,male,3,20130730
0ZOTit1EN2pzMX+tSt8waTMy1W4wgWDKjvYw7vfnjt8=,13,31,female,9,20070227
P2zphOCECDSI0r3A8g5IP1y7c6+pTXHhs3hFTlukg+k=,11,41,female,9,20070518
S2+DL8qglW5fVEIP0iHG2nf6RVKWCTZCB1WFaqLHaTM=,13,20,male,3,20120205
a+pg6WZcrFG0HpRY2ZsI3ddO2AAbsSQVV3Mo5kM+44Q=,4,44,female,3,20120310
J5jaitNjbKlH+QXPn74kllfGiwV8JoFhq2cZuh4hCxY=,12,49,female,9,20051212
KuQlsBB0ELxfq1oXRWG6WBtOd+KwlR356eAjbPDsRjI=,6,26,female,3,20130130
07OOPQIflLhK5le3wBzVNmtVkj1hAOWveOSZ7f7vBt4=,22,21,female,3,20131121
YoRCk/5EREuWq6d/1DuqSbkrFjdNdfoIXUWzgtigHuw=,6,33,male,7,20160127
RuatfXc8HczsZBCDKHgSF9EaZh4PAozBDGiCtATTsOI=,9,42,female,3,20160118
BZZKybz1t9yTFk2uxg6tuL+tHyuS8BXynqy/7M8tRI8=,14,22,female,7,20160217
x4g4iaNRWH5BDsEH8eas0h885ZthWNDKZ/Tu6I4gNAI=,18,33,male,3,20120630
XooX49o3JTan0aN5qVoIoycWr6qFfXijMmEcU8qT+JA=,13,27,male,7,20120908
xYvdK+tIf9O0Y1WR4EQSRrAwnbsIeXnRiyVb60ys/HI=,13,18,male,3,20120909
4EQeixYKWmuA/tWnuUwwEhpXTUhy+2AzKEyj28n/sgM=,10,21,female,9,20080313
ZTcSGPDBpwlrSG6fSS6TnMdPVphpPOSUv98y5s87bSE=,13,32,male,7,20130224
sUg5g8xUu0kkjePeK5RMnJDU00tEwp08m9d09aeRdwg=,5,17,female,9,20130616
VOZqkQANXVJSjnmCZqOAMmT0AToB47vuaEnMoUQC70s=,3,34,male,7,20130625
aslyIGs2nZxuzCIXfXjzINCC3mBzA5baXIuSkhkoLe4=,13,67,male,3,20130628
Noki4OZzv5yh+dMcpX3fxqh9cerLVJKy73LkRMIV3lw=,10,31,male,9,20060515
+3TRd3wrpfNWTT9FxgPmXYaINUFOEV4/KEsjqe2XTLs=,3,18,male,4,20161214
kvU8svfU5+xIGOv3Ji8NhrPMKQZfR4014TkkD0j2kXU=,4,19,male,9,20170301
i5xabRryI7ad7ezGmewBSZnPUkmSgBfx+1jASk+JGFc=,4,49,female,9,20140811
qJKCYz5AOB6FASQu1C/nitBEf4SELuEdYLCcOaO5h8I=,22,32,male,9,20150616
u8SvpmfDuQH1GrJVDKvbghnm7Wd0bzXWbDxpXA+3W7Q=,10,43,male,3,20150809
mtXnrGxTu/a1CQewuUL+hnWcWEOxKJHkFvminJ05rzE=,6,22,female,3,20121015
ULr4ybkUyrQm1b4rCWapmoVuk4l9pZZAHKaeP9no3KE=,8,38,male,7,20160811
JxKbSbqfmxJ2p6OCbzSNWvoKdsH89zGVreJyD+bNL6k=,5,24,male,3,20160305
1rnZsiDiXyHCHelJrLA1569an/9sybgJ0aCzj8CYzCo=,22,22,female,9,20050624
6fq388h7OjHl4bviWyOClFkfwBL5YrFl+175glhcJok=,5,33,female,7,20111229
KV97I3SosBKVCRczeCYafBevsqgg9QncshVnZ3SYQpc=,5,20,male,4,20170126
jBKO2wdsT0b9Cm90TSyCOlbJI5KsVbli6cKiy9XJUF4=,13,28,female,9,20151226
UFKCbIITiSUxqAx3VZDS3f5fUmKTjPkQM8MZZkyxcTE=,22,25,female,9,20150929
pPs22M6AksK10w1a0Q5ZbCsvN01IJxpiYiwEGjC8KFQ=,14,35,male,9,20150303
eaH2kYY/QBvEoXyVibRsbiN17/fWxRVHowBbKm9oFdE=,6,24,female,3,20150327
9dFICpds1EsZo8GwdAVZvILmBLoMAFBz+MLi1mYJSFE=,13,34,male,7,20101123
NbK6RBBixb1xYO5JJcfOSAUHaR91pVfl6kcHg2k7bxA=,13,17,female,3,20131009
I7gfMV5u+8lT+guVqulUyWVxk2bXnntkrCJDqhiDMt8=,12,20,male,7,20131009
Rp4CkPgSiQOd7IcRjFf2TBiqR4AHKEZhSL7oI5pX5PI=,13,32,male,9,20100516
5Aufqw2dE6ArvDhZ9G4m0iAJyo9zsVaMFHh1qcyUQes=,13,34,male,9,20131116
Acok4oR0vZzOt0ye27lhzKyHlyJTkwYyA3QQ0mHtlvY=,13,23,female,3,20131113
q+goEtiInKGj2Ffm0zvkS7JRXXapceHKa5UbYtEFYdI=,22,30,male,7,20100801
iiU8yJIrb0+/bc0/Q+8bJUep3+43Xwtv6f37gyOsNGk=,22,25,male,7,20101008
IHdx23mmkfK3bgmZ8QNwRjchKkBdFV62vZUGxephyf8=,4,20,male,9,20150902
v9j5bWgNxx0ipnpqmOmtJt0iB/6xA0k2Eeg2w2Ci/KQ=,13,26,female,9,20111029
M8XRB7CX8Uv837m9WlTtaR1T5JtT34K+BGbhTe1m0iE=,15,25,female,9,20111029
ZDB0GgoDBqZv+3Jnq6bd/8wAwt7N2Jv47Wy93yBvRwY=,9,20,female,4,20161006
20vu7WEkor+T4N2xrl1XB+2blDqM97bsoeRFajTaBNA=,5,38,male,7,20170129
O1UPWyZ/edZNLHCEEi0nutpv7lVDW2qN0d0ehpYy8gY=,18,18,male,3,20130801
IgiMIJvi9SasPaXLErNeWMAQ+osm/AEYg7/G9QFuzEY=,13,30,male,9,20060310
Qht7EmzPsnAoAc4cuVDyYD4ZYgA/lwaWFlB5Wf3T+QQ=,5,47,female,7,20101022
Trp/KbLwNn1fI5uCjH0j3S6X+DQvjtAEnt0e32PrPDw=,4,41,female,7,20160104
HYm0mhhff5sWxB5bIUWyXO6A4Vo+ltykOnyuk5Tpa+o=,5,27,female,9,20101003
q8qHQEC6wX77S8W7KTY0fBzT+Va7MwQhhIU/NN0aJu8=,6,51,female,7,20101004
RLZ9eaM0wNSTQDW46VwqQI9fovGlM6kAr0Ji5ipz8K4=,5,34,female,7,20101111
lrtugGFz7OYfb39xyYVACvfc5VinWH0LVuIvGKkcHso=,11,46,female,9,20100810
YeIMutFwoVGgY5i8Za+U2bnNSAq5IWCnzNBsk3ZLq9w=,13,29,male,9,20100916
UfIKy2/NJqaMNOlLm8Sgt4c5u0QkS8DyqkYPaBuefyE=,14,39,female,7,20100918
zi2NXMaYtBakbJGwa0tgUiGEGFFuD9BYgksQ94EpmDE=,4,29,female,9,20071010
ikgQksHg/hjeP8XzXsFVzNGCWYsC4NxhVBuFvBq4og0=,4,28,female,9,20071105
JHm2JLxzMCC3XJjQlNYnHIK9f+L+2gXq3MSJgf+Svbs=,13,35,female,7,20120212
2vYahfCUvD7e/FRKQ/hDxJpsNdK7fsSZq+1iA8ircMc=,13,26,male,9,20120219
Tmp/BQp1esPw12D5SwlqnGmxCfTimwxgFc+RysR+ZB0=,11,47,female,7,20120225
E+xbwBbPtrGLpkLVnb3dZFiaOOes0OsQsfaxf1ssEZI=,13,24,female,7,20120308
PcPLT1m/Zsd73bECRjudWhEkyEVxKvg6ashy9AeEeIE=,3,22,female,9,20120317
u6mxr/bzYaWvgvli5csq0YH//NaLtptL/zJdoBFmO+g=,5,26,male,7,20120618
5ZgnLU+8MN6Da/eY8dY0LWJFV6Mur0AxpsbAiMXToE8=,14,30,male,9,20080325
jyEImP3tkydPd8D6G7Fblaacw/Etg2HmRRlL38D6oTI=,8,28,female,9,20080701
MD1/t3uOqtYQkcp3ah9pfosP3PT5jhTOe0DcmnewhZs=,5,30,male,9,20081107
imS+Ja1sneVLMd1YjGReGTh1vtvLzip7eZRX1aYiMFU=,5,34,female,7,20131115
zauX2jBtBGAS4Fi+9XmuofvaWnA/L8eRb6Do+WXGP5o=,9,25,male,7,20141128
X1uXSxK1myjOEpY8S5/3mvqEgLF7SjkppKoPufMXbks=,6,17,female,3,20141129
KvVcsZbjzqCGRxa9p+mwHVirDMHXidjZc4Dvn3NpBnQ=,6,35,male,7,20130630
Tw3lIN0t7OB/SRUSdbaJsm/3DRnuCmMQlc9AJxwAwwI=,10,26,female,7,20110923
ArJPfgHtL7wuEy7CeSVVhegidYECITRV2nlMHuU1wcs=,22,39,male,9,20040328
vcvwey5j+ty06x7xPPRGI/p1KhQ/kEae9FTtfhk+53Q=,12,20,female,3,20160127
fcs3YZO+7I5OwVvoY5FBGS7qJ+en7LtYRYQQEhlLoFc=,13,18,male,4,20151104
CYF4AIndznUGqDqPcdr7mKgd4AqH5iqXwWUxSYZvxMM=,18,21,male,4,20151018
K5YhVevn3tS1v7E+3wGAeu5yp9RoR/nB6IOYd8uiXWU=,15,25,female,9,20060812
RV3tsBzoVF4DA8xBhMnjTVNzhEuWYctevhzebviMiHM=,9,29,male,9,20061030
r0kzKrz1nuGYYb0SZkoVlArtpPxdij2vJ29ujaAX12A=,13,26,male,9,20061209
LS5OEoBRuUoFwrhFcyr4tr8Pl2f9QId31pSh0INoOi4=,22,18,female,9,20111112
Szd+9kQ0g8XZ3NoC+ybnLtAJi2HnxbwDALepbM/XbFE=,22,25,female,9,20111125
HV6iNClZHp2Rb0xiGXa2k/fp3DuV7TDtnO7lDG5WW5w=,14,24,male,7,20120402
p75e/Ncybk71/6JVginz82Be3y/xK8QTddfRcDFRLIc=,10,28,male,9,20120518
cRvdGKnKI9UM06/nzOQcsxZogv+GXI8b9/M4Dq12dcY=,4,37,female,9,20100918
ziMOM8/Tz6XRGZpEMAiiwbx2YF/1O0VV+HmPz5BXpCM=,5,32,female,7,20101025
LpjemyAdDqE3NAhGw+kwLjBkYqmpyOVXhkYOka+sZ4I=,5,50,male,9,20101108
4Wv0rPa633yXYVl7CA8ePJOc4Dd04PYOksBtO/QT7Rc=,13,37,male,9,20080327
qYJZvxJu84vUDozKS0RP2FwCKY1HR+meSHnHrb66XeA=,13,40,male,9,20081014
FF20lKZUHcYhZW+GXV+9a9OAukK5vA4I96tzx7vQt9Q=,13,30,male,9,20090309
EjcVM8ESgjxdeLmDu1EIk56ACoa4IfxIHYdc0ztsMQg=,13,22,male,9,20090311
3DQ5JUTMVx5qBEjqKn522pCoz7v2wTSlWtzPXMK0T8M=,4,21,female,3,20130822
e9/HTtdgsw77JTTpAdl+5DOXRUdsMNZNTbkP79JTpw0=,13,28,female,9,20090606
xy393BygRgF0BiB7mFNcOxhMGmojdO9CWgDwkY3Xvxk=,12,19,male,4,20161110
A7+9Ocm/YlP/OAHberiEweJfybLAOXHaaqu2ysQwml8=,4,15,female,4,20160529
vpOAQUIcKqDRZIrUr0gxJV6NadT6Eg+IuA8d3TZnNh0=,14,29,male,9,20081226
nGlHsAb69kbLTjrKEH06t/O339Uje45khuOtCUzcgZ0=,4,21,male,9,20081227
SblELA4J7jludlCk0cRT5ERz3mb9WQnyG+6chj4JmyY=,5,47,male,9,20130319
nAJI+htdzAJ4XSgujC7AJYe61m5TMvlOl34v6S3xrn8=,22,26,male,7,20160226
3pAinwZrPj4QQtHV8hy0jhZ1EdHVUVhSLrhQF2pu7dA=,6,22,male,4,20160303
sDeSNQgmq1MiUddu9iITEKkWzWIH/rKiHOZwaa+eEGs=,6,22,male,3,20150301
nOtv5aVYQ020keBjD4I9kOmUC/Uv+QpuxiMFb0onCRk=,13,40,female,3,20130213
RrfG2DQx1T7MmTV5M3au9i/BLaVsP/RCyOr0P9paNH0=,13,24,male,9,20161009
veW1E8N5L1NhXkVVvTLeEq2KzNUraKMbJ96K3RGt75w=,5,58,female,4,20161101
3hGjaRs/o5SKo/PT8uuAuoOVz6ng/KgiYaK+g7OCb6A=,10,25,male,9,20140501
c+yl32ZoleezrdFI0UqQ85FON9E25/+0MN71cz5PzJA=,4,26,female,7,20151226
Dl7tWMRowga7FIRroWhIdEjV+O4LV2nCSE9YTIxVzz8=,5,47,male,4,20160104
GIdQ6p0Dm3cTD3DsxEHR3qIg9UGYc0X26zl0p4nkNdE=,5,20,male,7,20160101
qCDk4QS6/BTYETWHFnFeJngjZ1A1wWLbk8AGJUBgXAs=,1,24,male,3,20150904
jN/iZ9Rs25BSRTe27msi1jqxZxW8j5FvPl2/iAa6rVc=,17,21,male,4,20160217
TpI4cq0bBQ5vdCkwKhZpYDOVC8YI0d0Mu0CX0x8PIg8=,13,38,male,3,20150831
3JhqZ/Qq5Xac8gpxcx2cRenRPQSWL5fNWaxNqx57EM0=,5,37,female,9,20110626
iU9oj+CZYMxhY9YmYFKS9QdyoWZ0PwVJIJ2XlNG4yCM=,13,31,female,9,20110708
A6Fzxrzr8gKn6mE1SjgU9IUWn48PFHoFf0sxoK42twU=,11,33,male,9,20110731
1hzpaCoutQ/5N2rrMay/zIA0MU5jZujRmgrl/lIUAOQ=,15,33,male,9,20071231
frBk6MLgl5+pkNXSitkQTo0JgV0vFviPISCau4uviXY=,13,25,female,3,20121120
vqXBXUh4/Cv9HJ2YzIYtX8nGL1NubSR9fmrNGdCIPLs=,13,28,male,9,20101215
pTlgjpAjGg6b3UyEcKYW2TXYdXsuPDAqmBlR7C5A3tw=,13,26,female,4,20160730
DvCe2B2zGFRvbY6KeQDmokAvV5yIfQ3x4bL0aReziws=,13,21,male,4,20160805
S0pF5qNJTXCAdmCsB5NPjAz3onU2rXEgEt05Ki+Iulw=,5,41,male,9,20080605
oXxb2voWbLKHaCKJz3pwg5Da9m+R/kInExQPHcvimvc=,13,25,male,9,20081031
+sQQn2IWSme03XdKe4FGWUGfzsqAtVe4RTaI/TzQA8k=,4,26,female,9,20081108
FCZfMZTkxvVZwtWWgPzPIxMmIXzzS62Tvtu3P2342/Y=,15,25,female,9,20120624
zZVm3hPbHsTzyHYHvGYAMfEWWfps2sizTo2zj7/ULB0=,15,32,female,3,20120720
y2YY99bloJbmb4RaYVJ3+pG43b5OQhYXP3yshuQ2tis=,5,23,female,3,20120910
EtS27s94b0FuNVj0YbfN7JAfezf5QGTTBJALU/x69e0=,6,26,female,3,20150422
LDDIZMEq9vxcbUV9D3/7g6b7iG2WKoUvaHWInNN4O2U=,8,20,male,9,20130308
Oustv31WxicRPYtQGudJnolUprsH6NGMnZbSB9jRF0Y=,18,21,female,7,20160212
u8bUZyC+xMfUN8vtXrMRLeFiVIW2nzN5MRLqYmDroAw=,18,29,male,3,20160117
cYMCP+9r5jLqkKvBFO7HnUphuH8XRFEwrm7z9VLmIRA=,13,37,female,9,20160120
ZyVsuD4SRNGxQeNlF9mzAz/v2obPIrSVikiw8MmO5qg=,15,36,female,9,20050912
g9T+uomMTb+5G/nPhLyGz+PW1tn5CmMuQ3DjKR8X1j8=,13,21,female,9,20111108
GDbdINL0ZmuN6pLYT3V/yUKy2LYXJ9vMmuut5NwTbKo=,5,17,male,7,20160105
hxB2enlrokxOAmHhrKlB3YDQFVu2krP2wY0qIi/wA/o=,18,26,male,4,20160827
fwqq0pbdug83BCf4CSHVYHFnWJYwZLPopC5Nvam9Ieg=,1,22,female,3,20160903
nDvuZvBTfHuCRqwN7P66KuPtfbVQHhyg4YzRr6IDfeY=,22,23,male,9,20160916
Wk5v42pN1pdjz4fS30+rjmbx9RdmcxvK3Nn7PXOqf7w=,5,24,male,3,20130211
snadgayfJYR5cvBEkepR2VFo7VCgp8w4OKZ1LsDOY1c=,13,29,male,3,20130225
iyBDc6D2/EjqXaHVx1cDiUMT7Hykp5lWZtYmL3IExr4=,22,19,male,3,20130426
TwFGjCyLnRfpfF0OmOM4/1aoEkfRxH0xcZiWY2aK1mA=,4,23,male,9,20070812
10Pg6IessUnJtHYirnMTFX8z5K/jfdzfZ9Hoeae3/nw=,4,49,male,9,20100405
kMaQKPheKAmvWWtiS1hBHgvEV6QRclUv521k/VMx4QE=,14,28,female,9,20080118
uAx+H2DM6SRsE22ecP3XE1ufdMXSXnfbQEAcZf7a2pk=,10,26,male,3,20120921
1Um2iytJJkt6J77SLJO3OKMNY6njUapKCxd4Uww+GJw=,13,27,male,9,20121202
zdp3vL0xWAFXuT8hEMYG5joNoJy9CTZvH4dUXgFpwD0=,13,32,female,9,20120804
SJHhtwMhacHrhMm0qWeTCXZgdjtHNfR8qIaTjGtIXdU=,13,22,female,9,20120824
MsISbjOq+8NKY0IzWaloPAE9M8J2FrS9OsrqWxzwYrI=,1,38,female,3,20150812
bs4hLlmlbtDqv3j++ns2e+n73YyIMmHUvUURDqk26Io=,8,21,female,4,20160222
C3fvZbu1nbW0WSd8+Ucx7gW+5vG/oVOp9HAHISr0VsM=,10,37,female,9,20150921
ndlRGyDKSLdmJiLhlpPTgaxQKQLkRJM538dIV8UEHYw=,1,28,female,7,20160412
GkNc4U8AFwZrgCpVdhmKMkWbEsSA1OgpRsihs1HGVwk=,22,24,male,3,20160711
JoRygT/SnhUkHDeoC6I4n53Jo/8VxvtjFAMdPrdgLkE=,1,17,male,3,20150217
qKlID+2OhLJWoaPrmTwfTGa2ypnP6/Qvsyapiba9M44=,12,19,male,4,20160316
yNfbTWztppFB3zXwY5M+f/h5wfAQe9pMvYFZy80+EQs=,6,38,male,9,20080324
k538o30n+cM9FAYMVRk0TG31wEZkwasFjkmDwuYmKVI=,4,34,female,4,20160108
w6pWJI4UA9RQEOJbh2wgg46igDELITReCdxkpSzvtoU=,13,34,female,9,20111013
gHfHBTrZ8XUyLvEmeB61Xmk3nzReAtiJtmYv5X0t0cU=,1,27,male,3,20151114
NFtGiRZnEAlsXPnBlwkt6hJC8jtWsKbtBE+KPCLFN8Y=,5,46,male,9,20070821
pPvTa5Rm5NnzxbPRBLL21pptXZq5QsCNL12d8WBNhc8=,1,28,male,3,20140908
+bPsH5oTOonhkdDQycSMpg1zc/GtFIsFRj6jYupLDFw=,15,26,male,9,20100410
FdeyBOPZRLBiscZV73lTk95DzDjPHHX387zrCJd/h+o=,17,29,female,9,20081111
fBMp8h/T8eY0ivPbE4+Ri63IrWaRuK2ZSdF11XYQQn4=,22,18,female,9,20110830
Iue17YFnIY8dn9Owe4H14e8xR+Zm7MCd1to6O0uyfR4=,13,35,female,9,20090808
aUTbjCc+CXK69Ih93ZQBASSae2XscxvrWWBuBRfOdGk=,22,39,male,9,20091010
c4koX4lObssZG+t+kp1b8M/saJHF7MRQbIyA6RHhg00=,5,26,male,9,20100101
ei6N2yLVrWeRHMsZtdecO5+7DetNfGEPtXu4PrpK6k8=,14,23,female,9,20100125
cwDYOAsjqZ1z1Ekq0O+ekJBelPKK8lhBvK9X909WTNE=,22,30,male,9,20100920
OjXrDgbato6qwe6wIGokynSr5eRhBhIoSdm/DzQH5cQ=,12,29,male,9,20080505
Jn3rz8XxS51+0hwHavMZcG2atMYIGaGMsHrvnw4TQo4=,15,42,male,9,20080520
uxYzaNZO8IIhpZSRgdPRQo/44ufFQWNW7LwKz/Yhs1Y=,4,17,male,3,20150322
S7HrbMYVj6yS6OrRCPzO2xpHBQafXpbfX500Ov1BhaU=,14,29,female,3,20140828
smPLiyCXBQzfkDqPPBeSxeA9ccS7XfN2qtCCbBxHQp8=,15,38,female,9,20101002
exOmlQbqq1JvsgWiCPD/PdyBSlYYl1g+W1ilxmCthIA=,11,23,male,7,20160806
C1RqkhoTNe8zmGYx5E2E+5O9rbCpwIYfinoXHRp7H98=,5,32,male,9,20070208
bS5XkT0uelyCd1ntUtjtL71YfG1/9Xiy9TtDuJkjRB0=,13,28,male,9,20110810
sSVHPBg9LyVNu7cRtuRi5DnJsWauFLS+k511xLQTw84=,5,48,male,3,20160102
Q2ssIZPyquw9WNTP6vuNpHpnIcr0iimYP7AuJ73ynhU=,15,20,male,3,20160216
Tbo0e0zKBASFgGNyEY/ErfiMMMA80D+2dQID0zhm3E0=,10,23,female,7,20160221
CqtQAPWERQPmUcZ16EoO4ai3RVkT4dh9OWHCm6p0Syk=,9,60,female,7,20161025
GV524qs4Mn5kyz8EddLwMtYiMbzUzftY1BEBg6PwiYg=,4,33,female,3,20161104
xzAQWtnTyH4Xb0l2Z0OpZbo9GAmELmObQnLiKRuHUPg=,13,27,male,3,20131016
83Ld7BR2c0SJbPjxWIe4sSnEez70ALeVQHb+D9GLJtY=,1,21,male,7,20131126
gBx35RfvQ9y0IGAqOUrqc+pCiFAW36fpGuJXdANVKSs=,5,22,male,4,20160109
938UtUhjtDMJHsn4w4lueE4qx/mFpHzOMqKtjsJatOQ=,5,30,female,9,20061104
930N/ZZ1bc1R6LXzYXVmpkmwhxO5RgRKB/5VIQYGiFE=,22,26,female,9,20120123
QohC/gZlBoNzUOcB6c2iCS6qO+t+/ABMZ6gXyMosd3M=,13,47,female,9,20070510
BnExar5r1e5+Viwk7korPTVZijDevn5RnjZLGm5NXDo=,5,32,female,3,20130414
2gB6PuqCL7MLhYuNPTxjFlLZSWq7sauWPZR7Mra/NSU=,8,19,male,9,20130624
1LySnOG2z2uj3Ehppp625++Y9kowxKThQjHQPhrpYZw=,12,29,female,3,20130219
50YdJATbNqYa8Mk641dgoHdQtOLMnLvMSsSGS9stK/A=,5,31,male,9,20110808
2UxBx1UxAgIVtgSHFaJciTsiUu0pMnvrevEXQgjbicA=,5,18,male,9,20141027
ohTLNW/EjLfJvZ/+DgJhiSosHpzLfwkk/iTuB2H2oDk=,5,22,male,3,20130109
n8dS5saEK+jb2npH1HvngfPb3waUUsuJ5TpwwW2i7gs=,5,24,male,3,20150522
5nu3GhyYOuttwL67gu2fPEQII0IeE8uuPwqNG+PN1jY=,5,20,male,3,20150530
pdKh4GfcAUOI/G9dPtRxp6wC6jH9qEz1mENlHRYJflk=,14,24,male,9,20160214
Wg7ty6P4C1BRsAt43R4XopQLSbQZ7DggjN1f+CUhVpo=,13,26,female,9,20150323
lNrBCYJvvAPOJUrriI6uHZPk9yWjnGCAnn4Gkcyf2EQ=,13,46,female,9,20081004
t6W4xx2q90Qf4CSH9lvxa8Nun0zjimLqEr7eCxxGQL8=,12,24,male,9,20081004
+0TrrkwlZUPfZsRPEqTf/+W/vhQsJJM+khV0FIckWw4=,15,40,male,9,20081025
xQ147SGW3/OiArnRCPw950MP2C227cmzgLaZd8Pv0ek=,13,49,male,9,20081213
F++3WH/R6CIAsudJSfQx+UVlFC4SIoNF6hwwOzzT5ZI=,13,44,male,3,20131115
Lp48/surWl75OQPJSzjZ9yguObtrBKlaSuqw4KZGkAU=,13,29,female,9,20080517
OLexf8qPNH8ceW5YaE1S3vSkofM2lxzF/HaCWREllOY=,14,22,male,7,20160116
u9P27Y+8y1mCg45Npy381Xapzvj53UyRiZvUn+h0UIE=,11,30,male,9,20110731
uuzyAM7tzULZ+vfD+oZsV5Eooa3is0PJ3vtaupai2p4=,22,46,female,3,20150621
Nrvl7pWJyY1qjAvsPlkjBx1HME0yj4L++zEKBpNU53M=,10,60,female,7,20150719
xImNikazwJveqks4V2Wjn/u8U6Knt7EVYMNYCciMteM=,4,27,male,7,20150807
9EN6ss7ToXCmh5SPlCkQVpl2LGZtS2k+LZGPsh7Oa6w=,15,33,female,9,20041030
CRwf8Iepoo2mJWxsLA5wmWy5qnJHFiSGs9Evg4e9cCg=,5,28,male,9,20041113
ROicP5C48WkBtT5wrxXQWy2tTCI1prXMp6OzCgXnP1I=,5,55,male,9,20041210
m9E6BO+2Y1kbHBZwlUV2wYpq1PWBE3HaoIix5iVx8qg=,4,23,female,9,20150905
6TnLQHG/im20hrI736389jlgZVTft6aGG/5uJFQug4Y=,22,19,female,4,20161222
KueO8B5p0A5AZXKT7MlQ1LyRoIEnxSf7rGJAxxCRCh0=,22,27,female,4,20170130
BsG38eVt/3T88SIy6SG5xlqD2XX/mVP/0nXTVlKHmT0=,4,18,male,9,20160309
77ueoZyTheYFd53lvATXMwfKd0ll2I+rhcHUZ9ujfi8=,10,28,female,7,20120203
wwuqtADh0/vYypUjtYVVgy3IeiY+AU7atkubxc+1Bmk=,15,26,female,3,20121028
kFSulwVnjlYY/PK0Mbm4fYopQOinvkuoMpkvYMVcn1o=,5,38,female,3,20130617
rf7haGPiAf8+Q3eN5x+jyqAiCPSG69Lq/8RaaM/2tWw=,22,20,female,3,20151014
OjZBOCZHfhXgyMYrb3LbjP5RpSLrJSsJsZyvB7M5g8Q=,5,26,female,9,20110517
BNcPhy2tokELW4RLHvcDPA3tjnNUN7732yUOjLB1zF8=,6,23,female,3,20140222
b/qh17m/7bUl4ei7DTEKvoxcDFsb3ojpPsL8DgFneDU=,13,29,female,7,20140315
h+X7FbGQ3HxERdTsz/xRAyjj7rIKQilRqna4yPlHOsA=,14,24,female,7,20140426
XnMXk01nSOvN+b3Dy3xHICQVPtlh0/0DzMO8jBDxrNc=,4,58,female,7,20160801
5ZqGltytObBDRDO2PNBtTcIJFWPK0IxsHLeTJo25kzY=,21,25,male,7,20131015
exn9J1zGC9OBzDciW2E+G43kAyvP9ch3kcylKhxO6L0=,13,39,male,9,20080701
jnTdeuFsK/Sif5J6ih9TFGQr2sv+wSKFsp2eIO8KQCo=,13,27,female,9,20081117
0O2ybUDh7VCsUs3XjDLNS/rWLxWymgYzOecw7wofDX8=,6,30,male,9,20090302
PnmogI8Q93euQLYeLYOJghgM3RbeiZK+tqdNviTBkOQ=,13,27,female,9,20141026
blKKT5nTOy17S0ZEcjmg0qQtxrZSiKUhY06nnr6IrLQ=,18,20,male,9,20141116
AzPTytiYnG2fjdabgn4mzZDklVImQQUUqwgv4klKoq0=,10,23,female,3,20150429
8v3Eaocy1W/dolNBv1I8fVjy00xlwGXouZl4qWYWMnQ=,4,25,female,9,20150823
Xsif9H28Dtlza/o7yce0gSpiHrSn8Kchp60U+4qmcQ0=,13,26,male,3,20150917
QcNvwk6WURO/K/QqTaun2RYcdRuJOMg0R5xeX84rrG4=,3,24,male,7,20160216
hqdu4fKqJ2fPhDePonojxwQSkWZQagmg87gDkS9oTyg=,22,31,male,9,20051018
8lDQ4MTh4iARfEKbSVuVadkVih7kQfPcA0KnOD8J0No=,13,24,male,3,20140905
SEmgQrVcyDx9nVdD/JhgvPLOp9oayY4ArsGTC+Pk7wY=,4,24,male,7,20140925
fB7nz546bfPZeoNVMKqmBK5RE7EhCL3qoCv9xClNsqQ=,11,43,male,3,20150711
57YlaRRbqj9xAmffdUWCTtkbi3aXBaeoxD+otRGMucs=,11,23,male,9,20090528
hs6DQsPhcxVs4cOsj1RahAMLMs0dIi2hbel2Zzrlx9Y=,5,30,male,9,20090616
4ZSmiRzvb6jdtEdlReyxdLdlGwjZvcQAhV/+XEX5D+o=,5,32,female,9,20090701
xs4zGC/kxfCd4uv9h63j40DcJ3AUt+o9vSGHRmrCVa8=,7,31,male,9,20090727
G137xGE+ZuOMSaK2QGUBm4wB5/R2T6w1dyeQ6Od+ZtA=,4,27,male,9,20100306
gUWAlQlMVrzSQYx5AQPhlttfwO9zGK9gXHq5fqIb00Q=,12,29,female,3,20130907
1g1geUVCTR101D9VH+fcNl1RCNxZo2rYO3OElVgVFhc=,13,22,female,7,20130908
cFz9ny2TAhFn9wkBCGrtUlmogh6fUwU5kS5KhtveSK8=,5,39,female,4,20160718
/8AFAEERXsUGJ7eKIq0jqyoPbjA+Jq2EaG3fETquS+s=,1,48,male,9,20160730
r1XCaaoqkXOOvvDJmE1dDvym8F1Z89Dhqj46e0U7l9s=,22,19,male,9,20170320
xgqD9wJJUAaal8WH+2+XeIKeu8M6uF6k2pW1tgkbGFk=,5,25,female,4,20160115
7GtbDfVGHPZl/IKbkb69lcEg3uhwOiuKGYB0+8tQmn4=,5,41,male,4,20160128
1jdLWzKTwxuy+Jnr2b4xyqEIZMygOT5BAwVON98zr9U=,5,18,female,4,20160206
OR/E/MD7oNho60Jvh7zJlwsW+OoQGWECpu3ig/NQsmM=,22,60,male,7,20160210
fUABe/phe8CfFwUbCRucLNta6MG+UUt+gNORNGozQ9g=,18,23,male,9,20111008
+MNrZn9eAdAsDdfrdR77QxVDTkgzxo8pI78qozaIKos=,13,38,male,7,20160116
yMwuw/BkK5BV+Ot9elV/eHsztisKO7ybsSPfcqTvS1w=,13,25,female,9,20101122
Zk9AXYP+TD6hDhPbc0THu8M0jLzEx+Sfr7/xQ7RhCBg=,4,28,male,9,20080719
DnWOYihLHJjWCtRW3uGnPS79WvwuuTJfkuPg+xEqgA8=,17,49,female,9,20090221
Bfd3pQeXTNRw6jt6guci7T0Une1VpShA106druG/d/4=,8,22,female,3,20131206
M668Wbj7h46R7BocE/mlZLxmz3vbbzanjXKnj4OyBsc=,13,30,male,3,20131221
0PFAIT5EK1zVbuClOp6uIv+j1PuiFpW3uboPH6rBdc4=,15,27,male,4,20170125
hL85RzqxvIHo0b39dyxH1uBhpTAXebgsapAfd8BS7CA=,5,25,female,4,20170130
1g7ICdecCObXtn5teQucAeygeNA9oC6udUaahCkJ3fE=,14,19,male,7,20170203
Ao5Lnb+k8vowsOWguqGv7dyAOoLdGw86Oatdm8jGZeQ=,6,26,male,4,20151031
kg+1e4kLoAEAmAnO1ivayz/BSitemxigUDCFAQIS/9I=,3,41,female,9,20160222
oxwZ6tYU0JybtsiI/X1LsFG5ifYSKwQUUmmxgptn/ck=,15,20,male,4,20160315
la03dCHvyQJ9VTSnd9lPn6kvxR1p+7b83+PL4W9eA8A=,5,42,male,3,20140622
wkSSJvM8E1hsNmRYE4vlOcR426v0Kd4L2E++Qxgz/bo=,5,28,male,9,20130507
zVvUIIub1KPSrWwMr3t9sn5ujldNubUywHMaREI/vGI=,18,47,female,7,20130519
qW+k93/tx/GpCez7rtq5mAU1urqt/TlY3MFqi5L7HUA=,22,21,female,3,20150820
ueBDCUioDtgmjfSKxElghKeX5Zd4S9b21IS4d3Rz7ig=,17,21,female,3,20160829
AMsjje8yNDgiPm1jyDU3ksKhjPsJN0LAWcjGBXXedO0=,6,25,male,3,20111214
U1oTqAxzEWbjuH6rGvqNrdFDksRKZW8DNvRtt+mOIIY=,22,22,female,9,20150816
uB3YtxE8OIXXAv1zmPmidRF1BZaPmZnwque4d6fOOK8=,3,19,male,3,20150818
EPl3wFCgpnxzuyJ0Fe6q+gSc5ZA0MNkpcWVqVmsqRZw=,4,19,male,9,20150926
q6R7/CmHvuDjtO2W6LwXfNQwjmKIt+iHroSW/AzQ+0A=,10,22,female,7,20131213
oSRNTH0mlzzVnZm5DJ/bxygUzjKs6d/PwXQ6n65BjM0=,12,22,male,4,20151017
gyKIbIaWewmEY90uSsIUSY8RNhdx7SuT/OMYYJ8S4WA=,21,19,male,4,20151025
QOt1nbzVFZBDiz/Vw7rukEiL4467THQ+JqzhyuRlqYo=,5,30,male,9,20120805
6wtKQS+VTMyYrkdb1jOI4wrr8N/35XlEl5N+q7x3oUA=,15,35,male,3,20140920
MLN2bU3r+Usonz9uuQ5otC0jIcdQA8AG/kEeA9VuD9I=,15,53,female,7,20100618
2SlYWDuuMApcr00yBpEgxy2ggHtahzIxSPPDR6FRhg0=,22,25,male,3,20151219
Zbksr/ZO7PttZ288bSkCNOLF0IjzAOOK4MORYyK6w7o=,1,30,female,7,20151116
exNLtKWlKcYyGOdcmKg6Cvlnu1ZGqe42f+VPxrCV26E=,15,49,female,9,20100202
2JutTVtcNtXbGo5Ku0UKXcq97pfMHl9r4PWm7gRu1fU=,22,34,male,7,20130806
ugRYk8j8A34GuzVgQ6TahVKvwErWJV0lnpW3ZUvuZPU=,15,19,male,9,20140718
vkxmSuC3p/xy9z5g5jqWgtuh7PAY259iibvO09F+BmU=,5,25,female,9,20140722
FkuFB2qfZ01joE+NbaqLmcSecO9aj169tMpx/BihcGo=,13,35,male,7,20100618
HZsPpMrfsl1kTZmr6uPxWm1x9s5gsKjroJsFQsTApLM=,5,21,male,3,20160730
jjjJPybsLERI1072EEIsf48Mq00g/xoDx5VO7W2tBLU=,3,19,female,9,20110912
CiP3sV0pNTZqjugoMxqN+9NsRbjBybfcngRXPG3nv4E=,13,18,female,7,20150903
ZjFfgwa8XOCztD2BkGCVS/x8cipKqNAyGiOZt7DUdVo=,13,24,male,9,20151002
8Rm3aP+BaT8/bSn8LgGMvsQBKe61p72+mK8jIH8qEmU=,21,22,female,9,20080723
CGaUAphBZ2oGKVf7TD9+uLm0YFzCODtkgV1nO/JxXOY=,13,19,male,3,20150117
1hWfMuIfcjiacqiyjpEjjEZhlqgHFDbUyz7ciILRVSo=,1,23,female,7,20160910
+G6+OUQy1pnqrUy1lLn7vcBW8i5p7BMOGQU1cqI5/Xk=,5,40,male,3,20160925
spSyJEixpius7XZBSJnqFIT+NqLJ9oXE/0H/L1mAolg=,13,18,female,7,20161008
5DhHROWq7/eYtBOvPxCb50dg6O/186llpg9SyF1wk4c=,22,18,female,3,20150102
sSUUf/OAs4vgwUFISeqddVWGcmGBr6TV0Hj2z6NTAU0=,5,31,female,7,20141006
jMq40GX2puOtjbmwFhMo2Aw0+i7jnSQSRiFEJ9hi0uk=,15,29,female,9,20071015
BI+u42GtBLo0tbBrsDbA1LIYuq62QYfG1xssk5v7VWU=,13,29,female,9,20080108
+jLmLDWL6MUJkutjLYBrux2b4dJRUfdyul+Zt7fE15c=,8,27,female,3,20121007
hdzmZk7sVlXoIiLwxRR7T6fLuE6OvxC4Y3jsGxm6osM=,1,21,female,3,20150227
Wbc82iwcRfIs/hT09FPxcSaVBA7RmW8NQ3kRdtG9BaY=,22,24,female,4,20151104
FdfnRNIewLJsjwN2kZTIRAZ/Cp32chP0unvWI6zpEJY=,4,24,male,9,20100811
5fD4qdHcEAVsewQr04/Y8b00ObeGay6p5qfWm0UzNTw=,13,27,female,7,20101028
U9hoc7cb2kUk5UmWG/AMUKt1kccXUnlxMbGcfoxnOto=,13,34,male,7,20101110
VHOIQx4eAzLmZl7kqUjGBMCyKNj3V5b8q4Xp/Z8oIAM=,15,35,female,7,20101126
JcPqsRT/aJOFz8UfLlHYobJQK3QFvrE9UcIPSqO51Wo=,4,37,male,9,20090501
Mkuonwabi1+T3l72hs3SFlCAxYydaDkWKb8545cwcCI=,15,25,male,9,20070908
nUtS955jPofRfNqyaRpoynQTbd2w+r3ipNB3KwU7VcE=,5,41,female,9,20051117
810ubBHpnaVb1kO0du7JgqDZ0nQmnzieYE/DwlBLLUw=,15,35,male,4,20160218
BURpp3JAnHMjELCnEuuhSM0ia62QqQ8BxUU9X8QgS5k=,13,23,female,3,20130218
+SioD/tGZjbcr1R3VJd8MupnhBNW1H9UWTV8f3hT4GM=,17,21,female,3,20130328
7//G0VSZf7m6VUHxXY4BAUvX4A3aQX3atwLVftYMr3c=,6,22,male,9,20130410
5WDNGRN6erFOtwrP9qYHf9gGWT/0dW0gqFE6vU6YmQE=,8,20,female,3,20140108
3Lx6QKMeawpGZR8YLiJYSRYOrWbkMx9V3ZdJsV9iu0E=,5,26,male,9,20080715
06eltyi2paB756YrHi4lS+It37wG0VqUEHdsXH8m7Ac=,15,22,male,9,20081129
aMej6rhUs4orqED2z5X9RxJyMQPjXZ500xh0TvPGcaI=,4,23,male,3,20130126
15Sid0yzhqFuuIqlCJjaXlyDcM57OPpwg1LzFkI2YeY=,15,23,male,3,20140817
6ijNtd+BnCiIwN0ID939rjFQr+Qdyh4Erv3ajFLzamc=,1,28,male,9,20150629
nGhZfSDNbDKHJYWf68hGoejI5l9YZ7C+Za5j04B4pmY=,10,28,male,4,20151231
kkJWpcHIIb5XTUlSp0Oo6FT+RwDArny4NNUr4BeLou4=,13,16,female,9,20150401
FoyYiSTodq2FS9NuSz890KupZ+IYagMQ9imYmPhraiU=,22,54,male,9,20110929
FxJKgkxWeXrDMKrurtv3ZXBYn2p7LAvwTZNy4pO4o4w=,4,16,female,3,20140220
ykacBEshkZ06mY9SHIu4jxhK8ohv31NfNNH00UkSL9M=,1,25,female,3,20150817
vNGc0Pbv7lr01JR6ZexsZFcT3MW87OnO0HvsrLnZCEA=,15,29,male,9,20160610
Egx4r0eZS6mr5eaZkRLuXuXsGTHGw7OySmeIJLnMAng=,5,31,female,9,20071227
I6q9/6N7gnX7taokANDr1UTGF80je0OuPNR0QKUBhRE=,4,33,female,9,20040327
u47AZ705FQUZwKsM0lcmRw2S/uTcjZoZ5savicLdH+Q=,22,31,female,9,20040422
n5eDgMn4qzYAraIRf5tnTRzJji91zGDBj1m5zZUX0tA=,13,20,male,3,20150326
qs/K+JGXWpUtugQCku+/fvsU2On2BFr7SkidS6OBcD8=,15,28,male,3,20150831
z90vcgmtyCGWmhIvW+bscFiX1am1pk8h0sfxEd0ttZ8=,13,23,male,9,20100725
PruivfUMzXK1/eTfq26nRpS/beXemJBf6IsqOfr3xSE=,5,41,female,9,20100801
Tp4cI/LtZPQ94zFmTznLrVSMtkkux1Nbgah4YjlF830=,13,25,male,3,20130411
jnasza2lPtNVZPQaktAIklfsNFnDb7pWdQWkpLDL3dg=,15,24,female,3,20130418
DbpVIhKPJbWjDo68RPALrlGsBh0FWngW0QjLQ8rynT8=,22,31,male,3,20130703
QskE5VlK4J0t0+H9Z4P8sMnvvetrYwDCyzUtNiBabdY=,4,40,male,9,20080429
6DCHEJxQkZvyozLP9Bib2vs6bgcAvYil8PKu/H0rwW0=,15,34,female,9,20080504
XB5x7gZZwNSDBrICe3GJ8EUFyB4B5l2NSCTjwjUBaiY=,15,31,female,9,20081009
yBzXw5fI4p6GdOMb9rjzLAJveS/Rv4OAliaT7k3pT7Y=,4,34,female,4,20170118
eu4/j3uAdn7zGGqDXxVf0zD16+w+i9pW2JjjGuQRGRs=,13,26,female,9,20100702
eVLtuVG2yzteaqq869iSp+mV/jtPqeGfZTRhFNFJrD0=,15,31,female,9,20101105
jmpVMZlvSumCfJA//rmE9/PNkF5q74Hwlu1Ii81vhuQ=,5,17,female,3,20141018
9B1JLqNlD1EUdVeJeO/gRKUydEjl0e3bUNipVuGC3YA=,5,29,male,3,20160729
sUrQOoMKLgyIJeJwDfSjaJapHBIWQ2poFYOtt9LfkiY=,15,30,male,3,20150811
APhJXM2fnL0kHxsVX3p0/bG9YFnqKq9Ip7kIepGxRKo=,17,27,male,9,20060816
H30swxQqujT6FLpFwCelfdXhGW39V6Gxg5gfpW7M+sk=,22,26,female,9,20061016
BROHWw7VB8dZvbEr5sFJE6M/GnL3Lufr2ZxaEmA+4tk=,13,28,female,7,20131007
9JzSBttiM01GFi7KjlL9pQz8vQyyvga1o5SbPMMFQXU=,22,19,male,9,20150502
9T3xzp8+JQpm4ccNxI6aaE6XSICljSEoMYkLOQf0GO0=,13,28,female,9,20080709
E3A4F9Cr34gsM57mTjHP+0a7YVJfW6hbq1yL9OIbpVE=,14,23,male,7,20131101
N3t9gTspICUSI9jyhbBzxnSE2xSWyf87GlL5iWvMB0Y=,13,40,female,7,20131105
ZYeWjGc6620ESFoURdNx/YkmiUuUSU+gSkZ/OqBSGmI=,6,34,female,3,20130413
RnYfX830C7swNaNjBiSnQyiWjJNAX2O08Z3WRMowTC0=,15,25,male,9,20101010
b5XU7MsrIx2wLRTeY2v/8NJvE8md/0Hq42i5wpkAfmw=,17,30,female,7,20130606
eXgvvrOnmJ8vc4xlSBj3IEN5Ko/3MQCTzSQ4Xar5af8=,5,34,male,7,20150822
Lzoayby6g/gMWs8gWwmA0K9OsDQ+CtvZ+G1INSno4P4=,13,23,female,3,20150221
v3vaNIY0isv0Ed6dyGE15HOIQJUX3+mdp8uSzoDNwbs=,4,26,male,7,20130220
stw2a73VzJ2YverLCPvq1Q9JKNlIUuDiVwW102+PELQ=,15,23,male,4,20160427
1AlCc09iPQcYKuQ8poivsVxUPBN4D2vJwA3kRXrIW9w=,13,25,male,9,20080205
02TIBV07DEalRmHy30cZqXtsrWXblAsFrCdfAWzteKs=,11,30,male,3,20121028
Mht19bTNrtFDeiLemlue03dI38G7T8jJZjtkb33cVG0=,10,28,male,3,20121101
yzoQLIFilJpVWEBN6W929n9y2k771nLK9hxpPMrnRX4=,1,19,female,4,20170206
VCnQF1qfKwd0nnaWFWcSkEnEjHl7/FPeXaR4xPfX/04=,4,22,female,3,20131019
CTyaaozVj6u17T3/1TK0guDlL97nqSxCw3xc5dW4UEQ=,22,13,male,3,20131121
KYjheOi5FynHdwawn5SRVc/ec6jodwtF7XLuR6lVn50=,4,34,female,9,20160824
YspHsQXaQYG7GJdnhtYaQnwTY9O49xxJxOl+MyGaSpY=,4,35,male,3,20141225
iDpOrBgMIeaY4jRCyfLtX5CiAXjvKXTnU3pdMSlca8w=,15,26,male,3,20141202
hdHEDxNdAy44b9HZ50zPr725Bg8ydxwvwmlXCX3r5M8=,13,46,male,7,20110104
Z3aEqTTsdYVZEVjGLeucJvftcdd4BYa0m9sHrSga7dc=,17,95,female,9,20110119
MoNkctFQtl/5Ap/OepuUpc9QHWOhv+CxaJ6ppoLqV4c=,13,35,male,9,20101013
6wyOz9pQhmW4DqYos6oWM4ImphoLZOEguzDO/bShR4E=,13,34,female,9,20131113
eWXdHMSFmDKtvYNaRW2RJy16D5EgaALAyfJxSfz8e/I=,1,38,female,3,20161018
7dF22fMR60ORlzHUUMi99UAVzLWZIWvIQwxYsDvvAYk=,5,30,female,9,20150901
e7DOjbSSSWR4moQwzlMNZgS4ZMGM79nMyhrURMf/+Pw=,3,25,male,3,20150314
cQiA4TVtSQSw2e902SLYHpU6R7vGTob3HmMTCJ/ITKw=,12,26,male,7,20160109
apxcOWozuh6zcf/1C66hFAbh73AYLvqtkBvtUDYsFDU=,6,36,male,9,20110920
E6v4vWCCVs49wuwdt5qXMyhf9SGQvf3yJV1vWQxjZoI=,5,33,female,9,20111006
NmHjIZ9dPLEPVrGyupj+IdQPj0jfQj8Qei5ArDWCKNk=,5,39,female,4,20170204
Ul3/nqPWxJlDyMCbnk0kfFR4msYsY/4Qz0Zx2f1mX1Y=,15,27,female,3,20150601
G2cAFqLpZAupPnmr3JyELssJPacULojqrl8kTOc8vQU=,13,32,female,7,20120310
pi/WhSaOhMhZVZ2hnzxk6bDc75ZzvGAXCVGZXJUy1hc=,14,23,female,9,20120514
ucv5czY2B3WWxJ+Rzau/sxWKpG9ted2pmOmPY9aV0jw=,13,28,male,7,20140816
xFARDmu60qWIDrL6TEB5EqeyxTWPV7mhu5TBPak9YcI=,5,18,female,3,20140927
7Algl3f6ns9IEQYMLM6j38lTvX/aJQ49EaJ7adzjtqQ=,22,27,male,7,20141015
ZLg0kvaNaLRq8h0Mr/9eu/HQ5iUUWk+Bo35balYilhA=,13,24,female,7,20141018
lLDzs3ehZ5q5xtnChhORm6idvZ/QjakOl9573DefLa0=,5,17,male,3,20160820
EdGn1/kgooXsRdGzaNH823PYR5Ns9/AtcS5QR6TpAd8=,6,21,male,9,20130228
LHClaO/Ji9cO2yiXAQIbhFVt6BYHVtK4Nr1e6KaoK/s=,13,39,male,3,20160206
bCbzZXb+9T6CClQLXMijtUggfhZhhzJFXDW8a4+7jyQ=,13,23,female,9,20130515
u6s+Z0uKGXQeF3iixTpWOJY89CjYCI/FZRH2jlrOJG0=,4,32,male,3,20130521
vSaZqcG+8a7SXvBp1OC3VGw8AaB6BIR/j7YeQIxrH8g=,13,57,male,9,20070406
vYcJpiP9JhgKDzmxVHfhA8vsh/dvVHb/8FD7NGIK46M=,6,22,male,9,20070607
WDp/qCHv5bK5vIdiaSWxtOtJYmg8xumFcHjAwFqvVUo=,4,37,male,9,20090929
uDd/7F6PCfJ2COdYWG8gQ+enpsPdMc/OD+MJlY7GrSE=,22,27,male,9,20091221
z53ybH4hJRu/ftdadCX09m2hPzQCaKXxRAfOgQLEZL8=,13,36,female,7,20160124
ni9EfT7T2nzDrI3Vd93kYt4FVlTDdohC1MUoI1a+1Ao=,22,23,female,4,20160209
86dp0qi+N2s2TwScy50QuxfW8mDqvAyLlffRS1gRbc0=,5,48,male,9,20081021
ejHm8hDDNWbF6fs3JJ7ctGQLDrmjI4XeWbpFRhOiwv4=,4,31,female,9,20081222
021al1b2qymZvPYDrCaiM0qfp4T0lIo/lrgZxFdYQ4w=,13,28,male,3,20120911
LQ/dzJPvIdtYXX+bdMTqZhE+M4DLOzMqw5xG1mfR2g8=,13,27,female,9,20140618
9SwxD0ob5xCRLL3fiAcbEaabkmZG75yr5522uAJA5uI=,5,47,female,9,20160911
LfMiXUeKvTxvamgJO/d0k2zAX9psZkuu9b47uGxARwI=,15,26,male,4,20160912
lK84P8Nui7P3rMZrLwhIhg1LsmfddB7iJx1g2ir7hP8=,15,20,female,4,20160930
LxAO4r5V7IrFnZ1x2DHmo7YBB/Bd/T7461Zhqbq4u74=,11,37,male,9,20100930
tGbFdiR8STpFdrQYaQE2ajVqT5T/SijTNnnC9znnuTM=,12,22,female,9,20090308
QyFfqB/cz39DeMFZbbDuNNi/Q930h3Yy4QTA4i4OGas=,5,22,female,3,20130205
1+p1vHdRGndOjYOHfASTkIOHz3VKugyAhmV7IBivM2g=,13,26,male,9,20140722
ufvK+c/8GT8OKzPQWjHIsIpEq/W9q9nand3OzhNsld4=,1,26,female,7,20120113
Ew0ChnWkl9QW7X4IR/SOLwye0iJtDEDrtPF06+8ufV8=,4,50,male,7,20161216
zC5iAdb4YD88/qUyk7FI7ly5MQnU+tJHMIeNlgKsYHo=,9,49,female,9,20091114
UdquG4WeCfCANw40Yig8IhI2uKkby/ObUgQxIVgTRwQ=,4,23,male,9,20150721
DjvdEZf3nWupNm5++Jd8oB5wnShnM94HE+IQFKrQTHs=,13,23,female,3,20131210
yKnp/tpdsrZN8kGkrslYROngU9PvLGR2Bk2Y3W1K4g0=,13,24,male,7,20150426
8KyF5I7UhCRVLfD1EdD4p4M6WYRmCCBOOcTJX07a/k8=,5,17,female,3,20130310
sd87HH33V+KzIzY2NPo9qkpyf2EhYLfKXpo50zS6h6k=,13,38,male,9,20150625
mN58Sr4HacukC46yr2ZlP9/BC/YB90ADC2vb6p4PqZQ=,22,29,male,9,20100503
S1vOf9Whky7Yg8Z9a8zyUFG6ENm6EIWFjDyohRJbreE=,13,33,male,7,20100906
POjR5HeeAzTXTPFWDxmg+F8FIrWg3qBxdoSqg3J2ejs=,13,39,male,9,20100922
cnrVfg+bqxhFa66lkHyFqtzDlC0JBPJwfQakWvBGXKU=,13,23,male,9,20110624
+yhKyneiaqj4vcH0xE/tAqokNEE4SsvYMbsRfOodtvA=,5,24,female,9,20110831
I4SyfzvmSwqdAGhHweTuJx9BKH6PJGf7mayDJycjaKw=,10,24,female,9,20110904
D/CWOStwCMEmaMwEl2W1CxLVpMd9FVdJ89WnSEWpQEA=,22,37,male,9,20141001
CBKx/LuFO2MwWd8SX5cYFRfL5mSBjtWEi1X5QBNA4Ac=,5,17,female,3,20150406
YY/xJWCgP5c3SGH7KV4ASC7EPjme6Szjb55LvYmhAf4=,1,20,female,3,20141127
Dn0ikofvC8g1QuP8V6eSQ67dwoT4tAeRh5sS/prwKF4=,13,37,female,3,20131113
ZKIETJN9PdOcHgzpRN0IrIR7tKTME5H70DabacY5DOg=,18,24,female,3,20121220
qW1u6GaxiDCISq0vjCGt3SjZ7t2ccBVk0gKbBNGz8VY=,9,20,male,3,20121223
KF+rq538Z1NjKo5IKy+kij5/bk+4QSqcR9/zOFl/DlA=,5,34,male,3,20150521
1gX772O1oHadER7UuletBadp8jlJ3w5io56gal0Gm0I=,12,23,female,7,20130820
HnFMRNQhULHvMePa//3V++N8nfUse7+ZHuSy9/xgt4Q=,13,30,male,3,20130911
cSppc9uuSIv2HF0V4kS+tXcYW7VcwGKRE/nnkacPMRs=,22,32,female,3,20150512
qq4/Hlw9LOCdRean0+7dwctkZn6bnTkKo6rUyHRMMZ4=,13,42,female,9,20101018
tG6niAiQEfPsA3PflYXOUQZrCiH6b3Oqd2kYlvBvEnE=,22,29,male,3,20150509
QzrTNVpLatqMyFAK7LqaMaBVj64diUCcamEVgiwRr44=,14,26,male,9,20100614
+2L2PZ5C0Nd2Abz7rKEgOkQ+FNSZU/Iu7VCoobZIdVM=,6,27,male,3,20150822
UKEnnbdzDjySbEY96QK4joJgt2/9BgCJLcMF+QFYfNs=,6,30,female,9,20070222
tngaQKN5wNXLLq3sV6e8bdQ754DuRCiZWd9ylBeLxjs=,13,22,male,9,20070421
aSImcB9fP+EZQpGrSIPJDyhsIQYWO1oNcnHnaHYbcWU=,6,25,female,9,20070607
7nQ6lNHzYaK1e8UQb4ZQus9NjvxZHd6xaImYcY7APn0=,13,37,male,9,20061105
rVgtnc1jnCFYjhRKOevn3eBIdYCTG2XQkCQfGKygqvA=,22,27,male,9,20070116
4DgaIlvFkixmC57BCV6ENSODxsA+QeBOtrRaWRDAC2I=,5,26,male,4,20160315
VfPkDzg+ywfiGvexAN6eL56lRCK9qoSA8A6WJRAcAfU=,13,28,female,3,20161223
tZhu18Fer4n/dfz9dmEQ2EAx6UTfnoJQT6gWY7AYQI4=,13,26,male,9,20090628
2ND98f7unUfy7xjLUL07IEUy2pePpkRLyaIzfRiYHhI=,13,27,female,9,20110811
Gcay4bNytCMUoH7rQSHSRSVorlhrP67tlsGybvyocLw=,6,36,male,3,20151020
E53GWveHEUbI/x1rBNsI0KfOjx8d5TaQAG/tBwrjlXM=,22,19,male,7,20150821
2N70RD1fFi4zeC+sIJWHy6WJCzUzpsMW7Nlm1i/GMWk=,4,43,male,7,20101004
EP4i4OboJNlgJdY8lkmzyqgR0MGwKVaa8Tn94r47qk8=,22,28,female,3,20161210
iD8kKbL3LIMD385qWJpn2pHAoksuR68y76cVK9Nxe0U=,13,51,male,9,20090109
xHSY4ojfc4OC1dNk1sp1kKV3x2fEz4w6KiqPySR0Eu4=,15,35,female,9,20070613
7SuvOEDvsrgAODN8HNoQJNM/DveH5IHQRMPoybouJow=,13,25,male,4,20151009
1di6bMbeFaJ4ZcjkGX9sDZtgZMPnuN0s3MvI9/1Gu/g=,15,24,male,3,20150219
d8A0DwLAIe5aHhjtlPZYUeNCr/HLDjdc2d8ooNHhB+Y=,13,42,male,9,20110601
mAogTfG3WWI+JkuhuVL1yWi9r2R3Bgy/NQoZb17NHSU=,9,20,female,7,20140225
CVaMlF8a6qSZ8cCbxNFGF5HNAC6buKjnepNPsR1TmOA=,5,31,male,3,20130830
5FzmMPwpgePpRDaaezxAw/MC5Jkh6FaBQrNFYHlf+Dg=,15,20,male,4,20160205
lkuLjw85U7uqvYgDEqw3MDByQYufMpFiQdD/pD/huGQ=,9,23,male,7,20120310
Gu0r1BzUeARAOLQnOjDQYHfHBL9ncnagxXHft35O+wg=,7,22,female,9,20120319
hh6qtgJOuykeaRvSUX+u1ZgdrLFQpdFQw30YaNw+t7s=,13,36,male,3,20120603
CgZg69fxtFAC22s3tyVBp9t514putB2GR3F4F3+uveo=,5,32,female,9,20101027
dsfcf9Uqgl957zGZpekKQK33uj/pSM+kyCNuGiOQ96I=,13,21,male,3,20130930
rgNW2EbFidFU1TOLLytINC5MDv3Klcw1WD3t7xb6B5I=,14,27,male,9,20081026
69elY+Kd2WDrFEL8MTqtArkoQBBpVsmrlSlEFQqTQnY=,4,28,female,3,20140131
StwQU4918ep4poJlkhIykicoAVie17PHwakWlhWyWjQ=,12,31,female,9,20121018
YujR2wGuD7hHTVS04AqdkLli6Qys4DbD8ImGq4oIDKE=,12,43,female,3,20121026
DkFCMPqTldlvtBG4Cug+S5s0NPw0UT3cXPRW2ssrG3M=,13,26,female,3,20130107
xTp2BFC0Z/v2kb210gPkd1i+x2+0DW/2pJF0o/gxaP4=,17,26,female,9,20080718
SGhH5fXHyYKTq4LoyPh7G5seP9E/OybIxj82SW5ugVs=,14,20,male,4,20160803
83FsRrqmYtwDdnfLkK0UY8IZWlww4rRAGW9oNWP6DtE=,5,23,female,4,20160815
l1Ua1/aOZsn18WO9Nx5yqyK/kVYci6Qwcam6vEulbsk=,13,29,female,9,20150416
xdcvptB1WaxvnCCUWMSYnn4RQxSzsl1tACsf5qtFbHQ=,15,30,male,7,20130205
Zw5YrOdkr89LAJ19bb52jubPbJU7Yn8L+3N4dNiVtmY=,4,22,female,9,20141102
ZGGG6fAOgsxsqYguGQxN2mQ/gWfl17OkJFK6v7Pllig=,1,18,male,4,20151007
3oZTZE7ukfMA65IkRKByoI81OBqXun74++mzvd+/0nE=,8,23,male,9,20151017
W5UfVJcqMTwpkEz38tmqbmPu+FZyHVx15fLIKnDNCKE=,13,25,female,9,20150908
0nq366b/G7+rQr5lrknczbVIxZZzfehlYJ3VIT65aOU=,11,33,female,3,20150912
4wbpd02WqAGMLrGLUKlqnzq+W0jWAsY5MclRQMtOMuU=,10,26,female,9,20080505
Iwv9JbeSSGhYg74OENcZRSiMEcvDV9O4fhvXwXjrhJA=,11,34,male,9,20081028
HYV1IYOvbTSf89m1VJpOzPqx3OnZhKKdrY0L/tXRIhk=,5,34,female,7,20111228
8iSm3oAlUx7JtrHnoYYWXpKcayNAt9RHeAMNaq3qAmY=,8,23,female,7,20160117
tkUCbRdCG9ym3zpaxTb1dswmmZRpBQ0QScPsSWxcaSg=,15,26,male,3,20130630
1Fd+ZDFu/yCSA2uPYwtVV1gVZJ38Bt0ECz5KYZtzw+M=,3,27,male,9,20060813
e3mgFZMdjHYi323XUnJOUQkFQMGWoDgBGbDGgYkfX3E=,15,29,male,9,20100510
FS71s8EysJWlGqAbkPE/o316rtF85h6E8MDCmkUcRQc=,15,31,female,9,20070225
7qnOde6li0h4JEOVbqqiqkUkhtGNtR1IBUPdf1jlT80=,15,35,male,9,20100908
UHKX2FAZY+HZU3+UwNhZosyPG5LdJ2o3MObctTIeWPk=,5,33,male,7,20101020
pUN8DftGRjbDLM59YdBg6y0VVE4OAqxAEfzORkx7j8Q=,5,34,female,9,20101118
3cfEBt51AKd3yPfsUQ/wigNmEbLXaslK761sjoLDLZA=,16,33,female,3,20150415
NwfkJ89u2whFi9bg1VNU578Uoa28fY8Mc4dre53h45g=,14,26,female,9,20080929
KGPT1An6+CtIraEtTUDVWouicDQ6mWf1DkPMZBoAiR0=,22,56,male,7,20160220
byTcOm21GA5W+pToGhLUtz/NWIsdYTxW7KTw6yDoKVM=,15,23,female,9,20140115
oB1Xu6zZuRehxKQy/AWZ7oiToP2oq9skushnMSl9asY=,13,26,male,4,20151227
cnPI4EF3DTirOvv62RynhX8xVGHjyxHemMEzQvibnuw=,1,37,female,3,20160326
oIafOXKbpORXbRLJk2jg6G8TrcGNCHY6X4GS5nAxh9Q=,13,26,male,3,20160413
diEqOYmTeyVlmPPvAiKw7wHTL4ZwfLZTvEsc/TCyc6c=,15,32,female,9,20121013
q0DkZhZzgW3B4NusOmIcbTYsAB1PCKsqJO41GIaUVVg=,8,30,female,9,20041019
zdU2Vlc5xa3TR1nvV0/aFt5bnS5dSdHrWoIMcxm0vDM=,15,24,male,7,20140124
T2H7d0A9RQmgoq2PSQSxtzDMGN8nckfY7E2eeT30R2Y=,13,22,male,7,20160101
uhphxaUIOdRf0JdKW7yxCA2A37tdmVaV8hhG3ODCoY0=,1,37,female,4,20160125
ZVNFTPQfh/m10EY5ugO4AIIq2H2vYFeHO6RE+WYfBL8=,5,25,female,9,20131109
RoXgVN1VvkLn5Yj9a9pwCxv+o1iV5zMdLm/kDdunmx8=,15,37,female,9,20131117
36pYHHCpo5XVtfJMOBjoNclnTdgheIty4je8gGrX96E=,15,27,female,3,20131120
00UqhiU2NdjGjwysNawmqmPsCb9yL31Es15zG0Dlyjc=,15,24,female,3,20160715
+TjdBS5sOvtTkPhpauGPS5oS3seWQOA4/w3miB+f5AU=,14,28,male,9,20160727
IrKhmgzXgwRobX6ipORDdV9mlYbdMX2mDdc36koDeaQ=,4,28,male,4,20151027
5AXGjQN5zHa2xZTiJ2Hn3igVJF+dVOm9E9NK7hAcR/w=,13,22,female,9,20090116
GgBf1vsj4NVCk0pCsfiZKO3wQynCfs8YDnfwZ6Yq7xQ=,4,32,male,9,20040331
95u08OeyzPPIzd8vycSR/yGSYf+7e+WX9dFu700izok=,5,42,male,9,20041025
RmWcorTPNvTdsEZvlhyrlya9PSF5UtbH54HDuPm4kQ0=,17,28,female,4,20161022
7uvsg2CVWfPuCsZEouYypLHekrILAL+D3rfl24sM4W8=,4,29,male,3,20130222
2uQ3ekibAQUBIoIK4vnuuoG6MH6d7KOe5MUZbeBONK4=,22,34,male,3,20130307
S1+i6MdIBw64kzlDnIb0eABc1CTe2pUQgxnC/B+uk+M=,5,28,female,7,20130223
pIzV/KY78mM/fR8xe3Ph6huVOFREaqdqbVUjjDxEpXc=,5,22,female,7,20150803
Mi/7J0S9qfOFYaJBP8xS21O+yWwpnzdAhRTmdLLjejU=,11,33,male,9,20080527
vGfroHlx3AjTbRZ5f+IfEkSOVzX3tn2C6HEgOSY/Oq4=,13,37,female,3,20130224
4I7LdtoHTmN7x/Xg+1Y/DH8j5sbXgqExlHA/fM2cxM4=,15,23,female,3,20130331
Blr+/Eq6qbs4WCh8EUlMTLzGzpBv+Fpv14p20+7ElwI=,22,29,male,9,20090425
2tYk49IOn2R21KeGFyNE3P7IW5t08naJL388NivEL28=,22,29,male,9,20090814
h+mI+HJbk1XBAcJ5Lw03sc9R0NnOSWfjJbby6g8SNaA=,5,41,female,9,20091229
jawLaxut2nueQc+fyUd/eD+6VrsWSuq/AxnMuejwgKw=,15,32,male,3,20161014
p36eDMbUNv4EFwIbmNVOdTEITufFNGHspt5yKa0JJYk=,11,58,male,3,20150615
T6xzza5vNgSQ/u5Ld6inbvSXl8w9PwWr+wRaXhg7owc=,5,15,female,7,20150628
5WCJ5Ae8fpw96RHntGGKAk0fCoIWv6Rn+5EZZMQ/Yyc=,13,32,male,7,20110303
EneStnyA18ro50YmyVXWK+lRVsSJZD1mOEO3eHRxyz4=,4,34,male,3,20141101
JVdkvJ8VBIs/TU1rFvhIxgkfr5+dWfCtdGBKeWn7id0=,22,24,male,3,20141117
bbebY3xNiPgdDf1Pf39oz6oayH5veIYFuAnvFExcuMk=,14,23,male,3,20141119
8JppSvw1O5geo3C4uUc72tcr/NHGcdAbWkeeM809tnY=,14,33,female,9,20140303
Sc8q86NbXEzQybmudPr7z38ug6IQMGquzb8mAC8erg4=,5,28,male,3,20140319
+dWbdvsdHkluXno31L5fnnM5rEYbDrzVmZ/YBCi91zo=,22,28,male,3,20140330
guzqdXZ1koDdmztRPwOOx7VOpW0PNRG5rO334/ySldA=,11,19,male,4,20160123
bZDqjkx3s9yiLZ/SjUKbqNUOaejHZBiuP5GsW/PlWwQ=,4,23,male,9,20110913
RbSna3LEqnb4PIrDwh19T5XxxNHe4aiNw5X4zn5gwQU=,12,22,male,3,20130316
nIUFryTZ5XM2NOA5cMisPw+rDKj0cax8ZCzFJK/US2o=,14,20,male,3,20120709
yHPnv/wDs9kw0UEYNX8Jbn4ym9KPAujE4ZHiF14m9AY=,13,22,male,3,20150322
YWBlEssnWHP1OoQCJQaeBfwA1+jau3r7QGubbw+Z2lY=,3,33,male,3,20140812
MqI2xeRIZ9imqERJ+UPmvO8HDjSB1lYIoTJV1bf9h78=,15,28,female,9,20140814
RskjPHd24T3B4NXU9c6Ou2v5ZSXg5s3X18oCE8FvinY=,14,25,female,7,20140831
IOy6rQ0nW+40yWJjgtQkjeBINjH9/+6Hn/zZ55J/m4I=,14,20,male,9,20141027
FAzwMRKTeEjz0abfpQ6zYz19OP7aNvxGIhGPqsp8SDY=,15,25,female,9,20070623
BSjRQtSPY+okQ+duhHM6Ud3UUYDMFatIgSsY7GUE4Nk=,21,30,female,3,20150414
oVH8FDU/h1MMx7O44UFekmVAZAvLrWjoJbvFPYya4/U=,4,32,female,7,20131227
aF/3bX51Hby9arLYty1opRScaDZ2auNBI2Ve1yhBuQM=,1,17,female,3,20150729
/cbG2OyuxdgNrxwNKv+qW0euCN8xwUTsevAbFh7VQHY=,5,28,female,7,20150805
8nisc7zfndP1ahrHQpbYqEZQlCrcyZ6siefFK2N6pZ8=,13,29,female,9,20160821
St8L5xO3TDzlCkXirnl28wzLgdY/eGyh4q5feEBhHYw=,22,34,male,9,20160908
ziWq08C69moVLYw6yVy6f4827iDEgs8qAInGE2FWGq4=,22,27,male,7,20160307
5d+oDSIXuX3u697T3voXmC95daoUlIuwT26HvnupPPg=,15,25,male,4,20160226
bqNX7mplaLXYBBnixqvDh/+uXAM/hg01xhNQy05MYtk=,13,28,male,3,20130131
ODJbJbpbiFWcD/o+M3DANQDV81OxHypGRDph76mFcxQ=,13,20,male,3,20120929
I4kMr9oCZaPN9X9zdvie07mEqc9jsaFaIpJry3B/wxY=,13,29,male,7,20101214
S/+wosJ9OMB9En4bR10jPso6D2+wENGaeLtvjG6Z56o=,15,36,female,7,20130508
fdUY0fz/CfOg6sHqHJmekKXR2BjZ2uiHrR1xAsgNYbQ=,18,22,female,7,20130616
uXAMtMdqaUc5fsFeX8n5p9YQtHc1dUQFXKBsjPEo5XA=,22,36,male,9,20050626
735/wYfOwvinnJvmZHyqeyYEJ9mQtg5n1XFGq7NQIM0=,5,31,male,9,20060303
nH+AVRKv0LFnFZjCuK1GZHtdfU9KdR9foEWZmui4Wds=,8,22,female,7,20150905
zjKr8p7mut2CxrOIFMaFrP7Njcap+7Mgf/y6Te4mB4k=,7,26,female,3,20150926
e+LhO8RcWdvjo5y3FwPawvKtwEz+YAy2/hRm2jDgcis=,13,37,female,4,20151017
ss9XD/Yw8AYeIN7Ek3L07vpj/xYKEiiwhnBQc+wxbsc=,22,30,male,9,20110813
hghVNBGMjm/3lfBn7Gqx+EpmnVSAttAQAlf92TXgsOA=,13,31,female,7,20111008
Zs42RcKaQlbXvjqZ0Pf3kxxm5uTuMRCkOznAVv1nQ30=,4,33,male,9,20080305
xq1Y8e2X3je4gt7k9ySQJ333DSmwUwcMp6fCulDg4CY=,15,33,male,9,20080409
hr3cgWqzflt8zzjOYlGNln/cCpQnGYywSPcU+0b0HNs=,5,21,male,9,20080628
FCox0nz4lOb4zy1bheQHJ3etp7Y9jd8LRjQCPjsqFFI=,8,22,male,3,20151213
S7cTwJg3rBPq/xmYY8PpRbglEWHHoPIojs1Up/JBvks=,13,30,male,9,20110710
EHochbLmNNtv2ddldIz2ZRCgBApuv22xcWRgly66l0I=,5,20,female,3,20160227
8fnuUNzTaBQ+d8G6rbw+4SnFO6kzSi9gm06H6Q64EQU=,9,33,male,9,20170225
rX7eZ8XIwW7cFubySwyCgohuJplxpfT8whyNjuRr/P4=,6,49,male,3,20140108
fDPoSWeP0MrsHS6kOZ5VG0Ru02+VOSTm/Quw9sgvOPs=,11,30,male,7,20141031
4ltxdw0xxFLGDxzg57l5fgLQCnLGSW5Vh3rCppJ+SSE=,5,22,male,7,20140820
+hPgA8hVM8ZM+qrcGgFkkPH7u+acNDA+eISZAeiEvFE=,4,19,female,7,20140906
I8fSMRMqBRHYxZicnhpwnWmaEfgH8OgeMWEzs9n1CUg=,15,28,male,9,20100916
hyuiHFbFKFE6UWtQophVrhB5Ao7KNVCqGgdOstlhuCQ=,14,33,female,7,20101104
DEDRCmaRG71Hge3fmNGo8zip8xqD3uioGUR438x4m+8=,22,49,female,7,20101105
5l4ZHUNroLGleDWhoBZkF2HS2gJkEm10s0SUvfaZ7zA=,22,33,female,7,20120716
R9tLUh49J96t4Uy+iIRJR33b6rd1wgkBlVNTR1uoxwU=,20,43,female,9,20080420
Obc4zQXx1LaieW2vTlm/6Oe3cwfiVPuhyvR5VWzavnY=,6,28,female,4,20161120
L10w4eluInefOLbMFOzlvFVm/BMfuF0zry+FRwEtcd4=,13,33,male,9,20060808
rDxR1JoJC9ovZX7R0wfMwt2+PmJtHe/XI9R7KThiOIo=,5,30,female,9,20061215
GIuchH+Qg5qVVuencoZtXeZpt+d2oQSUUyOh13vMHDk=,13,41,female,7,20101017
Z/hLIJWXNnmVjTMqXa9MczMYL24wzg/6QJxDxqPJpJE=,15,30,male,9,20101118
PADduBM2AFMAUJX4jKSBVXk4vEvpe9l7pKXzYM12sPY=,5,34,female,7,20100428
TAn0ORYx7c7kqXeMheZ9yJ+a4XBHh8892blDqq/X/xU=,3,27,female,9,20100504
9JmWw/g8IjHMhioIn1A2a6Wpkf0P7Drv/fg6N5wa62Y=,22,23,male,9,20100523
4EPeMAAGgdAx5dnTkJaSPCLFJKI0XQILy+Us408jGys=,4,34,male,9,20100719
kHCxohoqPq4uvRQT1AsiIdRP0CJmATnOyH178FjukPQ=,14,40,female,9,20100903
s2q3BhLISBSWmm8G4o8cJD6pY2rPO4g8Nywy6tkq+nk=,4,31,female,7,20150512
4r+vY6sK3mrMYRwERe5wNKyYg1f43cwVctF6tdOGPfU=,15,28,female,7,20111228
BjtGKnwZrSZHDCA+EeB9LX2u50rqAvY9Hj4EhewcLKE=,6,17,male,3,20121112
/icsNccx+ONBuQG4OQ/C+oMp7Pg3j/rmrqh3L33lha4=,4,40,female,7,20110511
5IvhKKY1j3xyIm2X7InSndQBWEFaanAbMKuFG8OMOCA=,15,22,female,9,20140213
wNVkReD4Dj5N7nkoOin9U8uMhTZ8Uhs6rcbMI/F+HGQ=,13,43,male,7,20121223
0ro96XPv0fRDYBbYRET+DjYP9lKyPNalEWBR0gl+j/s=,5,39,female,3,20130113
ykQOtKCleEcOamvh9EsWlMumWB0/dwQW7KWVb/3LfEo=,4,22,female,7,20141109
Gzv+6lKiOdT1DTJp6L8lvDm2pPchM+ubIirb0hQoAXI=,13,21,male,3,20141122
zwR611C3b3eT5yu91uVgYB9Cw/KfyhxBGnSkhCtR2ME=,13,26,female,9,20080427
4fBXDB6453RDHn9BmRzCYXCFEqurnYNnYIrANtNlaC4=,4,34,female,9,20080606
JohRl2/OCVO8Ouni7Zce1pJTPg85ykC/hlDWWCfZLZc=,13,32,female,9,20080721
zZ/43wv4aAUIf+F8sfycNjRCdxxBAW1Fr7eWQP4ehOI=,15,29,male,3,20130513
kGcEDfD6xpXKKGeQEvmva+y26HR90429FAvf4len0W8=,15,31,male,3,20130610
sO9H3HJyNDlWpLnpsHP5W9vsAeTba5tXzvCwz486QUA=,22,51,male,9,20080227
8pK3sRtlH1D7FCGMq3uahynv+nzAWLsI6L6Q1R1UEaM=,11,26,female,3,20130709
IyBcwXXxzC2Rld7jORebk/rpHwSMQeFRukuQZSH4P+Q=,15,24,male,3,20151001
3OlZJqfLnwf1BvxEO0Zzr7DnHzKG4khgTi0P+ENsrxo=,6,20,male,4,20160207
b4G2OB7CxeJwAZ1k2PVSjFrV2TiGC+DX4RVQM63mL7s=,5,41,female,9,20080301
s5MWkhGH6Bz8jZDcCO576NZmsIE+1EYQqZq8P1iPnO0=,13,29,male,7,20141006
RhcjfPXPCAex/808XoI6KKYm24ncQk8mhGVi0pKOPx0=,14,25,female,3,20130313
0KQjWMwD3kNol51gmew9U4BT4TeibWk3RpZaqSdGPes=,4,47,female,3,20140919
810IKzSrestsOjCFXEViZl11CWUlmNSCXDPgONFLOss=,13,23,male,3,20141001
ytgGmQM+koxgOKaGkqu4b6IyjF49K/AczMSQymmI8fc=,6,24,female,3,20130415
9/jyh1T+BuVkwrqj84KSiiI6yWUbjdvhC0Kr4h0csic=,5,64,male,9,20130627
Hs/vhnnAv6qWrnk0WCGnAT0g94T214oFj55xHKJhCjc=,11,18,male,7,20151230
fD2G2NjkAVd13hKdjMiQGStZZPUT1dCg0fEKgUd7HWk=,14,39,female,9,20090104
6V4ec5QlcI5GsOcN+3YQnSSFjyZFDBNITod6Uq6iyDQ=,13,22,female,9,20121009
2oX2nTef1DlR7pfdqGlaV1ItdZJYR6DY1UkP8hu720Q=,5,35,female,9,20081110
3sut2iT0QmB+dOF/HMChEI5VFjM9qhXcQncSn/JKa5M=,15,26,female,9,20080223
sbFYdIdXJZtXUxduzDgqOFeDvxX9KKhjF0vzSe0W2ks=,7,21,male,9,20080225
STy0y6e/j3T9QHTeJtLUfW4RpAFoY6hBX7EA7FFect0=,13,33,male,4,20151229
/dVC/Mh/QJrSi3ftai8xxAPrZ64h5cF46nT99wgHrJE=,4,28,female,9,20060120
lx9Uwh2z55QmWFm0m6WbFC6sEM8mj8SgyeRYPB+NFzg=,15,26,male,3,20150815
l1mwJcTwaZfYflVc031FuV4eJXeTMnyEPkymPBtyUKU=,15,51,female,7,20131128
rIw3f/tg0xbfC/qMxKW1i/SUkqgU2OSqpJyneYnhHZM=,6,20,male,4,20151228
BTDdR5L4CUGf0SRuy7nfsOzQOXlspo6ZXmjmpP/ZqFc=,5,23,male,3,20170127
vsXe/FRygnftunzKppg3Mox6EWCouEZt1PTv9fJijzM=,13,34,male,4,20160908
7XX16IFG0HNQHffuncyWHxuyEsU5V9SypzgbwksB7Tk=,13,27,female,9,20071015
HH8Nfplhk+n4zuvglyA2AfyCDBfXdQOX8n2dL6sZzYI=,5,20,male,3,20160928
rYuCvhSNKWc4/GVBayRyAkHQpiKegdHKInfKuQbTSj8=,22,27,female,3,20150124
nAyrszc5XIaVZGRjKNirkvqgjzpso/7ovX1xu0lVALA=,12,16,female,3,20150315
x/HiCbJOyRZrsGaV0x1N6BRsqQnIODj9l+dT5JU973Q=,6,29,female,13,20161024
k6yYTGwVDZSWz18AopbFd19LGELPK58NgGMDdMOuHPM=,13,32,male,9,20100517
MUp2JkXq9D/QwnbohsJuN1269Ika0dKGDZQqk6PwYoA=,13,23,male,7,20100531
QquzXjgFqOnnlJFf2+cZF+gjI+l5CicQWhpM/RlQIsM=,5,37,male,9,20100612
QQvAeoaXLqC/64YjrlF80dPRsKkEt6RqDQlHxDE6pJA=,22,33,female,9,20070630
RdnI548VKF0pYwCPj03DY6jVqlkpX/rdVasDY7R3nxo=,5,31,female,9,20070927
ssXm1Uc8F3Y9ZTXaBD4melRq/7chfYDD2xQDr1EKndE=,13,26,male,9,20101015
RqoDG/8NjOFXDzqFIKO2xdzNm7j3PMSSXqQmDRMLRCQ=,12,28,male,7,20130131
Try3zwfDO6yl33fzXUw40Z/eRGtBnI68z/Jg9fAkVi8=,13,33,female,7,20130210
IsJtx2vKGJ4RpnfGjXFZ/KFDzC9/OSiWZr04062E7d8=,4,26,female,9,20140524
aOWcHbBVAhP855xBOp5IZ4vHDhzM9fR9QAR6SuOLFqE=,22,22,female,4,20160318
MXYQcM69cfRG58xoUoqxP77hRHNEIRAze1JijCWM8UA=,13,30,male,9,20120528
v5OQIq/NuItYHeobR7xs3Ih0rNL5pWqETNn90xicJZ4=,11,45,female,9,20120627
Zh/A38eo7WSjtKSfoOcObha94f0YwuE0c0c07Q50qCM=,6,32,female,7,20111201
jVpGXtr9Y4FkLzoqQ4YW+08ByGxXgRAAa1KLM/0rGpg=,14,50,female,7,20170217
T6KwPtdGkRyETZtJkAD9aVetUaTn8LGA3Lz8UCuaXi4=,5,33,female,9,20050921
c4rH1YOHxsejswF/WKBULDFiyOmyvLBUTZf0ddedsB0=,13,42,male,9,20060110
CgLjSMZ5Rn0h6d7PKuibmptk0AvNqWFQZ7PLCuJtbuw=,15,18,female,3,20150909
Gmwkld1E93hP8KIabNNmx8e9JBCu7lPQYh7WGWfaDQ8=,10,25,male,3,20150630
vpav9GmUcZoPPHviYdH01Ja6i2f4HGnUrPw++4HAJsc=,5,27,male,9,20090423
n7oiFJwQmdkNTmueuCUOVdm1aT1d9NTLh4Le75i9vcU=,13,31,female,9,20090502
YxOBwGdfRi2RKb1jvy97e96pyo2EHQ2q9P1bs1u55EM=,13,23,female,4,20151207
btET7Mc4EdzXJsqtkFWDVNPnFF1UPxoYpvz2HbPZAW8=,15,27,male,3,20150615
2y+BnruBoduAdG5fR9bDc1x3QneVbZmXpvAJZELGxFc=,10,26,male,7,20140305
DSv4aUxr/tJsu11B26QkgSk6FVMltOr63NGoolP1yqQ=,13,28,male,3,20141229
vq6eClJsfRsx+7BXrb7nuVy1fiZmiRBIh5jsnm8fBEY=,13,27,female,7,20131122
HudDkwVrrdGuODpdNL1j1939W7pG4EbAcweL4e0CQVI=,22,17,male,3,20131204
VfpSis1ar0RIRvye2txzC4VRAY9IdPmMswCvVq06Pvk=,15,21,female,9,20120605
uo8/l+YW7KnTgUyNr/H5ipaeGMVv+/WpRIUmCYYyffk=,4,20,female,3,20150906
g0LtiCNdX3TdV6mTPAnUJ98avdfZszEEM5+4B194rpc=,13,33,female,9,20111122
3ivHC33SvQjbmem4/G8rYTHd6bMcZFQaDmPWrrEuOkY=,5,40,female,9,20061102
3MwslCRqVUwiz0loe0H9g4yTktt5g8eA54VhpwkSMrE=,18,41,male,9,20091122
frfit95Bm8zXdzxLrACd/epjZR6cnyilnG6RZS4S8VQ=,4,25,female,3,20130216
VZCKuJ6/Xq0o3pF2phiDzuXt9k44pAcGEAYwb8EKKIM=,14,26,male,3,20130414
dpiwP9Qw8BxeFaC2iqtASWGzOm2j9rjJOqAkzzpjbxI=,13,19,male,3,20131105
XqBJxNQw2dHKFLW5902OZmPLynsEOJaQGKueipEjdys=,9,27,male,4,20151106
CoxdyEBHEy4bzcSaiA3nP5UVpVcpAL3D/iHN1OS2DOc=,1,25,female,4,20160120
hf+nwd0Z94RtqnsqHFmPxRPfofVyRj2OWzpM+M46TOA=,5,39,male,4,20160925
R4XQYi0WCTlQQ4NqzYfSZvjp03RtIliq5BZZ5HbQ31g=,5,26,female,9,20040926
FDW6e1NENAAQM0h9te1AUrV4ZgUIdwq8ICNlSrp8rbw=,5,35,female,9,20050220
n62Vevjg2EF4QZcC30mAvPFK4E3slwYgMpPJAyVK0d8=,15,22,male,9,20080417
/6qhg4PVHy+38BaQxTiUPgwk4+x0M1MU6hHLMyH6Z8M=,12,20,male,9,20150510
/7pROuapY6W4Sp70sIzaQNA5O7SoSdlmXFSNsNfMInk=,1,30,female,4,20161229
caMmrthH0R3HK1p3wvzNezvHjfPqTr6jK61ofbOriWw=,5,32,male,9,20110316
qaDGkAQQ1v2K3JsHOaBEwQS7S/CqaVd/PoO//r03DI8=,1,21,male,3,20140819
tRLwIP95GIxE/RMmw3IBv139SYykyxvEb4RBlR3jwwA=,13,17,female,7,20160129
lO1j/IjuKPM/tumfFfRaI44BPRxyZAxAt6j7JCiiD/k=,13,29,male,9,20111007
f1YG6VY0SXElwlGdZWIkobb4qRuejvZdUF4KiCEeIgM=,5,37,female,9,20111017
VYm7uODeSp+dyBX7XGFhAgLo3GSUe1HFcpzdeN70A3s=,5,23,male,7,20150921
qVQdghpNeMl7hz23AyfSgnxv7jI+sfq3Yccd4OxeiqI=,15,32,male,7,20160805
jafGQ2pHU9QIrwGyc4Q1gnAbb+WVpcvQB9axeQg/fpA=,13,40,female,9,20120912
MfIHmDZQaCepekyrksmxEdcUh3PczHqOJs10kcyLgh4=,22,39,male,9,20111004
ic3qgbHrKJkmHn0DZuuaO/8/ImFtgZ+FNqmXBSKf3eE=,22,21,male,3,20141028
lH2mPS87u2keF7ZdgIQQu3T7FuJQPy+xLMR2waHLySs=,5,25,female,9,20080817
7ztKmYRw9HKSF5HFQ4zwomrlmutv6xQ9J7yz9V1kcCA=,22,33,female,9,20081014
e3BqqOxOuzsHAu3blWcVYmnOdK8kF6J2iiWT4sS8ViQ=,22,48,male,9,20100326
jsSR8ff68tHEIbKbLGJFG8oWtquw37IWcy+aPyOSPfc=,14,23,female,3,20151101
LiE8TRHso9wr+Uibz4ao/Vmy9+g+6ThnxmRH1AxB5KA=,5,14,male,4,20151106
csEpYkqlmy41vhaIk5v24cVMAHL06LUa/NooXKyloUw=,10,34,male,9,20130327
7BY13oa2OyzrTt/9cq9ISMCeh1UtfLaJ337oniu71pQ=,4,43,male,7,20130509
96MWVGpBpy+s4Q3K4Pbn9VliJ/txtc7QWjVpAH6gUoQ=,15,31,female,9,20130922
W27LmOIJZI6CCx4CwxJCKQ3mALkHXiWyN3v6PD8zieU=,22,18,male,3,20150315
DvBGypyB5105SG8MA+TG6XqxFlqO4MnCUaJ8jlFN3DY=,5,46,male,9,20161123
rSDyokNlw3lkVFE91VpwdVpLbV9oh8UburbffyfGt/c=,9,34,male,9,20081101
h8xec2yNSRupBlneB0nfAiZtZrbakIMWFUsjL7urZIs=,13,38,male,9,20081107
8ChA3uP+lUidufvJ8FpUh0P+lPYl03+E0Cmu8eTdy8o=,5,28,female,9,20081127
P4qhS0algW7k6F3QDiNCQ4/qM7ZhMv/dHveY7m+lfIE=,5,17,female,3,20130216
NUdi/UOHAybaGUTCk7R1J6PTPm8RI/371XIgrP6Co1c=,4,29,male,9,20071206
du5LtyQKOlhBq5pqgzMCg/R2Nodh6WFbCQjkayzq0vM=,15,35,female,3,20121011
Bgj6IhiE3ocWXzpK4k1Q5tSNPvcpJ+EM2BckFrApew8=,5,25,female,4,20151022
HELQRJfVaVr+Ecs0+ts9mAx8IGXAYR3js++v8vz5tLE=,22,20,male,4,20151026
VvZyku6WtXEPptfLfDp9arnt1gBg2QrnQLM1HRQy7c4=,4,31,female,9,20080819
VYIvaBC+EHDFt83Zvt9VFerGvY3Dj0RwEWM2NFez36U=,11,46,female,3,20130206
ymz4Ir9FotwBPwG3eq+0qieCK1r5fcOoZADq+6kCrWk=,15,37,male,9,20100911
AdzZJEwmf8fCefvj8An7V9Zs61RU86TInIaCKLm2AoY=,5,41,female,9,20131006
iHEl7CnHuxEx6+4KL3nshzpk0mK2KRv1izxnnd/aJLs=,13,18,female,4,20160624
r+YI1RK0zI8w+cefxg5TsqXi/QwN5yJ57qyHh4EG+VI=,5,58,female,7,20160304
/XSMUQH9P2TvjZKsKpXJIMM04iLNg1YWwW/nV7uDnXc=,13,60,male,9,20100512
+Ma2//muHL+/TZT8nh1vyT1/msUEOQNYtRdYETzgruA=,6,46,male,7,20140623
9STmRYBMDfVpssNQ/ZcpsYYaOvpzkJk9N6/dkLp/IRg=,4,29,male,9,20140724
hkVXFdsIgsQ6QvruKd/DbI6UzRaz/VnL1dVMW3x8aDE=,13,43,male,9,20160103
7psW0Rdfz0zy/e+bcU4tGUvQ+tUm4iYOWPssvBIRriQ=,1,16,female,4,20160214
sKXRNTGXV0Ao4gkA2RksX6vSFah3H836WXlyNwmFNPg=,6,22,male,4,20160117
h/kbrjaY+a1B/+maFg7EeEZfgbDrhy4IGquP66ow+Ao=,5,33,male,7,20100624
NWiETjZX2HNlCk+/NNxwYukHsIoLA8zb21Mbap9oDH4=,22,20,female,3,20140124
xtqx8bJG/ITjsNVTiMjV9s8kQZOAIcFsBoQfYL3QYWE=,1,31,male,7,20151230
TKj3ldfD4G/lye1rPuhonCAPR/AP6NXk5hMErNeTz0s=,5,31,female,9,20100827
SxXk9nKeHA1+0Z8ZQISKPGdVzG7WTMwjKkih3LI1akM=,22,25,male,9,20100910
g2s1+JEOl+LMoSps7toWUsoqRATSd74mzAojMJph4XU=,13,29,female,7,20101111
DUw/D1rcHAiiYwVKkCinDhKErrguouMTrYZu88fIhSI=,4,51,male,7,20101207
VU4pY4p8vDrl4/hkLoLqTXkDNTjQ1x1l/jjyKbVvS80=,13,27,female,9,20051002
RY1DZwI5xVymQFhGkEwMoO5DR4Y4CunEY48f7ysW9ug=,22,22,female,9,20140107
ypu2IRrXz51PdfumxYE4rCULIaqFeSP8XdFzw6zM0Us=,5,35,male,9,20051217
gUb2rq8kSQ13IKjQarEtAGSKOseS/IdbjO32pBKQ3x4=,13,39,male,3,20130626
tboZB6oi9sGqS46wJxQePLpaQ+veV5q5QxK6UH1ygwU=,13,36,male,9,20100418
NAKjIRHTD+mCy8BguleqnWkWMv2VNMt6ooReHHjefHU=,21,27,female,3,20150604
tDRVgdtgcisv9UBAofU3yqZz+Hb02aMMnKcYkfL+KLM=,22,28,female,9,20060616
NZ3kXE916HEMDEZhqRMhNE4/GSW3KOCMl+CfbAGD/5g=,4,50,male,9,20060916
iNLoEcQBtXFltzMxwfa+4Q+7LdceeaxVvbap+qf1mc8=,5,37,female,9,20101019
uy4gnGeWNlyMqh2uDGhiIKiHxso7FQPSxhFt7GP2/0U=,13,29,female,9,20100924
7Q51ZO93gHUv+4jUAoK72RiC/kx/wo4Tx9agksHP+MQ=,6,18,male,3,20160229
l8b1cOXXeakKM67gC8W3z0OyPFru94wblovHzBHYOT4=,9,27,female,7,20160306
RFEV5toMVdOu0mxCcnEr5zes0xxX4OK+1+K0Gex0EX0=,1,23,male,3,20141012
FqDm1ZYKkqXcRb5eB2U3zkhghAMlcjYYhYRwGn7KANg=,6,22,male,7,20131217
j7p02I47C7OR8rBpKDbbMUHgfWK+4bp6p3vlu/5dMNc=,22,24,male,9,20150204
p0TB30XyDw6OcLQS1Y81W3x/ud3R4Pd7u1ou9OCvsVE=,13,37,female,3,20160826
Iv4pvwE+fjtJmO81D2XcUdJDFpG4p59zb21qXrliThs=,4,20,female,3,20130102
5UgVgh9umyku9LFgFyhrwGtWNpzVkckHtwdwqkGIJfw=,13,29,female,7,20161216
kjoCpEzRsUYwM42w+atWyY6MILUZ2g1cgd7eiG5/x2Y=,5,24,male,7,20151020
fPT9mWRww0fLGJSri/Gy9FB1u+1A9aC2H6orddV2Rvc=,5,37,male,9,20100605
SQ5wdFKetkgK5DA6MLZEZJ03PFmEdgt7McDwf+PP3eM=,13,26,female,9,20120405
ggc4Yak9WYX+FiBpdZMKSiMYnCQi/Nh2DaupQAGiYag=,13,26,female,7,20120407
O66XAwRCJb3EAPfg/sr4QXQaBPXsjJ6mQgfO6PFwdDk=,4,30,male,9,20080523
/taAmqeuvxhU7r1NIOLEiXFSZpOa8SLePngME/Dhv9g=,15,22,male,9,20081217
BeqOWfuZ/nFhkHAhAeBQQLZrjAUooAYZOEDUSNMkXoU=,4,35,male,7,20130314
VyC8PoCWqhNH5aIYIjoKvLU+9jZ1F5aLCqb6+xPfVN8=,4,23,male,3,20130318
o5l4NfA8kwEyj3PT9rFdJYEv+05ct+n9kymrJwDffuA=,13,31,female,9,20130610
tbxqC+XjyUj4L8HMkF4eUvHwRPUzJe5YAN+IFgzwRmo=,5,33,male,9,20150829
MGI2FDgMQbA/Zp7VCEKQ2NJTOpv7BpVmmQpPsAXtMDk=,22,35,male,9,20080415
GFtVmPQYEA3eKweVn/mXWg1UCWgU10tBjNnegiMXEuU=,13,30,female,9,20080521
y1QPYIaOM/cVIRtLEP8K7yh7rPUBCHETnyrmJcXTTLw=,5,25,female,3,20161010
8jW2CATTCr9peZH69Pkyat9lACUcMgHZvZ8CTYO1UEs=,1,28,male,4,20161013
9xYtyNwK8yWCSmmXyHZa+4HA5cri3SVGu+dHwE7Dcyk=,14,28,female,3,20150810
Gem4Uzmma0BYPB+EtZ47Ruzo/m17XZnaTTbjhZ4D/xE=,5,23,male,9,20101123
bU6CTupRA/Tbqrdcy9PMLt5YLz41NWEF9gYdhXb0lMY=,18,36,female,7,20131107
uU7RdOgv/wEFzJwlj6FrAyFBSi3QA/Y4UAEt11dRFZ8=,11,30,female,3,20131207
Z62Gz1JRvyFFCjaZfzN2hoAStkaAU86r/JlDd0tZSx0=,5,23,male,9,20080229
MejCl3oqkdRWk4Ed8TpjU5f61KN6b6ffhmyIK/MZGMo=,1,24,male,4,20170217
cpoDZ2u6NNKV380sssDjxy9URbcuvka+5DVknBFl28c=,22,17,male,7,20150211
1ZX7MQnyuux4OKO+7CQbYXnqMwNTAcbfwnMCyVnHaPw=,10,21,female,7,20151107
pIIhnu2x3YeMWnS944KB8zlt4cSYWGYQXw1c76qNYfY=,13,35,male,7,20130930
eeayRp+LSVRd5BcR7Yx0j1JYyGNICwTH1LVz6f3cP+k=,5,28,female,7,20101112
l9P5qBkGfgp3g02aZZtlx2yVOFLkM9IFxosvyhRoEic=,5,30,male,9,20110725
cvsbC6ficxL68EPptFLV3BUu6LyyQYXjqmCIDMQ3rhU=,13,20,female,7,20130716
y5jUX4hz4QsvDCRNFVEQO+kah1s1BZdsJ9J+2NlvRpQ=,13,25,male,3,20150210
wW+NYgPUlz0oOXo8fpg4nsqi23/YYHFlBPbYkybTFlA=,15,32,male,3,20150314
jdTJkqWbYvwLTWDIohTSZCnK2WQf7CF3Gu262OqGwjM=,4,29,male,9,20081103
+cRgyJJJrXfOLZdOdXQAWIbYaJR7XCmE/YxUUtwY3c0=,4,28,male,7,20130202
sJ0pXaLOGBoOG0AdBdYIDe0fVUHa/5KwWHhEb3fPPOY=,11,39,female,3,20141127
K6bItuHLWX+ckyIohagTkHzhNvTEmV2onNA9RvSZa+I=,1,28,male,3,20160721
RxrcJctOdO6vcIHhXSihluyY5CobYsxTlENzDT6Zvx0=,6,30,male,3,20131127
9Xq/g6iG2cvcBT3KcgGXQ2gd2bpxS2l1DqBeOzzrfpE=,4,29,male,3,20131207
oR+pxmnxxLg+tWKsBqxty6uulKwMMdTJe2E8F3OAap0=,5,51,female,7,20151009
IHQy/Awdjgn/PLEE4Zsg9e/eJXuEdwF9o9zkYYdO1Zw=,22,16,male,4,20151017
vZqfu3IA50ZeCEJPXflAXJnp72JSSersmlavnJ6/al8=,5,24,male,3,20121107
e1m1/gs70bQqf95rzgqdRkDazdE0GF6dy9PNKuorT94=,13,26,female,7,20121215
YmbHPUn7GfL41mFt4c4JfTJSR0i7EwJjnb2JKHg+Wc0=,1,18,male,3,20170202
OZo7sZOyRN37ZZ4BBV2kQFIDi3uI4A36gDcyacm33bM=,9,29,male,4,20160130
4lD91D0jVLFvYpRCW74EQ7N9FhmN4ED3E3LFK2t2VAk=,11,20,male,9,20150701
mpjbTfgPAX6IFHH13T2DZHGbRTSkkLOl3NscKerWjxU=,5,27,male,9,20130524
aQWqL78pg7HxkdShkGOQRLXwHeb6plQVwBgaLZsTyJw=,13,29,male,3,20121102
muuvmbXz0T6kpTmkPFW+pVHhB8COQZRcGH4P3DK/Ih8=,5,42,male,3,20121128
oRvnQyY5FTERN0FXuLvRUwjSejKtE3JMIEusVDbpRnQ=,13,30,female,7,20121222
nFpqHYOLaYyYnGj6m69OnsF3GBCZMJWzdrMhrXwzwTw=,5,18,male,4,20151011
uODnKsWrA37el8D5H3vRIv/4STZusibJ36+Q8A6iESc=,22,35,male,9,20070708
s9OXv7/N5qDm+CxgQNoLIZT+yBoQbZTvqFhPtX2yfbc=,13,31,female,9,20070816
1uFGfGdsAeGso9y2/dc+JqLYBOvnRzwusJKvP1MN4i0=,4,35,male,9,20070902
weO4QfjzvbsAb55/h+645G5vpjwMW/EZ9oenYvMzh74=,5,23,female,9,20110810
MDKybvSqDgZpJOv9cgX4du2KYN/LOZ3lLuMWfMk9L9I=,13,28,female,9,20110816
H1B0wE9Bf0qCtGS+0V8+3QezcZdHHvJAEKxBSNjwZHM=,13,20,male,9,20110819
gCHH5qOHW/RBrgE7pIYxIHg+EIVvxlDsPBrxN4xQS7o=,13,26,male,9,20110829
D2nZiOAQLwQkUESHztdZZZQLfU8SqhuxRLVHLSZ5eJw=,1,44,female,3,20141025
w3/hnXyotuPVZQ8LDBCBph+YST7YgysTtwThonl++DI=,6,18,female,9,20141115
FO7uI2S089IknDPsR78bFv/3TXeSlZv5w8NU0VDbuvI=,22,23,female,9,20080809
/3VKmuNmR0eA+4LVYE45XYycnYnoMgqVkpFAmREC3gY=,13,24,male,9,20081105
xvEr6eWjafD8kppT8f9Rq0b9pUb/qrShW4HgK1kqxGw=,5,31,female,9,20081220
e7ZwzQ29TRQp2Rq/lMd+zl8MFvMnMo9HgOpvgGITtlA=,11,17,male,3,20130119
97s08BgYhAzvl03eH6Thdspne9LMCXlrxCvIm77NUU8=,6,23,female,7,20140310
6wZTUQoxyjJfItxpeWVBwOAPlIKC59x3HINszCsCZEA=,5,21,female,9,20151204
nQxf/R62DQ2++uClp+5PJWg2HKXBzTXd5tYIfAJ4sBo=,15,24,male,7,20160318
9BTUb93HPlGV7QV7oaDy0pdOPrxUb8dlNVNZ2UG3Hps=,4,38,female,9,20110302
SiuHXoWJ8ZdiosSYrl+Ehhnfx8nwhban09NdqqTtKTM=,5,24,female,7,20130514
GXRGWwB6MZFBfgOlfnY9aQR/dDRnvUFh3uMV31K9fWc=,13,27,male,7,20160703
muxD/BFEiqCJtKs2+URBDP5s1B/I56e37xH0PpOwxIE=,22,30,female,9,20060504
cvTaFqZkSqFDPfkgu8i6Pixv7CafFv4vBZY9haFZoN0=,5,26,female,3,20130515
MG+O1g6tb1EpDyTGRrbNXNNNRL7xs5HaS8p6vrt4laI=,14,16,male,3,20160828
yZHlA+ljxCIlP4bpCle3O+dNbKUT2uTd/hwygaS6/ik=,14,41,male,4,20160831
ECtSJOzFJrdWCBB/aTC7n81gH1S1xVGuiiGOCFP2/O4=,1,20,female,4,20161001
aHdw1wLwnYnjfDMsoUzMKK1HoSDXl91yTh6TvtMjU/0=,15,21,female,3,20130206
Dc6zvLO3mQ+F9TM6LDV5sH6LlvYhkfS/XXDHqyMt6P8=,13,37,male,7,20130221
wbZM0VmvfF54+xAGGlXul49JhWWsc9MkEbMfU+bQd5c=,22,18,male,7,20161112
RU+dQCizOYGsj8MIjhrTjfC5VjVe0O4tRFma8nEqff8=,1,26,female,3,20161118
aVvouZYjuqWgZBYRQPABCOz8yJk/VrVnT+0rLtOcuPc=,4,16,male,3,20160926
EgOEI/EPZ3xU36MM0ztgJM3gryn1rTIdRS2pOAGR1Ks=,1,27,male,3,20161208
aARgJt0m4yK6EswOnSRgynOBFeNJ/K9fBLaT0bHvDLk=,15,24,male,3,20131124
F+8E/vLx1khxY48wIBKqWg5eu1Faj6/OGvHN26HI92I=,15,35,female,3,20131212
G1B2Su0QwQzkO8giUHKiTxtRizuI8jhEi+NbRlULvW4=,5,18,male,9,20141030
Ys+KcciWksyMYKw3wBqrJAdDXAUGAS3iQ2QmtmAeFzw=,5,35,male,7,20141111
xZSh8Ej2O0A4L3UegEvasJCuxv+hDUVjAfj3/7jBb4I=,8,29,male,7,20130710
6CSfcfb7GAoTreS/CkjeDKMtSBCiqxjkp9oHr+OmJnw=,4,35,female,7,20160227
2Z1ZiC8b73ZzYtTLA34EAE3vrlzv4C52ZwJODypakHk=,13,22,female,9,20141028
SebTwnVwy79m/ML2UF0QCv7kNY+2+dwGXa9JTAcgwF8=,6,23,male,9,20141109
L3cFFv0F8ZaMCWAFbZTejA/8k9UR+EGfu1PJvEiQfCo=,13,22,male,3,20141206
PcKgZs6KTrZovbNwAvbW/57EhpF0guQzsP8masjYXqA=,14,37,female,9,20110722
wIwexfE3GUb9py9fSW0RcyrPaenyetphs4eyGjzFh/w=,22,26,female,3,20151026
8gs8uKptE/4HR18Tem81YHyG6KNFgqEl2Rj1C3Miyw0=,4,60,male,9,20100926
M9rO6gTxi8YenEY1rDznqRx//07sNh36AKDdXekq2U8=,4,47,male,7,20131023
xYWrgBPeWwQTu6YJyGlALtKBkFGv6bXw5GhZ8PcwUpE=,15,38,male,9,20050625
Dw7vj2Ybm+7PYn/enIlI3Qr24dXrj+hIx6UGhg2bTnQ=,17,36,female,9,20051030
mGzhC0uc9KxYP8WWm5NkPEkbtrLDDHlFnXVEk0S2TSY=,22,56,male,9,20080716
Jri+rBhqrZviTYYHs+rxL2yu6bOAqYVdeQWP0Ev5dO0=,13,31,male,9,20080826
64y9EIx5LSWPBQOgZUEdDXvbecQDZJ4QMg0TZpBVQyY=,13,35,female,4,20160113
zRUUSBN5Q/UdAr3G+PitBrFiUIBQOGvED6Lxt0jTS/k=,3,20,female,3,20140607
aTTxd8O1LJ1b2PFySX4ESJ0cH+jn0G15rI8oqCaNhKI=,15,23,female,3,20140621
idHKwTWyoOM4UTSoAKHL4Eex4VKBN+oOH/01OBvXkVU=,4,21,female,7,20160715
qe4Tpm8iheshNgm02de0OQ5eiA3PQCicimm3jMsOoSA=,13,30,male,7,20160724
iXss/6ZNZva6UbKThTIknsTh92eZsqVFeA975IlSruw=,1,33,female,3,20160127
7wzUsCMqIgIg98hcuFepwes+fHpOSBXr3a9WKas2WZM=,13,28,male,7,20160131
lkdiPu6DFrszFh2dIFQ8XD7kSESsqWuKvhBu8+eKie8=,6,22,female,4,20160223
MSnVTCLtyVmkbYdzXk8xVobFyRT1lTwO+r9TSJh+NcM=,13,29,female,9,20130504
GjEtZ8jLRvEIhKKSbR6EkpA/u4MDGRu0pX8wwee7pDI=,8,24,female,4,20170117
uzHEHzk548c6IoPU/Kthe7N2Dr1CMZVYV4Co0GGxHwc=,5,30,male,3,20170123
GJawORTbVoSBgz/OEH6lnJim1YJNud4DXLDkoL1g4HE=,13,39,female,7,20100502
e6TW9FA8DnqOcQfQheThnZvz5Kl2iKCB2ItLjz/2rvM=,13,33,male,9,20120928
e3If+kQwLokQ6NbW0L12pjeRImxau9wb/oxk1MOdGW4=,5,19,male,3,20161016
fpLunxRAlY6V+3WFmJATrWc5r/dMIXP3eIBpYyiiVwY=,1,28,female,7,20150819
aG/nKOPWVU4h3hhy+smEinxvYYup7cS1A2LFfXNZlEs=,5,38,female,9,20110131
2vxMS+4VupszGGUe6gukwGjR+siaXxQTk81ZcGlu1YM=,5,18,female,4,20151115
Pf3+udAz/JobQyMDLWeRnksN+yt9OB8Ug9mzLI3fpAs=,22,27,male,9,20071015
x25l0G76r/eoau8rDyYy29n9RWcrkmt0IzJFvZ0c9dc=,15,36,female,7,20131006
Tf/yb9k6W9OixE7rNzT7ogzEt6SG5v4bZlHz6IsGJ4g=,5,18,female,7,20170122
iS0FRK0VjpHOjAAYi0t+stYgvlEn7lgFhfrapK+Gf8U=,15,34,male,7,20160116
qsWCLu+nmeYpTGMQAXKLjipBjr8cQMHg+vgvTQ5qT2g=,15,22,male,3,20131229
/uUMwiJBtyxW65Ad9Cp1z+fddk8pCOh9TWYFxso9Usk=,8,41,female,9,20160227
kB0IDSCK+ZSonwjeYi4/kwd4EcIpIAmKNIpgvTzryGw=,1,29,male,4,20160304
vCS6OWrjnoqpgoXc6mHWBFAcjnAK11FANpYcKtlzAMQ=,22,29,female,9,20151228
mH6uQuBVl10lRenjGKUsPs0kW8pPSKo1e2rofTuD2y0=,22,18,male,9,20080920
sT1MXzP9Jwx1+t3FGy5bllxAaKTHQ54RVAg69OEZq1I=,4,25,male,9,20080929
hOk8Wjx+ti/NtUarq3aCAKtXapEGThFqla7cNLX0mxM=,5,36,male,9,20131014
ieFwX1uARhYa7K5J7ds1BEQdRSdLyQZyokQ64ALEr+g=,4,25,female,4,20151026
R2KuLWcLXYXYaGsK+/rtbePSg05rHH12o3VghYEl/dk=,5,26,male,9,20080616
oI/Xv3LEFbAJm/aV1KGUFYNG4Wxc/bmQ1wqdvumq/2c=,5,24,female,3,20140123
+kFailSQc9HoRe3f5AFiNHCGfKJI+D2WagGaY6es1Lc=,22,24,male,3,20151225
wKUFX9ZW8+30Q6rnefu1scpiuRKZbxFtVIhQnwciGFI=,4,46,female,7,20150815
5MwjAYmJ/on3Qw0qdpY88vMVtf2qQeJQJE9RDDb/VLs=,14,18,female,4,20160318
9Q/4rAQwX1J0a8+ynHksg8zkBxD3XeDvDgQMLf6dJC4=,5,31,male,9,20080311
ZbLnD5KWIAY0JDwT9U9rNe8SpBN3U/0/Av3nEgWW4zc=,13,39,male,9,20130624
PARynNjiVNrqmmaRcnpW4q3LPRw/jsEqpd/3DNhXxRo=,15,22,male,7,20170226
0xQOweZiNjqlwmAiYL+SE3SvV9axGjjVDjYc8sPXKZs=,22,18,male,3,20120104
LTQEd8N2Jp0UE63cZU/p/L9YAqIGdJsfz9pnCIjR/4k=,13,55,male,3,20150127
ImkBZYAXRbBGlHLwq3ePrHOFaCoJYmXxKtWQ2U3hLOk=,6,33,female,9,20131001
Hb0oqs7dqX/sKtM2cNngg6V3+odjAaqLtkRAgIEQSNo=,9,52,female,7,20160116
113U5/c+qeZat5U0yvpaG2wImo//RmIZkSKXKiFc7yQ=,13,40,male,9,20060716
mymp10ZgOx6rhpWyB3yyzvPIgDw/xIwg76HPnC5Zc6U=,15,33,male,9,20061202
ckDqxyKV8NNenHXjozL+UnbkIYIUnu4ZtbIO3zjioa8=,13,25,male,9,20070420
gYIf7AGEq405CQmKhA+QWyADQGIIJJfindOFQ1VBNjY=,4,55,female,3,20150404
IA4RqPnyWT5/9b0ZgoiozLf3hP8f2HX3vdps2rtHB2E=,4,28,male,7,20140529
/rE0i7EYzO2lwErDQ8ivbaWums8BOnXUF8/aX1zH5JU=,5,21,male,3,20120118
wRDSOFHZaLpVAwmPO7NRyGoRxFss2Ils1c+1sw3XYkM=,6,20,male,9,20150303
Q5CqkCc248DRmnnFHvyw1YDgx8rNQOWWfBNbU67EoeU=,12,22,male,7,20130611
4unoANxe59J1QtgulYFI9Vqdkmkfp57dh6ybOPgQtFU=,1,23,female,3,20150816
ibs9rGZcRTaFz9oiNVpc7H+gP/auIL/l6hGMakeiAYo=,18,22,female,3,20140115
curbPLEt86EnZtc4Qm8a9CfZdjk3cprC4XU1fGunors=,17,26,female,3,20140131
YAGM+WSzyprX7bVL7Bl9jzjOcuHTGhREj0k91Whm2ZY=,14,31,female,9,20091121
HsSpeA2+193sdqO/9m0/l271aAOQsy8DJWkFvOQ7Wq8=,13,29,female,9,20091129
1tkrLRTNgdpyrwnzm5/ltvbQ6QicoFrMbz2Vpsobkxs=,14,42,female,3,20150708
QgaHXlkGloQbRuKAN88Exzv/r/V7aH+CIXkBl3IxglM=,5,22,male,3,20140519
QGaDHMfDZViSU1YHZbRMLs/V4uXPU/I1N2v1sit8YcQ=,8,27,male,7,20131021
SeHrqNWIxeDmVBsLu68GkwXlPnw3Qvg00KvQFJMihnY=,5,41,male,9,20131024
JsSQoed+DRVRIG9MqDiTr7Vlb0GWns54YmKvLGxXTa8=,1,43,female,4,20161008
Iv9QHm3PZBtgZxWV1wVmSc5CfBFgEwsflzavzi+FRc0=,4,21,male,9,20150223
7z71vsDPX7ZHdKvbZbZCN1YCTu9JeLG49ddijsA5H0k=,1,24,female,7,20150308
A7Q+WFfS84T44LsIWzhr/oN2969GeQlTjjCmZb2uYOk=,12,20,male,3,20140808
tDmlXS/F3reI2y7QzwIZnIPncZGGwaRmRMiQrDqBrGA=,12,40,male,7,20120929
rMPw/33awRQLo+TU9XROHYhDiMx2+jrEgCsd4D3D5gQ=,6,23,female,9,20131013
jgBlmDaX8bXLU4nQua+bnWV9PpFzEPNfqlNeWRQ8B7U=,22,30,female,9,20040414
KgJvlcCSwc8u6vqo9xCcNXLUO2IGhqxtF5KW2ccJj1w=,13,40,male,9,20050220
6AOqwNSmXfLhYeE18t2v3fIx7jtZBTJlnXwL7bWm0D8=,15,40,female,9,20051012
ikNZPOcPtSufkqthTg3dCoiMuBFJI2aAGznNET8cKH0=,22,31,male,9,20100627
8rP3LtnN+utr6GmgLmeYMfPK/rZ42OM9CZJB4xC8n6w=,15,28,female,9,20100629
zaxIbwzXg7Dt/THHicj3HnTNlsg2R6ARfHxpiNow/Zw=,13,26,male,9,20100922
Ktr5rnya5Njw5apSeIcu7dC2nxYW++RvBHAhe6B7kGY=,5,20,female,7,20160716
oV57/Bfa4p1lBUvv0ZCFr8Ox50UmMhuTJgrbXU/Wzw4=,22,20,female,9,20160806
VTpJHm69uusoqt3mKae9Iq+A5Qjto0jyjCcE2Yoo+BQ=,13,26,female,4,20151126
AxnU/Q6WIju+wsKKzPEkbCy/NeSgQphU2bw5peySqgU=,13,37,male,9,20120201
iigQGs6n1qhbd1AQVdd6HGUo6dBUOHyc0AqDlvFR0Ws=,1,43,female,4,20170129
XLYeKODxfXfD+zfILHSzDGgAjsZcSDV7QDeFXHBTgz8=,5,60,female,9,20130410
CZ8ZZOSN3Y9O1WsCGNVSwr9fvmBIQQpcROkm8cTOfHM=,9,22,female,7,20130419
4BJjg1qzWcOxc+9+gIxkAYt7HAJJ9O94hDxK1hzokVw=,13,28,male,3,20130505
LYgglTT8633u6FWE0UjMND8ItTEyOcvZ8L9BFgshNvE=,14,18,male,3,20130612
jqIQyvaIRNMlp3PGMPo4TuVUJunXm0E6GQB97UaBexE=,13,29,male,7,20130615
UqIhRv5oeaZ7S+yyosDlXFFHFc3dM6EFGs7EVULccXE=,5,26,female,7,20170207
TVLonsvs9UnvwLJR/bVW+amc+ecuqNReu0cktGIpnG4=,13,35,male,9,20130626
IAztJc9fMMXwyPfB6SNOtAMeDvDXEUrHNPt1XzCC2yM=,5,21,male,7,20140518
qTtzi5aKPPx+nxnmRAcXXkfhRY/FY/3r0s0VzxIk8bA=,15,31,female,9,20070611
chqDaD+/hAADbiWTmlplY/E3Oew4ME5bW4O0sQ/flQU=,11,27,male,9,20070617
gYvFlA2cC8OheY90vKvGjZIjCtq7tWpFWV3+Xfy/Hvo=,13,22,female,9,20150911
KGEQJQ3XOUEMiX2Ta11j3vwWHGjCAQ+hTcXRDfbn5C0=,13,24,female,4,20160920
8iP8jd354nq78/ixpAo5CJvSfpdlc4ZeJK32IAZZuPo=,22,29,male,3,20120527
EIG0N/NhDkDeMhyCBdAJk6rbjUGof+KcV0TXwxAO0z8=,13,47,male,9,20080511
eXFfr1Hwt1woaXAdDRdUJTVCuPjqBv2UUxHeIih9xlM=,4,29,male,9,20081206
50RGHCnUBwsJ4mOODd/7WqG0eHiU+nzmymQNs6u63i4=,13,28,male,9,20081219
wwPp2rmoLMeV8aKjcNNq2VxB5PxPvW81y1LlTG6GjOw=,4,29,male,7,20150724
IJa+817djpd2HUdGBdTVgHmSTvwm2CMhWSS5PdEuDwA=,4,17,female,7,20161031
Q0DqdfUB4kEELxiI7uB++55C8nmroB5lyOCbEKtKvT0=,22,30,male,3,20130516
JQVZm3RHpA9gjGJHCm9EtvdKr35FBvpA1yq9g7rh4Ww=,8,30,female,9,20140924
VSgvp2y0mFAXRCra+6axqEzMCdmKTan/3dzOR0oU6sg=,5,19,male,3,20150902
7dhLlDf8+xJuk733rGm7bDJSxcYSndRyTlENJpKafHQ=,13,24,male,9,20151109
Yi3rN56AV7O9yKmHb36J+lq+q/w0IRW6lf3yP7qAWNk=,5,28,male,7,20130914
aiJ7EdvVYMQ46g/v2IW4vP9GJglNBYr9M/dS/v0fNSY=,10,32,male,9,20070713
6yq7J6A4tp7U1l6NaS62uK6k4x3IhBTUK7CrQ2s/JmA=,8,21,female,4,20160318
SfVPFwZHs46t8oeLku4h6WWR2VZIwsz5HA/KGO9A9hI=,9,28,female,9,20080301
4jpFaUCFs+JZKokcVM5RCrKvlsnWXSGp+8L4wgug2tM=,11,32,male,9,20080927
tLN8zu7ArCe9GXGLDjXKWECSglmTh3VhLSPiKG6clDw=,6,31,male,9,20081025
6OS6HbbOlDQ6Ygk0XdvaMwtswHenRFIcPncoQcRKoqQ=,13,38,male,9,20100108
NOpZNwFGFMFd74rY/yOAPwrAHm/4ibv7f/7IahhQJGY=,5,28,male,4,20151101
2Pb9Jkdmdx8D0TW889YPbdBEOLBK6Hp+KYQ5fqIbCmk=,21,55,female,7,20160224
rM+26+ApBrpBAM2gLvJSliDQ4CvpK0i06Ex7QXMvhhU=,13,29,female,9,20080602
RFjNE77CHfNWKm5lTQQFMfUU77tcM9Ae8Yg/rtMHfxA=,22,29,male,9,20151107
NgAxI8vC1g681uQebczZKEKpVI3+u4Q4bam7uR968m0=,15,19,female,9,20140801
AwoPf1MUsXKhcYAhzBH6Zg0DrI5hHVaIXcKUnOwZwTY=,22,22,male,9,20150105
pw+71iqRWgX9Rovb262Ebw+sK9k3CfSp3EtoWZTW8sQ=,5,31,male,9,20110515
YzF94BpiYl2or2hjX0Aow3zYfLWT/TumnWZZaU2W1pg=,13,22,male,3,20140305
7t5V06z4wgxzwnOT/3QjZ832DafXt4WZWcbKWEEJDTk=,5,25,male,7,20150514
wgkfEBpc2ScbY9cjO9PBdqfRYjeH7mMG3E3M6J80Uls=,13,31,female,9,20040728
8ufJdWX9HK/b3xZppoQJY74UMy+B0j23bMYlSD2b+3g=,5,17,male,4,20160216
Va6dkStipnDCGRACZmAjA9zjkGBo1xR9lS+E+9Pdxq4=,5,28,female,4,20160802
zfy2PjpG2QboVchUgqldQV+/n6lfXOBXUeQHdwYGa3M=,5,50,female,9,20130121
JMM2pZ+apU8Ok6g516sBvcTIXWueZ/amxaIYHdygMCE=,5,22,male,3,20130308
cPomRdFGm0DMg1PbTtkbYxMEsCOPI79CuXTSgfb/G9M=,5,18,male,3,20130402
/mpQZdpP62b1ff/5p6HDE/n+bCzkyUBEzvpHGdbmc4I=,22,39,male,4,20151011
CgU0SU17435rc62anK4ljR8UukM7++hCGAMn65lIR+w=,14,28,male,7,20110207
7fsWwzs5BQ7mY85o0y8JQohQ/mN7nWoWXEn7R4v7aoQ=,11,19,male,4,20160214
KzMGDuSnUNRRKiLWm3Hh2bv2Yb8DteruoWHKi1OvmTU=,15,36,male,3,20130315
1IfHYm6ZRuks0SWSZlXdgdQ5NK+MrsnT9hW1e51bnxo=,13,23,male,3,20130410
feVzwONtUTZf6xDNAmp8dxY5hh8/1SOEU8lulH0gUvk=,1,16,female,4,20151022
6+0EKU7ii/ruuZdhnkYzvhh3e5Giv3VdKNFR+Ey7OiY=,22,35,male,3,20150111
YVF2YjZ1P7dHJR8RrItbXfGL0/nHenfucsgdJ6mTJCM=,5,25,female,9,20111012
RbQF3zW4wvnb8r5jNmNMXkuojUoYdNb2ZnmbuzI+7/o=,13,22,female,9,20130815
K5udR43XEj9Q/1fjafACRtZGjeQc5cvnfFY/dY/hvbA=,4,22,male,3,20130629
QW4HV+tYqgLA0NV3fzDn6YnzQmv8+Ug9qK7UO1Q/O0g=,4,33,male,9,20090401
EaDtBxX+2MAgw+sKhoguvQL4cnZceAfWk1tYFDhf1tM=,11,22,male,4,20151206
rnx9jv7sHUmjzWIXvUDI0fIL4OfPAB1y+/hINbwRj8M=,12,24,female,9,20120306
RrdyQYmXfr/yomuXbSu2PL9twkdU5TyjPP71fDp92uM=,5,35,female,9,20120404
o+oucBp5+L+BmYAdkfha9PKMxyx3DNQKaGL98i+t2T0=,13,25,male,7,20120419
t+btOhpq1LoNDEkmUe8gEhXSiQEwyE1zjDT8WSwaKDg=,5,19,male,3,20120814
Te1tVzFwTkgoWZmdHO8PltI8SameO38d0doIn8Adtsk=,22,46,male,3,20160524
e+1QcdYyHtSRDs7GyB7G1beqEVVNX2HsfKNU5WIplPk=,6,27,male,9,20080409
zX+vN86gJn1RsYNdSyh7I6dmbNUdCNtebZpEZjkWYjk=,5,58,male,9,20080816
F6iA+hcxDWo0XNNkFaK3M05Aocv2jAHw+XrwhhyxQbs=,8,21,male,7,20161227
TKTR5NGYdIMC/cV6yWTVbZNv67qdFliPgFEGs+uJPAs=,6,29,male,7,20141002
o+fx6axeIoDfcnVDF8uSgeRunsuIaSHmcPQkI8fMSfU=,15,35,female,7,20131128
tJbuqM3zrYyq4mjHnUV0My+oU/GffcFTZlY6ebbJ4mk=,5,36,female,7,20150328
URvQhgPkiRNeozCgEulp0SB7b1bvkrvbk3RXg6UThFE=,4,27,female,9,20070603
h+aTgzjbhF+gcfD6ka2t5IK1Eb7NXvPF/gVg7KO08Yo=,5,28,female,7,20160922
o6cqq08cMoQ6vPWf8tFBLff9FNZZ1DyU6tR1Y1dzGFw=,9,26,female,7,20161017
w3A0wNQ0YjPcPH+9gmpu2QtIo2UWsx3Gnx1pFq9FDu0=,10,24,female,9,20131006
OxGt92R7KoClXG3NgxmNN1XYIWTsLQBUGM5oWqAzjbg=,13,17,male,3,20131012
dmH3wkTC4ESMSWm0h5GdFz6gtxS9rtuCdGxJHddNVg0=,21,24,male,4,20160312
NVz8hxTTVBfPFtypm2kpQAD34RURsItNp22ENL+KMTg=,13,44,female,9,20110803
Y7wIz69AY7CzMkPMD/k/R0fPcNtL598SA0iNQFGrACo=,5,18,male,3,20131001
CYTI8mRJU1/YoB07hHwD1yZ7et/dTYL1NL4Whcz0gzE=,6,39,female,7,20131115
JCtz3hXZfORaBzQzO7uLJO0fOIaisGbo/7ESshkxoJ8=,13,30,female,7,20131127
FrvzbgAzQUnxQQUQOl7I0bfhVtPIvFHaQQeMjsqWZkM=,3,17,male,4,20151225
nlv62UzD31Sy3iCA4kN/Cju4K6DDP2f7FBZ/ESpNLSU=,21,18,female,4,20151231
gw3JiS5l6biPIx1s/hvZGKReVbuyx6Mxt7jw+SJP/To=,13,53,female,9,20150711
5LbGHb+fnH+AwhT6n7VWgRiq8B0lHeE+M604+CMTeo4=,13,36,female,9,20141225
JV9kGD/X5kiPl9OB+t9otYxOiYIoAkcYImhar3hVZKc=,14,22,female,3,20150105
aDbhbnfewnZ2tAtXLsG5GUzAh927jUNZs2sP+Id6EVA=,13,50,female,9,20060409
NFn68611FkCKA3u5BeVia0yNkxbRwakjKIf9xU6SOT4=,6,20,male,9,20120203
gUOUVzd3rvDYfb1rIxMpxFTSJMMrhAIB+j2t9cNB7V8=,13,24,female,9,20120215
M+pXF1EYGfz/XXLq7hWETBoXuEEDmKA6wHJLUuMFtyc=,5,26,female,3,20120314
PoptjkJme9XA2Z65qQjebsOdOxJEM0PUXOHzzVugHi4=,13,23,female,3,20120331
Ov9A1e1XytT+GJHmMBPrKdLGhpEgiSWM2N2yK0lpg+E=,13,21,female,9,20120527
xg6it33CujTw1dS8r5exSHCn7cFyiTB5Bhe86dJ8z6U=,5,31,male,3,20150509
ozkx4Z/0JhSLr7B9/i78BDlp1TNFxC9PSrqn26dPuHI=,13,31,male,9,20081021
iG6pDtJdtYKV80rYEdvfc54D3Cq+EKSvD9uVa8HKJPY=,13,31,male,9,20081106
thneMwbpXlS9BixLFi1A0pSpnQEU/ooW9/gH7QEOKDE=,13,23,male,9,20081206
qyM2X1u+Khc++s69qCcxLIsUU/DVTV9ajJgssEvDM9o=,4,28,female,7,20130123
HWi0XmU7BBNKwxcR7qDTdr76VbulaeN3XD1vlssH3xQ=,5,24,male,4,20160830
C9081tkdbmlYv2ycF8ydGXe+QtgQovbaZSVDgyAs2es=,5,26,female,3,20130709
ialTUHvgo7lOGyC3HtSBsnISqAzl2S4sJ8g7cALCCGQ=,4,34,male,3,20150819
an+mgK3Dun6wnT2VjUXvE60j7Bq0JYq1jNj+OeBDF+g=,5,23,male,4,20160730
8r9IMqAmH1etP2nWIXRKl/Yf9cC/d1Wt0ijm3TyiOkI=,13,31,male,9,20110429
PaVYfi5n16Bq0czc4mc7GPSK/Xd/BP9KvwWS2U4SgUs=,9,33,male,7,20140202
q0/EotmH5b6d9z083/8EKskoUc5g3mQHdl9pzBHF1TE=,5,25,female,7,20120613
Bu2wN4XSMA6meH7aJ25+Q/syd14dW8MeIcAQm8rBTWY=,13,25,male,7,20101014
e9nDb3RUZSSt2vpSsR8qbFytBOa1vUjO/uAbtb+z3mQ=,15,23,male,9,20111126
ggd/UCeDczs7rd1iBdKUSr1OgMUbBClHXlbPFPhuxMA=,13,30,male,7,20140922
/rBiXMIgQ7jWET1e6IGgWSWpN70rfiwajpjBX8Wnmwo=,5,16,male,3,20160717
AuOvRlvW1tVjcA9q3E9Lca8AYkXSGrTlrW38fwf78EI=,13,27,male,9,20111014
786FnZoElfP0OmuUkpBeFzRZ8wngTmZ83ojdJ8O4/aM=,12,17,male,4,20161116
1KdWdvfKBGshhrRvvxFk+/yr4yhJoy8xB7n1odcjxIw=,18,26,female,7,20161211
mjR6qNeuHdtqjL2LjaSW98p6oAYzBVtsDqG5v0YLgxY=,4,27,female,4,20161217
oKk3tkab8Cn5MjLh8uUAo91PaAPsNwyJFzwi5LVoyrc=,5,30,male,7,20131224
CP4cvlVU7Cy4NoWvJ1OYqfnqKt6YtEGCkp2xbmd/Uok=,12,20,male,3,20140820
iByqfQaalbVO/uqm2DVBm5rBZxPqmaZcFnYH2aCS/a0=,11,26,female,9,20140903
uct31+pX0JKTiFm+lRrZ2O9EdHUK7GX5Y6bXrJ5c3Tk=,5,16,female,4,20170227
Luaqj6lHbjVj8ZKTa4jdzqIYz7TPgRRR8kGHfAaP8jo=,1,20,male,9,20140616
8ErZDKFvM1vNx8ZWm6kTlNL/Cqb32YQ2O47taSUqu9Q=,1,16,female,4,20160312
Uy7e4U5HPFCcHXLOzFhim6WouHo+ocnWEYzR3tWF0Xs=,12,29,male,3,20141130
ns4BDHndFn9NAnw7bq3/B6b6ILSVqyUzpu5+Vn16iIY=,10,19,male,9,20100603
OR/vtiPnIKsE1OG9Dj9+K0pSt6GbN8nT8bHhwEj2/Cg=,6,28,male,9,20120317
xKk+L3uGwgudcda/mpVNsqZoVyOoGVctGyTtMynsCDc=,8,34,male,7,20120420
P8PsTE8REp8AAaaIPMW6uLViYYrnY9dhYAQ80Rgbn+I=,13,20,male,7,20120428
Xh/0mr0uRHtTEBvX6l0oVqTSrdHMCYg5+G1pfxOcOZk=,13,25,male,9,20131228
zYOTItzCxeRkI9AYTg50bjU0MlfEYZzs5tgXrZ3KzKg=,18,16,female,3,20120829
2GXBccAW5CD8UCNHAmWuG1MZwAgEZpj/XdCRNczqQHw=,8,31,male,7,20151104
l65MsGIFLhOgGpMZdJQlv2avc7XwxJSCtnyf17O0skk=,5,23,male,3,20170102
LCZf/UJ0Du+ysbksyiw6D0kf9pux3gvWDetJYIGUkC8=,22,23,male,4,20170110
QWERL4HeRZ+2l4VnFnLkboMUZqHJuYNgJD7xXDa5OwI=,6,24,male,7,20170117
M91+ZkTHM8n+3z0q1/40TagqjsA3duekBAsydmJfdM4=,9,38,female,3,20140804
osetWRwTAsJ0y62TaRLVcQFngizJfdXRx7auDIbOy3I=,5,24,male,7,20140822
vHopZA3wIqe9p2LYLARA2+u2aJxXLZw1YkokzlBo5SY=,4,30,male,4,20151016
+faleaPlD1ggnPVq908tCODPK6kmBx0IFFbWTH0iH/Q=,4,25,male,4,20170224
kSS4gmjB6Csss2vJYiuuES+SfyutLbJigOaGIds/dcQ=,5,32,male,7,20100615
IaSBtjp4PpBquUS6s/f4erCHuldpTo/4cGGa0BGuPnI=,22,60,male,3,20150607
FCPVphhFPjh2p847fMDGK9M+1XWg9pDLY2tH4Chtm6U=,22,28,female,9,20120428
szLFwbM7xkn2vUVv5l4+PI2CHDgayenbhlwiNGSm49I=,8,27,male,9,20111117
rFl/oBe/Uhuj/7gJEnDSPW2A/bWyapayXdAkP7giXiw=,15,23,male,9,20111230
/aV9xK1/OM73Abw/smh12m8y+QxdJS5Q717JdFdFa0g=,6,38,female,7,20111222
jQx2DLhW10fjd/oYbgbLaT8HjfUdWiSAAhoQXlZjmNc=,14,59,female,3,20150125
ElZQUcMrm75YTOpIfA3YBLQr6pC46UsZteZwIEs2I8w=,13,31,male,7,20150818
Pe5E4dVVrSHtX+8fkxZREXlkeN0Z1bigZgruCL4G504=,6,25,female,7,20150821
aOct+WAT8HiQ/v+gwIK1Tw080FfiyMur0Sej5TQ9g/Q=,22,21,male,3,20150822
bxVBl7Y0hYOnDU7S69Dj4YG/9zVMiFgvhp34HOhKgUA=,15,29,female,9,20060101
ELXooM1OHn2LUo3Md8ml3FyBJAyihGZKUatBul8M7RM=,13,24,male,7,20131026
x87MWL1t/T+2Dd+VjxV1JI0g14MwpD5G2hPNh9pKD8s=,21,36,female,9,20101229
meTSMdMmRDc/4LpgCABL8HUP0F/yMJvIlns8akFaePo=,22,31,female,4,20161005
TLsFXRoERDslmeNodJoosNQ1FXF+8+MHrME3Eehm8WI=,5,52,male,9,20110813
VP9EY4eeGZJ0a7XfgVIqnnWCTfM1bt6enZLZ3i2Sqss=,13,31,female,9,20110819
YF/Wi1wBqsLWzxelPRwKNWk6CsbQGUJBPfhZ4KQuBfg=,6,26,female,9,20111012
VMvKurOEiPqrm4F2EYi47tgub61ZC0xuJvohUHS8HUE=,15,31,female,9,20070811
2vH/XayJGrAd23YLxN0tptEA+HA6XbZfsNo9Z7eTYgM=,4,32,female,7,20111230
HEg6b4gSCoY4lIyzzibwBs2BJ5L+O5qTSPrFXByRk7s=,5,22,female,9,20060704
efMRCumRJb7v8gUeEIBWEqkFPobEik7anD4MGEeglEY=,13,24,female,9,20140115
aCR8of9zKnkig++t9Cx99QCTfsflpUz79d81MjdrOos=,15,27,male,9,20070616
JBtfp4NoL8iGPUQu39xfRxZbX1T4wv3afTI7tzQ5hg0=,13,17,male,3,20120911
Au/gSVus9jR5eORN2kKnc2kmUC7V4C9YH0fag41T2Do=,22,22,male,9,20100915
lPCMM3fxZdCc6Q53bTYBgKmAm4lcmVYrHaGpCXYXTnE=,17,34,male,7,20141011
pUfbhs3g2w1lugPZa9d2DHfL/g6dV2kGeow6raJAopY=,15,23,female,7,20160916
UWm9dvFma1e7Skdd3bnFDMNWTCy/Z36c++jLCxELnLA=,14,27,male,4,20160127
M+yCUn+0kBCUZNffoe25OWKrFpIcIVbIpxvJDG8gFH8=,13,29,female,7,20101109
mf1Q+o0MTHc4OERbwZ2FVj0I2FCtk8g5DtMitUgitZ4=,13,40,female,3,20131017
+9zunqlWdHAKJXSX2lxlx+SNYwNod3iLZIqu52BhFGA=,13,22,male,3,20140612
A2Wmpre8jKus8Vd41HP5KHA9klJyajm3G8drnIpJy9k=,12,32,male,9,20090215
0AzPpg/ztTbZXwvLPUY6FkdIBKK/Vpyi6lvEJKaLEU4=,22,24,female,9,20130210
8Fujx1/WwFM0DveLK7y1lutdjMTlDciXgPtSbN0lS3g=,13,26,male,9,20100808
Ga4SXVNKRnzioJLhzLmpMUZYda11zq2Wn6yYwMVoy9E=,22,27,male,9,20080209
RwYStu+SL27MCKm3VC78VVsH3uOl/cy2dcSNtaVL5G0=,13,20,male,9,20120930
F1cMpABGCPPH5hYF363cgCfcKkK27ZBf9ymrToJtYT0=,5,42,female,3,20121219
wf/0WNENyhKZ9N20MTqJA148uQ6W5ii9d0UK+dwgddU=,8,27,female,3,20140123
Kew6pYsBrVAZdelqV86Yb9864EVVmIqR0f2rfrABCcc=,1,25,male,7,20151019
202ZLb0qXvXZUL9aQb4HihjqZ7goAKkMbTknzIc/mIo=,5,25,female,3,20150526
BY6c4m6J1vvRbyrqXzJplMZuucXaTJT0wsn1154YAf0=,22,24,female,7,20130607
J9oGMbIOlEnxEljbq67/sEhvp4HE3xs+vS0CdJ+1zY4=,13,28,male,3,20130622
xHUoQBCIBGKfadgO++v59zHDx+o1U6nrOI3KEwV+1AI=,8,26,male,9,20130705
b8eAb4zV8Gz5yKCLacprlr+pnNB07lggoL9p1UG2KmA=,14,33,female,9,20051022
Z9zgGIW3VeWTA3DrpHMRx0AOVcV3aObXZ3m32QIU27g=,21,26,female,9,20100225
YseemyLe05vYDzL4gEe17aIGSE64d+42JjowLyDmvd0=,13,27,female,7,20151009
1nl/vsVJL+dvULm9mvZv1FmdQl7HIo9XYV8LXGfW/58=,8,46,male,9,20131111
G8t1omTlHqtghOIQZmYs6VYtu/aYCgHkN9oU2NXXaFc=,22,19,male,7,20160318
SKbY1UqnWkZ1NvQGWZuQKjDvRmQYMbal6LccLfI4zRM=,15,31,male,3,20150824
uWbHRfbl0HxT7Ijn+8usa2O7VxpKIX155cFQnE946+M=,11,28,male,9,20111015
h2UUiuouPsMnFMFyp0axHCL/4HfBFShpQKQfhJpD/gQ=,5,32,female,9,20081220
Ytxz8ztPvmvQVx9Tep99YJM58DaMaJpnrFYGe6/544g=,5,40,male,9,20130125
3QF9xwXJ17fue0Ln4e95zu9X5zNzobm7ZJycuxstUGY=,6,30,female,9,20120701
VSqkyfTyAFDRWFB8o1YoqkpFrnDV+4bIR3XS1+gf0Ys=,13,28,female,9,20120903
1/zaTGVvwaubsZkmU4/hRS8KfUFjNszxDLE9QBzyG1M=,6,24,female,3,20150418
tG+SiGPG3R4IbhLo0kMBRFU1OMBq0zpD73Ob8kA5HBE=,5,45,female,3,20150315
THRkaXTsm6OMRYG/xwX5yhHorMfmyyaMXJc+6VZSHcg=,21,37,female,9,20041002
bu23uO8+iHXKskoQmTajupCOludQUSTnX0zmC9T+Jp8=,5,49,male,9,20050721
ZTYGwJE6ekIyCtdyq7hjwbtTralRLR+wLcNzbqsrBE8=,14,41,female,9,20051001
8Wm0DPse3ZAWMU5RZzh+0wrNfDf0X9IhPbyVq7NLw4k=,6,40,female,9,20051010
4+5cgYGglwKFXHKSqh9RK/KGhbVK6epaKnYtl45mhsU=,22,26,male,9,20051111
1qCtYCB7R2O2KkCZ0oT3b1Q1MoxhClpWUJ5zH0PPxLI=,13,35,male,9,20051224
MTSE5vUEJit2MfwvFyFFQHjvRSCtDLdB0wpEB1bIihE=,22,37,male,9,20090208
LH9EAIvZTJRDHKp8gWztqMQeoLXiig+cAQ/0jOvzdrc=,15,30,male,3,20130202
qIUVeqbnjHF7ZiJuST061JiUNz92wobJvHmLBpdJqsQ=,4,35,male,3,20130206
tkH5pVhIfQGw+/dhn122W58o8Pcp4X/AGmICslTyOkY=,13,21,male,3,20130310
mdlCR+rhMPFEguHi+E+/PIHEA2JKTkcdHxA+MXgIP0s=,13,42,female,3,20131216
Nau1l5KRCrYpZicvjaQwh1iGMCfPnQgMDQ8cBEsrZKE=,4,43,female,9,20140111
Qn/6F8GMklU2TYwk/XyAVn/7PON6ubGtbgmxIwHdmxs=,13,42,male,9,20100415
tXL2fh3jBrw6OHQQGa1snTwwg33ZU6ubTGTixNtvDiw=,11,53,male,9,20100421
35WVm9a3UwWkUAcWS9fOqzV6Sp/J8BA9AMAZt+9w8ZA=,4,28,male,9,20101012
WQxDsBrYUYpYjR9PUUPRUuZEMOospJsXfO5DdLgz3eM=,13,32,female,7,20130923
Z/8G5lR7bvtaH1Rf0BwNmjhoMbuJN90P5hm2Yty7a+0=,14,21,male,3,20150905
vVFJ+XgJ+4r6wcTTfXtJZC15+mkmiZi7VwloYwQbVQI=,1,30,male,3,20160116
O64FYFRrrjdHCaAjc0xuF2Fk7E0cU0lvEgLIjLREvBo=,12,24,male,3,20130705
XSJZcqvGGYtnitwf1Gdr1izXX3yED0K1yoPZ+N0OOus=,1,41,male,7,20150812
CdFRcanPsstKm4c4iSfzZmlpzaZXX+Sy5H2Q5+I9Y6M=,10,26,male,3,20130213
ouLrzEWk0oPcfu/G9P62cVQ2kFcvAgPNq0crtzg09D8=,17,19,male,3,20130221
MwQ4Vmr8RuPQ0qOZW+pdopaxEM9lRmn4FMJkQ9AN1aM=,5,36,male,7,20151031
SNRMObMsxifOrBXZ185oyy9Ok7evbATcVw3scLEffrk=,13,29,female,9,20080603
DgmUVkzfy43oOIf6jWoBWNl8RR9JEmj92S4gSjg1K3w=,5,32,male,7,20151009
RFsXqt8FUrQFoCsVulbif/mdreXjf0gu9Yy8AeGlths=,22,24,female,4,20151103
Qs0v3SvrR+IIvxiYEJhO+FaGdqm8FTdZRa/LDFxRO90=,22,32,male,9,20110701
/fgubeEvQlnvY4K4U5wfI/iXFTGhiqC3Dq7ozYvuTOc=,13,23,male,7,20130121
fh7ACohwk02J89Ox3X19UfcPBIg78o92Gi15OGxBSGE=,10,21,female,9,20130122
6aXvS/GDSCxOF4I6N/gxINHFjl7C0u5uHlMYQObboPk=,13,24,female,3,20130103
Q4v8uB8LBK3Fe+ECJd/nmUTY75oOVa8razMmwa2gwwY=,4,20,female,7,20160727
HvDymww+f9OX1mJk7GTvH0hOpQxPYEuNCRf1e+3Mhbo=,14,33,male,9,20110918
Sfz/YwL1uqH7Nftb0txWsjH7RTo6ZHeA5p13cKbfuKM=,22,27,female,9,20111012
ox8UOZnl/Tqpv245MLy6AlBqwCtlpWc18qefZEhtAzQ=,22,51,male,7,20160111
xteQFp80bjbR1mGwiuUXuyROU4FlHDDus8YyZxL9FVY=,4,21,female,7,20140722
B2WT9eJU5glOoUWaAkinEydUd9fjaM3fGAu6DybAHT4=,1,71,male,4,20160126
not63xMOAReD1Y6vhayLKZmbUKScP/qq46CtZc2Wp+I=,5,39,male,4,20160127
pwhohwITfu9IeWZSZdyfQK21eOOoB9m0KD/kFhS07oE=,14,38,female,9,20100519
GhMetIUmh8qYXb/E+sVjLIq0jQU09zs3bV32mdvbZFs=,5,47,female,4,20160204
CBxZq6nY9HCrJCTB1cG6tbY5Ripp+Une4qYlFtE9ck4=,13,38,male,7,20101207
6QaYPxD+yHueYXhO6ix0BJ9tbdHPOimPIFFKdw8kq1c=,15,36,male,9,20101211
ZyLzHSP/BuSYgzXgEoKv7Ltq+w5TFIR+Q4eiCgeafWI=,4,18,male,3,20150813
FBsJSTUjDhNz+Rruh8mFAcHxXrgXkFkkAOfEDQv8i0k=,22,28,female,9,20150920
mTqbHui/g774xREToSaW/9z7NaB4PShLjiTSpgJG6Mw=,15,19,female,4,20160131
lrV906t6Wsr57pLdH9/ZrBTiRiYh/rpNBm5tErwcX8Q=,4,27,female,3,20151006
KwrqypetX8vH31t8hpw0St6dFX5fFkZmCQmNv4tCIfI=,15,29,male,9,20130606
g08sWPz0E4CvMEoPgzTF+qjuZO/SsetDNKvMJloumN4=,18,23,female,7,20130611
PBR9BRm1ZsCNZF4bx5/ne2bLz1VsmD9viSSPf2FOoPc=,13,25,female,9,20150825
ctezCBR7JzSVJpOajKhsfiykMmJU5zD1UuogXSAohg8=,7,46,male,9,20080217
Z+0rlhdbTg+AuAY69oVaJoMbbpXMDQb4MHNPwn3/Jzk=,13,19,female,7,20160318
Abamiee624chIS65xanLIaEUENRvMGZSJJszZqiUmlw=,4,20,male,7,20160111
xH44eyFlTkRkBJslSi5aAvKt96aXQejdq6pkkfVWHdo=,11,47,female,3,20140116
U0H13ldqY+p3ILxbEihJ7ZyJoUmQHXD8B+B/LVZTWqE=,1,41,female,3,20140130
NfnaWUWzKhUBC5Ag//NwwMOETCLqJ/gGHKRWHZYJ35E=,18,45,female,7,20160916
cvnSmdlNZHZe74oZM2u7VeH5WKtrDCiEfqY2w9omVJA=,17,20,female,7,20150703
HRN3XO1Lsm9a5wO+KnY6I148CEqZuuNaZOnYP1uQlmQ=,13,28,male,7,20151009
z6VijKyajVfP+1JRjkZUmP5GsgsPhs91IICexTtBrsA=,14,46,female,9,20090806
bndUGuNG+Sjqe+as4/NXK8fGD9l2lvjeS96KFn0r6aY=,5,33,female,9,20091101
M1/ATLmykBFtoPB9zhmQQR0ImKp0tCkxt2RGBmnQxP4=,5,24,female,9,20130516
2eSnQhcY4xnqSd8r/g3ogPAgfiraYVk9zdS4kLr4uoQ=,15,25,female,3,20130523
otl9gtRTtrW1bjFG7UE9Vd2TqmYLS/rJQlHehrRI2Fo=,15,27,male,3,20140927
/FGA3h1GfNoHJ6/ZN91m2Zas5qxnN/q285qkpcL69zU=,21,26,female,9,20080622
BWoEFOWMlBFpRX7Pk3TMG6IVasmR4XGmY9MkGqT6Rc4=,5,33,female,9,20081003
Hh860fle0LVR7Jm+Lo9T3VL9pPdvta6Iz73S9JGe0L8=,13,26,male,3,20120226
PnWZs7ZRqWpU3DIv20N+a0rekkoGI+58NUPeOaDQBqg=,15,34,male,9,20120506
YRxnukmhYzDc+UMVEEykEmOyDlaF00T2LB6ZZgrSj+Q=,4,23,male,3,20120726
o4gjOvR6ufcIrOvgF+k8MbQh4DhEN63pEWjBUpypIm4=,13,33,female,9,20140101
L5pFyoLrzk8i5JLE0CyjKxcyj/GWUZx2yso1E6b4ceU=,4,35,female,9,20160227
uXx84PZFHB8HqQSgnHsQJnMJx4DLk8S5dHjXn1eiW8Q=,5,28,male,3,20150818
2c1cJbs6Qq/AgZqyChN3QCjny5V25s2SfD6tvEbQtrA=,5,29,female,7,20120830
m9KeBVTNSzVL8k+4wBb1gMAkjRwcs69ln0xu4a/NTYQ=,13,31,female,9,20090901
vYuBAp7nthdSnotbA24SIXxgIPY2uPod46NegJ4FmSs=,13,32,female,9,20091219
ESLJs+RrHzcn224TAyUomX1x8RuE0wa57F3Gw1W7i9Y=,11,22,male,3,20150416
rghOyaOS395DxcZRxNCpSgnt3wB939ZZgT6YGMioj8I=,22,24,male,7,20161119
32hydsopXgpmRJx5tK3/uJFVNIQngmlM/488w8XuX9E=,1,23,male,4,20170223
TjvwCRCjP5y42HMGgF1AqbVVF3FcjgaMCXXisGxUdmI=,4,19,male,4,20170228
JI46/RBOcuyC97o+2cyjR+LPAWLtWaajjTBGYW0wbKU=,14,20,female,9,20131006
a+y6omzjThnoCe8hqSk50PQLeIoV5NHWWMXYZ3t0ip4=,15,26,male,9,20111017
qMDhP7VfWk8MpeU2DpeTIwCanuTnjbiYo2Lzl0mSAEw=,18,20,female,3,20141113
3kpoVA97o8jFoGBd/PNJd+2cC5lAMWwxGsvbGNYRqTo=,22,21,female,7,20141115
hepGAVydPG1JSZ2VF0XR//pTS+nDrKjkovZR9VqXutQ=,13,35,male,9,20050827
nu2TXV4tNv/dLuBpiU2/mEZPzjNF3njDdRYNSEcp3rM=,15,36,female,4,20160117
aKQTrJpEvcpwTL3xIGaGX9cgHMbDfK6qQlqibHlMp6s=,13,41,male,4,20160205
eqjKLrhFHQHsCLhHXJkrHJwrEqhnifpfD7bea84jskQ=,15,25,male,9,20111009
+ScGCFYauaQU6jTgJ45FyUCnhhJe4XL+9WG2TL/4q14=,13,23,male,9,20111018
wkJAyfHw+rSUmwv4yUM6ljVRnN4e1fjRc5TafwvU8iQ=,6,31,female,7,20160107
VnCjzJiBp2wfHIrgWA3ZvjqvyNYckvCS8uyp6Pd0Kyc=,5,34,male,7,20100605
W98d0Wpf/XwS45t7Qq08rKBer59ZDUK1zGq+VgzUeGI=,8,25,female,9,20100609
GjKVM1E32MxRqj0YM5xWGkyx9jX1Od9BRG6VVENEeDI=,5,21,female,7,20150102
T91rUeWB/CFl9TK6shiWbPjFgKvnu1QjVJYD3+TiRP8=,17,26,female,9,20150105
+4sfyAwV0Z19LxpFsBPsPOr++gdo848i6+jpdW/touk=,22,30,male,7,20120709
uEIGsvjI6bBXexNybvwmKPGKO/8AYg3NsPxy1PYiBlM=,6,29,male,3,20120719
AjfFLMnVFd3Lv5IzHSiS4u5tKB+JDTJc0ckPiUhpaDw=,15,20,female,4,20170129
SirN45Air7g8mcFPYE89XLm9mXuXM2jaLCzOkJD1Lf0=,1,26,male,4,20170130
mFuKmUWBW/OTiDvao/Jb0RMw1q5thMUhG93IbsI7DEs=,15,27,male,3,20150913
p01PY7y25K4j1SbYlTejgJQN3seNc5J8KPk32C6I+Yc=,5,21,male,9,20101127
dO9Zsuk3BOxnID+k5vsTS379mQ2GFWBvlyn1EARpCh0=,9,29,male,9,20051203
sgyWqOmK3dGM4XezrN+Fx0VnXHqdAiZuq1xXMhILimc=,4,19,female,4,20161014
BPGesQvG+7NpvzP8M9hOBvJt0L5qfpDTD/LS49txUgg=,13,20,female,3,20161103
txhe9K4K9fsNeUFtsnidLZe8FtNT7hxT0ADkPmRVplc=,12,27,male,9,20061105
1u1N8RjVCjdsxU7ff8RPM3Eg3P+1W5DhvB3usrP39h4=,22,29,male,9,20061124
4SFRWhHwNlq+X/CEFVH04wsvfwvWJsUHwXp6P8aJChw=,18,21,male,9,20070525
VuqgNzG0BuaH6t0fTfpo3LQpoV0QMdJvB2lpRTOvYiw=,4,23,male,4,20160115
L9Ycxulc75533/+PhHmjASoDNQx4Rr9+hp3qY4HezI8=,4,23,female,4,20170217
1LFMJfzyZUOEpLusMS33e3IHmdYs3SYPKbEBYATPPUs=,13,28,male,9,20140305
6jNgQq6/hnIKE/lVz1eV/lsnQyElJw0+FC32/0g5v6c=,13,16,female,3,20130507
LkN3VN0MaFmTnSX5Abs9Y5tlJbTXjZ9XQga7xLHksg0=,6,28,female,3,20140101
73EQRdZq2jA8b2iYasBISAYou1CT27bxJEXNPReyM4k=,4,32,female,9,20111219
rBI0qht1u/Qma9mbjDkaPXNu35SHFgvHL29f9EwlGN8=,5,36,male,3,20150107
pq+tKQm1QzTQhJdQ28veUMXienO1njfqPzb4ZIFfB9g=,4,38,female,7,20161223
VWn2L7wAaGYnvf1FVXBlu/nWIFhLQHYtQ+Tj2yYc7q0=,15,21,male,3,20151218
Io8W1KRA1Z//+wsGirVmHHoM7xEcdskIe5rc4GNUzmE=,5,29,female,9,20040724
q8YYn2bAOSYzdNr12mjXIiERToS3y6tl7cqcZHsOAPg=,5,21,male,4,20160716
ybO4skogaONgh32BMxiAfD4LuOPFSU5D2oda/ybkQpk=,5,18,male,7,20160717
RSX6RNq5xRB6TIvSnIm/4QoX8UP0K6ENmz+kuvQVcx0=,5,20,male,4,20160811
ZViTPl4wLwXx4gVpSlTIYTY0bo4KMEimvG/aWCtLIwc=,5,29,female,3,20160820
SOtel4i8LcGaYMsPT7ZwQ3Tg1UsfztI/2NF+QtQ7peo=,13,21,female,9,20080225
kkwu14LMbQd7dSXQG/N9DM8haI65ZjC5iSZUWc27J6I=,14,22,male,7,20151119
rCxRzGTwVGA5tUAEEdZy5JEhdV71ZFlgqmwF+btZmQ4=,13,40,male,9,20070225
mdX/a4VAPtS+CSwVOMpppQWos6IQObK6fG3+D34M/Ok=,22,41,male,9,20070326
IK8rFS8QIq5U17lIq4AjfEtvrqNnJfltd04Wmffo34o=,5,29,female,9,20070430
yRI+kKTw3eTgLGjSzNZT8SA4Ya0fhIjxYxbYKd8zKcE=,15,17,male,7,20170108
jX5wAHo5pp/4UpoaLgvD0t4BUU0znt4/XI1PzACv99c=,15,30,female,7,20151028
k4sSO/pG2WQC1WdUdIUNKUXBYKsztRp1aVOQmirrfJ8=,14,24,male,9,20160315
JnYO7h4Xts28y+55hV06KILpFp14s59sBtvkfLh0xzY=,13,23,female,7,20110623
vUpcf61Kbb/rkupIE2WLGyb/p4jaiV8vMZGTxM2oMws=,11,23,female,9,20080329
SFDj8CslxDgPkWPL9DSB9MDwbPWXVnIAve7YpzaEgrk=,4,22,female,3,20150901
RV9rTXCmWAc0E+OEqk5kAf9Yu0u1RHB8p+ZU5Cqe9cA=,3,17,male,9,20150904
aCsBP7YBSNjmmR83PJmz8sKCUNaLwbqoE58BG5Qenk8=,6,26,male,9,20071228
qZRSPJN5J9nDGSuCx5gYPskdI3H3xmvKAV/I6FZ3KAo=,20,29,female,9,20080112
9OLkXueqstqTgzRnSa3Kd9rOvrRDolp+edIDkKvNPq4=,5,27,male,7,20131109
vHTL9+xqCcw6lmQ1Dffw+NWT0Oykt/mBh31LboIJEMY=,1,31,female,7,20131113
w187Je18gfls6o4o8tR9OJifvIURD9xSG80uAvdGbTI=,13,19,female,9,20090225
pzqvS2FzKTrrxaJOOz8KSkccXpFMM7oJEpV1ZKgsrl4=,6,35,female,9,20090228
gWXWRSDtffOkN9KkMb6v7vjaPBsW/kVDfN+aK7/vmoQ=,18,21,male,9,20150927
oEZVdHji/rg4EIbjP8X5AQI19lZEtD5BfFYbDT2VqgA=,5,46,male,9,20060220
Ma986lhEquGke5qTPh3X88EkyXVjStluaBGItkJ65Ng=,22,22,female,3,20140807
a/UgXbQMIzt48CXFyTSXVVQ/AZAN15MldFsDpqx4LFc=,4,40,female,9,20100731
J1kbyVcvlFzNXCXiKNH2RqZP2o4H4YKn45eBjpHdsIE=,18,28,female,9,20150223
9ikmeCd9034ptkQvgiyjPLe5vNa1mymmgTSKxK7tdJw=,18,22,female,9,20150225
+Fme3+URyUf1iseuUhWwgorHgtvxDH2PKQw0jeJJvTU=,4,25,female,3,20120906
nDBeSu1xEU48vaB36lb8P0MNRk6+mHo3HgfnhNAhXVk=,22,30,male,3,20150212
0rGXAUClsOisGvQ21bkO6D71Il2YzZveefb0yzi1Lkw=,15,27,female,3,20150305
g7MR3ziB3xLxfex7v4GiruMITdnwFaGosDAo2vtewpw=,4,30,male,7,20130704
qJokYkb0w8D6uK55j/I7sshKhbfZHh7SexCXoWzZsOs=,13,28,male,4,20170127
6dHWijef6ZaMildR9Cou8WI0gk36/LIdVb5HXhMt4kY=,15,17,male,7,20151108
hmqqUkv+MS3XN1WbKz6Cxa9XSCy4dC2uQs/oeIv9hKs=,1,26,female,7,20131011
ECYQKCsFJ+XaDmJJwbiKYd++qUZ8Q9QQ/24b6fkE9kY=,18,26,male,9,20081115
zS0RLzefJEHnD7Es8WB4eMB70MSQ6eT1mjA2wLFOYXs=,15,38,female,9,20081214
onbbNlyNZPyWrFyDHbeqfOMb2AxYG+S6xjUoMH90X0g=,14,29,female,9,20130518
+iTlAbX4C8E7lWfGOHqnRILe3x0+VibPCugWvwNPcTQ=,6,35,male,9,20130520
GmvI8TXxHvRLfVK7MdmamrpL+dgYj/CtG+awAujBWY0=,15,31,male,3,20150411
Ar7IbWujJ1Tc6NTDc6HlxzyDkWd36pUmNlBEZ/74DT8=,22,53,male,7,20131213
xYX9Pk1GKi9r+H59v3adSExpIqPNnUaa8Dix4m5IOGs=,5,27,male,3,20140114
Mgbupq0/rbllJgdpI+cgyoCMb4ZMubR++lW6E6eVK/4=,6,27,female,3,20150102
8wT+zucMBUppJMW1MIE9ISmcnCYFERZEyjcUuLRFxdk=,3,28,female,7,20100917
1ThphaQk0aRcl9vbzrOxbpPJ/yZKyLQmmCVHaR4VS4o=,4,37,female,9,20101107
3+epmaiJsbNSflPU+zOs/yo6omnZykJ8gTbP9PkDbVg=,4,36,male,9,20101120
6r4TILX2iWYHnocdGyDi2/M/8335VdPHvasNla7KRiM=,13,32,male,3,20131003
NXCcZCAWIyzq8rXodokoNIj5ZsYnQdMfojY4A8iYL7w=,13,49,female,3,20131007
jv7ba/wgKO1E0PFd2tPrMXrG+2Hi1oAUBQe/8lW+TaI=,5,33,male,9,20130126
4fQOrzvl3xUBg+EzDzlEkOAuVcDsHYmW6RF3xkFEYRo=,13,29,male,7,20110419
5mXQL/QNZqxS6eDEZjLdBsD2+YW5xCtJOkWl4vcMp44=,9,21,female,7,20160427
VUJG6N7GF95V3AkvqpCoDmCsyaa7sK8ROEnqUUl/goc=,5,28,female,7,20160501
eDGlnQ81H3mFZ/jvypKV5sDHedevRxfKHgi8ZIe424E=,15,19,female,9,20090603
jJ3QK0IrT1lpN2mfG2XoZGZaq+MRFVLHZsLQUpfx+6M=,22,29,male,7,20130421
St9hGMdMxMhDMiOUCy062V5pXWI/5sG8JO8NO6fCdgU=,5,35,female,9,20100726
aOYxIIVGL7WFTXIHHYEpcHZQbARpkpgFb3ajVVjCy9o=,13,44,male,9,20110716
X78FMaW3/iio+suurTCgKzrWVJ+QU//Rprvs0h5bJOo=,13,22,female,9,20160806
tT7oFo7f6r5eCKLKz7xOsYYEHhjy5sh2oSDu1+l3+V0=,5,25,female,4,20161226
QrFwMDGBqua2sSHtG5KgJcOu4Q0U5j2/wrUsWpoeqSg=,5,51,female,7,20160128
EwvJu1Vbd26YP1sBmGoCI7a0TTyXk5oLNSKQS0ohmHg=,22,22,female,3,20160126
XzFT4jNHnISEb7b5IQ7q6dR0H7yAD2u/iR8EIXuaurA=,13,19,male,3,20121110
8H2hcVjPNzZohLVKg6YitCSBkPc7b3h4niV80rcwNIU=,4,26,female,3,20121219
xtngcZ4VxmV4Di4kyZBUZ93mipwgTdx/tnsWxv5P638=,14,26,male,7,20130110
BbZqi8/fqi1ewopTtBQWZCSjVqzDfdZOGI+LUd4K3GA=,15,41,female,3,20150503
wAlJ+KQF8f7S7kNn8LrUV5JBVd83Ni2Q+0e5DLbgQJ0=,5,16,male,4,20170219
bOdTl+pDIcyvyZBTNQhh+G8SZ9yqdrZsIow4MV7C7TQ=,3,22,female,3,20141118
7omc4S0oXpWKbpl5CdKvz5Cv7U4xoMZbIouL4SwC6dQ=,1,21,female,3,20151018
Ue7SBSc+QJvXvNORrKJCC0o8P+r2i7m++dopdbLecLc=,17,19,female,9,20100410
dRSJ0mLNiCq45XK89ie5fp8SsW867FMXZAN55CAsuK8=,11,34,male,4,20160126
rF+zmxvpfHhDFkuh0B9o2TPwjKSOgQtK4t+alWNKHc0=,14,20,female,3,20141213
Vzuk767Vm2EwJMW9rNkcza3D8sJ5aR4ndajj1HnTImQ=,4,21,female,3,20141215
05krNHQyov3b48122VGTyrlydwqueFHwhNIYuPUiGX8=,17,25,male,7,20141220
Ha+V7xttlP7F3cjm2kNoZO5ImC67HknJ+dtNM6ffqDI=,5,42,female,9,20110821
mgzckoa/sgOl0a2Cd6lSnEx+fIwNvDNHYDoIXNlHerE=,14,35,female,9,20110119
odYqYs9CL/XSra5RybYhBu5n3rO2MoPOhGCICAfRFkA=,15,33,male,9,20110121
x3qQ1o83xMo70GvDdRSKc68xCyQDm74DXnoBeDH4/dY=,21,28,male,7,20110202
y4qrLtx0X2pYt/WV/mU/mlGVlOwr/Z9dveBvp/Yo6Mc=,21,18,male,4,20151025
y2TPgHlv6vJ/iWYrBXiB25csA5vGGtVU579wA+2GUA8=,14,27,male,3,20111212
XRsbyOFUgjs9eEJd/A+Ks2c+gEdFUrJBC4PreSyXf/s=,5,20,female,4,20160314
mIa5vw0qFVwL5WIEbplxLgH+qW7Odg+X+1VlhIO+jD0=,13,37,male,3,20130511
mzfK+EFVFCp6iOJSZRkQzjHamoJG6i6mfhZ27Wyt7IU=,4,21,male,9,20150719
msJh+BGSayl2NMOPIc7sgMOC8WNHO8r8qnK0E+Ea5Og=,13,24,female,9,20080531
6yW9kxH/X7YcTkFISHYLtuxPeOVxldCa8TONiu6vkjE=,13,37,male,9,20081003
joFM7J18l0H8kfR8H7ey8Ot4Ux/CiG5pMHP8FHUjrTo=,4,30,female,9,20041016
pck1FWzI5oBILb9Nx3JUN6coIYvROLcbeBWtZLsGj+I=,6,33,female,9,20070503
SrQb1Zd6kYki3ammd/qYmKnuQuOYvseMe8IdW7niits=,22,37,male,9,20070512
YGoqj8ANmebKWR9nUwPbA+xrYsgAjrsRZNdlmqve26Y=,13,20,male,3,20121229
nfqKXPKoEOxnGoW4SWk8Vr37a/uQ7M7ts9yHJnCDxlE=,6,31,male,9,20130104
b2FZ94g5NGviErEeFaxLA/cf+Y6aCpAYX7doEeT/4Vs=,22,25,female,9,20051013
ri0tVfJxVslmtwiU1N9yLKydeY/umeQ7TDOkH+AW8eY=,22,52,male,9,20060118
6kF4Kjlnxolt5OyaLeRTLCMh2OyBFFMP7LfXSMxzG50=,3,19,male,7,20151014
rfLt3R00zTJiqHGzyoGVjIPxv4iuPfBBNhJqwGZ6Ajs=,13,28,female,4,20151029
8hpfJeE/zhqh4Vh90gCsMA5yWnO1JelHkrn6wbAEGkc=,13,44,female,9,20090312
s/4GTeqNzrXiRgzj74yoowH2yYUr7K6nm9Bur40vF2I=,18,35,male,3,20130210
JOnKHrwhyI+ZGz5P+UYMXLbrRpacMTaw8Vgb29ZrsZM=,14,29,female,3,20130918
7nk6mCxWoET986poakJda3RcuDWlG57UYdUzu7FvMGg=,1,22,male,7,20160313
JM59GoDHYn6kDTno+mgg1DPLB0Ab5mH24DnVH6D3M/g=,6,36,male,7,20110628
ITLpzsamhOCXE4mr+YeL2mwOOdzDn0CYuhGJKXrxJyE=,5,19,male,7,20120120
4JM2ZJKYgAgUGuW7QMXxxKfd8sunz6kBF0ZyZltE+r8=,5,24,male,3,20120210
CGyqfSN+i9xBPgQ0xJOW/3ry09c521UWO9amSvoUGcA=,4,30,female,9,20120318
Y3HP0FHy7SfTJ2sKpNW10LrD+/vMRermiHRqvfMdT68=,14,24,female,9,20111225
9EOxwwTX7W8ZFIIGhvKV3otWI6jPDr3vERf+9d97JPI=,4,31,female,9,20100706
3ayg/ntm703XR+1q3UWdx9XiFiXMUZN2fmpbhonjAeQ=,4,53,female,7,20160224
d6J2D+7LhXCyjsJhWjjc6g/6KCFffy8sXRikWOdNFKI=,7,32,male,9,20070628
IMfTtwqzmKsgzGZ3dFeyBp+Nuh8nxmxvNtFlF3JOz64=,13,28,male,9,20070910
oqcItMUBgw+VoogPm/YVccD0FvImiZR+ho53IHgETlY=,6,39,male,7,20151015
97wXxugaFdloMMKiq83d4gtK18lbp2K5+R6SfR5KYFI=,13,24,male,9,20110807
SrNVEeJLxJ2zW0v3yge1P+tXO2gVHzqCAsmns39BLBI=,13,30,male,3,20130429
XwzIBCEIfM/rzX/14qOvJhRL4xxqk5SB1q/9SRIFzcQ=,1,17,male,3,20140907
g2YuK+lQQE92BSvz0e0m/4kzTfGJC+/4YDFoubbKfRs=,15,29,male,9,20070514
Bl1O8F0G9wo8/IqvsP+tLArzRKdwYxA28W2uw0SEQi4=,13,27,female,9,20080508
wVybfUPSFyZGvqpHlHpmrgzraiB7nDBYKnygqYYCMU4=,13,31,male,9,20080717
P+s6H7aYq9PJy3gfYEFQsYAkck5CdKnasopGirJJ2lQ=,13,25,male,7,20130602
PURrflVDpYv+YhuYJgeA7/jUGacSKkg1pPkFSoV+gPQ=,11,28,female,7,20120204
pSHAZmztewQBLkvMlzkWU4fnwlJilKjfVaT9ooNGB4c=,13,24,male,3,20120212
gwdi1HAyVtlXdmOkd9go9Xx+XyWKMv2rDnIRAH3LLjc=,5,24,female,3,20120225
dUheDqOil78Q2jKk4OWALp+mhW7WjHzHgHbUpe+LVgk=,13,36,male,9,20071211
kvmOd20T4LQv9KibML4KUJEQPF3kmQ0LHhj1qmMsLYA=,6,20,male,7,20121011
G/oAghmHS0PFskwNTadhd6U7eNYHuJoOZPDP1O4uQAM=,13,22,female,3,20121121
ScUlVg7ORhj/OTo3g9HEowk47YikS290OJ4tVSzqxN8=,22,30,female,7,20140107
89LcWP5uXJ0NGrCA6zfZIiVqhpfEs1PBJ/Qfp8B3Gew=,1,26,female,7,20160131
1ww6yInySbWyYMF6QSBIpYegXgoYPranEYucGvd5UBM=,18,26,male,9,20110916
ho1O5u6lTVGBLo90X65WgYKqtfSAoEGJKVTL0auKj0Q=,4,36,female,7,20160424
Cp84y/kkg3CvfuVxLEhXBa0lKVYh0BauXIF0LoF0ftY=,4,35,male,7,20100520
IlqKVgTx6q5OkTMf+oEGvWvNQkFV8CNF6D//Ps02JaQ=,13,40,male,7,20100508
yRGPz/JdFwil1fDhUkewSdmwEbzz2JTuLOU3jRZVFVM=,7,23,male,9,20100512
2lYyr5f42IdARkXuQteg16LydHmF/rYdou1uDrgI/Ds=,6,35,female,9,20100831
2fpSlPOZfqLa0tjF/g/cdskvksOQ9y3xyYeqVyyGpkk=,6,29,male,9,20100909
upRWdjmIUINyrSkey8dnNkWxfPxOEUVPuqz+0AEc/l0=,4,27,male,7,20150504
/JFzXWAdlQKwfP6Ex50Whl7IaCH0Zs+Mhy7mqgt2htQ=,5,32,male,4,20151119
UeKFqBT/FYx9GJRg1G1rq0zT5Bh6O7IlshOHT1PXOBM=,13,31,male,9,20150405
eBlt7SrTPEvVMxTrlI4CswX9fmp2+X0QzmY2U4j4NeI=,6,35,male,9,20080202
x98YK1JLEBXHP0R2mteA5j1HA2yi0TEoq0F7Ezl6l+k=,5,34,male,3,20121122
FkhP0GuFIU6bvt4HLSTd2wPFmTLaOPaZMILliP25/88=,5,51,male,3,20130227
dorRUH8z+RMg2GO+IAWXVIOWhxa53tYuCKowgRPEe8w=,4,30,female,3,20130614
SNpGEOIo+1G8+BnC5IuA248OABCzfxo1VAOvy4brKX0=,6,18,male,7,20150709
bfVyMwRPHInm+42YZEgeKw6sukFPh/qMvIW8BC1j7WI=,4,36,female,9,20131127
ob4lRHbHSacoIoRwPG5wgfWOqDpHSQhZ1l16+lXu4oo=,13,55,female,9,20130921
FqmcEgTYdWbou6Q/9RJU/C/C+PgcPMO1KnsAvviIjK0=,4,31,female,9,20060705
S5FCq2Vd4JgCB0tcIav71VGipupoDfa1SAg/UkHrVA0=,15,24,female,9,20060729
vMHziEEjm6cmi7j/99YZWFxwkcK8TRSkCZI15tRvEfE=,13,26,female,9,20070402
Qn2/et6wCGklhnj9C29IKHA7N76gibqa/0mKR000QxM=,5,21,male,3,20130317
rN9J3FjuV0J2pbaqGl3sT/QRkSqSo8nQZe1wL0KuOuA=,4,40,female,7,20100703
AIhcjgMWRzicrovmyYZSbHNOPRhtNQJkW2Uwo7h98MQ=,14,42,male,7,20100924
MGaPoSBAVV7NA9/nSfHN7le6+2F9bRowpwHIfFLqRy4=,13,23,male,3,20141209
TsJ++xU2El5LxmjTe+H0EMi/tjkTN5TOD/0AyTfSyS8=,15,39,female,7,20110409
6tx5KAi/MfhlWaNE+xEuwfWzSMB94c8eFSUfkjDsrS0=,6,39,female,3,20121005
2M7tnO7vL/TLFkyEyUjaf33XovmWj9Tbx7cA1r5MBuY=,5,23,male,9,20130421
pLQXgwumDp3rfemIntyBfdKaAH49I+ni5++dox2n0Ho=,22,22,male,3,20130506
EJKamWTk1wj+kr5OdzN91+nEc7yjw3IYzh9Ix8wms8Y=,13,20,female,7,20130624
lFSMRAyK1gVsLUHV2hzo0p+IWUntNcaNQecjMrlF07s=,13,40,female,9,20161012
rRIR47bYJ3OHh+LR4Xe87OuPyBWvi3P54PdQ7R+OZyc=,14,35,male,9,20080802
cVwetrXbWJ7hNLd8wPn5+6Y1nEExGr4l/WOi9iwj4eM=,6,29,female,9,20081028
LdvCMblMWYyPRC50YjNO97oqtA140wqfOwrpwQ2oY/E=,12,28,male,3,20121028
UqiOEkfXYEutIC9uTYCHoiKxyiNSbz0heg/hKbS28yY=,8,41,female,7,20121119
Y/BlCTN54jCGCfHIxkdafCPQGa2Y7/OpdaT22dExJkY=,12,26,female,4,20151102
IrgscBU5EHXtjbF7l0Ptu2wyHE/9yK0RZLNLpSVY5Jc=,13,21,male,4,20160226
UuFi3icYlYfMpVZ86KFR+Z2gFss2sT4NaFuCiE8bOnY=,4,26,male,7,20150926
I0RPr5gdGCHeL5LAO1q+ElYx6jLjuSoS+70oboGqxXc=,13,31,male,4,20160719
kHbTrjT3NEBkIHpXkAS2SQifu8irUqBoY34y9qC6SFA=,13,19,male,7,20160731
U7Kw3kLDG10kAOWm7NDdReGNR0u2THJcq4ZOKB6cUCs=,13,24,male,3,20141202
hhhDB7hCFTCivBmJvWK3tta8pd+1kqAO9vRsixctqm8=,22,29,female,9,20100222
GvvZ8wt2kASqSyinO5CmdUUqI4420xoQBR1MK4SXI3c=,13,20,female,7,20130803
wla1DuRfs2bSWt2Ype3mRwO+BP0epni08XZE+LrsynY=,6,26,male,7,20150104
CdxqYnU5UDMTsJMXDQ9WyfGzkmAmP4xPVs8ocIFsCno=,13,25,female,3,20140919
fUeipikNFz/gAL+cq9kIlmB/pHHh7zE67KUaQU+97kw=,9,19,male,4,20160126
Q1VzEaEcT+T4dOZITMaVgwk+XlYjptqml3dhvxnx3tk=,22,22,female,7,20160128
O6cmcavFpTlX0oU/WxJrYGxLIvR22dVpHz/VJxylp8g=,5,26,male,7,20160129
RRbW3etFIB6qjrKuVcr3JqJPXmRl7kpgSlfj7YVA418=,5,55,female,3,20151007
TCuhccasBwZuL5V41Xr+exHI031pCbYrhtiZ+pTVttU=,4,28,female,9,20150712
cUcMTeoKSvfzFy6YGZUXYl0VLmHsFdu7w4VYholp3CA=,15,31,female,9,20120530
aYOD/KKYSML3kosF7UdCUrZ0QlvaWn2AHfSpmIgIlIo=,12,34,male,3,20160804
9ymMuWHbZ6vkuKQ/In5WYMFZHfrntOfSYxUUtgSLXpE=,15,22,female,4,20160622
nG4QuWYsJBGgaF5DheiCLQ9R/dVMK4Ma3B5ybtRuC2U=,13,31,male,13,20161220
bllob+ViMC181UceNO6KdGH2CiVHBGz3i4VdqNcXU1w=,13,28,male,7,20111017
63A70anTaVZaiHjnK1kaXRasDZtxh/u8jLAE9nY94ks=,5,21,female,9,20110619
x6g41n87d8wRR1itoTR1JRMD4a3tIywB3P6S7JgyIOM=,10,24,female,3,20140603
WfN/dvMM37SFKNUxdPQWGMKA21pzfofrgmzZ9t2RHAE=,8,31,male,9,20100221
MwyvRxWRJkStsn7g2uHonQL19YF3lIK87LgQ8pyRK6k=,6,24,male,3,20130713
tgckaVnnykXIgLpUJzZofHBjBRvqSy3po2c6TX69zDk=,13,28,female,3,20120829
GCdf5r0hD+7oe4IuaneerR9MttL6vl5di2MbUkaomrE=,13,45,male,7,20160829
XLk66kgfQ2ywL2WacjJBIYPWOcv8rq038AHXRhdmEE8=,13,33,female,9,20141220
eXLSKattl7yePZiswVI0MYlKY5vu0SOW4mtZ3X+zafw=,12,21,female,9,20080504
1yDkZRhCkGcDFzBxi8Bb1mGM1zSLeFm7ueuoe+2+2yY=,22,53,female,9,20080617
mWNBN6ZcrnqzCYRo88yQaq4ztnQ3jNm2H/SID1JzYeg=,9,27,male,9,20080823
czfpK/ocpeNrIYw4DSR2fxC7t6VAvewpMIqqGJ6anN4=,22,26,male,3,20130401
aYA0H8WSmkbF2VF7FpYPhbHcP3MT/wOHe5L2hUzc8mI=,4,16,female,9,20140820
vuCZvScW6sDlmiti7TlLHqY3dZ4tXGgqRT/0lZ0M0BM=,5,52,female,3,20151202
Z+rIzlv0U2Ra64ZJVlZCcgeP2LQdPKtkpaMGmRXmQDo=,8,23,female,7,20151207
aZ9z83XOUqkP/KLsN6Ep1Wt2L+w1OLDQMBVJPL7oG9c=,13,41,male,7,20151106
s/3KtLytqwONDiRbLd/EtKgabIltTa6aKNnSzxu8g8w=,15,26,female,7,20160919
J90Gd3U+EIcrypRIOgMhYfVxWHhVXVA5g/YsvSFAsmo=,13,26,male,9,20110620
X/Nr8dElF5JLulB7oDOHwCH2ntI0bia3S7tK8RQjDh8=,4,25,male,3,20160123
vmJoWYOqiAtmtxr/EYUUBuEFm24Vuv7e5Ed3T/rNwsU=,4,35,female,9,20140923
3PnEjpUYi8QJQbidEkPRaUUnlsXyvhhN6qNduQn++0Q=,5,40,female,9,20051201
xCB7UVukrg562tXsZH0n8LCVk8AnMa0and7BZoGC6W4=,13,34,male,9,20051229
9SICoEqt9wUmxsnJ32jZDqP50WnW9+uDUbyagC3Z8Qo=,5,50,female,9,20060223
dRNfl39nyh4Zm36lrnuTdqis/sIpJSssuPj41L0UsEA=,14,25,male,9,20111108
soQaVQNv5R1I+/oZGGJAg7Brx+DWGvIOKXuw9zy5RS8=,13,22,female,9,20111127
5OMti+tTSr1/YrKgAFVrgweH9bAC8Sjl4XbXGbVZCkY=,14,22,female,4,20170106
3KKsLCOh1y7TyRfD+HLVYI07EqS9RzcOTzH/QJslACQ=,22,20,female,4,20170111
OY8nHf5TLStttsuwrNQcR/wP2wvyeVpD6/eHh1SlN3E=,5,26,male,3,20161026
7tLuua39uDpgO6W8fr59sPVVPGNXZsYLTMkdKmtWiQA=,4,67,female,9,20100311
sB0PjhJDj8SOagA19V1I+aWnoDX5z22s2wDzBH78D6s=,13,18,male,3,20130710
uBzagpRqwDT6B6JB345mjgYJAMdTIJ4FwzXtddKj6QY=,15,24,male,9,20150827
Q9gw6WzP9t96fDXQu9mtgTIdUjOmGsauzSKyNOJjY/w=,5,16,female,4,20160522
ZWiJA+5tFUJVxmzD0+98Yi+X4qRHPsmQ8AnZaOyB9FU=,1,28,male,7,20140117
2jbZ19AMgD4S8i2973Ln2lpMMepo9112mRYs/FhzO/U=,4,17,female,3,20141020
+sjPZhnRI6WB3lEQJelkktsJ/EbVDwcD+w81BSwdKKo=,13,25,female,7,20130507
cLShpADAsJnbYKQCc7gMNbAqQGe0rbNTH8Ij7TmkJCQ=,15,18,female,9,20160207
3EwwZZdPO9c9V3h8/uxLJRd81RfSX3GWgREXHiK4n6k=,13,31,male,3,20131115
130SWXiO46LPSdBEXI2knW57u9SdOsAK7g1lmH8mdWM=,13,22,male,9,20110729
/rqrx1G2xYWhF8hUQos07PdFMk09EwEIyQM1WAZIn4I=,13,28,female,9,20110903
Wi6l/MKMCXQGs3TJAsOuUXBA2zWJhVXUkDmF5hoG960=,13,21,female,3,20150912
dqHqlLP9zOiVQP7qrdAVSFJq5076jxIsKa7uUsquc24=,15,19,male,9,20150913
lr+HrnT8u46YTpT+iEap/qiwOUnzh6VTbBAHHl5G+wI=,7,20,male,7,20150920
2/gy9PbAYXEUukdM9O27Db5Mn3TZrYkG0WmTYvMKF0E=,4,24,male,3,20130607
4znNEEELNeUPQTAv+ahudz/Go8CELs6v2ZsXi5aaKI8=,14,29,male,9,20130619
ZX9NZd2924a+/Ed88cHxQiPuaM8PBHRTkXvmO23Ns64=,11,21,male,9,20150813
IjvTHU1tPbMZ/9G5JxgBVWKCbHxtoWHj1H+oU6kogf4=,22,22,female,9,20160912
XQEma2pdtK8epc2gX3H3lNmXk77HtjkbSVQZTUsNmmI=,21,27,female,3,20140816
E8CiEvPux0gOACF97/uccr+KjmtuSfnW5fh1Eu230DU=,14,34,male,3,20140926
x7EdLM3JkfrZ5v2gUCqvoHE3X58C4CWQYljqH31IGck=,6,27,female,9,20090124
rJXFYPl4Tt7FyuLHnSJSJw34mHN4vmhQQF8tJvfAHpc=,22,25,female,9,20060901
ZXMaHGeBE6WyndJKsjEwJFMi11goXdBCyuVZu8WWrpc=,22,25,male,9,20060924
3or7JcwgHjCUGsKDo0qj3EISKKq5E0yisu1dUbKpC40=,6,27,female,9,20070512
W5IlQrLdGxIbWDh/ZfuDyFxSlwt/KavsObcNv2tsiK4=,22,23,male,7,20120121
zulngoKofbPsTnLj2soVrsM8Am02cQ+ZE89FSdFkqtY=,18,21,female,7,20131015
43/yJPVmLJw18tUpLzLaTEiAOIVTrzRbGLMLtGtpbL0=,5,18,male,3,20131130
B6EFBVInxOMTMlT6BGxHpfCTwBCGyX5wSlB+e4cBp+4=,5,66,female,3,20121123
YNB7QpVoBA7s4tGK4GUksgFIjzJgTZInQifaQpKEx20=,5,20,male,3,20161005
QefBHiGeDoNsgITvxKNkt9NadUJOZACnt3rJD2OQBvE=,6,33,male,7,20161020
aMTCcyxhAiky60+gP29MZGT91/MaWjnYWaIo+j+ngk0=,15,32,female,7,20151107
3hmQy8n6VGNbGFpYPj+t+oyNd+wDf7Y36P+PA4AELlQ=,6,37,female,9,20100420
/aoXP1D39vcltzzln4hWu344eIY8HF3a+9tCM7Me9Ag=,15,45,female,9,20100505
OiVbj7L3FPCTRTYZS3vWI8OqBRDfptQwzorSLCu68yA=,13,17,female,9,20100516
lS6UpIErAwGdNa/2EaigodSJ6GDHN6aSm5860hH8uJI=,5,29,female,9,20110926
tvRQe+b2p4AoSJJ9XJ95FmPsRPzhVBgtnw1uxgUUeZU=,13,26,male,7,20141029
m3PqETCPa/Bdlqv0Nm/BBm8QKY6/l6vRsrpNqU6iEEE=,15,44,male,7,20100830
8N49zUB0SNxTm0dmDiMjaGxHt6K4guO/rBZxmikZcjM=,13,32,male,3,20131004
F3aPESFcYdjTGJahmLTqbDhXgOAr80fFIYvmt+LiQak=,4,19,female,3,20141214
15meJxWPM6gcN2Q253aFtDFI29FPsbw55127sFoYdwE=,6,27,male,3,20120214
yv0Z2H4Fagy+ftAbGj7hc1k30mvY0r8DAYpcclbkHuM=,8,41,female,7,20120612
zicjvk/KNDZoA6/ovrc1+mLZBQVSSXx9JrwdfZuBwto=,4,28,male,9,20150725
IU2MgHWYmeqQN4LoumdAqteQraClG/9LUTLtJU1Z2aw=,13,28,male,9,20080303
1AFymwkfhWUpAQ2c4toiNU0NcwToUmKhmDOL5eW40H4=,15,44,female,9,20080421
fDaR/o4uNVb+5GocL1XPNB6PwCgW2vI1CXCscXjLAOo=,11,29,female,7,20110128
c1+U4EtKr7CO5UowilP02h5gK8lgCqecBajTOrtD3Bg=,13,24,female,7,20160628
71sLFHe8VwDOCkkscKH7RMpA28Bdb/9t6wjRyh5FAGc=,11,22,male,9,20160210
o18B8ezAjgJcsRrggMSXBiCNUECJ+turA3F86zLfds0=,15,23,male,4,20160213
JuVISwPk5wNBrzUgibtKCBb3vZF4kto+TSfUBALTiyY=,15,27,male,9,20050721
yZzJQx46TUtBQ6QBSBjDuoM+7SHwtC2CX/2WMujLdWw=,5,41,female,9,20050730
cY0v437Ny9Q6LfnzDBz0cUWQ6WD/dTWs/lgI1SOa6Xg=,4,33,female,9,20050925
qEmThP1+1pXZxGcuhYTfBaChzmFM8EdkR4wx65Damc8=,12,37,male,9,20051205
k7bpFO+Bqn4cFJiGdCZ5VMF22Ip5g3vZnQ+o4V0OuM8=,4,26,female,7,20151104
IRv/c2KXgUZ/5OGkdtjp0SR8f1i+0690+W/vtb88od8=,13,19,female,3,20161216
1noeGNBAFz9zoFDJxmpNdqy0Do72WXwJ9N3nX74j5R8=,6,30,female,9,20121228
wrJcru+EnuqHDdV2r0L932RidIOHrItXSNkHhVEtc1I=,13,25,male,9,20130106
+F53ZMcSfs5Cs/PDQLuJ2JDRhgyLcUrJSs+s03sMRE8=,15,18,male,9,20090530
uzwX42mBXaRwAxVjNQXy8pQ4UNiMdfTbNQh+xL4n1EQ=,13,38,female,9,20090813
jbPubpEnBzjiVX3CF1Wp4QDxEYvbdJoMp2IVzmzOQow=,15,39,male,9,20091124
X09DJCNelotfImz6nrCiPSjv2nRoQXVMncTE9E71yj8=,13,28,male,9,20091218
/kODDn6jbgQS9V9qIgVZ0gakVIdHtle/GGvFGZ45agc=,22,27,male,4,20151205
EWNfe2FZ9jlzqILGFDD1CjwU/7WzQ7RKVyHx6qulsSk=,21,20,female,9,20130406
r4BXudc0tSFDwgUbpR2ntz9ecZg6cxsrD3I4atdueZo=,18,44,male,7,20130422
P+dF446UvhI6JOTkweR0+RCzGipLU7G8HmAGG26Fsf8=,14,62,male,9,20121013
Ju18oCERJe1XXd03jP4TNpMFIo5+MhjlJ6EnkkZ4ODk=,13,46,female,3,20121203
iCZ8DrRUy/Wei2VycyL/o8AhDTWwHBm5hg2N3h7/Ys8=,22,29,female,9,20121222
MsvNPZFDZYB661tYQUz0jejaU+ksBQMPWtvWZEn4qg0=,6,32,female,9,20061014
W8P7sZrnhaReHc1pTAl+f9dbtMnLO7fyNOS/PT7dFSk=,15,49,female,9,20070124
LyTimumuuA++txoyEntJbDH06WkaAt1vB9p6eVGngIs=,22,25,male,9,20070519
9w7Ck+Vu1wXy0XcsciTmZpkworVlBOGi4jl4yDZS3CA=,13,20,female,3,20130216
qBOcko6WC83XNR4a0RvIXf1ABkNNkxngW0fyISFyQ14=,22,21,female,7,20130421
bA0TP/+j56UenAVBy2M620/8NTtTRZGr1D+gAno/5RI=,6,32,male,3,20130526
AkaoPP812fwhadTjOjUa/vEu2I1nxezhRL+65ccM1jY=,4,50,male,9,20130626
Vxk3aUNtWdV7H5qzlMK0iRP6KXiNuy8NfhgfOYgSjbE=,13,18,male,7,20150823
rF0NUrBJoUaAdRRzBU8ZXBZtHw1U/mQ0LfjO2pi8t+8=,1,22,male,3,20160313
5CiihrXtqa6CzdxC4T5Z8BJkVgXjM+LTGQ9koh8J5Dc=,5,29,male,7,20140405
3IERvmvR1k4jx5/WfRhhC4nVREOxcUo5w0wMmHOtGZU=,6,35,female,3,20140412
IvSjHt6vQIcon8KGIie8shLSgFi5CQ2hrH+hGG5IfKM=,13,24,female,3,20130123
XiRh0v0ZT55qQioRfegMtqUWqCyeKkcd66LsITbqTBI=,15,28,male,7,20130305
5vWqt/ypbmFFP9TRRTuDehUXIkRKe6OvUSNeRsSHeO4=,9,25,female,9,20081226
ConutsUGbJtV3xmoB53WI/4bazrK2lX4LNcHJaye47E=,13,29,female,9,20080913
B83U9eBaD5/CL/i8CDiGOvKN2Zne2WwKdcGmAQ/kclA=,15,30,male,9,20090225
OQ8Gvz/3fUXAa69JQfU8H6KR+y/q3U/4xHYN0+OGjM4=,6,31,female,3,20130404
w0iPSU3Wd6xcc/cMS2GU+m9IXRZk4FHXinhtA0k7Ojg=,5,23,female,3,20120224
XBlF4WtunoBq0PUCozlZcdeCqeOiVUelhf1f2+vhoKM=,12,30,male,7,20101202
FWNcZlu2SWKwP2w+AFGwzkq24pRmtohmKfdnJzCJBFo=,13,24,male,3,20131120
rP/Wnto3LIE04WjLY/sWNM4mqYdVlrBDCrfw+lAjvjA=,22,25,female,3,20120730
NBk4vkV3p/kXXR4r/UAJJZj1li2tWuqy2dJROhLqWHE=,5,35,male,9,20120810
BZKFu6knm3HpZeZc1gl3AGoV6DqFrESt/TVSsuwswwE=,13,16,female,3,20120817
uu3njV1YSywaUQytDvQzAmW1jstoOlDljeX59QlE4ps=,13,37,female,7,20120824
hzib0njBa2Yv7xyjGe5Pd9yTJw6aIvTkNuKVy56Uk7c=,13,20,male,9,20150502
90X95vOUCkhzaGWgkDoFe8Xap6r46gNDYRu2C0Wzqhw=,14,31,male,7,20160311
uRc4ObpGnSjuHA/UTQnYEyltb1upfbBd59qWebANoMQ=,13,22,male,9,20130510
4unciXh9x30xtP85xjgtVwTH6f91OEDxS8y5V1e55Eg=,5,28,male,9,20140513
lJiw0YXXzGbVTnMreu3p5GkV5Oa2vw2207r3gzVVZvo=,15,17,male,4,20151229
5ZyTUbiiT94mjRd3Av0+Had5mFCy+8DshDVulsh22jM=,4,17,male,4,20160301
glpCCKeDLAZmTdFGcKRF6inVx/lh2w0N206tDAAlHw8=,13,22,female,3,20130707
PXsIRosxmyd40Rax3iNNPYjG5rNYp/B52b7Fbomm9jo=,22,25,male,9,20150903
v/kU2msmxFNOfNYj9wwG73q11bm9XVkzQ4PvqNTuVss=,22,17,female,9,20140918
eS/SlLxGAqnv/LcvMzI7y1hFwewQmmRn5sFrPl+fY6Q=,13,27,male,7,20160729
2LBCGj7IYn11Mu2T/8SwYvoGnFB8fzWY/NtzuS9m7vM=,8,30,female,9,20080105
6PAuyqrmjt5Tgpc4HhiQuYK2ovKJo4+d/o6aeBM3Pt0=,15,26,male,3,20131016
y3xFDas4w8oD7XNxRNg/71xDlPvhaSkSPQOytLkspXo=,22,19,male,9,20141031
dLWjIVdIKFNgVsXPxbj79s0ihnXZOVkovy+8f6+8yQk=,5,25,male,9,20141126
N/OpF8ix6MBHdFcEdoOccRbiz0T7nLkUUfV8wIBNOMA=,9,30,male,3,20130903
P9RlYpNT1E6WiKhPkr6Lw8JhJbp0Cssn4qfLQrcPIso=,5,21,male,7,20130909
rNgzq51bA2OFIT5naiNPV1OzQFo6w1GJoby4XcESNJo=,7,17,female,4,20161011
qNzET6cbYUkLzxhRixrrIsD2clANvPwkocF/TRXCFZI=,11,26,male,9,20110617
4i964y1YHDMnKyREtRvlLpI8NtCwI4vMbjnLP9BgrGg=,6,27,male,9,20051023
AF/nU0LnlM5lhPjuZ5uSJumq0NxSF/0HOW0WkULPWz4=,3,28,male,9,20051103
I2ZD7P/Ip1AXKVxPvPyHdcKEDVWy+Nqrrupa9KjywEo=,4,30,female,4,20160207
8Ug1oa5x7zPaQ2w1D3qIt/PjZgIkVqA4TYtAqr8RBuo=,5,39,male,9,20080415
oOTGn4ts2cm56f1xmSXoqDK4qw9SwvL191DfeGj9aCI=,4,34,female,9,20081125
dpr3aTLjXHR2ZBKjEFvphbkx9SImgUVGTTHby8RKEm4=,9,24,female,9,20150905
tDqkcbBKoZ0EhxrjXyT+CD8ZYCY+EShzrwqcr3v2LoQ=,13,33,male,9,20110906
dIz0Zc7SWuq6s2J9O04VaEbnhKP4A9wkyqkPnOsQvec=,13,30,female,9,20110913
5b/F4mT1iJDemZqSf3HJPE62v+I4RzvGHh6siyrtH6Y=,12,27,male,7,20130917
8EMJ8wsY7e1UQJwhod1H7BUZINJNXr2OAHWubGLkxi0=,6,18,male,4,20151117
1/RCSOxddrzP+inaiHlakUTkFG6N3C2bxNc/I1wGtVM=,22,19,female,4,20160220
uOuQSUFBZBPl8e2C6p9cXxM8NfAp2R+V0+AFfQKtT8k=,22,26,female,7,20120204
Pg5ywc5juseMJSaMn8cMJK9U/6SZw/C3kWeEF1egUaY=,15,30,male,3,20120516
s9As2gA6ZX4GMaeWDl+untaOYWBct5n7txJtOLRu1BE=,22,25,male,9,20120623
TS1fmu0hP2EpDK2i/ziLwZJN3oUo2xNU19s0vXlWR7Q=,22,24,male,3,20130122
6TPGK7NWnF76Yn2eooxSc/6nifs4WLJupPdHCor1uAI=,5,34,male,3,20130304
1WUmQNlUtATnsrN1cSCRmYCWnSBmfOQgs2HROpDXb3I=,22,34,female,3,20130408
BAZZv70o7aAanFxw35kDemvfP0u0bPPwY50ELOXFUEQ=,4,27,male,3,20130430
nHnO0nmBzZMZlOghni/xZrefJRXwVDtAKCL2u5pKO6o=,13,31,female,9,20070821
g8/XzhHPTPJJfqdr7siIiNAqGvzRZCTeRWMg1H4fkQM=,13,37,male,9,20060212
8IdDqRlxeMAY18dIrj/qwp3keSxyGinE0BKnVhgusz0=,5,32,male,7,20111202
CliNM6O3wXBHtAakUcR/y3K0H9DsGmSc/woz1MMk714=,13,27,male,3,20130625
nM7Nro+ZxTqYT47HuV+EwXxj3uub28HUnipLt+4j6o8=,13,22,female,7,20130709
iZn07/dqYZkP3El5ELARW84V2rQmdbZCj9yRj2GUmtQ=,13,32,male,3,20150813
41/TS5ZXBtLseOjwQfMnFLHd9ppcSiLpXmwdDtEJHis=,10,50,female,7,20150822
upAvVyXVdnlOLytsYWanvOZusna2KW23G5LEhYSAdY4=,14,23,male,3,20130325
kc3PqSaoYL3P6DJRIym3l3mABXffpnCyndA1rp0U/mk=,22,24,male,7,20130508
h1N9ofRDrNIWf8I1bXUDQ8jzjxQMdPyVo0BH1ktnaLE=,15,28,male,7,20131224
5+Sep+P47tjKVVFNf9jxQi0oOiVZZ2u/XxYhsToQnRw=,22,20,male,9,20140122
HAtIbnyRpPKr0k+I0OuX83PXQrsWq4dmrLLOL2cDAY8=,15,27,male,9,20130412
L8kvzdfht1UzuVdx8dd6K8TP9jDlQu9bAQPcnE/AP9Q=,5,24,female,7,20130507
005gP05abJe/rU/o/FDkewNAeH6CpgQgoXt9GZlb3rw=,15,25,male,9,20050810
jM01nURfKvoNWesCuhd8q2YRtswnBoJgYwnqqmAab58=,14,43,male,9,20051021
PQnEjokitwVzSHSKTHZamuMXBaaulKny2fYdO0dPEPk=,9,33,female,9,20051022
f6vVlzndF55BJmk1rVSmSlWFcsg8Wh4116gMuKucN24=,13,24,female,9,20060322
mU2OOWHuRa8OsftLcJZ+gOkG8ylydQkPJc45N1D5O3Q=,13,34,female,9,20090323
RFs18+WDg+gRn0xw0HFEyQuoZjvPpkKt0nKSxlj+2Ic=,4,28,female,9,20090824
UdJqQKLqU9u/EBhsNqlZB/e3SMytbW7gGGcMI38iltM=,9,42,female,9,20090102
PjPRnomU0Oi1RSzc5gRUl6io9P48jD3I6gapdPxUgGQ=,4,30,female,9,20090105
KtfDC+QKgXU44i/zpBps5v1fmrBZBoDvE9SFawQkXX8=,15,17,male,3,20130123
