msno,is_churn
dOv+5cryoV40KCKk2qmlCmywL/suDL9Dn8R/QD4vUHc=,0
TCHmPRu8maBXiSh8UK+nEuN8wN2BRlOsOOFd1Hj6T4k=,0
1MBTtHmSSkRb1JesAvkRqxQuoPFYi01VbbUSWZ89W44=,0
Pm7WyqE0/16y9ZK/0TVDuXSbRsd94w0Dy0psJaXI1So=,0
op64vOl08129xYhd16uOrUEHb8wZ437T16rUhNlW3CQ=,0
pcjl9cPcTnCJcGO2Te8VOvwBfj/GQtgx00TMX2RUNKo=,1
zwbXcjVdzP6zKPjYumUhzJpnJqLJwMr8GdLmGIIYTO8=,0
JMM2pZ+apU8Ok6g516sBvcTIXWueZ/amxaIYHdygMCE=,1
8Dkj2/KgL28RDK8HnbXdscJxbcHs952OcO8mzcyctRE=,0
zxs+SPlliv5mcPTyJ8oebyGZ0tu7GIYs8D2Bizzom88=,0
qAdq+dA0Hu2IHC4dKki6z3h80Xczde89sVKnIJ/luTE=,0
VWRoXzjBUNxroOT8D6fmJfHJFRdnqNyg/25Lqd01qHw=,0
8p5OCqht3N6sMInx63msU5nPJuwEL742MCtOQ/BfBuQ=,0
YuV3C0z0pbnnWaDL1cBEwCDe5S1agrNVkqt8C9pX+vU=,0
IeSmc3Xq5hBBuk72mSke44KqHMkJg2l2ISF8MhCV1gk=,0
Chr7xYdGiAE83ZizezZqh+24TOmzQjbiy9mpaOhLLlc=,0
xYX9Pk1GKi9r+H59v3adSExpIqPNnUaa8Dix4m5IOGs=,0
g0LtiCNdX3TdV6mTPAnUJ98avdfZszEEM5+4B194rpc=,0
2fpSlPOZfqLa0tjF/g/cdskvksOQ9y3xyYeqVyyGpkk=,1
EVELvhCF+5OrvYst4GJU/a+ofFXe0tuDLoXUdmUq394=,0
3hg1AkAVkrmv43YJMV7pCnlOlu/OVoAIBmknmcQrftA=,0
3AD0Esva/V9f+z/A9EZepMhucFkvP62yGWcV2tST9Tk=,0
dA5rR1JNYY9tuO4dhZwiXZ3KWD+nKzXf0bg9jFN+pLY=,0
lPCMM3fxZdCc6Q53bTYBgKmAm4lcmVYrHaGpCXYXTnE=,0
JZ+6Hc9iRLSndu342RzG5b9PwnafOGbWVsEwIVon+yA=,0
8kKSFWnmFgTq8jX7ZjOzDi1m9SXRm3ofm4P4UYzZNFo=,0
zqkgkDE/bg20MKmpfThKIy9XKv/vOY05FdafO2vjHsI=,1
Dou19LvuSjtMh2BLLIrCGWhKKG1x1YgF5dCNY2qii+s=,0
Tf/yb9k6W9OixE7rNzT7ogzEt6SG5v4bZlHz6IsGJ4g=,0
NE+McazX8U4r8gye61lBcRDOZPRd01cGEfUZi7ZBVyw=,1
1hWfMuIfcjiacqiyjpEjjEZhlqgHFDbUyz7ciILRVSo=,0
sd87HH33V+KzIzY2NPo9qkpyf2EhYLfKXpo50zS6h6k=,0
bSWjbd1DYHYHbME44H/MU3aZcjcL2cSH9zOmBsGGI3k=,0
KJPEnA1cMlfakv+KQWUQmnzysFdMqbm6au4Fk40w05A=,1
1ZuY5OPi9bBDpxMBkWOYZ9lSDozhwSflj43ihUuIwT8=,1
wGZ+rL3p/iJAVpM4SRPtwg1fsqasGgziHCawOaJgFpw=,0
ippAe/Z9rfV58UvjaLOgX2HOkIaFOVs8MaqL/3xO0A4=,0
6VJrsbFjgGUwOy2pSpnkbFDTv8r3z2HMjFmMcUW3pPo=,0
Q36xbSLTH42qcSkcE9nSr8S/aIlPQlQ8n9elqUdL2CM=,0
FhR1c9/tpo7doOcWHLYR4NSZACajoj99nGnYkaheSyA=,0
Q3Ffp5YnIdzDxwwuB755t9NaY7X4qjJnf7GZd6OLaQI=,0
4xbLADdjRYG9wRwgtBs/od1b7UqnBIVJwOnu9LRFW7c=,0
Gcay4bNytCMUoH7rQSHSRSVorlhrP67tlsGybvyocLw=,1
nUxr/qGwl/v5pbWXnW4ft3fnkulHCVUnpSgS8BtZ9Xw=,0
59Ri6XMZ6tCdWJjIibyNA9aI3WqcD8T3s0F4SAFU5Xc=,0
dJCO/PN3TQLnIRiC5zZrMiCp0QQqlNJZo+EfF4lV/vA=,0
z69hlix9acuALC+qNLInG/Gnlqs7N3W4lOYB4siUNV8=,0
oVNixr8OAgDrkv61kuM3F7sw9eor6H0QaL6PuKfGUN0=,0
1XoMJqweLbA5yS8AWxCyj5uZZ//PfHSoo1xnCNH7t6U=,0
v236jsO/s+/zDS61RkBClmEdyZ55Wgwg23ZxUDK/9Dc=,0
xiGSQnfubTGgYIZIMUbimMD3G601jKcsy59Pp+l/bBw=,0
G0aYcf98gW9zA14Sz2+kmfYZwTW8HAJWUfCQ2TuIbo4=,1
4Y92IPIs9n4jGjI6g0R/IWVxX4Sl6O5cdxfZNNI8kCk=,0
aOqmoq+Z3CXBkkhApNEV1cL16qFb5zAZsbutyW5utq0=,0
3I4HM42OTVeRE+dVgKnZaWho90mF3f3Dj78mP+JUMME=,1
fwqq0pbdug83BCf4CSHVYHFnWJYwZLPopC5Nvam9Ieg=,0
P4qhS0algW7k6F3QDiNCQ4/qM7ZhMv/dHveY7m+lfIE=,0
k+uEpPAfOSBpze7A0B4i+JCXpk1D9m83XrH346Ie0S8=,0
lyid/Ta9jKGSk0uingdm3WhlSu6kNoJXs5pv8zbUF+M=,1
7NEgiPf8G54XHjeNhUaKD/jxCf9bM7AuWppdHxivSK0=,0
eKd9y+XsmzeHPl6CS8dVwHdSoyYotCllX061YeopA1w=,1
NX+oG2B1ptUx7JJT88yJ3xEHyrgF170Nl60PteaTaGs=,0
bHVt2Ax2B+QABwP6XbFrhTwdPM1XYgEeY1zpc4GS+YU=,0
vpBqzxd652MLMEP2Vk2LiG/WTpBy9lUpBgzcHsZe7vs=,0
J18fEZA0QZlhiM5ZGwu/TyRGEMCz8pGMGUrXGIxZteI=,1
NWHdGXFzDnrzm9SwAlyE29yrl9y8GumZ7kj4kA5L7c4=,0
cCDzjnt/6L6UQzRkCRqPqTgq+nKlVAEQOWlH9q4H2B4=,0
wlo0V8kULWcLgIO/m8stzdkHo4sUihohEIn4yEsmjgs=,1
zRUUSBN5Q/UdAr3G+PitBrFiUIBQOGvED6Lxt0jTS/k=,0
ZhvOBSo/B7b9+2lk45ldI44bHo7YCVuD65bAr0m+z3Q=,1
Ivqi06jQWH+e4xkh9JnPPH8a0cCTk7rBtlUEMT2/u8E=,0
1pcmvMdgzjqQiu5b/NR5mm4cSSfk261y7a7fRALXnj8=,0
AgO4W7ekajEopKNyKvtMU8ax1rWGWAQobFMB0HUmPmY=,0
aMTCcyxhAiky60+gP29MZGT91/MaWjnYWaIo+j+ngk0=,0
kv14vNw21p5vpZx1TNcDMZTDOaA0UuWKOuM7vNnqFMo=,0
tGbFdiR8STpFdrQYaQE2ajVqT5T/SijTNnnC9znnuTM=,1
PDqZe/J9hECItD69jZyLKu4QWV+acQXCNqhbqKf7hxA=,0
+xixsy3uy+djLakQZeo1VIMqYHGSb8nr+WkcjUyCFZY=,0
YtmoG0ZTZ8eCc7ASae+eIrSR53UxZqzMLPOCcSbTl3g=,0
AkjVSwOKfwhYTln60MCqmkxs9WrgxTVMh1pR3wBpKLk=,0
gAyih/MP5hBdct+L3uPuvXPI4HvjQ6SGPK9CRw3Glw8=,0
ujJujTy5EQGjECTjxtqT2EsDPcCdQFhvS8c3e0iHKHg=,0
3SeLvEqaruv1kOQ2qnYgMNk0/A1YArtqcYrk6kfn0I8=,1
ctiUyUamiQ2hz93NDatDJhi+UHMuHezIDzi7jECpdN0=,0
0lU6za14KJnj/uKSHPTLBZiZmgLjbzyrA2VpbS6fD60=,0
MUp2JkXq9D/QwnbohsJuN1269Ika0dKGDZQqk6PwYoA=,0
5jhbSAe4L/FSET345G40k3RHSNddVbgzFjNvk67Lpc0=,0
QkRxnXJTajkPsds8l0DGpxYD/38RsH06U2avCKxechI=,0
fdaiCPvOw195w19YZBmnqpEKi/H6iH4ZZKW5Ye8q2rw=,0
9vfTUsXLke0kaeIZjMiVKP+NloLv0K97xJz0Ee57eY8=,0
2bbCFFs2+XpchLCjwY5bOS9MWvpKnFZ8/mEnDpvc8pw=,0
J5jaitNjbKlH+QXPn74kllfGiwV8JoFhq2cZuh4hCxY=,0
6lEbnVGXiHOJOTyJ86QRX1G0VRBs7Bw29zve4ljBQ1E=,0
T6rIShwv/NG1nEBnDmOAcwvUF3nbn5UVf2IJlT7NEYM=,0
06eltyi2paB756YrHi4lS+It37wG0VqUEHdsXH8m7Ac=,0
J/Q/w5kM7Z+Dne/ccJwJK7Q+TKP7DUCmJaUoYCvGebM=,0
IqYmAjWqZ8YNRCR11kMH6NeympFJtEy4cPqn4kFJgXM=,0
GN7FUO263tJe70jKJepDwYEu3FvP57FJnMHz6tmxI+Y=,0
jOrv42E9D5jnopDLWiYcpntMTot6Bs2ZlNr2+KkSniw=,1
3sh36IFxIpJk5H/SoAWa6OGlef5pK11CTkX2KilvI2U=,0
Qy5Vw8i+X2WgZ430f27tIwKtPyQpwAUmRJe6i5b0OiY=,0
wW+NYgPUlz0oOXo8fpg4nsqi23/YYHFlBPbYkybTFlA=,0
A0+Gy+nE1OYWKwNcd/tMGTGJd4aNOtPX6U7rpfcqONs=,1
cZqGneLhxsVXaQhRj2QYgdjdC3NoSo21+L0fV1VykHs=,0
6fxNsUyuwsIb5BLfVzNEVImQh1l4yvdflN5dXqis44Q=,0
bdSw9/tAFKN64Pwfs8Yhtt/S88jaTVq+/Tl0Qm2kLJU=,0
iHtIy4R+53jeKZmcdFTuYa2iYul/ZvI3U/eyIuxXJQw=,0
6+eoxHWF6GgAZ6TcQB/DSJgZeKuJjh3Vr01KGFg7KGk=,0
hjgLtO1SGV/RqMtB338XBPQhjIgz/Yf76SnXfqJiQ1A=,0
SHvUZW5uCBmY2k30arlIJ/TjblmzUfvpqFkaoHvVyhU=,0
F8pFgJgFlcdEV1RHuIEEV3usWQLxbEasVll1lV0+J2A=,0
ch3iUHgGDLCOXeMDkte4fwbZvlXict8TUyhJiUExoW0=,0
j0h3Q71cTd+3eCUAwiCCt5jb9nCwy9QcZ2wNISnQFJs=,1
zOn2L/UQO0Ts/HtwfyGGvve4cZcFn5yUIUpXclEqzSQ=,1
/rE0i7EYzO2lwErDQ8ivbaWums8BOnXUF8/aX1zH5JU=,0
xihzYXatR18m92johf70kKsNUASgJVNpPRM1GWOfTkA=,1
2zxA3ocoTSDK8MWSPTTg9Ja0fVh175fnXyH/hiQZN0E=,0
s7Cy4d9S0Y3E3Mn8UYBRRS1jezwVwvc9mJ5EOcPfWJA=,0
cSjUUR9myTMuKUBL1SaibzjkdXxgjOCT9pxUb+7FfVo=,0
DXhE4r8H6PLyGNSRA5YI1bujZ/LYVljMSIiqUqyRBqs=,0
ep40FhBr0suZVKSVpFu0Vf8XTLIjNqMxTD2Fgh1qGFA=,0
cgMY5nM/uLhSfVpC4vnFAmGq5l8IZnYCU1DnXgpm+Xs=,0
gpYB0Zb/SbZ57BHRCVWDCX8LvOTd9XQVlaewdjaVmmw=,0
GNpGRLYKicKIWe3ptei/OrNEy58qOo7M0ZchEA5R4vU=,0
msjUaBG5Gb+SA3Tlx2pZa5sSq5Wn9LpmNPTL1HhBWnQ=,0
e203NVZ7FSjyClA9lUKVh7vJU+pjfz5Q+xQbjoI2Cdk=,1
LVjXHuLxDS067+Y8e4Xzo/wRBz+UOO4P4ev2tc1Ef8g=,0
uDznp3WusYLpr0AKgGa2gBKsivjz93DXng/B9+yn/Bs=,0
CHv6S24G1LyovYI0HoU84d/VVsPTmhM1N+QmfHACKZ4=,0
I0eDoSGYY5bBzB2TXvXBwfLgzkcWYM0GtpBGyZv0eH0=,0
TffEUKo3C6DUHy153jmuRuhIe7pu9zq/WLZwOiPqsH0=,0
J9S63sP5E4uguGEclOxFWN4xt/9O1m/IsXxn/9iqf/s=,0
IEcLP3SV/IbjY4FMIC+gBpMGtbVxyuq11JD9eNDCSD8=,0
K9UnAeM8JOwhrBJO+sDvEvET40J+qSkWMfRgTEnkD6c=,0
q0/EotmH5b6d9z083/8EKskoUc5g3mQHdl9pzBHF1TE=,0
459IMkHQxCUTuxuLs0/shzpQvlrMvHTDISlfXbveAnk=,0
tYq2x77AvtuTwgsPtSZz2DS1ckDZwacUq/D2ZEYSAYk=,0
WXLrR01ivoU2YFcyPgGnzqdPpVLW6qlZtqe6rl5xnWA=,0
uWxmVfSnVZYO+N/b74nZqAgfsIAZmOEkx78yqRR9yiI=,0
PtyZ/JFrNUSULroMxWUyA/ScmlE86fj710aU6YhrKH4=,0
GGUri15orvXtzuy+IOpdAaeWZI3exspHPBkjq0hKfPE=,0
1Qx5mALoRRubnkcrLMCajL8SyvUQlNsaJgsaosavf8E=,0
noCP1oF3S4kVIfJ8oNrVdgsB4qwg9wsAM2QQTZF6LL0=,0
rc5MK0s4wIcZuRFV8cFn9UiHhBUjPxM8lFEd0PYvNs0=,0
S/+wosJ9OMB9En4bR10jPso6D2+wENGaeLtvjG6Z56o=,0
N7sPdcXyn7ptzRP+2JTMQtP6yJ9SqYGg3v5fzXmhDyI=,0
3L2tSuskxNj4bgYSSmRO4lAxkywoqno9Ned1NfQszYw=,0
s3YaUfBlrN5aChdZ1n5Gr0QoSeDvfnxIGB6cuYhOjfo=,0
65J7TTPQhT1qxh/u/fnuoOlP5+lGc011q0Td/5BuwDo=,0
tGEQ8Z2Ur56IrZUGtGk36QM3qe7A3vZ7xpKRyyV88HI=,1
4F0Hz9iWtA+URNxw5N8Cl2jlMH0D0/2QcDkTSeh1590=,1
3KKsLCOh1y7TyRfD+HLVYI07EqS9RzcOTzH/QJslACQ=,1
LugZgcgeHSQSDVA5+zUKq7ab/2beXldF76V2aZyx+nI=,0
0FEfK2u4B3MBG2RByRVyjfz0TzHvcP6yKuejXtCEKPo=,0
3PnEjpUYi8QJQbidEkPRaUUnlsXyvhhN6qNduQn++0Q=,0
0VBtssvu39Bo0brp9lyZh4GdVfsvC98S9s4WPSLV8Ow=,1
6S3Pp4V/zPd0EiEwtKKcqJLn6tmTNmVu6aSgEQOo9Ok=,0
SizXMOtt+G3IUKDL4sB6WOCNXGN6LS3tm4Do6GaeHFU=,0
6Q7HEAKYH27qRElXCnS1vNGDzpuMYu6o7puF/czAYLs=,1
bvuibP85Vp0Go5eZhPTJ/2kHJTc/X+ggC+WqaSlfH3c=,0
U3H1xKOKzUq7fELr+VAMsa1TorzIF0cMYrnJNmNQbtU=,0
uXAMtMdqaUc5fsFeX8n5p9YQtHc1dUQFXKBsjPEo5XA=,1
VTeWT/JdhPthxUopu/wpV5zgCweYqObyveiNYxiaH6U=,0
Trp/KbLwNn1fI5uCjH0j3S6X+DQvjtAEnt0e32PrPDw=,0
6lodsgiFq63R3xpjsASiqNZrH9ZXCq7eJE47v1aV6R4=,1
vqXBXUh4/Cv9HJ2YzIYtX8nGL1NubSR9fmrNGdCIPLs=,0
gP0dbyMexGUG0naljsLgloIc34PQbAUVyFqhCpbGHvQ=,0
bfYDwUpLJd+nPOQaRTJ11zoPAeHQhFJrIHrNFvjBHpY=,0
TsZXl5J7vRYouSM86S2XOFyx5Ct9m38IaGmZHSiuIN4=,0
1GsuLjpZz1EqCx+AFJO2PzE8JzTIeu3z2CHfQTd6gwY=,0
1MW6DB/FMTglzYO8xYdlXvPRVNFwHogDf2JKYgE0fqI=,0
yfyTK6xq3lpyQAaBJUPm5fj7edLzJ8hxlR84HYd/PLE=,0
GiwOY8l/lt/hovRLP3bbB/J1JSDUUvA6MwTbYTfnl9U=,0
1Mk+vQ+Aondd6caqTDl1gtDhvEK/k98fS/xPhqefvGo=,0
tcUw5oYzVGA4I1clWNSykjhF0EgfPduYLExMVm3eDr0=,0
L9ZlHWraBc0lJJ90GVhcZU14E+KMT14TYxMhXfp+exg=,0
9qOVQNlm01aAL/NeLnUFDvbYPUQC+QBf86xzVsKWoms=,0
w3OEFE5pn0nBLOJEYzjwvGwrLALOVxga+PdgXUU1pMU=,0
m+N3kCvh7REueadOjDldJFd9dyxHhFxNGj7tUfSaBQI=,0
4znNEEELNeUPQTAv+ahudz/Go8CELs6v2ZsXi5aaKI8=,0
NKFaB4Pqa7/T/GMHT7HLd06Us9cKfNtq997yC7it/VU=,0
oeCeM5j50ALNRB8bR08p0q9aFQydZ2kp6p+NmgIbtvI=,1
VPCZN0IzQ5eViYmJxkJJArHzhuZ6jkb8Za6CRtnShP4=,0
dzY24emY7DX/ex5WY/U/zmJSu57dYsNAPLtdu7qtpiA=,0
5WXmAWtCeGQGlDkdYd3Tam9jFaqfyLprLZq8KOFNndI=,0
i3TB9Wk/GcDMvQKOFfbyYi7+uKjU2mvlZNEBUHNtQqA=,0
zRfxG/hOjJACsSSaHbWwdpinS6IMHMaBFgh/r+ljdGE=,0
tkH5pVhIfQGw+/dhn122W58o8Pcp4X/AGmICslTyOkY=,1
I0/ebK0nIlkJl5LFsc87GbwYrRn82Saf1XdkyZ1N+GY=,0
QWXWohwP2Gy6ki7HvXK5P9ks0GnDY07qTfBKvqLJE/c=,0
pSV/OUXlqLq3yWkGszewrRpuXnvBOUkodR7O92x8QCE=,0
Wk5v42pN1pdjz4fS30+rjmbx9RdmcxvK3Nn7PXOqf7w=,0
Uw9tfTq2aTyjgwnMlWfU8qqRqso7PIwsFMYnYiftBew=,1
mRa7WWhANX9Qmuw64WwGZyWN8aYkWw0aEgSY+w9+BZA=,0
jawLaxut2nueQc+fyUd/eD+6VrsWSuq/AxnMuejwgKw=,0
FxX8qvZbZ0GsoUk7+XoF02mo7oM5830W4dW54maoeOY=,0
gP8mq4e0M7XO8NhpR3Z73rHJmo/GrP77mEUuFza+VYo=,1
rt+nbbdZ7SbYwKYQbZtzauS3P3jsKVpBEBP+36tl0Yg=,0
WZ9aXU+cnVpoENoHeGU+TRcOKMS701W4HGr839o2zXw=,1
kg+1e4kLoAEAmAnO1ivayz/BSitemxigUDCFAQIS/9I=,0
6PbjTf6qdVeYLFrhKhmTM97PVd5u2b1uSCw0Po8GncU=,0
XYhnsYGXZdj7q6xBJAELU6hTt5B+/q6Ybv0z1GrQjeA=,0
bt7XS3pU/1Ue/eukYOKfX98Y+s8zex/cYg1gNOaJBLA=,0
G/oAghmHS0PFskwNTadhd6U7eNYHuJoOZPDP1O4uQAM=,0
fNS8w6IPA4tIl3IL1Ttfobt3fgh6Zax84WShCxteOZw=,0
J5SH6kIE1yU15prhN4OEVrpI8v4EsY9BicRxyvCPfz8=,0
YWIdtGFtdI0/NNs9BhyzF5Kt6zjIo+FcCcJrROZO/NE=,0
IyBcwXXxzC2Rld7jORebk/rpHwSMQeFRukuQZSH4P+Q=,0
kE58QUWoqLYxLa/rFOnDKjkyL0CgG73Pf6dWEfaPvqQ=,0
xKbfHlSn53S75f4RKb2BRH7Sg+6AuIXtrVP0QJfg7Yw=,0
vgIoyCZ7BxImJ96VoDxM5+kPeWbB92o9Z7mD7MtESmI=,0
DpJWo0eGEQTqnpqR9X9PZQMxNRPwMp6A2FUf+593+qU=,0
S72AyMrCGAx+YtwOIKHEKevKzLuuWnGv7IXHGJrAA84=,1
gAYAmeTXiKR9vTXDGrCQme5ICScWgP4eLis8m85rze4=,0
xtngcZ4VxmV4Di4kyZBUZ93mipwgTdx/tnsWxv5P638=,0
nnjCsbzKzQKEcv9sd1rVwyELvFvllbpwWoYN3oKTTYg=,0
FMOdfz8ELJRAO4kwDluaEGKKHeaam5lCSp0t4dedjX8=,0
1z/2mUPfVnLQqPqzQK0iHsiJgkSB0hfGJAEIiPgktzY=,0
fB9MyB95I6VYYJZSh465maVrxQFjk4pUy2L4MnciV8w=,0
mfl5uBkTcCE8VxlDtoQr91YAF5DIjDGXTQK8q4+agyI=,0
7PrdtlLycEKVi+xCWQhxcNmBOjRkJWm5V3lnUndZSp0=,0
myExznHuBUyqfm8wndjwsUPAl4fJJf2XhVCK2uXKD+k=,0
curbPLEt86EnZtc4Qm8a9CfZdjk3cprC4XU1fGunors=,0
B5WhuAw0qN3VDIDPlEjxpm8hhZm7c/0ZtozsOiT156Y=,0
XUWgaFh0xvcWHUx/JWvBQ6x39N3OW+TRfi4uHC6Z98k=,1
mN4UpAJ6axssjQlMW4fEiBhUA9Jg3MZv7LQNENVceQw=,0
cb1qs1H1tCXT8KB1zv1fCZXyHTwYhcntEluQV2wE7OY=,0
MN/4eTO4g3o03+MJ2s0OBQ0iqhNKn4VzY2228vgl98M=,0
W98d0Wpf/XwS45t7Qq08rKBer59ZDUK1zGq+VgzUeGI=,0
iljujlKFMVO3zMC0tkWyxDDMhRiXBZXvIvaO5KhHyAY=,0
zcYGn03tuKryP4u4c8H1hqudJWzmD4rFbYsUzCVbuh8=,1
ii+oCemYW06CRVxKEZKEMsyrKHqurV529pzbqHlckYs=,0
THc/9h7kZlbjpU6OtrvB+Zk8uEd/K1V52szfA5jSroY=,0
pLQXgwumDp3rfemIntyBfdKaAH49I+ni5++dox2n0Ho=,0
9/OxmiKIceqgdxX1VOFqIuu256St/oZdUx41qIieNI4=,0
65EgvFvQ6pYbcFQu5ikOK4UbFinf+brMpNgtiGKYFMs=,0
k11nOU2w5FqkiwFflPyftVwojlHN04hq0i2P6PM3iR0=,0
QW4HV+tYqgLA0NV3fzDn6YnzQmv8+Ug9qK7UO1Q/O0g=,0
0NrSbYkS+WWG4r+bcsTnumMFterTDnjJyDqPFRMrSr8=,0
e04Qk5Yqts6Hqvq8YvP4L03D0j11Mc3/ZK/KpuZJWzw=,0
cu663LGtO7GZQBKGStLlhW4cst2/P/qNTJCbesrBpK4=,1
vXogeBljwOuyVf01apvOWTppl+W3cvDPHHLs3j1MWAM=,0
CCmLjYXIlNhskSLLvwx+VzOZK5bZo0O1P+gyjvwfxo0=,1
ScqZshupJA8KTEk3ujJnglFSLaK8aGJ8vHr4XXrcJBE=,1
P6AAC/Kxr8cTovL6rhNc2RWq/SjAGtwNrSOLBTO0Xbw=,0
e1S3u0lc15RWV+5xVhuWEm/bfPFlAO+FiUIc73+NDp8=,0
+qJVVyNhdo8oIYCfApjHsw9ejFyA47pw5KcVyWyElZU=,0
W+tYeMOQzTBeKsB4tZffZa6WPYOdJ9VbKIlFTsqQXpc=,0
uA8HaVDbomXP//59QQQziU85yCcnxpsmo1805oOh+hc=,0
7obzLXD+9Io0JarzCTcX0HvO9T6T3P1xR/SU+I771Fs=,0
A29Am/uxyIwfbxdF3t2TcyomFvd7jAJCIOlWGeRufig=,0
y7qBqb+zKQAvVXJee7mg+S0hioFTVK3Zhc/f+ozf9pU=,0
x//kkJbFxWpnR6DryuubboVqh2wBVL8MSEwvNaNe1oo=,0
g2ow4+ypz5PZMD96OGj9xnNh5p2bKT4IzmOWbcVkGJc=,0
bVF7/M6u3IaoHT1b+SJvZHpg/guia4FlOfFIcPm2kWE=,1
hjFgvo+GjqP7RjCLmZV6XzkVhK6nVFX6SEODOXLb6Xg=,0
6357eolVxbyDrJ0879/83pE79s0gJxxyqsmO7tskDWQ=,0
b2WnvQ4D45BeSYLXcFf7VIy8n3NNNPba8+T2cQ/V82o=,1
8TvFW6UQFKhLKt7hL7WxNlC3lGp4Zc1oCGJe+EsTpfY=,0
ox8UOZnl/Tqpv245MLy6AlBqwCtlpWc18qefZEhtAzQ=,0
OO/bLxxvuh7RvpFqyrcorT2AOwvmLYw75xvP4DuQcag=,0
MfIHmDZQaCepekyrksmxEdcUh3PczHqOJs10kcyLgh4=,0
+2L2PZ5C0Nd2Abz7rKEgOkQ+FNSZU/Iu7VCoobZIdVM=,0
v7SeuF1VqvJHVIUekHs0Rgn/rZcaQn7LPAeToR+qsEs=,0
ocGuYk/v5pOdnm5tjq5UFkIyn3XYUqpAK7TBxGnyxuE=,0
pHqPfHr1Wm2zm1oi6aINKA56V3NwxzsbI5dC+Ltclkg=,0
gG9Nz6Sv5dU0CqnjR59eqk4bcJ8LO7DTDAqTI6y67VE=,0
DU1UPzcQ7rTVtWqCK2tWCaF9XvvKWqeZEsxkGFcWqnk=,0
SVA25FV5rYfxc4ODTB2x8voipM6bXrt8XUqDI+oZByE=,0
01x8bqiHh6HDpiMqNw5N+nRlYEYgVJ0BFmaPCXJ2jFE=,0
xMDBwLWnKlnPYifDE63t51ecAuGFJnOEucSEKmUPaVM=,0
p47rApwCXmv0WtsOlo4z2Zfq+jPQaYn+JLhkXDKBHqI=,0
qZRSPJN5J9nDGSuCx5gYPskdI3H3xmvKAV/I6FZ3KAo=,0
Oc5NFUR2pzyP+g+V+yj/PTi22F7/L9Hyy0FBea66Jwk=,1
WMtKdUXxPtDmbsmJq86DEUu8/Wd8r1GljmOCrnPzNBk=,0
gwdi1HAyVtlXdmOkd9go9Xx+XyWKMv2rDnIRAH3LLjc=,0
xvE2W2+RFl3xk0K+hDCDlvBW7oduMG2qpd4d54kNs6Q=,0
Lg6GjbvTUxxl6lr4v/LmwrwyoSTfWW+s0JBl/zOkDw8=,0
DiOPnDh09YMZUWZWz362h9uVz99qss1sRC6QU6wU93w=,0
ZlxjV1eqQxin+xgBoTI0k+H4g+LDiWYXZZFTTCm0ZNc=,1
F0VI0x+yVgJwuMAFru/C8hWeE08dqyg/FZAObwgfOy0=,1
9GxRT6mSC2s/HONUlEAonCdQXKlMzVX6J93RIskvqos=,0
S0uvPM1sbfkv8bj7zU/xEIFZhq6ja6hCr7BtrWjZlyY=,0
IRv/c2KXgUZ/5OGkdtjp0SR8f1i+0690+W/vtb88od8=,0
SgM43mCnW7QxP8BWx+eydrxTRrpQvJ1gMvropoXlibQ=,0
zgH2/rMVGmiPl48U2YjInzcJDhVOoZsjFeCbEqBMctU=,0
KYjheOi5FynHdwawn5SRVc/ec6jodwtF7XLuR6lVn50=,1
JDG1JueDhDEZuWE7fo3yYmp+hj32XwVm0/2rUjIsins=,0
TmBgtxrIFo8kEuDO5GyV96NdV1QDYo4IFJ4LzD3yJSo=,0
Wv7ItmK7v4qLzP1Ppz3pPcKyu4j8bCYC9eR/MCxxnUY=,0
IcbCX4rxYbTMlN9uFhXnQd7SaukrdbWJPaETzkSM7cc=,0
Za2GqFNzr9xDs97kBnLRsmAUocJBWb9++O7Ym45FLgI=,0
yRI+kKTw3eTgLGjSzNZT8SA4Ya0fhIjxYxbYKd8zKcE=,0
Bs1Z/cZwaZQZyMhlteNdRPr3oYNgBXPGAzwBuQCkeXg=,0
FhgXOVkb7CCZaqJKuQ0RvEuR/o0Cv3/H3aDxDMegxiw=,0
eclmlbCZl6wp1RFuz9pGvLdKsFwe4kbpQo5MEWnfLmQ=,0
/fFpv85fnjcRoMOolSC5/eYzHZwWoOB49fBm5tVp3+o=,0
HjxllJQjTKvaB72v3u8zYRlN+Bxd8IqJWxH44q/W2sE=,0
6mwr1RswcD89U1fjzRU/qk0tAgUrc8RQXCtpClRji3s=,0
BFpyk5nllwCdbzVw9ryT71i8e8OfmIKSufZxxSusFcY=,1
e1m1/gs70bQqf95rzgqdRkDazdE0GF6dy9PNKuorT94=,0
DjvdEZf3nWupNm5++Jd8oB5wnShnM94HE+IQFKrQTHs=,1
ZMiXQxwJ66pQyTYYaKkxI86GBH1tLxeibj+Klxi/ZcI=,0
lgQSJg5nnWU6oBndevwBSWQcx6VzzMO362YGsWmfTFM=,0
P+dF446UvhI6JOTkweR0+RCzGipLU7G8HmAGG26Fsf8=,0
UHqzux51g7qDWgdJJMDdQJjphj9u9cDsZKQ1MqrWlaQ=,1
KcVqeY35gfludvqIu76UUiymFw1vqDd/Mgg7yc3BcK8=,0
ykQOtKCleEcOamvh9EsWlMumWB0/dwQW7KWVb/3LfEo=,0
FxJKgkxWeXrDMKrurtv3ZXBYn2p7LAvwTZNy4pO4o4w=,0
mG7IfcrZ9GuP+1Y4cm4yFQZtlsZBB4Lc9TPr4HLJzqI=,0
AEB9W+4JhTYFQ1HUTi1AI86BKZIxwgZ4ZCGFJ36XDSo=,0
cVnX50z8mq3uVcpTYodULsE26i4cRygOqZOzXHMgzxU=,0
JAXIE7s5H5WSgdskVGIWrZ17MviALbqeM6DxrSFIpd4=,0
ksOGfDK3XQnmG8YNRtHT1wZyq6SQQhxESLwwyt5xtZ8=,0
5JpJ6Qm93x8Udz6oHwAjFRjB7bpkOMv1ti/hKRah5V4=,0
R+adBizBOlG1fqVBOSv8rqPmWEQYeYwfR76o//F2PHY=,0
8aCuh3i5Pjvw9QxpZrra7Y3WiE4P+MOPzGyXWJHx/OA=,0
/lejcJJBcAhj6n8scwtfYZyj/x5MHPPXaBrgA4mQCBY=,0
/1Ah/3Uv3OCHWBaySN4+8zCNE7MqWyjXA/N55G457b4=,1
VseFROY9ndUsY93z+56uaJ5MnqjwgnRUG/6LSy6rKy8=,0
SLljROVxvKTjUzvi7O14HAhYhZPFUl3UdYT3q4QuW4M=,0
g7wgPF+Nm+fNRzkXVlBxv/Bh/ejMVGyC4CTWaTpnz+0=,0
NBpm/pdQ9e6bAWuyp5OGoqakth0pdc4NCRFPELOXDpU=,1
YSvRltYuJVfKVEJQqAQTX1GZ9f0CDHRK5CApFDFlYTU=,0
Y8Vu7RTbKqgt+IKiIZLyCW5m49hGNizbg/t/8EOVnXY=,0
3MwslCRqVUwiz0loe0H9g4yTktt5g8eA54VhpwkSMrE=,0
GAPoQpag3Bz3iA5MJIxoKT2NTKgyOe/jKVfZ6ijOXa8=,0
pVzAxjcpcwG7PeYj5zReRJZPFR8L3Ualm3qTbzP2+rk=,0
Dbzr8E/0uTIJtNhDO3M78HepfdssbtB+YJPSXir3xBI=,1
O7/JKVpFse+1IdmEdXpBpjlM7kim80d9dsr0kFjsZB4=,0
Jei8bqFhdqYYowMEkduXdp+q+Cc3HOeZImURkSSstmU=,0
ikNZPOcPtSufkqthTg3dCoiMuBFJI2aAGznNET8cKH0=,0
d1g2NtESA4GlDQ7wgSUm64BRxzMezDnESQBG3s8Zx0A=,0
VFZCgvpjW0rvHy7fTg8IItOdyt4QZF4ZJVW9AbsmSHc=,1
VhoVw6NQJxyZBj14X77G/4+y/Qp6Hig2gpcT/MXqlWI=,0
SzIPH1kpnieTIhsyDh7wHBQzbBg9ql+neEFvqtnh6SU=,0
eCP7k685yPIF98PlxNLC2Jmaq9pUccrMiRgULbtXj34=,0
Ov6RrG1l8xE+vHZlKQ5mSsVwAbdvJ5GQD4wNF9wBecM=,0
ncayFi12MEBkPbjl4AnRk/wjegTuWHhZWoskmggVN/w=,0
LdGVATRRWaGN8iI2WjB287jKH3mcyLIluAVeFI7Mt1Q=,1
xZ6QlqnezNE+gGRdizbVEwrKK8ase/pr6lln58Gke3w=,0
c1erXqSO/nHr86EvEIaVhZpQWXPbNZiX35JR6CaXqUg=,0
W1Kh+z0JmbPjB6Ug13a2TzM6abAs7gMyAaeOCtsBgfI=,1
1b5xqtSuwZEQN/+Txt1T7Z+kz2u8ziSyWbIVuzMK+DM=,0
ttTHkW0/8DZlECqgvOpitlJ0+WhuKZobhS+vdAss5jU=,0
gnOo2UjpRQX8ITHxlRqWR/UKg8H9HhNOorAygZghyes=,0
swmMum5OQZrQRfA0HsGF9Wju+x72+BrzQQppr8sy3kE=,1
A2Wmpre8jKus8Vd41HP5KHA9klJyajm3G8drnIpJy9k=,0
mjR6qNeuHdtqjL2LjaSW98p6oAYzBVtsDqG5v0YLgxY=,0
7MqiEI7pQCqVXrTMwcAcJY18EamXTd/JCgM+P4moWJk=,1
EqMMYyaIp3keZP5Al2dJLYTONe4pgAElI3jsQLCY/X8=,0
jM01nURfKvoNWesCuhd8q2YRtswnBoJgYwnqqmAab58=,0
dziU3SE/A+KBS4HbdaDdKm+H4AZPf+mGof1dRPXLEWM=,0
rW63u9YmVpjYbwwJeC/fDPCGn0BG0i/pUDhB45i8NpM=,0
cZmcT1BcCimHU8d9TZJ6Hu0ro3i8BEAvV90m9SDXRH0=,0
h32t1qGlLLtw9bP74XETuom+gPkxfv9V3q8YVo7nnks=,0
1qJ7eEqZYjENpoiWoygKatdi4n3pW1FpzxS7pb8yksI=,0
IE03aOFxPf45zH8wnE39EkHSNHSLvqK3FCjB18Rxi0g=,0
AQ/dJxpJrhPtxTQ0vZwMP59Mq6M927O1BmhfGQO3Hu0=,0
rF+zmxvpfHhDFkuh0B9o2TPwjKSOgQtK4t+alWNKHc0=,1
PAj/F23zsZSRScNh+cnRIi4FQyGEQb6mtCIk6OF/NrM=,0
C7Mc2V5D5o8qkAfAm9iaLefjhDUAL72lbzlzzFTxEes=,0
UdJqQKLqU9u/EBhsNqlZB/e3SMytbW7gGGcMI38iltM=,0
mvJuAGd/T2i/cbt1RMgvW+gXHCysM7cHWZWUMZQxY7c=,0
WkcrtLRJBAHnZ2XPid6ZLw+5sMvQwr9FMk/vXPWlCOw=,0
T7Nc52oQ0mZ5Yzo9/KJ68Tp2OtlDDLqjrE0SiNQlk9o=,0
SlqEzus53URu1CLaHQ1M9MwUhCj/t+SeQC1xSIBT5qE=,0
qd1rtJPk1oF6VmhUdK4QQOcc/Udfcs0Mrt3/2ldAeyM=,0
GMRycha3rmA0ZSNf7o6AUQ3U5U/EVBjN0GWGhv7Bd2s=,0
NWM0houAWbjiPaMq501hJq1WHq6UQCOjmVB5/1fsWGw=,0
A4bsdylh3YxErTZWMm4goKLqpHTswI8gIp8qHYRRu2Q=,0
dn6d3s87gwqZgssBueBrNb7tmCJEBSK6AaLmIwzAvTE=,1
eBlt7SrTPEvVMxTrlI4CswX9fmp2+X0QzmY2U4j4NeI=,0
RmIdhdLrRZLskFVwqoz2P9MLqSFntxEaDVPUuE1UU8g=,0
zaSCToE3r5PIRdHXihIGpc475AiiTTHdyG3RrBUfH6M=,0
FnbjKhOcnktn8EWwHFABRsrl1tLT8hGfL87PM8AZ1eM=,0
tJ+nAv199iFwr8EQgqTLMuv2WcBx9/CCyAVQ7MFJ+Z0=,0
LYXkayy/rxKzc/Z4lxPS4bjNiEu7u43Sma66D31zynk=,0
+D/fXFDScmr2lUUuCx/CC7lCcIghM43I/w6gA/hVypY=,0
QefBHiGeDoNsgITvxKNkt9NadUJOZACnt3rJD2OQBvE=,0
YYIPXAvF5Ly0DdPJfyAof8DcYzPAN1ZmMHKD10MuMmo=,0
V6HaxQXmT5XgFf/tz7oJt1juBDNnxJivN7DU6U6GuVM=,0
KqR5fAuj8SaPJpJU2z5jILbHszTBxrQ3iKwvA0kv2cg=,0
YJjHBy9+CeJ3181eeXTRxJm686YUF1t6gvrb9jf3MSw=,0
Uh/q2+nU5gVGq1KuptOFBKTMbjnQfDkYpLaXvunW/cI=,1
z6VijKyajVfP+1JRjkZUmP5GsgsPhs91IICexTtBrsA=,0
FNwA+8qUQZ5TvzRPFZIslN5FMY7Snd6S8Emjf8LYt3E=,0
K8XW6f9HFzfqSU2u4oKVhNzXfWaQ+0avNEaEYG4wBPE=,0
q84ucX/m+UvN5MoaUG4a05el7fuRkz47+2Kqz7idN8k=,0
rlk9QUOnhfZdSNVzRqcKKrTJkk6UlqXBYGU30hC1rXs=,0
ErSz5APX81Ki6HkbXUEd96+wAWNWzEuJSmkfB4dUg7M=,0
J/o1pVv8QjSxZze4gHM47LFjPNHmuCP9XfzpwKlEf3g=,0
8HoUHfuh+bLurdVjHEIsLgvuTWVTdQb+C7H2OctbCZs=,0
FSAVGx2FWzuTaowBQEU2QiyOowPZaunjbmEhjLSDyo0=,0
osvK9uNZe5ujcJvhDCNJIAIwJPaQodSZm9MPVzzChpY=,0
vgiHmaRRABRTVAnupKO4iP8sOT0DKvYBncePZs5Exrs=,0
kUuTtg8+5XHVPWvKlQWkoy1hjA/elqsfLtHJh3CjbJA=,0
3fAk+xeaCuZ+422g5PxCu5DYewTsgoP838nkEbZWMoA=,0
TKI0aOshktRblLfhDVvOS8/ovGiGGv0zElPK8OyVDRw=,0
vuCZvScW6sDlmiti7TlLHqY3dZ4tXGgqRT/0lZ0M0BM=,0
O53PDyI4F05mpSgCMlTFVJmAyPvk0ZD5chHIg3FZPVo=,0
gGFPNvo7/2VxArwQITjoYPWgBdLEkAwBXjwPBoFATfs=,0
eHTl6M99ijIBUPrO9zUVKhhKwDO7gPqbZU9/uoBq0UY=,0
S0DH+xYo+G0/Npp7/JGCgEFiIHw8soNWltfXOUerC+Q=,0
D+fZ48I46UOmUw03EG9YsDobEbKwmd7JCjbwUG2yWnQ=,0
/E95ybQDmveyur8Ns7m9DSz+Vrd4K9fO1nNDRVZ04EA=,0
ajWHtwEs/ROr8cT7PIsyi1UCcUVmlJbks3X05OC55aQ=,0
TuwdhlPR3crFn1huUlDEQcBWBK/ZbyDX8BXSr5sly2o=,0
8Oaonv2pUML5uTtiayOo2gwgt13L1x5p9zqREkosmH4=,0
s2q3BhLISBSWmm8G4o8cJD6pY2rPO4g8Nywy6tkq+nk=,0
zXMyiby62FN/XtFJlHqzczRcIPxU4R86b54QUM54elQ=,0
qxvOyqt7VOxqSrbw1v5PzwKMo7WXg+ivdzDzc9eQzAk=,0
9PqOWU+Ada0WUOdnqXGIivb7OUH16zPJQ6npADh/15Y=,0
VfvKe1lO2bds3afe3rSaAjPmP7ecfF3tBp0ZwlHw87g=,0
P3tCtOfM/yojWTh+52r7BWVAa7vHsB8R98pj1rI0djs=,0
kkwu14LMbQd7dSXQG/N9DM8haI65ZjC5iSZUWc27J6I=,0
5Gt4SZFYJdTQ1aUGyJSpZcQyqZAphs/gna/V9AP6Y5s=,0
Jx4/9bZoBjiIye/Jwh0anZhpbnmXOIyecfF3mfVlrHk=,0
RS/V5estIWbWYAYZqEEn+JuG4ZPPZYnIm6qMktt2IPE=,0
KVLP8E5uldIEW1Ln7JbRF4PBt5X4gEujEPXDiOXPyfY=,0
Q6JyVho16MJzbkK+TSLvhWeFKwRYKrlXG5iwKQ8mH8s=,0
rnV4rzGVYqi9qaqc7iMccpomfUvAc9zOvn+PERSBUmE=,0
8TThFvdOGNcGvOc/ZbHu41G9pYZu+Q36mkJ1l9hd8X0=,0
H6I75Z6KoRSHi/J4HDVeCDVn/u9rwjeb8OI/RGt8OmE=,0
3V7reBDv6Wr1LRQ78JvsVaK3FMWOOB91+3volQEAAWA=,1
tHPdsVEp6a9sJGq+ZJRchVrSlDm+hI3wPSY9MIe3vA0=,0
AAdZ0ePbRuoKyS0E/bmmoHPWvGBizHER80lrd/s8R/4=,0
gkfSHyJtHm5hqY4BmfZnsJKOPdFBJLZIghypbDkkQZo=,1
7HeieB/CW0AQeX3d23zRnuP1Cz35cGkXaF49zi4LZ7Y=,0
yW39jVUM/PzKt8QiKHQYCWCm8i81HwR5WGJSK5x7uug=,0
7dhLlDf8+xJuk733rGm7bDJSxcYSndRyTlENJpKafHQ=,0
VzXBkSzBFKOUo6udt+/nAlWHrjxZFxO7dvRT0Y4Eozo=,1
rSg04IDDXYRyJ9CAO5HNc8aIJLfKglotH/5dyhJgXQQ=,0
VbF4TmhsY6/xmNnhL1mDl9/WtT6YB9aT5vwKjuHrwJM=,0
Mo/s4EB+dM4sXJ7Dr/OCs9WkdpE0lDGhKc4Zeep19+A=,0
wBzK1Mh7F8R9HnuHwlDIDT6+CHYJPlajBRVTsSJDTgU=,1
g1w4qGpjz6144s5Lx4aqj39XSVSP5oMw0oXnRGIt/c0=,1
sQQ8djp2B2wUVgpEY9LJ0AAoPjVqmXbKBbvh12+vLO4=,0
x0O33PR7Fbs1Hx4l1WLK3QM9zlE6+SzGzi+IF6OHTJ4=,0
2IR7Zg17xUwrP+CGXGW6boh3aHPcOpWH94njyv22Yy0=,0
FMWMWcVvzLlluKhzE0wDYXrJImm6r2q+61r78FNtkq0=,0
mjWCjzd/PIjpHFjb0lPSWSyjJJ4JvNNhFcWx1C4O3oc=,0
TKj3ldfD4G/lye1rPuhonCAPR/AP6NXk5hMErNeTz0s=,0
k6fjZwsdE1uXnljLEHzlTcNvERSVwIQX3HpwrHd6wDc=,0
hhhDB7hCFTCivBmJvWK3tta8pd+1kqAO9vRsixctqm8=,0
tnZ8oPaiufxr+RlBWqsS1fjhPzFrboRL2kzgm8R2BlQ=,0
QW2eYxBLYDgb3z09kV6kTghXIAT/lDV3g1hwr9+L7KE=,0
oVyaIJwHT3pDlvkUT7ziJauWuOVQ/94thi6wAQJaOkI=,0
6eU72LI7RecwTKkYpa9jrnc2xDZ70HU/3+6SdpEkdZA=,1
FwOMYPYplPH+595s0c4nuzXvpjklj8ScMhfS5+EcXGo=,0
yitpE4AIY/xzE/VY7aMJKvBn92Gc+OoF6xuwf4qNEw4=,0
jHaTC4YN8BvaSWukzJQKD9pw/O0ptdVpv8BLKCSvpq4=,0
OUYzO1WoL4nYHGaM7grmrTEx1KaxostAvhxalybjI4s=,0
VziWaksGKHbVevgI1YanX6H80dyvQmfIKgAVqlNQEKg=,0
VWn2L7wAaGYnvf1FVXBlu/nWIFhLQHYtQ+Tj2yYc7q0=,0
fRR/pIM43nxeiIreV5Av/ph+59EWOfD6ViyLzQQVfaI=,0
QPbi47JZO9oVKAY3JKtNZdKORg2lgVBHi9/S+Dspu7Y=,0
w7G8bNXTJ9HP8qoQFwK244z4cSjkfAxCkLI3mc20wYs=,0
iSpUhlDrhFPC7Qhl2VICKofLrDbM4gg7NoZnkW8R4AU=,0
4yqXZMcVMKag4eZLK6TgD7XOjIKamBtxWx8+x6kBthw=,0
guH0dN3FesTruI+dH/Lg/NGAbiF7QeEN1bV18Z0YZTs=,1
UoOft+03TAlYR6u7N93FcyyipB3hmWGH5j4+38SBlSA=,0
TpYrR9phC03JxFS+fqt5ttJhw/8lFHe4NuUimM67QAA=,1
fEC8tz4USXdOYu1rr6tU10rPyMP/R7ZBEFmXURU3b6Y=,0
u9oGg5WN/7bLO/2LuA57wtaz2qKDkOMLeY97r47AI5I=,0
bS5XkT0uelyCd1ntUtjtL71YfG1/9Xiy9TtDuJkjRB0=,0
2gbJ07+p592mz54WSmTGUIrYT29YUEGGmrO/TiwoeBQ=,0
Cd8DW/ryPufV4rA0zsOYsnI2xI6VqFpJl5aXbzyBO5w=,0
OzHjKqFR/zfTwXD54G/uS5QI0o7A7WxHTm53q674NP4=,0
HFAu0cEWMmK5Knh64Sg3Fq99TY6y6QqYMsNmgCSwfCg=,0
mZd233TGmtCAqZtmr+AehHcbg4uLEd0MtE9YNwyaU80=,0
5bw4mrBBwy3jjt6o4Loca3HujqeXWfgonKXmETbLjpE=,0
Js7qTJMOwPcoP0tpKODtgONnsuzq/dq6BfNNG9ZANX0=,0
c10yb2aAjSgvgBciUtwyqW0Fr3qv6a+gQhl9449dor4=,0
sbtHLE4cIU/KDlMDjtlNE/U7RiRDuHMORiSpmvRMv0A=,0
zxD1qGKKgTZo8ZdSL7JwV1dSQM8xSU5gqDcxSF+zusw=,0
I8kdnsZXzfYAa5P3+My5rHtvb+xzM0xy7M600m5dwmw=,0
mq3D9mty8DvDR4r4vywGLLOyYBgq1h0fK1mNZV+RJqc=,0
QJYdcjFb6uj6mtXZxq1N/RZNiUQ9XnSsssUDN4nOdiQ=,1
V4MDjYYQnqkiJYHPTKCnc0nIdlYpA600rPk7/khUaZ0=,0
wzi3y97sIxBw40DH4qMF3QL0WfhrLQIKiDsJ5Bxw+SQ=,0
kJHXbNJBxx7GJMzkszGxw6bnVfFuZeryJMl/3W+L9kI=,0
eYCSYpAXGy3vwpvm7si50qeEo7+hAEGzkUoQHT/FCPo=,0
xn+0solyy/uL3oQ0qucB7hyVvHe1C9TVQEyH2Zlu4lA=,0
FzlCHV590dxJjdrLztZfLp6RINTv5OshhrsnUin5+uw=,1
3hmQy8n6VGNbGFpYPj+t+oyNd+wDf7Y36P+PA4AELlQ=,0
Jz2mLL1P6RUFDWWslLPvDg2u3s3s4bZCFCoS63Kbw80=,1
oJMXCOb9GeDBb6D4HlvJ7obe9VTHdqdQyNDISKH3mvc=,0
nWYNEy+u4QciY3lhC8NvfE2GBG8RQMeAi0RsDFc9JEY=,0
AnsH2hxj3cvxa5UL05tv/N+3XwCumhLDhp4lSV/io8E=,0
B1DHSpsI7deL7ms8XIUYDXX78PVHX3LW9npkGUzS40U=,0
Oik+4c5V6X7kaMsfjhHfUUVBkQlK3IJZLzoK0oYEA0U=,0
Bv8pgZSWaZk7TE2eiJCjSxuwKOQaPMlqKY6JazIqi/U=,0
gd8ZgmaPYmR9EAXkwHWBv/9f0suNbci/0jIGKj8+VTs=,0
GXhDz9csawHPFY8YVc1VLpkKLjVub4gSAYIPcbga2G8=,0
AQnqYUZsf6M38jAo6i8878hwM12hlmkeQzqSm/RNpw4=,1
Ktn0jAuACScWsLb7iyT5R8BQK9L25YdyqDGgBGEOKQ0=,1
PjB5bLv/+or4hOCsN7un8lEuzua0x72WPwt/ygp2ZIg=,0
N6HV/CZgFZ221HZhCZalECXkK6pJDjtjlgaywbOp+Qg=,0
HPEYXGpATnr0GD0d+MqdVKYkcFg5tH2rytgb9LUbGWM=,0
Mck6y1TGahEOrXoULzLxiTC5F0UsjgPWLKKtNVauHUo=,0
LLs9pSgYQCDUT3N0tVU7Gcl9fw5JUIgW7D//axl6DyQ=,0
n/N1jiM1oe3lcDlaeDzbhE7TFQ8zMb+4qAb9nRL8LIQ=,0
BtV1SOcvoANNuA/83LWiDNtWTuM+nyz53Ig0j5XdV4c=,0
IZLb0+cLkLjcViqXyn7h6sVncp2oG962xMZq95KfAD8=,0
3/eJRBmUaZotGLkeaJraHiz9mmn6jW2nXRSEMZkx/ak=,0
3ckmnjPzovuQ7i9N476G2LYZ2itH7Sr/aKVztXp4xdE=,0
gNAVvYCuOlqka/4z+4feE6nw1lC68YQ9n8XmMrulEJ4=,1
XiTarxI7ewDXVwmRBw7f+/ThBuguZqh11jF2f/Uv3Ys=,0
6bM6efrcyABbnJTdJo77i1dZZjNTMhQ+094UotDsKUw=,0
XOWLBDOPKbxD2tq3lkjQe+tXsoG6AXeIyjNk9e4ehjM=,0
gzPvrT0hpT8pl+s7LK2IR6ukc+nP4ypmHNNV9eHX/uE=,0
bDgZ97XBIDHGHOY3liDX2ChuKn1oB+v/uyiH4MH1Qew=,0
PqfvEDPfFMpH5T6FsJVTr6I5UPX43h07dl/PLeFGiXk=,0
hcy5fnE2kMEcBC0xdQp+5OKX8EfJ6h8yRWtyK1YL9QM=,0
nTBO+hBCh62YHsAUUxaDpp5GaOg3fyxm/uAWNfBLVaY=,1
VyC8PoCWqhNH5aIYIjoKvLU+9jZ1F5aLCqb6+xPfVN8=,0
vSM+nx3GSzkMPZskXJcjpk7aBwlWorC8m5meg/OXetU=,1
OxrE65wh5IbLqapwWSCmgALFZnvfoTK27b2vBnqshp4=,0
ggtccnG6JCRQ6k3027Juz5Y2QEf5+2T2MaVJwS5A3gk=,0
G5ZUENj72POl6POOiLWd5L9M1IObSTjsq1MkVVeDBx0=,1
eE6c8NmvaaPP8YZm5DrGJOahMew7Rx7fQcxhrNfDYlg=,1
nlh4+2N57r7ASkMF/G3CvKLBVCKODCWMmw/y4ky9oT4=,0
Guh7Bw/AY1IaP+BLkllgXFIC8fBp0P2LtYux3OJgAkI=,0
gqxXZxbTUwwjmWA5Kcl5fsDqguFrTX0BCyQ+Sw8xMb4=,0
5CiihrXtqa6CzdxC4T5Z8BJkVgXjM+LTGQ9koh8J5Dc=,0
pmwFPs1Wn6kqGXCxjNMMTWqC6i6CUdgaavsHckB/r30=,1
Q4v8uB8LBK3Fe+ECJd/nmUTY75oOVa8razMmwa2gwwY=,0
T1I18myHtbXPEHjdPJcR1u+3KNcrmHn2JI3fAqZbuNE=,0
GFtVmPQYEA3eKweVn/mXWg1UCWgU10tBjNnegiMXEuU=,0
Gt35Gejwy9dCUaEvihWQ7DtaLS6pfBj1pPYDeV80mro=,0
7OKhE9OMK2zZR3fpaRFNbTnpmma9xn6VzwW1Vw9oJE0=,0
c2IbQ/21Xgj+ZshiE8aqE7utfeEYOsmDZXiH4OCEN6s=,0
fBMp8h/T8eY0ivPbE4+Ri63IrWaRuK2ZSdF11XYQQn4=,0
dXMKNZ0fdNzO/RDRDN3C1ODjudSHhJIYrgH4MdWtzN0=,0
eAzQJJeCGeq801vWJ1k3udN4Lh0haOSrcB39e2lcNsc=,0
XJLcC3OhHhvEV4LgStjgs+QM4mjSbL6mO3HAomtPhjI=,0
Y0Wj8OEjtGx/1He/8SAr7Y8whpLb9k6blMx6j724ztw=,0
GuIN1ZjA71r45a+3KtFW57LCPed74H0AjwGEeptSZB8=,0
Zfr+ak5sIaLknAblSTPtZZY9mFGflasZxx6qJgktLH4=,0
0Dc7k2x+MUZIso/VMqcSC4a8xLCwGA+t93BwJ6tptQY=,0
bpLmLJYTsCzgXmk02K9SeX0VWbXhGt3lff/XPh6jyJs=,0
PvM56oBTpQ8KRld9MrldQJnHP5tjdqStB1VH1xs1r7U=,0
D3JefwlizcnfPdOwAFFBFd18XDN+bMx42sMt+z+/o6w=,0
jgExCric1t5ANPPt0R5Y9NXKJD2GTwYqSt2LpZ+0UUA=,0
uGye2GevZebAG+gLyac+rcDAyPqszkjaLZSPisCMPX0=,0
39mLU8/cdEg0sGu4dC8WBvfPzKxPRB7Mp64c2UuyYWg=,0
A/37GiyLyIRnl+cUOFHU0Wu+f2gMDiKNJ1EX2VbHnXc=,0
8LsasKzbSabOrrSxI4YpHwurU6PerAZ5oAJoLOoD+EE=,0
fzaodhZ0f+7v+NNrCL/6SwMXRsgzqYm8E/ai8kFrfN0=,0
+oA1SoFvvN4xtW4kV/hcrfYFsC/3ZXtmhh94Q7Wu4lw=,0
oQb/AncHrypTJPMEXbOyb3f0i1Cx3ldqcM+cjzRiMHY=,0
TwFGjCyLnRfpfF0OmOM4/1aoEkfRxH0xcZiWY2aK1mA=,0
x8D0PZ6/xBMHIWiTvT84fnihJNbxsMk+ihdb0BMn0N8=,0
kMlVcTM0kjUFKmIeddTaVbHbdCDTU3GH7SaMgJltMH4=,0
kJF5F17mG8rDG77pJS6K2zdAtrjB9RJxCK9DRizB8vA=,0
DTN5n78iOmDSWTYt4u31MobxBiDMgTnIXFqID4Bz14Y=,0
hkVXFdsIgsQ6QvruKd/DbI6UzRaz/VnL1dVMW3x8aDE=,0
Sz7ED3xc2LgwW2OBlS1fMNn9HnO/oCSCySIU6Jaxjb0=,0
T7dBiIgittE5bAS1+Zv2ekwymV/s9NqWEcrph6n5J0s=,0
zEKPOIq7lHQjSQGgg/yZAoUWkW9mF1fUdaHU3jGj4X0=,0
UNK80RjqzDby0gxkOV/kWCaq4chYeuEgVe7qSIgHNvg=,0
sZ2995MfaVBPQVY7ekLz5yjZ/x5PGorhFUWEyKHLUL8=,0
DXoC0JLG0TcqSPvZ6uqc3HnWyJZtp7ocrY9rD0zuWmk=,0
1PYSxWL837ywqmLfSH8sUF4gzpcyMIXYpMkzi+dX1vM=,0
jCmxDbow4YxzYOnEBSN/cYXXxYBvsNwfoBkGqRdFyis=,0
dB9ptOMOqVoR/FQ5cEm0+ZyeJBjI+tucfxNIA1R7/H0=,0
oOTj4vJSX04JAof/CRdNU6x3eCf8YWFsowH06KMDAMA=,0
FCZfMZTkxvVZwtWWgPzPIxMmIXzzS62Tvtu3P2342/Y=,0
03hodT9tq6zRPOcFO0AahnwHvzlUWabp9fdJ2CD7fMo=,0
tbqPHYzvWKCnQ1Vs9cUzMxtFmQRe+7MCVUYVhG4WOAY=,0
q4BI2bdMOSPGpRBFMFGNdmVTQGSrvyJSB+H7x0xIb4s=,0
bofHF7KAe+jjSyIQgqSEj18k/Sgex2fb7RNuX/LgKDA=,0
ECzInTVKe0Qav0X+S6WCeS3oFYZg/sQbdvMnESvZi0w=,0
cJ+1Le8V2dOBT204XspjPeHdv5tTgeF3b7HfGA11Jcw=,0
L0uq50VGCpDYKWKlff1AdwqB22n7fNdWf1dlQRlkbIE=,0
AjfFLMnVFd3Lv5IzHSiS4u5tKB+JDTJc0ckPiUhpaDw=,1
hvLsI6kzXMF46OcSuDTjQOdVzcnujFFd0vfIuPcMVtA=,1
k883PaMjHFDttK3tjB5r6FZ1JDVxH/4yrw6Ms7MCRB8=,0
VdMQmCkTnTRtE1QhG0OsI9RKjcpHjKAVzYbBVep3Bfo=,0
FS71s8EysJWlGqAbkPE/o316rtF85h6E8MDCmkUcRQc=,0
JQaWf8zQwoVd9X8+gCq/t28PKEzcf30jToJ8k6uCe6Y=,0
DXz0ADEESSzcra4TSaUPSr4G/KJMuCvbo2m/0nxrx7s=,0
BUxreroqIW13CUvyEPVFhSY9ht4152if0/VlxzEOprM=,0
6eqM+N/JMsuMamu0q/6B69H2g2Cg0GmGghXlKebPZ9A=,0
9nWzBzr8lApiIqFOxqRdNbQrZZ3FXMU3WStD+mURvlk=,0
SBx32aUfJG7OnzurGzPfuOwq2qYn/7qX/4R4vJLmTaA=,0
txy70A1UgZ4XfF2QQCJboSHqN+KZ1LGwYKr8ObrMxPY=,0
3ztLHjrsciE9fPg9O7yCN8UQVpJ1g6svEZV8lSpOyY8=,0
TsJ++xU2El5LxmjTe+H0EMi/tjkTN5TOD/0AyTfSyS8=,1
08BgUWeWruX2sTe1aBNgH5LRPthN8cbEwt5g4c4UeAU=,0
8Wm0DPse3ZAWMU5RZzh+0wrNfDf0X9IhPbyVq7NLw4k=,0
HqzBoWwEVBIf4hD+XDKZPCtyncgXyl3Wicdl+8u18ac=,1
gYew8xO1d+5mJSehj0Gw2nbp1Ko6xoQ93o5ANnmRMjM=,0
HWi0XmU7BBNKwxcR7qDTdr76VbulaeN3XD1vlssH3xQ=,0
/6qhg4PVHy+38BaQxTiUPgwk4+x0M1MU6hHLMyH6Z8M=,0
ua/lKSzwh8M9+QDXTpIL7IAl3zjAbJwPiAdVBXvBe+c=,0
15ZQIOTbwcg2MCPOxig21WZEzFRTx/Q3hZfaNfD6eyw=,0
DahdLmnJbQeGrbNHUEbhGYHHvSkZV71Rr5imkU6YoyM=,0
UXc8mSPrAjSjdu254UjTEn7f383mwTK/QcFKXfhHj4Q=,0
L6KUJK5qWN+W/W2fBC0wuJJFOEerritpKO9nl/+CYao=,0
bQa06+7pS4n0mALm90oXveeG4CkS8K2agX3hxZxP60k=,0
Vbal0bHG465xb408fN9XI+3Z8pIOSUUOgslwLZ6CrKs=,0
pN7tYOHsx1HsT8FBKdf81/nV0H34aWyqW/MA8+l1pa8=,0
4B335uy3pssub9/KFF+UMPkLjACcu2hD+Wof2jxZCqE=,0
Xr9Q3bVahvnGwdd2KAGLtXsMmCjCglT77tNqDba0G0g=,0
0tVraea4k855AA0KJJ0ZFBnOhKLt0KaASB8otjYYSjo=,0
/uHkQhXCjdjj1DYJR/QWKq7I+CIyuxeq3jPNJUgiDm0=,0
1/WBWnifyo2Is8TAN6hox9kC6l3SOM3VLW5/KVYc6ZU=,0
t2NNGXAUTNvlEs+f13yyyN/Pyh5LsaVfyAdiKrgvOh0=,1
4aWjRTzAbjQ66JpTjg+qaKMuvfeKVubF5hLwoDNbeeM=,1
l25ZvFt2qNeoolsoHlpLaeY8fzHOH3dKhTw31TSfN8Q=,0
x3KcUIMBeUzKyyKiFkdejge03hv3t5o32AGkOnXl4kI=,1
wqfACmprJRX2OEIqFCnRlrDD+mA5L2dEwF4JoDYiCbU=,0
6UGZKCZqjiJJreIgCkkWhpzw6dms7ItuqVNVgIHuIgM=,0
SyL2iw9OiazYS3BpP7Y8s69HFwi0UOi+PNtWui0koeA=,0
ayyD5DupefOON1SwgNd44Or3lOF6y96+zED4nxNrGGI=,0
nEEWsW5Lmn4n6fEe+934Yx+VwjN29lZ72mlvEIkJS+Y=,0
FAzwMRKTeEjz0abfpQ6zYz19OP7aNvxGIhGPqsp8SDY=,0
dFFlcuv3kGUkkb+DUSGq3eAGUER2U+Zns8ah0hfZ1S4=,0
8G5+OMgc/wWcWlp25gDlCjS+tAXraz2mXiVPpw2CcYk=,0
b4MIN0oTipQAskEiswDSy8KKpMko0mXK1p3baWhKKSM=,0
Z+/D3A7yU218NNGnOEsMbGNvasV3+0Yy1/9btsCQPqg=,0
EWYcDOSSYgsahBZaR40JNblIRupkrv7wcbSx4VJilVA=,0
T2H7d0A9RQmgoq2PSQSxtzDMGN8nckfY7E2eeT30R2Y=,0
PlxuHtGFH6m588opx/zlGSiNLKS3bBjhcrFPYr7zpXg=,0
I1csaRk6wtCoMabH6DmAlgsr0WoZMuRk/Un49FDkyg0=,0
xzAQWtnTyH4Xb0l2Z0OpZbo9GAmELmObQnLiKRuHUPg=,0
zhXQhtOO+F6bMI5iG8OGgoRS3cirywxVp+AGz68uO4A=,0
5dvtG6IlzAL8qtQhNDKbF2ZxleqfZCXx1VZmufeQ/3c=,0
K5YhVevn3tS1v7E+3wGAeu5yp9RoR/nB6IOYd8uiXWU=,0
eOMKmXrEvDfw02KQvjJZA0H8pufVxcptHci/2ldGTkY=,0
6hqFyxqbev7ydlMakygoM+YS63UWT3eUwETXCzStHcg=,0
ErId1wsN9nxw3tus3LvUmIbKPLdcA+omv9YRMre3D00=,0
awHJPaDlKLZL1rQtCLAbv/JHEBienVYVULrYmDgzdpo=,0
VYIvaBC+EHDFt83Zvt9VFerGvY3Dj0RwEWM2NFez36U=,0
RSxCbDdj7c6WWNAffX9YCq0yQZnjSWYSk8t9kbSBnFY=,0
MIy6cnwjqNLAmBGuk4hIjImZFa7yNOC5vmdulVOBIp8=,0
fsAWP+DTinb6PWcfstDem/BC1OZhHsbAQ5LvI2g7jSo=,0
Flt6qNC7ZEUickF8CFcPJOSDs/9KaDl2dGuWJUg2F88=,0
PjEJeLLvxOF5eG0S7CADpAQBbvMjzkkhWyZsq/P5enw=,0
swlIPDZ9QQLi0PvOu29wqvmenjcVuG5u3Vn7RlEJ1sc=,0
cfUk+h0QhJJiM82pSCeVcySWrveG79yPrpuAiI51XFQ=,0
hzuKKZErMoVew6UkweAV2epfZyGUqgIXwoNeSEKSe2M=,0
KCgZX7vIF4/HkPrXTqvz0xqj/m9aksGfAvLZeYUs+OQ=,1
T+HEg57YLWoYWlmIR+03fROBqgeALpjAZ8HspCDR8fc=,0
JexjV9hYpoCmp3PI/qqW4djZsBeXyKhBZi2QW2g7xRI=,0
Uclkul/JAOjkIZHMxmlrhpxPV/H9BVfDhIvsQRPg5QE=,0
fHUJBxvvWG7knv0LH32EXs6SJ+y8SMPku29z9eY+IDM=,0
ZLg0kvaNaLRq8h0Mr/9eu/HQ5iUUWk+Bo35balYilhA=,1
KdtXX6dFFSUyEi3DsggMRAUBBZwyPybgxmJTPJTB1E8=,0
3fJZrKlIdIx0ggrD0mUxrNFVfXYYyWQT63f/eWhkJXI=,0
hr8TIk2glgbmX/oeWInMDs77DuiN9uLBglmxHFTMUFc=,0
1g7ICdecCObXtn5teQucAeygeNA9oC6udUaahCkJ3fE=,0
lrtugGFz7OYfb39xyYVACvfc5VinWH0LVuIvGKkcHso=,0
gVma6Jy0Mn9ZAhymySHYt2inQAtCf0PmMdTMWzOEJt8=,0
y4qrLtx0X2pYt/WV/mU/mlGVlOwr/Z9dveBvp/Yo6Mc=,0
cpc9dFYbLX6alLKlYcTcoCvvbSgZOYoJuZ5KCwa1zWw=,0
Lq0L8Gl4IrPllvgUBmc7flg/30/5moSGoKaoQBqyeuI=,0
3Wm7EsjE+8A3jrE40hfqP9n2I4JoV6mGk5GSIamXpLk=,1
NcZPOT9OoZNYmPSV7VwlWS7g+9tLIpmhuAUy8Da5/Lw=,0
VcdiRD0vCBiOA0Ax/InDpKtkcvkNR4wX17InpFPwpw4=,0
UVxqyoGH+mTstQxOWlos0a6E5nZQh0OJRB4xJrezLnM=,0
IWOkaEjmwrIHGIR2a8GwMSyUaZuJBxHupBV+3BTxkWo=,0
K82cZhWhutKmUCFvtWZtdHutAaE0op6vPIN/L4iIfHU=,1
96MWVGpBpy+s4Q3K4Pbn9VliJ/txtc7QWjVpAH6gUoQ=,0
VLP0OSgrq9Pu2ULBmt8ajd1TZ/w6MAblRy2c+cgtsmc=,0
5tybjcEf4a8ABjTgfWpMQAqRszqd5ucYOVIFQrt4YpY=,0
7nk6mCxWoET986poakJda3RcuDWlG57UYdUzu7FvMGg=,0
/uUMwiJBtyxW65Ad9Cp1z+fddk8pCOh9TWYFxso9Usk=,0
+WBcP9wilghH+l2AUX9SM9Ce2Ouq438CHp4B8bN+dJo=,0
tYM11d6hwsHDGywCgvFp4PCpb5z2ndl3siA0O+07oos=,0
/jXEhv4ZIPeBNTmuDCQDhyh1WRGQy07d3LLVc0Gd0hA=,0
JStat3d8/QGMU6NHhoLpHOSl7JOCZvskjkcm4BwQwl8=,0
/Sl4R5TlBUlDKX4wAXKVhU6w7EUTJgc7DxptwJv8+nE=,0
EAyzM0FArcqneTiFenbvB26B015XenCdqt2WyoTkCJY=,0
WCwwgDH0+0BlD7JcrX5oeLAs+2Q5kwbYZlJJET8E8BA=,0
tXL2fh3jBrw6OHQQGa1snTwwg33ZU6ubTGTixNtvDiw=,0
+nvzYpoj+I7kjjZZuZWhLrPX8wsFDYuWTwOid00l1Ro=,0
mw0a0u4d574Wgbg9ik8OzUaT39cgXhPdJGhcGkWDi/I=,1
qe4Tpm8iheshNgm02de0OQ5eiA3PQCicimm3jMsOoSA=,0
ufvK+c/8GT8OKzPQWjHIsIpEq/W9q9nand3OzhNsld4=,0
jnMznyFXf/2d0FxMpj9Qb2kHWgaQKMLPogYTC4vzlgQ=,0
KyNwYtp+goCeOI+NRHcTaxQheK1ZHN9l9jpAxy4ILzo=,0
8HJ+0CMMt0gX8UJbQSvALfVUUPTbAoRJ9AQ3Bwt45us=,0
v4EcbTH6snPdDxfPw68gSO2dFbYd7vRb7cva2TdLbCE=,0
uqpvv5CI635woqs8YlchkfMGe7tdLRqCnuUhNjwfju4=,0
OR3/ohdoo31vDunArjnkUgU1R5QuMy3yW4BaxlSELOc=,0
017sYY9jT7s8AFtzNqXGjOxXx8gZQm05r7/+SQLhvyg=,0
yOqdEFIlRwbzynFxEUIBWvxAFKO2wbPB6vZLpTKnFIo=,0
MINoStaS3wSvF0+DlutMtXZkLqOyC7v1aqiJUrdOpW8=,0
pzqvS2FzKTrrxaJOOz8KSkccXpFMM7oJEpV1ZKgsrl4=,0
ga7ptHS2umeOG7LPc+Vo2jWk9m+ksQT0MHw9iOv6dUw=,0
h3x5GLYnvdR0lRM4yzbWCCClyEQeu2LFjeCLSR+x5+M=,0
K6bItuHLWX+ckyIohagTkHzhNvTEmV2onNA9RvSZa+I=,0
HAtIbnyRpPKr0k+I0OuX83PXQrsWq4dmrLLOL2cDAY8=,0
94MA9wd194tanTHy3gVXpqRExGOfKuE5RT865QGLRMI=,0
UM5Mekf1d3VQAAna2bt0MK1JmnxJrG8sc1ougKX5g2k=,0
KPPIAhWidBl9G8QEAg7zw7VPpV6BNDOMcmLHiigWJyM=,0
yMwuw/BkK5BV+Ot9elV/eHsztisKO7ybsSPfcqTvS1w=,0
8TKQHha7wF+LU2xirBh2ANxEVXkNXf9A+o7lhD9vud4=,0
y4VHc2TIYLlXVOcSqHn1fGtUyPH/MUXest/ql4aUuSA=,0
D9JnT+V0iTu77SDUN4E4IowDvirGYrzrqPUY8Ed27rI=,1
tG6niAiQEfPsA3PflYXOUQZrCiH6b3Oqd2kYlvBvEnE=,1
jiok0SuQNNYQeRwUVVIvS8YOImwFft3MGDCthGurjPA=,0
cEveCommeLHwtWVyvEvKWGZQO7P9SSQi56fQjvoRAJs=,0
meTSMdMmRDc/4LpgCABL8HUP0F/yMJvIlns8akFaePo=,0
9sOSp/A1FrAorKoSgOfmna6sAdV4Imcpwq7nYOjRxVI=,0
vjzsns/nLXuFJYjwPJCpTAg+GawxS9rcd4QcSNltSi4=,0
rhhAXJSanfWiMT3ol2Jnypgv6ddh7Vup1XIM0liqIQU=,0
St8L5xO3TDzlCkXirnl28wzLgdY/eGyh4q5feEBhHYw=,1
1OJTo69QsFLr7LT/Fq94EyWu3tkz8zpy8Qtj9zaZ3V8=,0
5VSNNpHSe/GAF3gZVQt50d6lg0auxiulq/3Wwuv3iG0=,0
c3c3nNMiopYvMbCBZwCeNJed18n2P4n9ztVbJlFNvz8=,0
gsitSh8ElRg4nhTSX0ZJosCb6kD86JcpBkCCH/2Gtoc=,0
spQ1/fOcw/5A1gY7xsraPwjfqsaBnCeLD7YoZKik0mg=,1
7WKQ5ibXSKn5d/WME6FU6yJL013tRcOQGbde4ESdwtQ=,0
sngluXCsWPArXti7jVBzoXJRnR8SKyIamecxlgJBQ9M=,0
FxKS6Eb5O2j/XxOac4bASO1Ao9qRd/iVN6yZ6AKeG+k=,0
L9Ycxulc75533/+PhHmjASoDNQx4Rr9+hp3qY4HezI8=,0
wi3qyWCGveUH+fr21WMVcCRvg9WWwVz6Apw9Ygxd1EI=,0
7omc4S0oXpWKbpl5CdKvz5Cv7U4xoMZbIouL4SwC6dQ=,1
mpjbTfgPAX6IFHH13T2DZHGbRTSkkLOl3NscKerWjxU=,0
ZDB0GgoDBqZv+3Jnq6bd/8wAwt7N2Jv47Wy93yBvRwY=,0
PBR9BRm1ZsCNZF4bx5/ne2bLz1VsmD9viSSPf2FOoPc=,0
fKzoyJGEsaK+0HzyPCeQUXlAdc5Li0qTNz2sj7JpaYU=,0
BhAkpi7NE169RKT+u598+gnXd7OzEpBbyLRLYgl4pRM=,0
jgUVz3NpT0eoZDsfIl6o33CjhAGgaaV5N4F0DJRDpIg=,0
Xj+sREoYNkNylhq/0s/UpmN5VjXr7sk2a0lTqDY+N0M=,0
+iiI8xmCo/MZnN4zx6/9DUqDvp35pdegnXBobnq3Os0=,0
9JmWw/g8IjHMhioIn1A2a6Wpkf0P7Drv/fg6N5wa62Y=,0
YinQMu/95qC3hvQDs/qpn0oXRpEH5cR3153fydgq6ts=,0
SxDay8ywdtC49UBZJ4FBWzn4DhT5RYfsM/nA1NSSbNY=,0
UAOCCgmYBwGYyn7QIHurqYLDsnC4q2b/bKIwqaUnNZw=,1
CH+Sv4GfNSJ4zfmSaRmny0nasMYlm+jyDN7w3r5nm2I=,0
L1sBr+N1vUXVBCkUAEByZuw+D+PC4jntf/3xThYa+ZU=,0
iGk763F4d/Ij7lbKLT9arOcalqrnAhTvhFMBoMffHfk=,0
EP0HVv9Xq5uPYdoCGdl2d8W0+uc01p39JVcKOcsq3/w=,1
/A2QAqs8btebboGhTp2gZMGmtpYL8nWHP3sfDVUlk9Y=,0
omr/KaWp7lZZVY6PpU9BxQ8OsxkfF3z9SqivThGeXuI=,0
UOpcpke6bXSDs9xTkLI1IYBKKsR0tJuLqCpuUmoU7C4=,0
fJRoKsI0ypuZ8DSqz+Wkd5s18zjm2rJUOQXljIQSk7k=,0
938UtUhjtDMJHsn4w4lueE4qx/mFpHzOMqKtjsJatOQ=,0
1Tg5i8MlWOQZcaAxdZrmM2fw1jVDyNm83EHU8RuCxAM=,0
N1piYLinL46jr8Q4nX1NhVAaEK7bJXL5uW9KXIXv1Ck=,0
fD2G2NjkAVd13hKdjMiQGStZZPUT1dCg0fEKgUd7HWk=,0
2UhSuNf5nTivht9QpSU9Ks3lZeEFL+lmxm8e+lztAuI=,0
AIhcjgMWRzicrovmyYZSbHNOPRhtNQJkW2Uwo7h98MQ=,0
ueBDCUioDtgmjfSKxElghKeX5Zd4S9b21IS4d3Rz7ig=,1
gZwq3U51QFhSIG7W7VJTbmi8wMvDNKxFUGF7A/MIkC8=,0
1LFMJfzyZUOEpLusMS33e3IHmdYs3SYPKbEBYATPPUs=,1
KOo+w9Ipc+3zKcECJxOb8q+0G8ZXhn3p+Pj3xTFT3+g=,0
+1luNX1IrJn8MEXXdA9fHWWuCx+j5E5T+O6b7AGGJgk=,0
CygqzPShGAQs/yKab4F2s6BN3zmLhzaUEEz52D9ubvk=,0
LeWaRrQSk6ODzxPAFd46418qukpBHRl8VmRgo00GsCA=,0
dUpWRHllByy3HYiC7RJ8nwNtttAefDviWZZWwOz2qOM=,0
qVn1z6ObFHxxquaXjONOJvzFZ7H+flqRo+zhZh9j56Y=,0
WpKPxxnD2xnD+OPP04eTtKXC/sT1i/w08PT6+LpsXEw=,0
DsgJsj5Bn0r9yL1xA4jeY4IhUHbBOk+cRbz9bpgw5wE=,0
307ZeBkq8gKyXo+6VCD5ricswkHw/JEVajl93uW3x60=,0
1rnZsiDiXyHCHelJrLA1569an/9sybgJ0aCzj8CYzCo=,1
mB878eMwpooWTKomY+C4Hr04J9oLeQfjBEXU2Mi8YiU=,0
X2tSDX85PuIgJTcetnBeirMexKt3Gl3rcyB47g0JFm8=,0
sDeSNQgmq1MiUddu9iITEKkWzWIH/rKiHOZwaa+eEGs=,1
oUPbOuJmLVkNIINmD5I8PN/okg4AijCyK1z2GHtUuiA=,0
zsPbrlAZ1RQnfK5cGK5fZ/fn00v7uhztFwWZ2BPFh8g=,0
ZZ4iSnOXBLqCpNCbZSnB1fXJxA+lI8aTv2yVbXP9ZZk=,0
hpNneUl+W3OtXqXLd5iYgK/IZKja+CK37Pp0cyZTaMY=,0
5cks8baCAb39/lSNzcF+siwFzEQnnTDl1gIHnSvGTkg=,0
f6Gd7znxAKFw0E1VhtN18kjSExq2AjWaST/K14lWOaA=,0
Pd4rqRRphgWkfCZJ5PhibU98vwRK3fmLlegZ+L7biAg=,0
oOx7rATWKctz77koHFME4ctwl3vVr+r2vQOwor2EEPY=,0
jjjJPybsLERI1072EEIsf48Mq00g/xoDx5VO7W2tBLU=,0
EP4i4OboJNlgJdY8lkmzyqgR0MGwKVaa8Tn94r47qk8=,0
uNDMl8NHGT/cG9tYuYh8nYTmLarZtjq2iVndKgfCWWM=,0
rOQcKMN3/xTcm4bmFbhwON89MOwP06QHP+2CHe8wkKM=,0
pVbbzoWxemEbpddBAwiNwj1qVHqF49jVoivsKUXOFFQ=,1
FAolnRajHtu6SvaeKiymjyhUWALG5n27T8wUBixvckc=,0
XSJZcqvGGYtnitwf1Gdr1izXX3yED0K1yoPZ+N0OOus=,0
075VxbDulEcU/KGa93OUvb9gRcGoLIdw8zFaPnZQMQs=,0
oeDjMsot9qhm9P2bqJOSvGeuDAecq4E4vyvkz1aDqbI=,0
aiJ7EdvVYMQ46g/v2IW4vP9GJglNBYr9M/dS/v0fNSY=,0
Z69jcLZEs+73iM4T3noWqQx76gTCPCEuIVnEE5hOwic=,0
AFmEJTjBive06ChmPo7lF3TxoKNcw+zsrKiPhCBILto=,0
E14q0Os6SPyrPrh9K4KPdcNgLCX2S35ivU4zjibQARM=,0
IBNNxlaypvI2h297ENe4aIxpv4Vtg97c63ojFjq9A+A=,1
ZTqPfojeHHpy1QKnSSdOEKnZBZwpnk8VaRWNe9lRPTw=,0
RCZ6GXOEDC1Gxaou+51uG8DfpR1btFLfyKi3NdXc48g=,0
hbSKGq3JtffRKMw4OvkA03loiH27t1uEYkeOznuE8Js=,0
HiyINch//sTNJVqGMz26wQyuExdaC6cHEaykxIl0O+8=,0
JFurFzi3uVUBv0XSDuE8LZK49KcdDGU227tP3B/bHzw=,0
cvnSmdlNZHZe74oZM2u7VeH5WKtrDCiEfqY2w9omVJA=,1
MQZMgAp1o4JgIbAMBDCxx9WyM7UAhVqTlbhhThrvMOE=,0
G1WsUQiE3yVy4yKwapEzPkWHRXwpKCZHxq+w3ahTiz8=,0
1Ds5V5gz5Aw/8Y/evo4tM9VYB6Uo29vtt42PgO0uL6g=,0
6v8Jemjp+1m3F1R8PILMTByss6WHHr7IzJqle4RUrdo=,0
A0P0JEzFe27KCuINXkgYMHNApt8IdO2buB6dC6BwkGs=,0
bTtsIBi7ILuo+rfYQKObEh877b/yNQiZpf5qYnq1OcY=,0
5ifX6bjP89Api+l4YucbsC0eaeNUdO2PN/eTLhRKw4s=,0
nfzdjm2ZpJRIuHUPZ/A/L8EOEme2XQ3/JNujIEO60FE=,0
ozlV2WzQlCRHRyahLfeXmLMitRg9E9m8Cuk03ftSOWA=,0
4kVJkUYUUXNy3ARAddFcmDb0Ws51CcHWgQSF/PETccc=,0
BHeKz+OxjudWHE/DdZ+/ZfMKNYBvgGHuzL/YulntAWY=,0
kCKBQZoTO+g4Y/LyqC1CielZ7Hh2H1KebvI36xiKENI=,0
hqdu4fKqJ2fPhDePonojxwQSkWZQagmg87gDkS9oTyg=,0
mEKB926/MlQzN0HEtOZaPo4aNcubluoeDAoepnv92Uo=,0
V1yO4FJlWU8h975gmDkst2a7XNbXonjaZW/vv9VS93c=,0
xp1Xa0ohnWEDgPT5dfOv/noXxAZLyTqxsvOmdT1khn4=,1
N6mkuXlBsvfjcQ+HQqxlxF35YpjeBft70segafmS/KY=,0
gUb2rq8kSQ13IKjQarEtAGSKOseS/IdbjO32pBKQ3x4=,0
RFs18+WDg+gRn0xw0HFEyQuoZjvPpkKt0nKSxlj+2Ic=,0
ZTYGwJE6ekIyCtdyq7hjwbtTralRLR+wLcNzbqsrBE8=,0
MdfxVK2Y/kJUjd/fwy48Do0hkwiNvamnz6+q6oLaHTs=,0
0tCMCOInipQHPY5ls2PhCqgiK4YXOIS+TqXwdWrO/Fk=,0
lAdfxu2kMRHe9S5kl6D518U1Km1g+b9ViMNiSbBVHS8=,0
ZGGG6fAOgsxsqYguGQxN2mQ/gWfl17OkJFK6v7Pllig=,0
7Xe8ez9/1NnlMrawgoZg8MgxkfSzkz53nE+int/aCFk=,0
l1Ua1/aOZsn18WO9Nx5yqyK/kVYci6Qwcam6vEulbsk=,0
1Zx/BgAdJW5EG+uXfZibpQ/VmqfUw3PKVwUYMBPEngQ=,0
SUZ4ttdmti4fxsV1Jl6RU6tgjSLra6BHg76ba9bnLV8=,0
dviXtwWALX7uVa5nJYWg6p2X0sEnLCKRhp8kmbR3AKY=,0
lDhgHliM0dxwNGaIMYhxGSkncPv9svR4ncBXQadWUyo=,1
LaJLuxKlL97whtdS/n/XSnfWkfDJnD5Gcu7b2MJscpU=,0
bfVyMwRPHInm+42YZEgeKw6sukFPh/qMvIW8BC1j7WI=,0
tc4p6WUMhDlMM+B0ulV+4iqrlEBU4QDz7b/W92weGoU=,0
jdTJkqWbYvwLTWDIohTSZCnK2WQf7CF3Gu262OqGwjM=,0
/GRo1OLgeciwgrxRRKZMqKgpjk+Mkq6x6SZc/FJyj6E=,0
2RDSK3d3mMbb16to8L4drUV0nm81dgZ0L4XFR4Z5pTY=,1
JFZBsRJugdrzYnqZQizA3mHm7YnepV80tOBYnfkJfFc=,0
h0fTru8nYMv9bR0j6kBh8kiXDaybzWBYaSHbUIVzeBs=,0
F4ZwrmSPgtX4vhmJTJBkk2rRFW8AQIeODnG+/yy2Cq8=,0
FJiZy0TA4ErrQs0+CObhM4fvcK+ITGoPW5oNAnu3Blg=,0
mwN+F3DBbG0pq79sNbnMjYLzUu++3VRKjKlQOIqXqNU=,0
YEvvw2+toMo+DzLTvtO/ZGSZ06c00cXnRzSxeAN/5KY=,0
2PU7chgizVoDKdZfhtUvEE2+xNIkJwsklbdBkw8PISY=,0
cnZ/9JLCmrkE608AQj1RHSzm6K7PDfn2Vseoz5btilk=,0
XdFn/C0jAQB5UEXgm7Rij2i/Mp3gr5eqlO3AyX4pgzE=,0
MKupC3dsPa5+yTdRumnH42lbSKOPW62vGZnvTnC+jz8=,0
Pe5E4dVVrSHtX+8fkxZREXlkeN0Z1bigZgruCL4G504=,0
76lE2lMrK4/nwDfidgc3caQYegC0UtamlCWsq7+7+rs=,0
9GpotPNsGPvATIPEI7R2yMVU6OdNvutUy4ko0VHInXg=,0
XhHfju0Ev95FkIkLTQKbNbyerJWzAL5EFovvG7tzxhw=,0
C5tKlVse72x1jplF0yq/26rCjpHY2QADn1m+f6wz9mg=,0
0lWuiKJ2FMDRHoJJ2Y5tpi3TW6QXVQeTBH7Vl0GW0Eo=,0
Sh5P/uKayXBEmiFDT8y3vuKzKxvPu/FCMMIzJI61vcQ=,0
FZdlruKHw3CzCtdXtKfBDHIPKRkiAzBRqox1lxr9188=,0
bDv+XDj6Xd9Azyo64S4AR04M6ZYnnKWalrY2b5rJZRo=,0
BK/NpnHwqnRSTfUwDQFKjWUtOkGNZ3W07wyIIpQdsWg=,0
OiwXyBIMEUGF0TezTIuSuyC1nBXr4+2NfQrYgYkOwzQ=,0
Z51uwEfJ61aR2TvRPzjEBbjSPnC7qi0DoQDq4lE2Kps=,0
sSNFKzFdp5T54SvtY4n4/ijoj/Fb2CADH+7qCS4EZgk=,0
bVcdE6EoepBqJJy42iXsI0LF7XFy39lhv5hV4nKiDJ4=,0
61clPDNfvUZ5fIqQxFC5zNn92hGODD5SAx0cn+cimL0=,0
PARynNjiVNrqmmaRcnpW4q3LPRw/jsEqpd/3DNhXxRo=,0
LMnQvvdUEZyFoXezXvXek6rpdbSKIzzD5IRZh+dvyp0=,0
u6s+Z0uKGXQeF3iixTpWOJY89CjYCI/FZRH2jlrOJG0=,0
xvEr6eWjafD8kppT8f9Rq0b9pUb/qrShW4HgK1kqxGw=,0
ad5HNzdfDcHsjYEBa/fQ6SQ2+Rrm/tXLXaBsc3KdM2c=,0
nrXPOAgJrQoeJy8xcpffFYTF6YBq2eFqQxFXEIzf6I8=,0
YBEZ0orFKfVpm2oJU0UN+iTg0Oz+8jWoGFLnNGGczQA=,0
6/hbJzAYO3AS9rLpCpcjdA4/bfWkWD7q1i1cC0uY4DY=,0
BDcFjIiVoq4P8Jx3M9M5A+mZ1DIsLNp5sIb15oToYAs=,0
5WdeWBnD7vXyvuIcze5fr9hegNJNxH5LLZyxoV/FI6k=,0
RibzO7+7khzVs49xiXqH6QFUYl1eeITLlUy4SmDbVxU=,0
GXv9azH4llA5OEmmdfysUAtqT4eZYhF30vqatqyjS64=,0
lHtYscRpKIHD6uz36MXGIbDLFFxKCvjSsN8nA75jDF4=,0
1MWrlRfk8kzN0Jb5KULRX05d2WkzCL3huHVvw7/RKJo=,0
jBKO2wdsT0b9Cm90TSyCOlbJI5KsVbli6cKiy9XJUF4=,0
mJQWT/Ziegle/gVW/OMfXx/N1x+qfksPVnIK28Y9oSE=,0
zPYiRd8y6xcMpV/5vBfUMZvlPPkvtdRebo7HVHNMpvc=,0
xdcvptB1WaxvnCCUWMSYnn4RQxSzsl1tACsf5qtFbHQ=,1
1rlmaen1x36Ntt4GTTsb2k5NcsyYv4gOznIuaATLQuQ=,0
s/3KtLytqwONDiRbLd/EtKgabIltTa6aKNnSzxu8g8w=,0
t5yN5FwhvS85HXdLxWT4LQnBEuWLGrgULdkw7GlHLkc=,0
kBmnpgboqDHVMVoFTbK+YsL+fEtN3C2INAK5TgS1H3o=,0
dManrsNTS5I4NI+DRqp3BbH3M6BGCTwvpxznXkZ7fbc=,0
Hem597r2QIiZ8EA+303tu3O2RyMX8gO7sKOg6loIiBM=,1
M5/VXvmfOA4W+fAQsXEWNcZ/UgGPdz0AlwEIhyEErls=,0
s9OXv7/N5qDm+CxgQNoLIZT+yBoQbZTvqFhPtX2yfbc=,0
EDIrl5qQq7o2SQ+ORM3fVA3AXCfypvMw2Nqp3wobfLU=,0
h9c6A0xQ0rjOvICIg/RqXn9VR5GTN23seIXwL3+UszM=,1
DHZNSWE4HMyZyZSnHFyXDbv0ZFS64QGOgbUM3bo0GxU=,0
wjVhESDDDneIHwl4iu+7uQ+gHJIYoJr4baKhwbBByPg=,1
rRq8VS6DhNNVq4PS2i2Tl164eOgDOuzu2A6xekx3O4A=,0
XM6ZgLOiGY2uDf/eKs1iMmaZNtuPDdY97VHBfTeQeZM=,1
83PX9clt/Jh//4ZlGsJ49d9oMMz/UmAnNVL9/55Yl1s=,0
kQ+kMUiGvhkGabzRWV5hmzNETEwcF5bjvlmchpnPb/0=,0
a5dA4mPaBeWpQjKRa5kCmRlnQGF+B8Ss0y0XIVIVp/s=,1
4EjT6wN/9SLh+pDLmQTBWt/y8Tj6uK27pHjL0ZR1TNc=,0
v5iMo0KEzpAxVzO5Q0pvTKUOuRdaYmGSW6R3eS9fy2Y=,0
nsGio7k5YT/60+D/68Hw1/JfjauB8GeJJz/r5EZ48d4=,0
QoHcrY2+vbDCEC0pM9WU4Mqdc29hE+4M5Rrl+bGUxkA=,1
e64/zIrvkvfQUyy4HomqvEzpdhb8OxGKmwLPz6Z3NUo=,0
/mpQZdpP62b1ff/5p6HDE/n+bCzkyUBEzvpHGdbmc4I=,0
LgvOIaXYyZ0eIl1HLqEpryspGfxqPmxS+x8Xubh/cKc=,0
2jiAyfXx6qxl43kE8UU7dTHKxkgR4emVNzcoFKJnff0=,0
KV97I3SosBKVCRczeCYafBevsqgg9QncshVnZ3SYQpc=,0
RLNqveTEeIl1ZvTC3megzrfid0l+ERhIp2UX9jmaYtc=,0
bC7J17KX1X6iCj73vWyn/iQi/+NB90BkTqhuI5dtas0=,0
mr1bkp3wVtH44S1upKfm0WYNHjYAPl/cB/MA5T1arNo=,0
tbxqC+XjyUj4L8HMkF4eUvHwRPUzJe5YAN+IFgzwRmo=,1
o44eXDcexkRx7IWhNiQ1QRPVTt4WhlU8Hq+fNfN+Mew=,0
Ay2FfM1+PWam/okdyHmIfgFg7z9O1qtuUdE78sQtsJM=,0
jUY+B9ivSkrO5gKe5A3/sLHRyLVm3Fz6hoWUTDUwrz4=,0
pOmduDM51PcWL6xhnrbj7b5U27WueJ8KmtIb1B8SrVU=,1
7WrggQxjNqlVqK4Rd96IpdwVBP5T40UbZhRtGN7XVPw=,0
cRs79p4G2iB8FQ1iTAsdHaaEyq6nF42GSp52AZsf9F0=,0
UwVWFs0OO5/5tlQmQ/KiCiqQFzF8snM+0qP7JteEbQI=,0
rX7WJfR87u5K6K9gbITbZiS45di+h3SdPGcwmADI3Ng=,0
NHzZ1/B8blJr7+riIN3waoCdIEajyB97DyIFZRMv4Mw=,1
IPHTDG3/A6bUiIFB0lcUATIXm2N5DZuodaqfxLYyKOM=,0
TzLQa2dioFMKlvTQeqGzBPmk5VKeSW3GZxUGtMHQIrU=,1
oBIR96EZ7l/fi1wHGru3PnyFhKretwhryxPZ5pc2AxU=,0
CGDJo4n7gbkxtvuAUQdET81Glw6U0jlcpqs/hqVDCI4=,0
bFwc77zYOaFJ6ynhG/URWSTtTwMxwUW+yKuhF/ORoPw=,0
T69b8VhRpBcqPwnkts7k1j3sN+bonV/6sEfclLmyFes=,0
HYV1IYOvbTSf89m1VJpOzPqx3OnZhKKdrY0L/tXRIhk=,0
wkJAyfHw+rSUmwv4yUM6ljVRnN4e1fjRc5TafwvU8iQ=,0
chqDaD+/hAADbiWTmlplY/E3Oew4ME5bW4O0sQ/flQU=,0
XYyl3ctYi2Z+hKqPqwoDSo5B5P0U3OQbUO+8QlGS55w=,0
c1/aCM/NFJ7fMyPpyYg8r+2FpdKDOFHpc5G2mLb3M5U=,0
jpXcgVKUYrsuJedkoUaKNIc+mAq2353vU8EZleIqME8=,0
W6xtdbK/DUf4eBzS9H2m/JZCt0FYjaLohEIZVOahnpY=,1
Qmuis8khBPPFnqwc8pu4vsWiFn8RmhOGOSwkZbtydiw=,0
ciWEeJS9OxmxrDUJJZdAAPLiqKOCoLdcIhoxquJTj8Y=,0
/2YJaJ6idI97D6XnC4b9m17n/oq0mSTvo1o7sIW6Kto=,1
Z9A+LkepewPQEXYw97v2flX2aeGXmw7Gz776KorGo6w=,0
wSP0TDehcUkXc424jpMUe+ac+nbUMCfEplvQImA0xMY=,0
W1bGZGahW2yUoXClNo7x3u3plkRkeWcMeb8uq0u72aA=,1
s8jHCDu9UIJchanywSxgrZA6R6tVDdDR0KK28qNpGp4=,1
mkhreYmY6a1y2az4/2fIkxtaqWqA/Fxn/jul/oyTOMY=,0
vzp0I3QA7GKz3DbErHNubvIbfNopbx5aW49V223wq+M=,0
IKsFmhgKSBhEY3iBnAFi8OQCfOwhBWkTYq6gF2zgdVw=,0
ylJV40I/BPvtdoqgMQ58Rx1RrEmZbXKvNg7tjyXBrps=,0
EbMGwVE8VOJ6U0hHMrhK7E84iRD1yFU1EMxnTMKaeiU=,0
WvvTireK7DQ/tD6Cpd7dDeID4FGYTO17LamG+TWuUq4=,0
ZW49dViy+vTFD77GrcYN9C6FsrPqcQizXgMMCLdlFqs=,0
y8di1ezhKhRAU8WE0rDagGh8txNI673S7pNfQ8Afisg=,0
P4/e7RbUJ1lntmExPQoBn07b2KE94rMESd2vkdIs2ZA=,0
pq+tKQm1QzTQhJdQ28veUMXienO1njfqPzb4ZIFfB9g=,0
KHrgiw7tojBht8IiDx6v0Bp15AiTjPqU3OjMoqo+Mh8=,0
RvUorXb6I/Aa82KZeogYZsRE4TWO+zLfpqRe7L92beY=,0
Sztg5LwGFNJkuvC86UMfmQvPWRXDF+pqKdnBfRAB8i0=,0
Y1JpM5HtJQedBSkbn6R/UjfoT9P3FeklTqU9SVSygAI=,0
jmpVMZlvSumCfJA//rmE9/PNkF5q74Hwlu1Ii81vhuQ=,0
Gy3928UjY2HrLVir3Ow2J7VcN90hxglaQM2/2ry4594=,1
CGyqfSN+i9xBPgQ0xJOW/3ry09c521UWO9amSvoUGcA=,0
XgT5PkUpEI2PhxTPjveDX6abeu6BknLhMuXA9CJonNM=,0
GGvyY2v3dzGESYXpz/OJtz7jW1oQvbZdxsxeeU7+X0o=,0
4bc/o+pNXppGTt8J7yqZcIfhHVBaiHyvdrR2knZaAkU=,0
WCE9Qsl4Z+sINcRUCBEOm2lUG21jvpBjKl0+NmY2Kdc=,0
vnhmHryXyVe/D1DQQgnJZ7/5Gx7a6pQjhJY0atO460c=,0
7WdKRqzjL83XENYFDFggpR9XBc551UO56qqbcUths6c=,0
naGnH12Pwvd4KT0N+8M/ye0WqSZ3SwGU0qXvHAkHvn8=,0
EfW5gMjdWuzjurBlM7LwG/gjERC1M0pX4poLZWOvi3w=,0
y1wvZBaPgpxNnQrE4KrW9+pF0orJA34TPkNjXzmD5ps=,1
tyQYruSy6F38qdAb3ysUicixzOryQsnniwapj3djBe4=,0
ZoYmf26SOsb/I8CBX+quS4ac/6JANTu3pBwdS9WixQ8=,0
ptw6vBRZF9DmaNq9pB9QXHu3kvHnPAot0rHt4Xoa1fc=,0
Rf5AXX1DVv8D9nq7bJx7lw1Amddo9+WIyD3woAGgSCk=,0
3Yp6njnKfQxzqcLM9CDB01GLawkHHi9wZcYmsgz0MBU=,0
LacQhcglQ3/8PR/perAewMwH3oRwnmSO3PdEsKuPTos=,0
43/yJPVmLJw18tUpLzLaTEiAOIVTrzRbGLMLtGtpbL0=,1
Rcvpua5sKA23Vb91rjjSlzxOxnYFFLUUWnyJsk0mBTc=,0
CTyaaozVj6u17T3/1TK0guDlL97nqSxCw3xc5dW4UEQ=,1
h9ExAhmlmM/yS3e9syS83Eq/9V3oKifLtho4lgwMMEI=,0
nu2TXV4tNv/dLuBpiU2/mEZPzjNF3njDdRYNSEcp3rM=,1
6trgCdH29Qg2v/sGm2ILulqZp4h72HpRUhnbtSHB67k=,0
+ln+yxETx1BwXWmSpSsz2PlxZmvRZDzWQ1lF1b2Ii0s=,0
1ww6yInySbWyYMF6QSBIpYegXgoYPranEYucGvd5UBM=,0
MMAjjy0dqZ731xd/+czrIh9Bv5AKy0sIEN2D3K6JfrE=,0
GU1r9Ljr6JsTpd8s3LNnJPcqod4EHJtbf1c2LOBJy/o=,0
yhDDBtHszbsanLktg8f1904C6u7Cvz7v1ein5qiRN9s=,0
yNdSwoNpgThxOqv2W2qj7CBAt9zvpEHzWk4dj5DTHVM=,1
mMWmhw/pRsXpZg5NtnbwuWXP5xcv4l00F3KfRkrjaMs=,0
CsBuBlBYDsrbycmgwvlJ7AihuIgadEGEOfSeB4yXkLs=,0
nVZAmlW93sSvl/3Yuf0o1pDppd7TUd6Db9Q5MjZJPZg=,0
WvHv/t6+VjRaGhFWccDNd5BA/cNp5Wbljji68F94BSE=,1
74xQN8AhfFQ/Pcq9kI6skiwDqIzEKQtHJjVerAJUTqQ=,0
OKGvkbbFiKkyfO/Pxz2JZ4QN3CuChpqSX9ajcDB6tXQ=,1
26T8/9OPCIdxamppUZfBCxGWhwsSQ8C+bQLZmKPqkfQ=,0
k6rUeOitg5sbxpoTONVQCMURSc33HGuOHg1zGryj58w=,1
vi0s0DF9fc16b0bsJp9RMi17gxsn3iPp6dmCk0IC70s=,0
YWBlEssnWHP1OoQCJQaeBfwA1+jau3r7QGubbw+Z2lY=,0
8WQ6WJ+2Pt485y++TgZTaY/mRwpUMYHVTjEL8427o3E=,0
z4Jhepy4o4TYOL8HkfNbOsJu5E/NMmiDgBfKLmdcjxo=,0
DBZtvuZgCbc5EsYV8HoZAQ9PY/2l9+C7TWsrk21hsHQ=,1
UqWr3cc10JyfNP/TZp8QuiS7ux5siaOEhDHCAiOFmMU=,0
XT5+/8K7UBfKXnxUY0KoCEmhT5SNRMjvj3Uy4C2BqCs=,0
YfiDqR6cXBpXcCrcNrTKDapULOOXk1Nab08fPaVM+Bk=,0
dLBELurt1Dpj/DlJDA9hCYj3JnVC/TbWj/uLRZkpRY8=,0
JfIvsbDc1uhr9pGh+nnNLePCnr7D0Us5xrLWjNHGSBg=,0
uhysPiO29BBkb5Mw/AEV6U4Wjh+sBJqSwI0PEGrrzns=,0
52O0dgkU9owkcFmvSd6TkJJcL9UQEk3i9fLuoki3MXM=,0
UqIhRv5oeaZ7S+yyosDlXFFHFc3dM6EFGs7EVULccXE=,0
B0QJm7crsodtfEK2f/iV2pFa4gsOlGruYMIZs3J9wFk=,1
S5LjtBVNW5VaGJLcDScMG5SUIjnp4AOqoVyS/0L5ep4=,0
UKUsRjKLkylrRs+ed/FNpZUnkctQjyvx0Lxpg21Hb0E=,0
NJYjLF9DtD1fAmT0RVemafvS6Z+EXDnvfNigrxRXGFs=,0
5S8UCB9iRwxKzSAhkSDwWWHUq9KgRs3UsbW+dMFP0n4=,1
efMRCumRJb7v8gUeEIBWEqkFPobEik7anD4MGEeglEY=,0
xbzihotCt/GrlHbfdntpkeOMDCwXjndq1RD1POfZXhA=,0
EBnCbt+WbyMPTVZ3NAT66aAGZ4l/ovl63RewVXFpeyw=,0
63A70anTaVZaiHjnK1kaXRasDZtxh/u8jLAE9nY94ks=,0
LX/sojMUSV5d28v8JycpxCqbfsC9xTrXx+u/KDlk4ss=,0
eDaYW5XJ3d2vw5DXAWdzQlTNralwsg+Q4bQjADlXnfk=,0
av3O4qXYIq2Fmhk15j6UeFdS5ICgQT+vor/M0Hx9wOg=,0
7ZpdjCWvky8GzbEA0p2o9W318j8sAA16KhfntelFb0U=,0
eXgvvrOnmJ8vc4xlSBj3IEN5Ko/3MQCTzSQ4Xar5af8=,0
EgOEI/EPZ3xU36MM0ztgJM3gryn1rTIdRS2pOAGR1Ks=,0
6GfH0Qjn5/nS2r7lpbPBCAXA91ZNRBiFot8cke61C2U=,1
RtYZjv8Xp5Tn42rY9McxB5FQQymAolcJXOhrtZfvJ6o=,0
tIalME+8pZ0Y+PuBlxBfGo3T/bsEdNODEM/S35k85RM=,0
VgGIJCuaaYu4M1dNcbteM5G9zMRq1lWk3cju8bDfa+M=,0
ffqx4dbnOfG/RQQa7JzUgaAhwrxbkxQf0fNKEQBSDiY=,0
xAcSP0gkj1v+6h2xSGxvN3GAzDHNjYdY7mMJGIlCvLE=,0
iWJK2o9jBCkrRvm12dKdKRpGDe0wnZtwsZb848aszPs=,0
xPuNFm5y6Tf35/BsX7pscoKbB+lUW8UyLft5YCcg0Gs=,0
YF/Wi1wBqsLWzxelPRwKNWk6CsbQGUJBPfhZ4KQuBfg=,0
7oHmzP1szeKk7Pl5zZbKRTXrDiYqCvHFv8Cc7ZsKUNo=,1
8FpowIj5r/tS76meVSkNyfWdOia8Wtx8C6p6bsb9pvk=,0
ZdJteDvos9T+xLQztWyTffvN3WMuSxUhQl2U8TRrU+w=,0
8qA7yH07vHcWDkDbZhdRK3loXQ4T2h+W8uM+GYQDAU0=,0
Mo+jjLTUN+kYsGtuzWJ0IQXJIn+V3GD3ADgv1DbnO20=,1
1QsUiWZrwh1kK94FIH1bo1kSqXhG7DiVyrLNyHo3HpI=,0
HAFSgbfzKKJ01t2Wg6ovlGOd6EPOVmzdKWHalSTDCjs=,0
/J3cOG3MImsyqWWxRljVnZqGt+oGwQb9vorJyQgLFwk=,0
sJ0pXaLOGBoOG0AdBdYIDe0fVUHa/5KwWHhEb3fPPOY=,0
STy0y6e/j3T9QHTeJtLUfW4RpAFoY6hBX7EA7FFect0=,1
6fUkFYKhvJbELKnG3YikYM7WzS3gblgjCye6t8b22rw=,0
NGxZrRFkon2RfudIfUA54qCEMqBAV6iXfKzuTdy6GPw=,0
o+7Mvke/p/tyfIqoaO+3dwiDhVos8DJzY2sMwDdau7E=,0
xjonaaadDfXq9YmguGn9GkWNznqS0ACd+wFNhHnE5Vk=,0
5/dKESKP35Ri/uQUlxEKZtzwHBNizMzAgNdGnz8oB14=,0
6ddqFeVMkpb6XgvddLqhB3Xd4Z80qC0pf3l43c4LqnY=,0
YcNVn6Oh5M2PilzOlqLJtVBmIoKnOcuTHUZdHk+25nM=,1
/d6RNbJB0Y5f4wCZU0B1JlYz7LE3zqlttMXy2kLES3M=,1
8ChA3uP+lUidufvJ8FpUh0P+lPYl03+E0Cmu8eTdy8o=,0
Dka6YzwfZVscpXpXZdheVI9o4/yi1E1GzETa/dxVomY=,1
bX0phRPhqR6o14wpbe5Ku+sixOHvvaGn10mf95CCsZQ=,0
6wCSHA3Bfox/zEQxARw/95ulx7XpkNb3iXETPuizEKk=,0
2rzA4a77aLqf8x+LD8OaEctvQS5DixDCHcR6id91urs=,0
bJad/X0IWHmqU2+u78CjvmUDSA9wEljV/gCwTf4ViiI=,1
sUg5g8xUu0kkjePeK5RMnJDU00tEwp08m9d09aeRdwg=,0
RY1DZwI5xVymQFhGkEwMoO5DR4Y4CunEY48f7ysW9ug=,0
pzHTcgM9H0qYOv0QhQ+LMgv0aYK0XO2pVdnVW5InQLc=,0
+iTlAbX4C8E7lWfGOHqnRILe3x0+VibPCugWvwNPcTQ=,1
48bGr7Bu7TrM7neq/fDGntj0lrSHFTuqHnODlimi+F8=,0
+CWwjFhYpmHXEd1VGXQ7PclDMy/xfhEoHHNOu2USSUg=,0
ri0tVfJxVslmtwiU1N9yLKydeY/umeQ7TDOkH+AW8eY=,0
MWZZbzClfXQ1q6BtpyhrNjhZqv5laP5Mbm7cCSGzd3k=,0
4edO67C7Sc/wj+FWq23MbAMNgSn5zCDjbjKiJHl3lKo=,0
ManHQjBDUQUFu0mHaHUgjkePQ1+4/pxbBxZdBbOYg+0=,1
fV+ba0dekF1zWJoIxQ4EInSdFKX/VQdjIabZuXe6hXU=,0
Bu2wN4XSMA6meH7aJ25+Q/syd14dW8MeIcAQm8rBTWY=,0
Y4s7/gs8UOnL5szTdJHow3yvKJKFjGmivm1fOnYgpt4=,0
dB6iHZfcDL8Ag/TMDjeG6+qtRARvC4M9kgO870jM9KU=,0
bM0VsjS1AZBNvGPF2GkcDZNQOMn7TicA3cKKMCMXHxM=,0
mCVQFcq8b3OdhVFx8u8fOpPYn+uDMNb1SJ+RtNIikBk=,1
FHMcqN5MAlpiIZrQh2xuI+JBkNvBbjbBqn0iU5yO92k=,0
ITLpzsamhOCXE4mr+YeL2mwOOdzDn0CYuhGJKXrxJyE=,0
k2u5Drjm3CalNXkoq8h6MptEMgUD2b7HtVOmTbFGwIc=,0
4iNz6rHUbpdPHC9yqkU2EoV01GF+l9JwpY7AdNLHgTk=,0
4fBXDB6453RDHn9BmRzCYXCFEqurnYNnYIrANtNlaC4=,0
uRRDWHjK8QcZKr8UJAD7p6n6GCL86/D8ct+zSbI+AeQ=,0
NJFv/cd1azPnxU0GYADnU6TPypDDhAkQTDy2kj44hWE=,0
6KNoxS0ILEtzmOzWMsK3KW5C3YlwW9Z137rWLKD9SQQ=,1
Linj9I6+WChdKPEmPhXaq4KMRL+QzyG6/7Qu2sfhbSM=,1
txMzsi99CGxNtanQXaOWFs1L9awInzlAzg+wSTHwkcY=,0
rtIG35mX1nzWdnhwXzpYMGhExdwvxfEb+y3niFBbqOg=,0
prCCgv6VlPHtVltWb4XvmAWXG5XfgBoWtsgKelsFTLs=,1
TTcTWCZbqhrOBMpsfFC4W2EphXV3fmiVNg8K0CnuCaY=,0
MIsNhQfv2GBUyiieX8e+Qr/SfxbUVqew95iDLSow9zo=,0
KlIHoGASp+9NeLT7tA8Az+K+xcTD1emGxZlqsOZSL5Q=,0
cHIn4rXid5AsVmR8oDVv6kw7ifRop+4w0c0YzvL0ysY=,0
RDMACewqQoqCRjN4gX5NqlYdRUssWiXyAb0uquc14Uc=,0
S8Y6SfOLsXCyRkTlmVeX4EE1095fQHN64Svts4fjG3o=,0
0KMbL+N++VvBMMG7nVqo7FyXyVM4bNZSrGdylEVr4cY=,0
c0o1h1oQHW1LFD3nXqJC4gDqDH9l9zKdp+3Cu6Ea0UQ=,1
wb07QvN6w1Aq3rKM8XSezPPq8tlEUH21pnH+BxU3TYY=,0
j0IvRUMq2Nf6Y6cA2dydQHCuuDS62rVY2+WVLNu9/Tk=,0
WLiECMOx8ypQ1YflJpnF+6u2dMd3UyOvvC37OGR7STA=,0
eE7Z/5CvMImPFvKKl7hSh1hC9mC+2n4WHScX/ffeXa4=,0
nAJI+htdzAJ4XSgujC7AJYe61m5TMvlOl34v6S3xrn8=,0
RkFU9AhiBPVEIgCOFs0YE2pfzkulYm0FiyHuAlo0jIw=,0
+u7BRsYNAGc43cU0ytl/PLL9oZsvzWK1HuE+xlTtcKE=,0
SdhLqYFoNJj7lihn/gOSVo8TgHC1CNojieNJlBCW3bA=,0
ezOPX1TyG/RJYgPHzB9rIWEas9f/zrbfY55MTGKC6Xg=,0
Dc6zvLO3mQ+F9TM6LDV5sH6LlvYhkfS/XXDHqyMt6P8=,0
hkO9TVz6pnbrWMJWOf3l73eyDz0MnmQgING/pt+U/HI=,1
g2d3WF5Zn9QEQcaGjWmm001Dgz7ATmRM7OeuxPNVLyI=,0
BeqOWfuZ/nFhkHAhAeBQQLZrjAUooAYZOEDUSNMkXoU=,0
7Ids2biL467HB2VwAVFu7aUGPYvn+zOweX/LtSQICO0=,0
P4Uiz9+Gzyn4WP5GpyQKdkNflyIumZYgsB4d053VYX8=,1
Q/RTbmCGxymyspzby3KlAjbJyQT+en4lTniExVYO+O0=,0
YFZwZPUT/6xKx78r25QsTfi9rgESjFOhH8aDP9HogSk=,0
WMKUALP0eOeKYFnuLSKYzV8vMlPtHlYCzni3lv3roEY=,0
aFAG9NcDdpLOq6l7TfsDnMJ1Vfei40xLR+/fooSGqCs=,0
jaMDLlt/IKSnHlfdIRbo1MIodMaJQDAJAJ/NqZwiYvk=,0
x+vwNCwhZEHbVoYoJW7id+0y2JdB7VpC3+wRb/QCGo8=,0
0iRlIzmg+IuRCThkun5BjvvrQLCcBO6cuFa8GVGGDjY=,0
gTUnZx/w974hJmlbfH8/pMd15IMdLSxlQT6v2ne5u+4=,0
N7HzqTwA3RNRsfBt+tkWuCRuXqQdZ4ueyEQXDFR9XPc=,1
1AlCc09iPQcYKuQ8poivsVxUPBN4D2vJwA3kRXrIW9w=,0
inWOxKmRUJ+zQphPMXh4zCm44QmyKZtdehQrO2Zprvs=,0
ID/5SxxPnCt7J7qoJru82xkuiRItIV5IkuPy4fp2NQs=,0
eLGeJS+pvVh6B2Px5lUKk4Ze50VBVHQL2xaAfalFpJI=,0
1JSpseQycbmKumsgQmKgX62fsAwq6Co5Wt+k9D+1RjI=,0
/F00pM9ExZYceLiGSHlOyNGuZgDcBnRBaF4G2jLv48M=,0
VXUTe4VuaiY5ukFBN//0x3RLbNG1XM9cNHvjnu6D500=,1
ouLrzEWk0oPcfu/G9P62cVQ2kFcvAgPNq0crtzg09D8=,0
RgWAQSlZhW/j0k5FIou60Hzf32DZasHFpmGVO1Srhos=,0
2ML9DHxwMfyuomc5+7x22BDakGD8CnPbYLhgIK2bvsM=,0
IU2MgHWYmeqQN4LoumdAqteQraClG/9LUTLtJU1Z2aw=,0
kbdWWLMhoDhGlcgsDHKW3K8SfciY+K12Kn+Qp+xm57g=,0
Ha+V7xttlP7F3cjm2kNoZO5ImC67HknJ+dtNM6ffqDI=,0
oGQusoYKU3bJkSmK5VC1Phbo2R1e6pW1E847geyG7nM=,0
uSn9tvXqBmHrXxxrsmrKM1KNIPPlJv8Os+P9sm1rr/Y=,0
7UsbajN7f1hlQSHRvuTZqThnoK9CJMQOK44st6do+1Y=,0
g5R32z+G0MDJLrgA/aZXdA4TiMUCcCKMaCcaF1Hjd6k=,0
idHKwTWyoOM4UTSoAKHL4Eex4VKBN+oOH/01OBvXkVU=,0
aYOD/KKYSML3kosF7UdCUrZ0QlvaWn2AHfSpmIgIlIo=,0
P+7oLuxsuOP+rdIbKbNe/Q1wZbFpHIYIECU2rU3Z6wU=,0
w/4JHEbGOzfTGTwjYTLCg7b6jOp+RvySaZ0uxbdRLgI=,0
eTT7RGc1b/4nNrKQFyxpBZbiVvRk70HfrWOlr9J6zBI=,0
R0l0PhhbgRttXdzaG5sLXD4+BO5gxnM2FZ/Hh1FQIA0=,0
/LifPv31v1vu4h/BJQwwgOMkQ2TCLFZqMnfbLzsFLLs=,0
YmbHPUn7GfL41mFt4c4JfTJSR0i7EwJjnb2JKHg+Wc0=,1
dkecGGRY38BqKn9ZzdFFvB9z23hMBPMv5OQnKplQdmA=,1
3Z64npOmDBjaOJ7liKXqlGt+kXAlMfWPNUSmqv5cZy4=,0
UMtQhpLgFoD8uERwpQtp2fcjPiVdalLgv4L+5lgFaBM=,0
i/T0zpB9Tk9xBshaWLdEDi/n9qufwMSByfgaA7kyHwk=,0
HIEt+rwT9PJb738wfIj0A90fuLb2rbl87Gd3VO9/pNY=,0
Ej5Q8RR4SXM7FZh5OJtpa59hR1Zuu6j9uKjZX7uxEu8=,1
nqZ3GE/C2BHV2iovK3HP16/6yh31CYPYRy7JOcuLRAY=,0
Jr1iLw5l0Nl78j8nbZ8WaCQFUvI1f/KXsB3wpL/3718=,0
kGXHFjtA0apJ27Nf+HPWF6sq2enz9dRrxpN0BVKl2/E=,0
YxcTmcRRFbGCwvwQYcKvFGq04dAans5Ih02t/s9zK2o=,0
kjoCpEzRsUYwM42w+atWyY6MILUZ2g1cgd7eiG5/x2Y=,0
5JIwg+aQR1rweV12ANDm5oaCxO8LgwpbVWkath4fFUc=,0
h3JPvpmXRwBsvhKestkWwl2MRQluAVyJy7OHeYB49C0=,0
3x0zh+7SxEzHcEVicQTYdKhHWlEwPXi1qw585AWWcLQ=,0
kc3PqSaoYL3P6DJRIym3l3mABXffpnCyndA1rp0U/mk=,1
auaupM8cIeku7idkhErSiD0EZ1mmYrqlKPFOc9Rqo2A=,0
50RGHCnUBwsJ4mOODd/7WqG0eHiU+nzmymQNs6u63i4=,0
oB8bGUOwEpiL3VbBSE3imitzhCb8LdJWz1ZFpECswpM=,0
u1AUk9IJ79zy5VJLgEQ+OzcHfMZUY5V0IWJ8iTWcaT4=,0
eGq68HhFAULB0jLv6OLFhCqQ1v6OSgmZZTzUT5bucGs=,0
74ndiGLFGwK4Cq7B/vzqgvuaR0aYcUFATaZjh1/QlFA=,0
kvqIe+U19uKHRRAOh5vedlhWPJ1ZZQav4n19ZQew6h4=,0
hXo510F5VoHmTPjnxGJgO4c9w/I8oL+4Iu3Vk3dE0Xc=,0
PbBoH7uBmcwgxH1Hp0+tKW0AM2KHetR1nWhZrvsoGEQ=,0
tWERd5vKqPFPKkE9bAZka8PUGcaKcD9o7yPkgROg+xE=,0
4eV+L6q/zKYQwdmcJ6I/k66iiMUytoMvDcqrSIivuBA=,0
7ceQ59Ns1Vu9kMR8/a8TDcNa74owgKzhst5wUWH2wzc=,0
v7VUkCNVksc0k3BQWAtta4T1ahrtDcVuqey/Z6zzBCY=,0
P7opfuxVBgfbdJPy3/W0oA6yWqTFPqPFPQTB3rrjanA=,0
rUQXg88jSzTIsX4iJ+NmdHPKwgxAfTGIfVZaBoi9kYM=,1
mQ8Gjv34Zzx2PO/weuA8fkzs0v1sTrUTGm43xuiGKBA=,0
kIWzZW2K30SFTL4QPrONQKHSLRxF0DFVTm4I+MSxXvk=,0
AVSLq9+ftCOrFCz1MAOuaCVXQOK/S2/SQZyNvweyeAI=,0
1W2Do7OR7d/R791wINNK07whG0/Ssd6toTtMRSS06hY=,0
mUKXwtTAzHLV0SlIxv9T74XxW7/cmr14Z7dn+BaV8o0=,1
bndUGuNG+Sjqe+as4/NXK8fGD9l2lvjeS96KFn0r6aY=,0
wtTXhcKbLJdqIC5Ihw056ix/6PxSSjsWQa+V6rjGs1I=,0
yzQ0rde2WQMWHwlOjQrC58LFJzoeDG4ecZcG/kZxBMM=,0
OWL/zlSBSpVc5cnnBEGmAzbuWUxqOPzZNUBXz8uiJE0=,1
jD89IgrWzvkh/4Plo6Sa+XjGVwGrjsnDqbUBgfcUL2E=,0
jyShphJF+Eik7S08bSzcqHR7MDos6luT86C7cC01MrA=,0
u5Z3RfQHidQtK6RCfaIBZiAdqjU6mcNeZfW3AvLd/PI=,1
tWZ0ExB9/6mWUmGR414nZRkG9WCN/etpltv1CUhFXyg=,0
MejCl3oqkdRWk4Ed8TpjU5f61KN6b6ffhmyIK/MZGMo=,1
E9hGs/gE+HYqCn3zzUjcqR2RVb7/d+oeh/0TPDHd2qk=,0
IeqaG5TfF810cl26Hk8SfhDi847rqg++V2cTJfKtclc=,0
xTp2BFC0Z/v2kb210gPkd1i+x2+0DW/2pJF0o/gxaP4=,0
MJSI04q+nDN+m9CVfVR7ptuBoLL+SrbgFjCsrZ6hRP8=,0
McIDhaXfxk1F45KLfBQ2jm2MvYYQ06dTgHRgk3MgptA=,0
6yW9kxH/X7YcTkFISHYLtuxPeOVxldCa8TONiu6vkjE=,0
glA6X8oXDVcZZz8LPaqdcOz+4bJxRZaF5ryybdPiJ3Q=,0
BdiIcOW0fDnSM0wOY+QoQws/x02B5KdBvfSX+Bj615Q=,1
eOz0KfyF/jZ2hI84e54q1j0kd+TrF7mPe+ppQiz/Ues=,0
/bjXNJ1Qm9K0e8i9rehcXo5+AnqwSIdSenmv9t4h1pQ=,0
5iE5WDc0zN9uwrQz/ZJzqN8Dp7HAVqOaG1pp7wptLKw=,0
Z62Gz1JRvyFFCjaZfzN2hoAStkaAU86r/JlDd0tZSx0=,0
ZaOH/FV/mcPc/3xULNDhomNHDP2xiOSIIjZDm06mUGc=,0
lNf9R3FIMKOJk/HKscSdFv7zyL8XCbhmonfS5ll4eS0=,0
3Cqsdyfm4nEpKkX2dr7PvTqfwYEpP6oRuOPtSNKMfPs=,0
Gn+r+eTc+fftme8gXDnqpw5vGBSQ4pgoGvxepr3wC3E=,0
WYULvpuD4hb8XCWSx76acdVv5LjchHzZ6e+p2dK6WWo=,0
hxmoT/NI6s7QnrejoBl6DJ3Lcf+SMWIJOjH3OCCT1WY=,0
1KxUXVeexyj/U3p4RgRzAoS5X2Mv6q+QkliO9+G71k0=,1
CQjH2cX4e/MQXMgS0l7aQdbMSXu1Ex28SD9YXMs2Ca8=,1
nRROCYad1dpRrtCMq/zHRyIfrrcYrXMbZUsAFb4VSto=,0
uCSucRdA4z6hiIGJGEhlUlbi9PK4sMSA2cCfYVIKLVs=,1
4I31EIWvDrdA0mGQrRzrd9nkWD5Z6cBy4SWA/MIorAo=,1
FgvxfnANapG6dofc8cbvbXsgtfQIVzbiT0pDYul6XY0=,0
SOhRyio//0pTZ+bmoz9e05En2BwKBnYjFre3H4CbU58=,0
nHjC+5/WU+zSarspXYnnkSMjXxkrwgFGygf6UkXBywI=,0
XB5x7gZZwNSDBrICe3GJ8EUFyB4B5l2NSCTjwjUBaiY=,0
A6jg5upAnI74jQYXme/wN5Z/+TT34XIfQs9YcKgj9Sg=,0
b7LKn5puat/mah+0PjpdPqPfAlOwZaHfcmlLUKgI1CU=,0
9DnnZfDMvmmdMl21rHQl3Ka3W1/nCrXESK8WpM5EQvU=,0
N6lEJ900+IekP3vH5ZucevM2KtI++l7cdAQ1O0nWmJQ=,0
BAZZv70o7aAanFxw35kDemvfP0u0bPPwY50ELOXFUEQ=,0
0EFJIA2sC/qEdTR70yV2gUC37imOa3Uq6QsM1bI29FA=,0
TsZM/yiyZW0j8uCVZibFnXpQXHj7xHJeGoyu18JHheI=,0
hpyWQPZDumdbNd8YiRN3/v+KPQnwTMhgO6CJYQtjXrE=,0
R5C89pPI0giOdYk6GryNUNAyLFOUHpitZ29NTjT6hYI=,0
qs/K+JGXWpUtugQCku+/fvsU2On2BFr7SkidS6OBcD8=,0
Lu26nj4GR0NX1q1Ii+vv/TAPHqPBgVQCIUmmGKNDrrs=,0
lJiw0YXXzGbVTnMreu3p5GkV5Oa2vw2207r3gzVVZvo=,0
Cun7ZRDScrYw9wKhEvLQSKmO2WJjUoP+/DhLHkgt/eM=,0
AIfVh+krZQh1g6kNCWf/mXsbk8LPUgFsp+3y2iMhq9w=,0
UgZI3jWbK0gbkmvQePHt7plhMIqWHzYW70kCcJH+NDc=,0
Jomf7x/44G1rxBcLrQWE92MvziKgzyxiJsjgcrQqwIg=,0
Xv8+wtUGYYBa00unUk12FWIfkN3p4uq6Fv9DDq+mu8c=,0
J5mlN3SUAhDWlLPmQywtqdukYuU64zNFfN/VlfNpRA0=,0
8YzY7eRqF3EFt6WnnNjv0JeUmo8ITbIiLogqSu+XTPA=,0
sY9mYn1ewPS4AeZP9My6y/uzkS1py1d1f2rnJIzTo3c=,1
AUdpDSIIMLdTpXM9x5Jg7IOrrCo1R2gDhPqQTkEFZL4=,0
6Yc3RSqLJyaJuKTvV2g/+YhAaHvHsSBSQ952KbccArQ=,0
gz/gk2lLDgirf92yWgw0KbPtraiI6bh5G3tBiW36nGk=,0
dzZBzDP4/kHCO1N4gNW+Wa0SGILj2/FxKson35FkYkU=,0
+bRNnM88nUblXxuhqikDUzr1fDFzuNOX2MtX5rX4WyA=,0
XniQ+WO/WIV5sss/Ir3/DMkeGosEPFygk7sEUZRRhvA=,0
8niR+ghiy0BG8hxkr7UDxPvP13qiXF1GPSAvsdAMU0U=,0
0R0w6ZvUL1oKZ3KC2TZZ+tTvPfhqcWFtA0lbGkCuz4M=,0
LznGsDbCmMYitPT7N09ln+cAFKBkVEzgzkD1u1R69os=,0
Tb5cEGtcWd4BDCk/WZ0Rtps9oY8HWYhYeV869uQNoDs=,0
6/uTLh9llTRM20lho1is5H6TR/F3E08TnbfTbo6UXzY=,0
l6uVNYpDRDcVZ9VVn2Yf2+k0kI9WQOxvlV5l+jBMQFE=,1
AWrzRDR9g2T7WuDF85TVUhReXbQAC+txvL8DA0/2LVE=,0
YCgj1hThb9zTn/dZNIQ38XfupV0NQhm0RBc7Xey30ls=,0
3lCXbgqVwGgnQPvszhV72WrsoslxhkhVvGrIuPam0QU=,0
L8l9db7182W+h5Qnc5F6/kmkNMPWKbeOy+4TZ/n2trM=,0
+t3PAW8i1nH7dtq0imiVKSc1q5Ft54GbNY//42fAiAc=,0
4yXsaXFmTqi4WPzl7L5OZLmY4ymazoQSO3KZ4s6i8mE=,0
6dHWijef6ZaMildR9Cou8WI0gk36/LIdVb5HXhMt4kY=,0
TjPO0ObNqAEdQ2FAyljKdE8sMXCDiwpapbPmfjdspJI=,0
lQZoTHkad4aW6eUwr8YBTpTvZF4KTIsJzQDU513uIxA=,0
CZTkIQnSmSLvVHUJOL7gA/u+q9e3fC8dk0F79gvcNUQ=,0
8L7x7sM8gOSHLfU4K2VGCYBK02JWqDIQbfafhTAWdRE=,0
cFz9ny2TAhFn9wkBCGrtUlmogh6fUwU5kS5KhtveSK8=,0
tbOzOPfqSMq449Eg+6tTVnTFHWqE31KsNFcM2wQWaCc=,0
Nrvl7pWJyY1qjAvsPlkjBx1HME0yj4L++zEKBpNU53M=,0
nq4LsetjEaVKTRdp3rviMfiDPNx/fgax2Zm0WXSqBLE=,0
Dd9fOb1DY4GgQJVVp6MMTJFUV7yHi68QhqE3AtOP1WY=,0
Sn+JUVVz1opQ6xbQ3cns3V0BgF3kdBWqqc+1TkE5iKM=,0
V4AY55pdXVV5HH5huIXIXa9GP2zQXzXq1I+gTpf2BIQ=,0
dXE9WZeo4CPU6+DnLuqSq2aoQoqKr6OfruifB2Mi2qE=,0
7Q25BPkVzI0NYxBSsmcaL1rKm2At2iRb4GnroDb4beI=,1
PKd0gbkVmvLZOjhADvsoOdOW8WC/llfGcYiWHhc2Ovo=,0
7jC3XanyLT0rUqtq8xWYfWUk/733itGZ5WLCOyXP+TM=,1
XSF+SDCBezKlo2u3bSayEXL2X6V1Z/ErbaqKCmdSX6A=,0
h9kf6uw+oKNL2NYtvUFWa1BlsB8d0ED+bdcix8k0Rpc=,0
D6GRFhg7nNrYgFwihyMwcdh7HKNn6vhTyD2wtV1bRHs=,0
Lm6HP+6Vom+UXSRB2IW6l9TM0KFW/nvle0tx7xYWMk8=,1
o4AKVljx7ZenxB1mikRiLYtFJ8lqqIolzkEwwxEs+Rw=,0
zg6Fvej0DzPRg23NgwkMxsk+5/9Q5LY3/o/lKBnohD4=,0
J/xwvv7pLwm0/h6nC/03hM7GGN6WG5ZOBpaXAwbflyw=,0
JDOeT06iafuMtOeB/yMHZbRNTQFp+XlDoV+pTQTEm9s=,0
6/6n/Ph24y0oCND5nGQfwt055S3Kr4/hOBjNO91YW/A=,0
lBEOL3a4rKYXfNJ52Kivt/P3A3XpJIZYDNJkx6oUfzw=,0
eH215w7dTEzQiK3Lb4K4R8aDDCgcu8k/EUy6+qGyvZI=,0
QWERL4HeRZ+2l4VnFnLkboMUZqHJuYNgJD7xXDa5OwI=,0
pNkyN1wzus0Fgr33qLl/kau+VRkoCvMd/jGslAcpMRQ=,0
5QspinMgt89T0i6+CY4JeSFnF7T+gpybh2Fz4BkDqv0=,0
/afdyPobvRT/wPrzUb/nE9F+pAZ+6fiFnwYU1zG10Rw=,1
7n0eHFNawiRE4aPIV1qaMSrtAv2Z48iGfdzr+vc3Ox0=,0
rpS83Y+I2Ofdmv3iBXeTeuZHauvBom3SOW7s4xmBq1s=,0
tG+SiGPG3R4IbhLo0kMBRFU1OMBq0zpD73Ob8kA5HBE=,0
0MFSuyNfJah0wJ7m7sy8Y07ewHk8mr0IHNzm5niqeR8=,0
AoD+tP2FKX+Nd2WewN3jPwf0BP3lEeSI0f2n+yxrO2I=,0
YVA9krmiBfwMiKxCbDfu0Hgvuv82A+rVKhyILacgvxs=,1
SvIVE/uDUxu8Fn6GjWlUJsPtXe0rGdLqNl15RTnNhc8=,0
CxtN3yD9dMmYWGy7LQRwz7tqVgf6XnYxp9/tOadszzA=,0
Yi3rN56AV7O9yKmHb36J+lq+q/w0IRW6lf3yP7qAWNk=,0
UbvaJg92bkKNVzkyBPEoXP/AuW4qrU2tJXYHIN3Ih4w=,0
ziWq08C69moVLYw6yVy6f4827iDEgs8qAInGE2FWGq4=,0
yxon5unKI0L3UM6+SEjjC86OcODkEk8pYJvEYp/+lJc=,0
4FTnet72FGNi5OdJ4SIgSEQK6/UAMzyWPaluoPcP1QM=,0
vsXe/FRygnftunzKppg3Mox6EWCouEZt1PTv9fJijzM=,0
PcPLT1m/Zsd73bECRjudWhEkyEVxKvg6ashy9AeEeIE=,1
JdWetlSw9QjKdoYdciDPnpt7oGjtotOnYsoMZb6e004=,0
Aw9STQY298aZsZmsd7482gFbt8NZZ6eQGDfC07X/cN4=,0
7Uroev5SnxDpjfeLoJFPUuYtt9LY0q/pMeKTYgAfBeo=,0
RzpCgBMPkJO1VJOuufU23sdS5wn1ZkAPuyeIDxLwrgk=,0
DMeVuSE+Ym3JZIUq9n5Naks1A8HCoBA3oKfa1bGD+b8=,1
ZqZKbK6yiYNxRKldt0MSp38ZAVtUsmRXa4rAHDtL6OQ=,0
Ye++TicOPXuOwP7wREbI/5MCPRBwBxDafCKWD+hQNmM=,0
I3nFN8zEUOIzWPNe9iAOSAsI630jwXFd3NDLHXR5EOE=,0
ustf3yBNDsbOVpeihlqqL9YpuDpf37WMTl6AeeKHQgY=,0
7HO7yMlrvdl2O8sqUKpBPZnFoc9m6zA3JVmZiSXps/Y=,0
gdxk6QWcBRgYSpjTgNl6zVqi6Z/aaJv0BLvgkeFr7JA=,1
TwSuTgXMQNxAWt0uqQ7K70I8PbdHsE++YzEMFVyIMys=,1
jNBC60DeYn5fatyqZDPDIFkE9lbisw0ODxubTf+WpfE=,0
mEYxA4XNF76fDyrC0InG9IDpBZx42ky1ZAtqelq0WlM=,0
2j7PWAlaWyR1PmyLDuBFHa5Y9yKIiJhGI5Zpx/fSjnU=,0
//9E8FH+0HDFbKoe7K6KGyOHSdcMGWVCG+DWyPTuEOA=,0
R984+eC4LdPMHwlPaL8R9l3iKs+YiXwxupY2rcp03hk=,0
vHs1h+TopLkYvLHw6tsta7XWoaIz7DjxzF2fHCwIZqw=,0
CPxCqsp8xPRbVOz4hlwVfv6Fqq7a/F7cZO1h5hkSeQs=,1
qg/N1RAhmAIizYaR2g0T8FwgPh69I/dItgXAovJ77SA=,0
FwmRc0WmSv7WjYeS3nt/nIoSaZwzOwAgHO51sUwiplE=,0
La4a2weq0uoFEEggTyYdCD4Np7hdVSu1mYx6A82ocK8=,1
vmwq5Uk8Obj8sj2SCXwSr5T9LMRH/YBqSptU9303TvM=,0
mU2OOWHuRa8OsftLcJZ+gOkG8ylydQkPJc45N1D5O3Q=,0
CRpqUrEh2g4FDKDJrGV9Y3PbzE2P/db9Vvc/gfKNNlk=,0
7sZMu1BqAQPgkVX8ZJ79Iz+QzwDB+zY2sw5wrPAmnbc=,0
cY9fZWHjbIkFPqLA4fAmXroM5PpQda179wC4WxHQgpA=,1
BQOanPR342xPEBZizJrQNCFbwaFLKcZrBkpoUWJpWgA=,0
H9497Y7zIY4Z0QbH8IrbnLWm7oQk9vame7lh6Qrb9pk=,0
lkV1yNtovAkbDpIhj1PwS7k8VXeUq4WSMPFURF65knE=,0
axAFeIFrxfEWh6vhvogkmFbBs69F384eeiM2c2ylWv4=,0
rQoWc8SmiDTGJ7XhP8Y3pH4v+r3a/I2bFi6G4cjufCQ=,0
gr1Ox0QF3g3SabJ1cpd2DHcakpJ+hndpTQZM1ZyHsJs=,0
0NQ00Ri35mHV1YGpe/rCzUBsBTeg5qTs/0cqvQkjlKs=,0
PI4J67vIJsd7Hyz4miMVzwg3NhxRL64i+xGbkaMp4Ps=,0
jqIQyvaIRNMlp3PGMPo4TuVUJunXm0E6GQB97UaBexE=,0
dR4laS7EzkyY1E7xFvapyEcwT/eUWvqqN1mQ7DxAF78=,0
eTQJpWg4xObcMOuo/xyyE8tdisgww9wSXH/42Of201A=,0
VxOkw/CrOE6IkgZy+E193juiyapRV1+mjBTIiOGpfEw=,0
lTTZeNd0+VO8MZsdJ0Js3lk2AG5iy8/+1wIYOCJacNc=,0
NR9aQvnS0rOrPkG+c6qNWK4OuEM3wfN8pNLOm7yG7V8=,0
8XP++Y2hJfjKkAApHJnprfwFkdQUgpklMJPzNbCugzo=,0
IZlXQCLiIphG+Sl0HWdKhcmJUwSCNRwrGyorutM5BZk=,0
ZWMw+ePcQuzIiH+yaYx3FLFgIGZb6YtanJylI56ZgEA=,0
IrOfKqLqdImZRoqeJq/Elov+YLpE+kR9W4zAcM/6UTo=,0
6wyOz9pQhmW4DqYos6oWM4ImphoLZOEguzDO/bShR4E=,1
F+KRBNtRF60Hcg8TWuKpz2qBwMU05Sil7oLWPs3O/AU=,1
y50l+lbSuyEm1hISfbXWcttnx0U9p/tgbvj1ntB0Qr8=,1
uOwz8rSwopYvTR70MHoP5nUUUuT5BbHg8UMEMSgC1QI=,0
Th19CrzLMqLRjKAFSU232wdUn8U2zMGtBDRe6xpXUDI=,0
G/lR46dgRchWbCKSHX8Vg9p7rr7ZgASw8LoFTrAtJ10=,0
GV5knMifY5XQM7IpVxOfmkzGyMMPlQ+yCKYkCG8yeuA=,0
/TIKONixdDGxdDeMquV8LEpjuUsNU5UrxJu0NzJy3TE=,1
IyIPk0tO/VQTeZb+FFKG/Sjt+hMXILBEkbwjqKzo4Qw=,0
+0O12SB+yRvnfOXUiPo99V8siiZ+5cgaXsWQwSddg4s=,0
0l3ORaPxHYcL+i/ObGVtFiYe8MHhKtXa8NhSkFgBAmo=,0
HYB4a0uITf+r3TVE8DWhr7XtYjVatkJATdMIoBOUpy4=,0
lkdiPu6DFrszFh2dIFQ8XD7kSESsqWuKvhBu8+eKie8=,0
DrpxSGHftDlAUv2ZDS8sgludNCFp4tDx0hZoPPepDXw=,0
3sxjQS3zKiBAQKddYL22X1kERR18zI0LNO4IzaH6GMY=,0
0L6z5mazeI1adc6TalE2Tn/ycSGLv9PIMgZjTdhUNdo=,0
B83U9eBaD5/CL/i8CDiGOvKN2Zne2WwKdcGmAQ/kclA=,1
UHpQw5DVmLtGl6MMa0hE/QjZhnfR/viqWzimvGorf4E=,0
yAY59d7JQblr8SnIH0zc14N3Dy5RrmrB11vSt9r2zK0=,0
dLi1OjZ6qY/gEqbZaRSiRWb8RDMHTBwTFfK1Bbb4yLM=,0
TGS3m7dUue0x/Lodhjv8I6oyfYxIvWz0E03ZDOSHtFc=,0
4fTin8dmmSus4roiSp4xgYinjnpO+gNreI/UbTdi2vQ=,0
BQNLqh4bJxj5Ku2sEyYxvrFi7xaxkv9fQaDBwzoTvwU=,0
Ni+IcwYOG/JDMrv6hCijTz+NESOIlH+BZQrewpvEt3A=,0
sKXRNTGXV0Ao4gkA2RksX6vSFah3H836WXlyNwmFNPg=,1
QgmAI7W+/QaS33pgKRH2ZohEp4zZBOUg/WnhA5kNVIw=,0
UAZt4hsh33A+HWiWeAFQU2xsgKnTg8RncV/YztBRp2M=,0
rP/Wnto3LIE04WjLY/sWNM4mqYdVlrBDCrfw+lAjvjA=,0
xE6lG1SKuC1DZSOjsGHhFNFu0GhZ+PCbjtpBxO3YcQQ=,0
LKQcnXHT1rkcKjXA1Y+2UxQzW0U0ZF4lV0DVWYnHvqo=,0
BDkBhrNBuSqI7Zy3cUjLbaAdZQirt9XHHTc8aF/LTDE=,0
VO2df+uqLMj4OWwjOR5adkYCon8ky14TnFj5aKHPLIM=,0
aXGWGKYuN9oyt2KPs5J03wQLbzSGbzY2p2BgAsvwljM=,1
ohtVbaFVQSpKIxYiIzSQlNEEKksIE7KZmifH8VAdMRw=,0
a3ScztB+5LhN6PmDGg5tTHFfFDc8ZP1GFE0S9YqnbnI=,0
HatkLrlc3V7SM7++JBbIvlK7jVbLuRRMmKETrhjIHz8=,0
Lp48/surWl75OQPJSzjZ9yguObtrBKlaSuqw4KZGkAU=,0
tIfy62tmOVkmB0U+J7HvzRq0IlXgOzMi9vhwbUlHHek=,0
K5udR43XEj9Q/1fjafACRtZGjeQc5cvnfFY/dY/hvbA=,0
V0kjywY6DekwsUiPlCuXvYsFLl5QY8MeZNbfl4xvoR8=,0
tQzhuq9pJCbsVv6L2qhA6pd82LB065ST3SXJPYKXQR8=,0
wCskPZ6cW1MAUzsZSPtzY5zlqaF4gR0ON5cFC+hURPU=,0
Zb1b+YO/RZGkuqerfYNQgMdEM5lxOZgvS9e9dZLHkmI=,1
aQWqL78pg7HxkdShkGOQRLXwHeb6plQVwBgaLZsTyJw=,0
8v3Eaocy1W/dolNBv1I8fVjy00xlwGXouZl4qWYWMnQ=,0
lRmdb5YU8O54R6+uf8z/CUtNWsSNhtwy8Q9gpzCEUuE=,0
2cRyv6ktyJShYnI2FVW7qI8sMJwrc1rZQuLMF8id77E=,0
v58lmWwj14bFzNJE95Ig7dBvl4IWabg1KmJTZ7n2Pm0=,0
RKliq143Ra5diqnSJaA3SL/T6FpgeJwE/HpcV6vJN88=,0
A1yysH+X0cCsUDUeFxgxAKhr9jdPbHRmiubLNTyNDb0=,0
WSp9Pq2E8Q2DXCAGekycMHxGAOfIY3wku0itRQrm6Zc=,1
iByqfQaalbVO/uqm2DVBm5rBZxPqmaZcFnYH2aCS/a0=,0
UfIKy2/NJqaMNOlLm8Sgt4c5u0QkS8DyqkYPaBuefyE=,0
mtlmPOZDmts9d1kosEBZ6wgilLCzo2u+FRUGgQIMfa8=,0
aHZHHFLVZpHwATHgNCUPA0/nIfTeC+NyN1hs/rUjEAc=,0
89xxziSMxUq/5jjaQUg/6LBw48E9dDzKP5loM0WJP1o=,0
Ou+PLmPlSvnKnCjx/YPj4khvOULN4Ldqv7AVjxay6tM=,0
/btRM5prm6FDokjrnG/Eu0eJOkwqYD9KGxw/jvL57/g=,0
KI+nD4FosGsccLZs5aLHKO3D0OCwmPz19KsVrSkbj8A=,0
k2Q9D/efeUux2drbfzvbjlFCO0G5WQ4PNwFOuIZ97uQ=,0
p5J08+QgoT/3AjkAPUXMfP1gaNpUAULCToT1mu57gss=,0
FYz9g/CKDBaJsvQfkULLM8aydhaXzqrRYNSdXD2v53M=,0
QQK3zzL+DoDOiK6odls/dW7W6QNrDJVEX/BkbxPHCKQ=,0
M4mHvmpF624NkhsTyAvCKT/sd2yYgI/ktEDHAW+9Ak4=,0
YVF2YjZ1P7dHJR8RrItbXfGL0/nHenfucsgdJ6mTJCM=,0
uZycyn3CjEivLJ1nhj1sUsIB+PIkwz0QOKKsI9WoEg8=,0
xgqD9wJJUAaal8WH+2+XeIKeu8M6uF6k2pW1tgkbGFk=,1
6ykUiS6TGspYrP4dGy7m+0cdCUZeUNasX5n+KC7V6d8=,0
fX6u9xC3yXyhcythsSp6pA7thPJmh+X7diQrt8DAXB0=,0
lLDzs3ehZ5q5xtnChhORm6idvZ/QjakOl9573DefLa0=,0
6zzu3RWN52O1Hdw6JdCm4p/qyRltNk4UKbc7k/Z4HsI=,0
lV4Td5oMk5efr7h7wF3PeN39aqCAy+xYsCz5UbGxEJw=,0
bESFyzCQp6EY+8Kxr1R36ylB6sTXXy5jI5CQ6CuHZrE=,1
JzZCcXwbCLV1rUP8/d0ToBdLzt3IoK5PnpJRRXUSusE=,0
cjDsXkbb7OszQh7nQI6ktIxrksohshw1sIkz6cOYLVU=,0
Xer9MMIQoDiLkbYSlcMS6SniP6I2RDqrxTcfoGHnYEw=,0
mFs8KBJPlGjjvdHvFlsOIRmDuzkL9P5+BqPC3NSX52s=,0
WZo0huu8Kd1dbCHPcfbsCxRZTljFSCGBvV4I63t/k84=,1
bu23uO8+iHXKskoQmTajupCOludQUSTnX0zmC9T+Jp8=,0
1Su84A8VoJ9fwHtRLyLBKV0Veg+W0Nd8gyW4CUJaESI=,0
CHFnakInA8Ti7itntKDmxGWXYXwxwY19JyanoFGlwyc=,0
ZhJVjKeSniRhL8hE3TvOOHVmwgoVuR6Y/xXLItlek/8=,0
MBtx59bqlm4nnT+/1LtbxPhl3C3Ir+JNDOecg5E8r0g=,0
pTr9GfLJNF5hcRAcgDATQQrQZBffjaXPYWm6AJdsU4A=,0
mFeb7FLu76hCMg5A1M32U3b+Zpeb57IO1TW3U0zXNjc=,0
rJR4MIPjrRM8u1iiCCI3Dgqdd7PKEFpKO5Ea2K8CZrI=,0
Edsd1xqWEETFYkWgAtYxNwSuyGZGeUlqFvas7wOOmyg=,0
VUJG6N7GF95V3AkvqpCoDmCsyaa7sK8ROEnqUUl/goc=,0
EYv94M/BozYsfMxXyVbeNF6eanxhb+QvOvKDrxl8A/0=,0
lueciOF75eiZ6mvgKXEUz5fw2nt++qLzZ2Cq6nVE9Kw=,0
/DzVLargBu1B1VpZJLL9+AhixjsaZIC6kljOMuKLnu0=,1
MzHRNKSi/SjXPWjB8GwhM88jfNfkf4qxeXa6JMwIVe4=,0
6hhZdQta9lmS99TFkGBw5BRZTaohgOlzT/vSazH3Oqk=,0
1NY8NOxFGYe/OZd6qk4cIqna/yO6kbXyyKcrCaOdd6k=,0
diel4a8u4i/Ve1/QwcFetXTmbhwAq0VnydrlIzCDhSo=,0
5CiG+lZGBk7YwDMmpldvPC6t9mAW8MnS4/+xM/YukX0=,0
aqymteq+WolWLXbbBywo6UVd+m/awFxpKb9dGx070hc=,0
cwNkJWQZBgYzmaYL+jXmch+2ipMIuZnCnspR5RtVXIs=,1
QnotkVypqOgn9ZLcvDB+xhUXexT/c4cQcyVJZPWUlZM=,0
vHTL9+xqCcw6lmQ1Dffw+NWT0Oykt/mBh31LboIJEMY=,0
4QT30HmSXgsEfgAed1xeEp8g0yUv2MMGkRGknNOzkBQ=,0
KU6Lzsgp+4W61536YLR1tKP8x2vvG4RupLcX/ymcGig=,0
OS4JNZtYVlORssLqb+xYaRjKXOJSrwgVGkwWLptB21c=,0
c4koX4lObssZG+t+kp1b8M/saJHF7MRQbIyA6RHhg00=,0
8sndD1HGcqs2sdHmCSJUV8oCZyACFG0whlaj2JRSgng=,0
V+S466XvsIGK0GTSHTMtPXwOW2Nzd5zi9Vl33m2PaCA=,0
00iVF/VnZrpmeWoFeXlQNFgEkvi0Rn5UArMQENjxIjU=,0
jpzBoB5gMBkHalCSaM7VpgTKeO0Mzu1Ep4WgpHad3Rs=,0
xYuQDrsOCtiIivRRY9XJ0K+rbDmnWjk7+p0aPbchRLc=,0
hdHEDxNdAy44b9HZ50zPr725Bg8ydxwvwmlXCX3r5M8=,0
n1SgMdhZqLXtYBWfaRjdUkdzuDQ6IT/5Y0sbGjmUuPA=,0
OxymLr7yvCI8Z+F0jtC/4z9hobhvBjnthbVV8nox/mY=,0
kjYKVlHvozmUVK6+uKlXx6YEYX7G39ZYD+9c48b16HY=,0
KzK1Tvj/YKvxIoQXXoyeEC8pcgJLdlChXYCVOGwvC0o=,0
q1B3EZ4Pq9NE4798hhkpOu59NStddoQdBpGszAVFejc=,0
z+yv5+9PrnZhX4yg23e1F9KEQi+FMD1hR9clZKjVN7g=,0
UgJFLHp7bbSP0UXdj2wvYdoq0VHTNLWqBQGHkzSty2Y=,0
15iFJXmMVo6kzyh1TmKhpyIFzaAvq46NAYAeVcQGlPU=,0
XzFT4jNHnISEb7b5IQ7q6dR0H7yAD2u/iR8EIXuaurA=,0
ENvyQjMWJAtpnlcU4i1n/Nr//UrThjdaJJ/4G67SSLw=,0
lH2mPS87u2keF7ZdgIQQu3T7FuJQPy+xLMR2waHLySs=,0
mD+Yso9Xu0RfNmUQHealLRuWTGorL4wP7yRnFF+A+wM=,0
JZPMu09Mktedf3TRcCDUzzhS6RumZgqcQqKvpJuVWuQ=,0
6V4ec5QlcI5GsOcN+3YQnSSFjyZFDBNITod6Uq6iyDQ=,0
RwlBCo4oofDj9CCwP+2sUOGmwgKSVK2p+gcu5WqXU3A=,0
6EBuydz6fLNzy2wOWR+ecYvcmE7H79OuE+y8P8vQWBQ=,0
toCrHBUnfKvalOthhwEk4/GgjO2INKDka9ApHuYgfjk=,0
XC+i7XFFUVAyurxNv122CA1yrvQQRjj33Klqcsyrb/s=,0
cCctX3A4sh2dlA8g7nqwo9f5ncGJnGtaZMd7wjfMIWw=,0
xGUxT5EHohuhpwLB9+diIZQ17H3MvWtzWSJIumWZTQ0=,0
fTZ9x+Uph9CYS5nyWHRdECdjcSvx09Da2TYJZKWdQDE=,0
epEFMeHCCsRVGlFUvhJ3r82HWt+fMITTfbTvQgEcwJQ=,0
h8zVNDfpIUOeCNvkeGo8sZ+cPGBs0d94nUoEUSVrY1Y=,0
mLWjBjF5TPKOYuarB8skI+UPyNBCd/U9GCvYDG34JxE=,0
wB/lSgwQnNvKGJniEswp0o2UPLVz8fYJgS8ozOhAXpc=,0
QxQxn/Q1oSQ2Y7+PNJYoPbV9kxGZn0W6fhqpOIoqe7Y=,0
+d/GVmKI+Il7IwCjriIBKQqW046OvkeGWKnz5MbKkHo=,0
cwNYfpWmspMUI9xXIdzBgyq7nqS5pOPcDhZRBlKnsa4=,1
+6/DtYHh5EkCfWLc4W0fqmx9VzmDuXRRL/NdcBocvbI=,0
CbjZ4mtFCdoN/7SwOiDdY3Yt6AeiKR67/8P2IF5m8Bw=,0
GC9AHPccWKZZOmridWtYjoWuCU9cUll6J+vVKZS84WE=,0
yF2qcSUWvCjyiMtss+AhvoeFJhuNB8jbZfyoGiCmwCc=,0
rcrTH/JY8LuM89p/fuNjT3AhX9xcJjK9XLDl5GwpkkY=,0
XSq8t8Z72w14g0jo6Ezjzrq9llZVMYcl4JFbv1vSJOM=,0
ROMtOiNWT04WgBWsUBNGYkG8jIveEUk04k3HP+4gra4=,0
TrL+X+6M0Rav5+gv9Uf7VCtzmAq9TXdcwlxFoj/mpZs=,1
la03dCHvyQJ9VTSnd9lPn6kvxR1p+7b83+PL4W9eA8A=,0
t1YaCjq4er+zUZgyGDLGWslEvdUeE3KK5nmFsiiQyhY=,0
f0pUZ1EbNeW57o0sZSR6gvUZHvaNIXtLdM0qnHnOlGo=,0
zBrJNrIZfNXMCsAOgiZjBdidWU68wnSEM6MdvAbzBd8=,0
OXnLnBtW+RQgsTip1HqLE+Nxnvo5sdxjFA3zOGM9/ug=,0
wwPp2rmoLMeV8aKjcNNq2VxB5PxPvW81y1LlTG6GjOw=,0
3faQpRDTGKLH4dIa85G6XSw/zR8k4O2Lk630u04uy/I=,0
s26i4Im4igEd60eKBRwOyQ6wkNaZfNNdTcdFNAZUmK8=,0
otl6oEgpAM1lWwjRbPY+8S672Dmpupvb1Lr+PB3/qo8=,0
R7WnZq31oxQttLj3noY+qzoESO4I2UTq51xGVkvgAHo=,0
Ih4lmPBFtn+q7DvonN7JQsoc+3i0VB8SEep3g9jUC18=,0
0oXgXPFqdKoZ6C+ew/b5OVhmRm8H60KqmwnL5GhEVYo=,0
xiOR0bHpaSTH8W1URhNJYshyeuNhm/zlcrG5TlcpCQU=,0
7S6UTNm+1FXRhF5U1dVudrSwTZ2leKLLikxIoeB86GI=,0
WPS7/mtlXkFBWwH0v7yRp61LuyuLmwJA+xp20TioYh8=,1
sSnrRV4b6eRtp9finCZXo5Lo4mqcp2HoZzwGqKUfNAE=,0
NeH47OvC6LEnrlIEwhMCYGp9U4E1y+wskZ0m5bio3QI=,0
f0oCNnYoNoa9uoEnyX5Yr/mG7V19Qrp5l9LGYUnZgHY=,0
OCdxaNaM2ZRBKTOzILO9dqO87TRCaRcfzX2LhC9weY8=,0
Gem4Uzmma0BYPB+EtZ47Ruzo/m17XZnaTTbjhZ4D/xE=,0
PaVYfi5n16Bq0czc4mc7GPSK/Xd/BP9KvwWS2U4SgUs=,0
71whuKGhfJuULft/tYfkL1zf7Hk7jD91elKVuFfODA8=,1
A/dcQDmbUwaDe7XHx7TLGbbDjNSisKzKUBWeZxgDffM=,0
s/au8mRqWMLBIMpV4W4vKABXtU0ltK5EtVR3O63aaLQ=,0
nfqKXPKoEOxnGoW4SWk8Vr37a/uQ7M7ts9yHJnCDxlE=,0
m04xTw+eNVXT55umHsxLfos9uyXpz5UAYbQHJljHZgE=,0
nKWNCV6Eqke2oIe6WBIzl4DtatvJpUCN2yREYNYopSM=,0
unsDGkM7nLCq25KuaW2bm7o+0IQaRlTe3X0/SpMuDi4=,1
qBOcko6WC83XNR4a0RvIXf1ABkNNkxngW0fyISFyQ14=,0
Fkkf8tJGo4BMNLZOv8Rt+CDNEazZa7+1x3BF/nFX5jY=,0
SchuYVVmY5Xe5EDkm07klONMyZ6/Dur0xY6tDNpGbs4=,0
n/tw9Q85Z4i4nJ6jHvczAadgo8gXeXXaY76JVf0tD6c=,0
iigQGs6n1qhbd1AQVdd6HGUo6dBUOHyc0AqDlvFR0Ws=,1
jQx2DLhW10fjd/oYbgbLaT8HjfUdWiSAAhoQXlZjmNc=,0
ZLuFivOZncZnoXKNHx2qNa6kJSv2SSpVl2LWg3aYaaU=,0
xAefB8ubiOt26njSmC4m3cEM8XpKJB1V6cFDcjMBeVI=,1
EWNfe2FZ9jlzqILGFDD1CjwU/7WzQ7RKVyHx6qulsSk=,0
vPnAZE7rMYJ9XybL77mUzT6M7KMpBpWyKsbxyWUZZIY=,0
SbihJstZFYwnBhnAk7+9oHA96O52rEbhhqokyHvVMgE=,0
593+N1YTv/CyDhg+P0A0JLIT44+mXgURVY8NFC/qYQs=,0
hTNNq1rgENOzIryxWBW26//CKXX3DWii3k1YFsFWryQ=,0
S0pF5qNJTXCAdmCsB5NPjAz3onU2rXEgEt05Ki+Iulw=,0
GSCe632pRNNExiA1SMPqt74i/7X77t9TKNCLDw1B1PY=,1
Xzm98O09QH3r+NwJ6OzWIAqadGjqy4zUYFRfzhq5bKs=,0
jXUCPU2MoO3pNGLp/JSNZLOWkuUbYDf02LjQPkLJrA4=,0
INA/hGmhugphvfbruA8eyZQGuTYXb1W5pYjd/6/U2jc=,0
CWzp1cYfa5A70qLcoZyQPL17yqOlpqqT9t4Vlh72VVA=,0
CD+w7uvPfT9TMqr4Zwf++L1SX7hBbAnueVtw5NEFyUg=,0
6AI0KnbRuAQr8JsKo5kMmGaPUed3m+M/qEfyvQnWyA8=,0
8H2hcVjPNzZohLVKg6YitCSBkPc7b3h4niV80rcwNIU=,0
tFfZWJRoDJ5FIB4FN3dRSZPVeB3Y6ERJ6DzC+lXEG74=,0
c8WVHMKLWMnDd9+M/y7H8tXcT1rgyTMlptt82mUw0yc=,0
jdybOBMrl6tc4ym27L+laHUN0whqrVsB1+AvmoW9ZG4=,1
H+vuRRqw+3LYmEFrRRvMMD/5Wx7l4N5KTBdfu+nbiVA=,0
bllob+ViMC181UceNO6KdGH2CiVHBGz3i4VdqNcXU1w=,0
eyyyXEwC2FPDyLPn3KIL7zFUVI8kqg6x78M1RJc/x0E=,0
AMB2Nmu4tJFjHX2cQT4Au7y4MDfBUOARghfZasiF7bs=,0
CBxZq6nY9HCrJCTB1cG6tbY5Ripp+Une4qYlFtE9ck4=,1
osKpft5BdFc+8sAX8tCrxr1znn3hVL1+FLy0xLjClgw=,0
XS+TF4sU4EC+NqBabdkOGHYn4GoeAMGinGvJqk7XkxE=,0
2lYyr5f42IdARkXuQteg16LydHmF/rYdou1uDrgI/Ds=,0
4o2tbkS18A9f+iWNBxi9wFKw7WRJO1ZfHV4Wr/bFva0=,0
ltJ3KX3TZSksfbGzFdUrzLh8P35yVnr58tMr92jULgo=,1
xfy1CqifqWEeHK+p8vlXduTEl3BnelBVuztxuo5ikbA=,0
MApUxAyF/EhJmOII3b0YfD5cMQXLLql9cxm4uI9076Q=,0
9/iqBW5o5vaYroxr5t65KcEZ4Cj590Bd5bunnyioJDg=,0
vluJ63wyv9fbASFs4qZQdQC+iZz5b8iHB0TvHB+rAz4=,0
VjmE+u4/gCawkE07eyHZzGh1Nxao6NJxZHHDduU7mxo=,0
G2fJ2sEwBOm24TUIPPNBTBgFciyQg4+hKkkz3TZ/ZyI=,0
efNlEqV1ji7FCnPTp2YCQRmoiqhU92xSDwUVtCfkWq4=,0
sgm61bMLUK3/fyYQlOTlEorNrFJZZMSh2tAEzs/2Vnk=,0
PnWZs7ZRqWpU3DIv20N+a0rekkoGI+58NUPeOaDQBqg=,0
/yU5dyratSrqtZ0miJ+LhizhwkH5Dp+fW5qGPolr+YQ=,0
w0odu3b4AELmn+cdjNRucqSBXyWVm95X1m0wqU4GVd0=,0
oO4B2GSSfK5OS3nE6jjwaoodf5qx+g5WMAc4ihjthxs=,0
eEHtMSpUgKMy9ip/XiktB685FAKMrx9ZmtOctg2U+WA=,0
Eqg9A/xE1G1+jiGiDO0svrBIFk3yHWvFHbMwyJMQrLU=,1
Tv1gPtHt4eQr751DPR6TMD7m9UbrVJgTMAN44LZnje0=,0
ZDmVN5m+HKGEVjQboPMyUBcn4O0SuuzZ/0/RAxthuP4=,1
HiCq0BNTQ2RJcVgGga+njNzV9FQqPar/jb6xhRuPvyY=,0
Gvr0hCERy63EsUZGIQqSuErtj1Qgf0F83TLzorBHBSo=,0
Nv1g/HmzznAEtZZXrqFlE0b4F5gx5xd4+XVOIxVoOzg=,0
jbEDSzlX4ShKXZTbCNGkOoeSaHyGHOZi/hzTYPzC9ls=,0
gd1f1C3x8sBXxhwlfMpmKrtAdvXOm4ORw6cnw7X0MvQ=,0
uWuYygtm8LBwYVd0Hzok+S8JlMYq9Toj/MyIqv2xouo=,0
3+HpeC8bKHqE2yroWEiCbaP02q1HcBnpQHtXpHtwaLg=,0
6gzxWlUC6azlJ/N3BoR/kL8Fd9kKkVjJg8VOqmwKmpk=,0
foP1R+vlUmNLN7oOa78fpwOyVJVPwOfNT49zodRTiZo=,0
kejweDPrrvYh5L9Z5jx8chPA8n/lWFw27tf40B4uHE4=,0
hmgKBN6a4pf/WVapYABxaM86kjv+H70FLASwSlv0LMc=,0
9Op90Jhz4Gn1zJun11R5BfL1BBUD65w8mGM1mIjLbpw=,1
aHs4uHCy1Wj9U4WbhL1MC7J81K6STlKorYg09+cxStg=,0
LQ/dzJPvIdtYXX+bdMTqZhE+M4DLOzMqw5xG1mfR2g8=,0
7Je8MpDnjBMZjsPyT/cj4NovgP3A7kVYveCZk9wMaOE=,1
ZM9O6usWqnIhrgJ4tLKS8nSvnQSrocB8fB0X5nyeluY=,1
DdEsJnP0imTLl/8U0hjVDKGWv5gvu7Re6gKN67CZ8QU=,0
UsqcG3ikCyaUWqitVHsfCXt72KTis7vX96Qkf9JtEi4=,0
XIFg9w5SvEMgM+dBMEbC01R/ZRy5vQHlbjKzyI9x8L4=,0
6mOGgTsGrGQkmXzWxotts5NWcCw4yfeBoVOas6h926c=,0
ENB+xMJA+Xffaq3tsVOMlnkpPqrHDlDPDSDInDe53Uc=,0
AOlm4ff4HtjJmYCqRNSFjydRP+el2busVbyH7/a7GTU=,1
mSYoHbi5GPT8L4fN8/CRwKgzRDrRUjG/fEKJOFyzagI=,0
C9XSr0hXQrTnpr6bmXLsYJaSz7o+PhNrExKtKrVzXQM=,0
o6cqq08cMoQ6vPWf8tFBLff9FNZZ1DyU6tR1Y1dzGFw=,0
yK/9uWyq/zKAb8s7DKt4OL/ddkZ5tQoME6mF5F4HiNQ=,0
8pamnwgLe+rizL45HwZRmUq88onbEwzCSHC7nD1hHuQ=,0
sLkvufLeRZJJmlytXefQxC3bvjOcoBSFe4bzcz5G/Mk=,0
QoDPlT3v8jtzZvffzegs9EOB9ER2sDu1Aah/GhLNzeI=,0
e9/HTtdgsw77JTTpAdl+5DOXRUdsMNZNTbkP79JTpw0=,0
EdnWmTRw/i/PyK5VDlcA0nqnJXnfmMYDYSqff1QWmSk=,0
5rC8GgGrh7xL2UInJmUoKmJZrSoYHRqcdKdnz9eg2iY=,0
3c93L7v+mdXmkubmaTiBsqxZCpvkk+LaoJP6FCzPWXI=,0
jp9dNhn5thf4FYnS+4k7yRMi8grbVz0YBEu/LKZuM6s=,0
AsbkpiGZ+dhSmt5jtZmBnRREg4OuwtV2+PIpfDcJAaM=,0
+XRUOt8d6k1Je9N4k/X6wWVxRMofFCCGf4B+Mh/U+e8=,0
Pqoy/cusR1JwNbEGPnbHwClSw8LQExDGlPwv98B/FTw=,0
CpUDi0n8VddwJuUk9RBndms82ISusgqZV1ymGjbnO/g=,0
T138NvY4O+LD0ylspHLPfR/D25d3KByMQ7yCAge71Lk=,1
hqHm9C/G9s6AGv/LtIyjXJZc5UH0RUrc2wetc5njC4w=,0
2+3b4Eexe5luHaciHXpnpCitFkIcUuBjPCzxYa4DdgA=,0
V1KNkegkUY2mzeoN2cCDDGcvrpoUjM/UO6h/P+ufCkM=,1
almcXCEALIfIFeajhlGMtNNfPMGolp1/8ciE0II8pJM=,0
YW7/BBkloNu1yenv6OIYyUs27wY34sh2BdYzf+r07w8=,0
ypu2IRrXz51PdfumxYE4rCULIaqFeSP8XdFzw6zM0Us=,0
kgAELrjQISvL3zrJ38Togluc60Zb70IQlBiYl1nnu6Q=,0
U+iZnOzoV66UqzR6DBBYLd1dges5SfalIgdWZ0Kwnmk=,0
NVz8hxTTVBfPFtypm2kpQAD34RURsItNp22ENL+KMTg=,0
IaBkjhoVdljefpZHsSJ7ib7nPdUk+BWg2UoASrnwEsE=,0
kvz30uTfwjqnJqEPUQdM2r2sIdh8hfnu4yxHmrOCHwM=,0
pO1Ebt+0F7MN1tABtcSM7QD69x5XBiu5Zjm0Wq9AfZw=,0
AnzacaW8UjokA1kwGKfMuVh4vz1QjB8vWtm8FESBbiU=,0
4GDMNZbyTQ/iadJKnErXpx7F864EBWDEIySvi6pTNds=,0
1qCtYCB7R2O2KkCZ0oT3b1Q1MoxhClpWUJ5zH0PPxLI=,0
+y+5nHrrF3F5hJBseB3qF/2g/IKcnMWOX0yDB6XNmWI=,0
jQ+U+kSk1F4VcoB94I4WTt3YT7htzmWwuR1ADj9huos=,0
oSRNTH0mlzzVnZm5DJ/bxygUzjKs6d/PwXQ6n65BjM0=,1
0O2ybUDh7VCsUs3XjDLNS/rWLxWymgYzOecw7wofDX8=,0
T91rUeWB/CFl9TK6shiWbPjFgKvnu1QjVJYD3+TiRP8=,0
pwhohwITfu9IeWZSZdyfQK21eOOoB9m0KD/kFhS07oE=,0
QZy9b8Rx8lx3kOqSlZ37O/0CWY0Cn/BLPA8nLMfZ+MU=,0
jyEImP3tkydPd8D6G7Fblaacw/Etg2HmRRlL38D6oTI=,0
tb92+x8qLfznL6dNZMumX9JOvnnaoKFbJJZ15fodH/c=,1
MDPBYx0uEMympwcv3kxn65pVn53KV+z+ddol4sC+e7U=,1
634dYYlmoGyCFvmx96vsk0jSJduK/XtgQpl1WsiHbaU=,0
sO9H3HJyNDlWpLnpsHP5W9vsAeTba5tXzvCwz486QUA=,0
ieFwX1uARhYa7K5J7ds1BEQdRSdLyQZyokQ64ALEr+g=,0
kF6fHf4QZZmJde7YamDGCKy8/PDxIYFxq8Q4ASoLDWI=,0
TJWduMs26Ss5EbDQyG9aCqhkpnXXiovVYnOVH4/pSJ8=,1
4AkD7wiwtfy2/DWTzFLXgqGWNBOHB71zyL4EQ6lXOFQ=,0
FNdZ0iEAeXxZ4RhxpvpprW/AeHmLeB72EPckAbxJl8Q=,0
Q00RPEqGHEPgLA9W63rV6TOUpHzllN1n9d8PLVBIcsk=,0
VHCvjy70Pm9sGyqD8L5uSevGZNrdhdx0ZNHCo463vgM=,0
ws4y+CNzrDwXLcsSQa6Q0DCrN4wztzytTNCgjHvJ29I=,0
sIiNRpub2wzwYbaggGLqolitZ0olUJmXlf/pe8qzi+Q=,0
6vfmCbRwQKVx9Gys8hKIyXToFcvcRGx4sZKYzbfph2s=,0
W32AhlDzENsGutlh+gQhlpUPTSjCJjF1Y5shfANs2DU=,0
8NkTTatsLKH6J+MZKKQ2/S7BZb8YifQzDzLD1C8hNmU=,0
PruivfUMzXK1/eTfq26nRpS/beXemJBf6IsqOfr3xSE=,0
2HdKOgLdmNXfxsp/u0mEkX+Z5wik+6yKYkBxmea5e8I=,0
9wRV4FuKxEuwsjRz/c08wZQIXEYc8aSu0DdtZ8hrbI0=,0
ZfA9opinVBiHugyCp5UzMqvuUtc3W307KM7zzHde95w=,0
SYsdbj0Fif3B8PMYzcSruCLbcFF9ST5TOiXQnl+LXeE=,0
es1jtUR6Cg13VRr29wOVGZStS0hQekuTG8nxYeEeZBY=,0
TGtheJi6jzk3JcDo/77uP4lMLHzn/W2m33FKAR3x22A=,1
viWp9mjOzH00/X45YfYo+O8fnrLFZwTfdPrWqCWFW3k=,0
Gg+0htVA0lc5nV23TcqjuS2NbkhvpCIhXD+FOhuCuYs=,0
2Pb9Jkdmdx8D0TW889YPbdBEOLBK6Hp+KYQ5fqIbCmk=,0
e0wHCgeGZZ/PEhGjPNOkgk9Kp2zihnzo1qVsZkn2E+k=,0
Cg1O3+f/N2/etGYBG7ifjSMFefInyM/H/OMtD2QpNok=,0
Nz606EYo2HoaXGIApHx0295VBK3yxabKys1HB/FBRQE=,0
FOYPmPztnk3mpMc+FutpwGkxsUj9anrhXRHTJcmBmHc=,0
s9IC8EMA3cqcMTYfB7lhv1379wXQaL0e+IcH4Ww47hU=,0
PcYCWBOm5uckJqnW61HnKhzaAOxjdZimYpg5YpmxOR4=,1
JI07Mr07EYYybSAfbtaicSuHTmZVaOwkAcshY3NUHgM=,0
jcZnksiS6xCOHnr5dqPXqh54HuiMaoANp0x0Om6UbNk=,0
dw3ja1RqBjl/6V+GZnn+3llwN6hJPX0dBx1f3gHMaIs=,0
GCdf5r0hD+7oe4IuaneerR9MttL6vl5di2MbUkaomrE=,0
AZOTBZMbuuf/euNu50kh5WmeR3ICCAqpTylc96xgmCg=,0
NvMf5v/9bp0Aray9+YEoOC5L9nk22raXXJJnpmG5dVk=,0
eoJcP7rG2LiyWBjhnjMu3uGtJffsyDplOcudMrZRNJU=,0
2wgbklXYfikqjxYAGYgu817ALFjQOaJd41slsks3gac=,0
kUsARKNTkAExNj1BdV4WkljXAKjV42QFDDjBk7t8dRE=,0
o3YWe42NZ/VhUuQ0p4KZ0iNKdNTyf7ReH0+6WSgAhhY=,0
Tp4cI/LtZPQ94zFmTznLrVSMtkkux1Nbgah4YjlF830=,1
tDB+fDgWGEt2Y9DY5l9+zGvkl04fKmVNh+RptBemDik=,0
AI5ip6DRtd8jPgv1jiKLaF+oMycYbLc9Bw71x2Ldaac=,0
+SBDat8sOKnPpoFu5UiX/PPpRbCemC0Nuc6NCJQtnoA=,0
tgz+ASyUlwWjS9NXP7QCgsdcULW89Ha6JPdnwQeFBVE=,0
bd0DZ2i5boh/1Coa7rgSJdHA5h6UNVJBfs1rwQoNa+A=,0
jJ3QK0IrT1lpN2mfG2XoZGZaq+MRFVLHZsLQUpfx+6M=,0
AF/nU0LnlM5lhPjuZ5uSJumq0NxSF/0HOW0WkULPWz4=,0
tDmlXS/F3reI2y7QzwIZnIPncZGGwaRmRMiQrDqBrGA=,0
w9tsJZMMa7QIx/1HTK3tcWQAjvIuzAhVuCl0jNA6MWU=,0
nGhZfSDNbDKHJYWf68hGoejI5l9YZ7C+Za5j04B4pmY=,0
ENLKVkQfhBkGPS828fTU6ikTvUUaKDgtfnLUYRwBlAU=,0
UK0DIkMNLQ/tk/h6jTrhNHaSaCGIst88apn8tOnQlmo=,0
X09DJCNelotfImz6nrCiPSjv2nRoQXVMncTE9E71yj8=,0
5Ibw+erv7xC3U3lPvepgNxtFHP5YEHy+9bnBI0LsfwI=,0
Ht54eVIikeRxkBTXJjzkeG02S1aOAUAeiwH5zBqahOw=,1
msz1PFHR3UGtdx4QTDq2Kz2EFe9X2TfPOqH6SnXDEYw=,1
NRfhQIyYDtrwu/vYdw5qwIMV6Tt1wJwuH7dwZlYpLxs=,0
JcPqsRT/aJOFz8UfLlHYobJQK3QFvrE9UcIPSqO51Wo=,0
37tKx7poxGP6OQ7MYoY4AEv72FZd+7pt5HoGHUJptBI=,1
uOuQSUFBZBPl8e2C6p9cXxM8NfAp2R+V0+AFfQKtT8k=,0
xg6it33CujTw1dS8r5exSHCn7cFyiTB5Bhe86dJ8z6U=,0
dGEhfwidzilJl46XALE2Jf1e/OJymdqKNmtpBj9xGq8=,0
H9mIz4CA5Ptv7jB23zi/HseVVnTDhWSKlm3Zav2j2WY=,0
BbTX+aJDQaY39i0ygxp8gU2LgzM2aNHYONH6NCX5RjM=,1
Isunc5VX4HwcK2ct+v5uGDNiv6wRW9YX2MwzCCSF90U=,0
W2N9aitSgujcrpvrR/jkt0b/eqKy1MmOC41yTr05hRg=,0
NXulo2V/zXNPvMhExku0RiLD+BigJarvCTesSHH562s=,0
uNvf16z4Oq7RWb2oqltkIzTMGjYnG22QvLVOWC5/YJ4=,0
+muJ+PxrwSDP5K8/1J9qFAl5FM6L7GjDfY23bSc1kCk=,0
E6mXGqRfJcgTsVQhOcuvbnvDScrmnr+XVztS2fYgMmQ=,0
zh5KMfqVA//2MhzWgtucjHg6SfBNTLxXw3om61/ML7Y=,0
XznSsL2mk0/bRlCOpUlNnks/lpHg60MpwvrqBlij9oM=,0
1zoeWaU6DGpJww1ZRdb1MpOGO05XV56+8nPWf1wu4Vc=,0
z0qlYJ5gQT8ilnOLcYLWMtUzZz9ocAv3jPoLN9D0hCQ=,1
XWNPBq/nWUyPWmKZQa5uFlGVy9IIiJwYTsxp4Is2xCg=,0
8dLukH94oxn7U96c1bJNjh7aWjstIDsMTldBMC1JuGA=,0
YuGSj0Cj9eVOrq4TfWn1OdggKFeu46PueA9X8x27wWY=,0
m/SWfc+wpkO5+tmk+Ur8KJ1J/Jx33jV+McV3o2uQsaQ=,0
wAlJ+KQF8f7S7kNn8LrUV5JBVd83Ni2Q+0e5DLbgQJ0=,0
EZt7eGD99E+SJ+Ot07jhfTdRX7+q304c04acdXrRKrI=,0
zH9bQ3DSq8ImlNDyoMiljZuXBBoOV8Hx6B8QdQCvdEY=,0
/V+6S2JkfgW38vubTmr5ocOwiDGUB4t17DV38MTTWcQ=,0
KKYqxHJXHWAJHvQ0QbovQtswmO93tiVSVDnnMqAGG4s=,1
wfITbCxJiSXWuTVOLfm9o53bo1LsfldNa8cnCIRU19Y=,0
LxnzZhypYFip4bwp2m6dy4Ln8ceY6y3czxAjeXXAOyg=,1
qKlID+2OhLJWoaPrmTwfTGa2ypnP6/Qvsyapiba9M44=,1
TYMf2N3kmg2LaFxQmn/bF1tTnzRWjXpmA0zkGiJ43nA=,0
ObJgWWGC0boDv7OYd7hb9VyU6dlemAoEF+Zx3pOf6P4=,0
Te1tVzFwTkgoWZmdHO8PltI8SameO38d0doIn8Adtsk=,0
ziMOM8/Tz6XRGZpEMAiiwbx2YF/1O0VV+HmPz5BXpCM=,1
JohRl2/OCVO8Ouni7Zce1pJTPg85ykC/hlDWWCfZLZc=,0
8lVac8mGawckuDRSjzFw8DgLB2f2z4L33gsEn3VNSEA=,0
I1XD4mEP5nccWAC0jnpmhcPNwKb9Rv/CRD7TNQghxm0=,0
weO4QfjzvbsAb55/h+645G5vpjwMW/EZ9oenYvMzh74=,0
o3RQDDdYXIdhFiwXX+Wt8V2zAyrPVrOFInXjB5H1FE4=,0
qyqit2du7EI3AbejU/JmSCoAZBf9K9rAB87YHqHmOag=,0
Dw7vj2Ybm+7PYn/enIlI3Qr24dXrj+hIx6UGhg2bTnQ=,0
csEpYkqlmy41vhaIk5v24cVMAHL06LUa/NooXKyloUw=,1
xWk2fjpQdZG48nq8/NHY8eeA0+4fdWjXd8EKesnWuy4=,0
+G6+OUQy1pnqrUy1lLn7vcBW8i5p7BMOGQU1cqI5/Xk=,0
+xsq/cnEfqTzXB97IW4JNi8j2DnGx0VWy9jQSNtB3R4=,0
OdF0xiiYWhgcYXjaLKATMfCXsxfFwW2Ib+gEZtUP6BM=,0
DOyXq0IZmpVNZfNiJI8xQAp0CgvqjQTEzSm+K2BxBiA=,0
Ko2C/KQ1+E0aAFP1l715ms3+gNBwtKytANDJ/M0L6X0=,0
iqzOLyJ1SuQ9qFu6UgqH3KNwkh8uvp6qJDMfgDUiKQk=,1
E1Y3NSj0U3KP4pnS+NDOYT9z9zJNW7zB4eEgrzav/Xk=,0
FAsvlYrGjGR5fQPdcqrUb4BKu5mz/U9Ny6U7oqT4oM4=,0
FIXZTZClDf5GiM+3F1KYWWJpy6eBKtEk6knaRP2Ul2M=,0
mxKwgi/tWQBGvE2rcq3OKCgcvXBvioiHaHoe5iMptuo=,0
e7DOjbSSSWR4moQwzlMNZgS4ZMGM79nMyhrURMf/+Pw=,0
90aLiYk5KaFalKbY4Sz5PeRAWA2Y60gX1Cttdo7qFxc=,0
rj0MLfqBue9B+Ewlv7tdx8un1zFxSivIzNsoYC0Nd0E=,1
cA6Jip+fsg0ey8J60CEficwJqAGE8shxTSkxhqCMNmQ=,0
6BYYFaVr5D0Nl0HvhZ/qzA4TYMQRontldJKedQjEuVc=,0
+c7THuzxnojhLOOWPt0SnnbYDtxG13HiBsYMh2w/paA=,0
H1O9iLUlj5FQcpYr8UKtvYy9t/DihybAh0KI8YTa0ws=,0
NME1nq3zZ1ndwwHpcKJXl5Ig/v6H/kWVyHddmd3qEhs=,0
KI7CiMKPpgnh+Kc/tqX+p/0FrZUErG/ZaCUgUBPEgr0=,0
Jn+Ps/kV1GZ1fEtP55OvW4QASHV8fK1DXgxWaD8jZPU=,0
WHekdiJp2QSqFc3he/WLPLK1CKFAPq9B5OEIAw4CYNk=,0
n3huHeLt/bkJXZurXEts2uOxKyDO1TmVnb/0MK2UDKA=,0
qyc0dlLkfeC2v4oW0qyfU/f2q7DOr9vqxCVXa4FsEZI=,0
uPDpoOhz3pb+NtzgIJ8H+OR15Xo4/+9lt11KT78/3Zw=,0
rnRNda8MIdVMpk0DGZKd542Co28FVRk8r9Pprz34VRQ=,0
EiBW2CeB7YWCd0sYG2+DRAPoOAJ/UnUg3Ul9TYt1h+I=,0
Vs0KUvEDVx0MD6kAZ5kOWWfjmsbEqDRmZXNTri0hM1A=,0
xA0cGgxnZ/GQ+5+vLjLkkGPspVz1Yeh0pruk8csmuY8=,0
MeXnoSeyRAf+t8rfLC2yZqR3opogr64vcu51ySgDBWE=,0
7Voa8gJq2/FPzE51fmGUxK9enV3f/YbrosTt8LpG7lE=,0
OqDyhiZ6YYuOp5hdRt8LIyaIOfJ96+nedW0Z4hR2jVU=,0
qQ728R2YkW7RQ4svmLdeDhboGB/cF1MqZZR8+4wPQNs=,0
j2aRaikqMnV6yMmukEzJo2BD9NnTfh5PE2ViI46zWHI=,0
CHMea+Eqnchspco2J6y4xlSRkvreBHA4aD78yMyIso0=,0
iYATJbHKbthFQ9jLrLWxx5oDJ7LyFzNBUc3hD5UcpFA=,0
ITHLosLMNJ64Cd2RGddSqTXcpTJ8EeAODmPoWvT4JuQ=,0
aDbhbnfewnZ2tAtXLsG5GUzAh927jUNZs2sP+Id6EVA=,0
5YBx3hP9I5lUjG5/3EmoOH77slnaU9qdxzMpFOnlnng=,0
McCgCImjNrzzOUMOoSJgWMmJF3CFLQC4Xd4aVHdroYk=,0
1kbelXK8lSoi08N8go7kNQdohspPmq/BeXPdEZwXR10=,0
UW9R3Ns1XDofFf5dGLRlBeMzRyxE8OzMJUGtvOJOINM=,1
SGhH5fXHyYKTq4LoyPh7G5seP9E/OybIxj82SW5ugVs=,0
jIozeI417lsnjYAicLpDjsan+XAB6lZM+N0HRnRotKs=,0
YRgpYXgVFTJT5Y1WFyr2kyZWEfDHLpNhyWMApdibQTw=,0
dnul/gyGv8UGsyk/Ul71kiqIwQKaMwV+PQlzCXcDTiQ=,0
gTboNMQnLCd44FRDZ6oqtNzBER/j4tu8oinYZIpT+6k=,0
PQP/kkqvViQv76pGoCBj6gCbRxDdomi4YWv0cxhzbKs=,0
1Q6MljJF2YkOaxnh1qL+bk6BrMxRsD2a/kOa/mfosqM=,1
t75rRsdfAqTcYm9TUKECDYCvRMrhvb3w63yIy1x329s=,0
RbV77wJ7yqEkF4mQXxpCMxrXUSIAJm0lTN+febzXq2E=,0
UVsy0xsEPU2tLy8JFyQkIKEtcSwLF03CBc+mfgnsYeQ=,0
g50a8bqbY97uzyWAioMfvNpy4EzKXaxxBDSQoNncfPs=,1
pB7xXPM2izDgfbFQdNlVtOZZ7KkCw6f+9tYpRrxc35Q=,1
uVcOujIcjZ/L00NrWOqUmqMsnkLjdlMPfiAhjmhwnjA=,1
q/N1tkeD86hokBHlTt/2Fk+DLmgC0uhnnyMoj0LOW3g=,0
+Ygce+M0TCazBTZjg/HXr3Al0hjp1Oz1hZ0sqyIqucI=,0
MwyjHyEKOxCPLcY41rPWmiMd4L4MmTHpAllMxX8uO+E=,0
IRtVlsKHvpsC3vxdD/9IWaCM+QWAyDgWZaOexNYZMEY=,0
MhZXoDfMdMqG8RVQ4loWLQ3aHOnkMvlt+/9eFawGo28=,0
X8Bu+qFh5duxqBIHFDNGEP79zOcadcIRRwMZu1Pg2vE=,1
Mc20sgWXRsZykNqinBvHnXzwNsDZiKcK5D9GiRd03iI=,0
cU0vWs7Im0yn4/LvXnjrVm0HzmQB0OJ+ayxrT/rIXbM=,0
L8qJJCUXSj//JGEaoer8x/kIY4omwQGwagC5+TNa5Mk=,0
9B1JLqNlD1EUdVeJeO/gRKUydEjl0e3bUNipVuGC3YA=,0
QgWNn47Qi7y+Ggb+/Lx1mpm/8p6PvRM89PfRpil1Xn8=,0
BzLlQeiXHX4aHqsgiB0Qogw7DXs4a+Cr4xgBgjEfo0g=,0
hrNvBBr7NcddDDmo/RATUC9wTOkA4TYuYqTbzgz5E24=,0
oKiKpZhIxDmBa1Odc9zwpGJdKVOhcVVBaoCBFLzLuSc=,0
NZ3kXE916HEMDEZhqRMhNE4/GSW3KOCMl+CfbAGD/5g=,0
Ar83uKjOARKzy6Ld43/Jh2g384E+9y8lp/KWv39TNUc=,0
3CYx041+bVoG+zzdAd9AkrKuYkkQE0nmMctjCWRU/eQ=,0
Xe0mZKmT35aT6KfqkKgo4/SBcE36sXEuSGjk473GUas=,0
QskE5VlK4J0t0+H9Z4P8sMnvvetrYwDCyzUtNiBabdY=,0
pup99HNS30RtyqMGP8H8jSxADyAOlrvZoxAbXXqlTTo=,0
lM60vhxzLI1TmtlRpfPbGuG69Y/BzYa74nF3AIwHvaU=,0
to6mZcUW7AcWZ1LqevbJQeqJoFsfsOIvE+YsSBQP8bg=,0
vyN60YWNe5Ao7E1nlp+IA8jxEeGOMEKFg2rg2kW9hPM=,0
way4fF7CQfnS7vcb70oOxf77a+9+SWSFJK89qw5jWMM=,0
pUfbhs3g2w1lugPZa9d2DHfL/g6dV2kGeow6raJAopY=,0
4oBg1tvASrsQfMPH1KFsckAyXFbkn8s9/jJuliugAwI=,0
Voj0mn5zRUzJL0wF5K8IyQfBuzCRuo762ifA72Vszl8=,1
rf7haGPiAf8+Q3eN5x+jyqAiCPSG69Lq/8RaaM/2tWw=,0
mdV7IwPVND7cYPJCtAHS+ZSBVHsO1Rkkrb2n3Ai5Lo8=,0
fkfd1XVi/M93wu6jld7z47//iaiKxM8h8w/nvygC6nI=,0
AlA2Bm8ApDC1tU71yilkNepIiiKz+ahSxCZqpVLFxf8=,0
g8neDS/EUbiEmEAOO9FptufFfMYDkh1zPz9ffXdO7nA=,0
ncFt6BrRKV1e7jHIpA9Xpd1K1EypDSVlvholOVTnBbM=,0
wLXYa1sUJtb2LCfk7wv/LeoJer+1fgruzC3bjg5hjjw=,1
VDDn/PPfVkvxXIg6GtHZa2UHXhCtSU7e73YNWSt6h5Q=,0
0zXsBg1EPtxlmOHYSfSSG4hnNZB9s5cgJIGhPG2RZGk=,1
UyQiEMRQ1Clv53oZSBuDDVTAtxcPWuAaYW9Y1WDFNZY=,0
qq+HDFNfMuiKC4rBJEEsFE2WVFua+UKnIt1GfYO3aZA=,0
2HnbXuJqxr3tfDML/fp59ZofdjWowBZ/Wz9LgR6H5/Q=,0
ug+Jr/ZPWOmjv/qrcNyMS6uHW3yCAD+w9Eh/1omdtOg=,0
N3lnnre+aDSxnLR/4nGXEFQCpTuUWP/IccbeW/Uvoh4=,0
x6LHq1vp79+kAuejsdsHnthkjuPIYtSKBt/OUIFSgO0=,0
eMBBPCVPIOF7utpBg26gkoZa4Mb70jkt7Abl5KPYmTk=,0
bAc0vnW+KPomBPJUu9I/HqxZI8tGYuL9Ey39c5u0tfs=,0
n+fsxRBMLQhltXrc+RaqDr32Z0Q/tJuNsI/5lWzQC/M=,0
2ZGd+szA3cdrkJAsWo5GGzbaDoM8iyS5K42uKrDNJrk=,0
kiAXz8nEisc3WL06ri0zGo0r6NZ4MrQL1lCKz27lR4s=,0
UGPKkbdA/lNfJgR3Z60qa0btu2lFakKBtSO8NQXa4zI=,0
5xf3HPTq68sTuP/84ABAfI9D/8U0dugrDjhKvVpbk5Q=,0
Uu0hcNE68tkneA+OZrUgUlLWHr4Ylyib0DZw+ViBRU0=,0
Sr9fpRFyrz/UX6qma7/ZJTBtoclc2CHhAl2JJUyUzPk=,0
HKhCEsA5wEkB2ntCvLmHxLsWbw0Zw9H/4GfEhvAfMKU=,1
jK2N/pV22ntYixbDMzdhEJPDKIcz0f4YkgPz5FB7JS4=,0
L/bUIN9UbU21t4e0XsIM1+NW3DARKddTmtXWXyCT/yM=,0
Uv8E4KjJ1+0H2qhj36n1EwF1H6GSrE8HaVosOY582V0=,0
+jI76Gjgb6Rysb26V/H7s/qRwAHNHaAtSlHNJgRZ5uE=,0
k4c+XB07rQinmZHwook54xjEXBByjYngRrSIdjgHs0M=,0
bVu4DNbb+YhkCkCnc3QIGQ+3pk3VYM73t6KLDS/DUdQ=,0
q04GBHZIPkvlmpJ4w8Anhkg23QeXxQvCWIpByOikltA=,0
nD1OcgFxeY8vHEx4JUkZnebzFNdzCE6KumVkOWL1tu8=,0
wdI+D45b20KHrqFwxEcc0M8ZvbYND/1JWFicxJ1Gq1o=,0
WJSWvvKp624sZLLVFvvO9Kquc25mpfkhlHYNZP0f2Vs=,0
zuv2d9HH4Vh3ivPjgXaARt2zDagHnHlcMKAEhI8exsY=,0
+TCWKYeY2NO6wBgXtuCoGpl5DnrjEeG/ZfnHfs24oSY=,0
zl7vaL2jSq/ATarp8lMCcyeNh8rG0Ibp8L5To6YLPR0=,0
Ivi9kbiObIvVDPhkFTHgE4ieswJjsF03k3dLrDcluDI=,1
FHiSObMhWcv30IcYOv5hHW2eBFf484LUkzLY/2lzJPE=,0
wM2J8Mwy/xBizrg7RYMCT6hc14i9vMjb3qUublik2R0=,0
zdU2Vlc5xa3TR1nvV0/aFt5bnS5dSdHrWoIMcxm0vDM=,1
APfGaO1ZaBqD/66WlP10f9QACTQzLdpuA8D0p8s36ug=,0
SYtNR67sshi4EW5XfkzeViwuKIbjQr/cFmB6qJVLYXs=,0
i0SZot2gqC+cRMzwuss0rcuszLxr1jcXuIgIzvwBhqE=,0
VP9EY4eeGZJ0a7XfgVIqnnWCTfM1bt6enZLZ3i2Sqss=,1
cUcMTeoKSvfzFy6YGZUXYl0VLmHsFdu7w4VYholp3CA=,0
Ar7IbWujJ1Tc6NTDc6HlxzyDkWd36pUmNlBEZ/74DT8=,0
D7bWuDrF6J7ZjUNnPpX+QQVwDiD71l17htOgbkv4bMY=,1
FWNcZlu2SWKwP2w+AFGwzkq24pRmtohmKfdnJzCJBFo=,0
HXgwBHpdT2/B2kCtyK96Ayt/2t6+VmAXMgcRnNQbgiA=,0
DMMVlqDgvGqTI7L6Ubnt3EQnaOr5sRnCzreqTJAmSOg=,0
M9I8sqRI8EU6Z1oenW6DHDiVZtJ+73xck8VkwltfsXc=,0
rG3m0L319aqK9x/95/Ifl/7ayFG6KrIcg1xXobgWWhM=,0
St9hGMdMxMhDMiOUCy062V5pXWI/5sG8JO8NO6fCdgU=,1
ArhA/VmjH5Oph3bw7IiMNb1ek1QIUTxmk+eltOWzUeg=,0
X8pQoA7bN7HKR+ylVaYdIHva8AKlMiZIC0MlHOnaH/A=,0
ro+ujOYn0/sstQyka28JOdkiOPSjMMN/bRfwPXy5GyU=,0
W4VH39LUjy0HNNU+EKINlyqAfyMQwg0+FJ6FF0Pu5is=,1
0aXrPG4yo9mUlEJDcabQ9jmlC1u8lUrxqK+uUB+canU=,1
U6pbIW8sPXZNiiB+Cpyxezxlkfw+UVtmQ6zqKNKwR4o=,1
/6YyxOqHmy5UezXbrocuF8LcMtJ95t5EVB1fQZn+FTY=,0
Fe5rlQFtlFbRZARzroNdXpgMvcehltNMcnWQH4+XsC8=,0
z9bE6H8Ko3RgAmT/t5NTHuKIiEZNpsJnrkgvwMyrnqM=,0
2PfNsMbDjTRdp+mCDPQHCgB/mEStoXr3Qi+X5vJJTks=,0
HnhvKWRgQbJFmu+9UmE4ZXVJyfMcvWNqaqBH+cRfUEg=,0
3CU+ELYINql7P1jR0GBilvDOR839CyNKY5X2d4cIzcg=,0
pVQkcZa2/h9OCxw1cJu4gkB7i401aNUGOpvLcv0Uo1c=,0
ODVR8n5T1OAYN6n27IMf5aeeSjNKmW7kuKzPUl/o3j0=,0
thari0pbt68YeVxWDhtGoWQTMtxsAeQutEh7trxk4Pc=,0
bTz6awGi7JZEG2gkxB0g3MYrALnG9rZ8KoJVnGnetJg=,0
ls5aOIG7DgAYlhRPt+QzQ2J9xiMscouQhftn+Q87WkM=,0
MwyvRxWRJkStsn7g2uHonQL19YF3lIK87LgQ8pyRK6k=,0
ZYeWjGc6620ESFoURdNx/YkmiUuUSU+gSkZ/OqBSGmI=,0
J3arZAVZb6hC4VzV1C5KudErdsAqJilo5imvSVjLD38=,0
/3ndwCCcNUTfRbCG4Cb6TvgT+7Q3I2aJGEToD5kWD7g=,0
0RmZ2ohC0ZMEbavdHsSfc9WirmJk/zEzev8qy1X1gmo=,1
vKwmpWLZ0Nk43gfbdkENcueqtuyyNcNF5W7YTtPuJfQ=,0
VX0Qv6fF5hf2qMmRnp+1Jze2DuUjUt8d26BmiX6oTNM=,0
2nqTHEM8UYVLD9Cw7slm6L8/GOgndMw8F7tUESRTIaw=,0
LyP9a3WTXIAiKOr0Smh0ZvfmBBbfiTj3O8RldRR8PSw=,0
hzib0njBa2Yv7xyjGe5Pd9yTJw6aIvTkNuKVy56Uk7c=,0
tT7oFo7f6r5eCKLKz7xOsYYEHhjy5sh2oSDu1+l3+V0=,0
l0XJW1jzg0NDuIZDmEvMYzy7NYTLM9GSivQOI/Isw+c=,0
d+/ikPOKfH/rxQD4vxGDALojqvVypkbJCN1RCDcUKok=,0
OJud+W9lAm10OpjojJ8U3J27/AvmH80//NFS2oNxmXY=,0
ALmvNfGh82+/UoL0EOfEviDWfIz4x0SSCHMnaXt501g=,0
qHzq8SrNltWBO70uQG4Cn2weyxIbSgHdR+tus+DNm4c=,0
Mbtav4rMFCrGsOD4MfB42yUGOxrVsVFfVxo0XDLvquQ=,0
M+SICBw2Y0LxX8zDWY9zeqhJqnhzR5Lu/76ELyeh69M=,0
m0EBg+yMiWkD54sxsw+Wpns2Cr2yTDm2Qma3S1qstH4=,0
twlSZJhSHDX0Naaz5ZtSIB3iHy2LnHGSdnuyXgo+ZsU=,0
uF1ILFHok3QCAbBsBsVB2tsndPXBW4Ig8+K02Q/3bHM=,0
Q3oMOf7QLNeOTE9CVzrOe9/98nw07XnvIGwJjmkpsBI=,0
PsE9W1hsHKhPt8XfhUcHj75KMHyf7oKwXy9vI/o7q9o=,0
VandGEYvuvwccCo7TkaGpBjkxbd0af9epdmLn5Ywiys=,0
7PpU5rv82eeasaPj0593XnjcfwMvoyT68N8FD3V6qBc=,0
zC5iAdb4YD88/qUyk7FI7ly5MQnU+tJHMIeNlgKsYHo=,0
ZstIb5aLmtwWEnUM0EnBf8B85rg3nCd+r+iyirTifcw=,0
BXtXxqT/GS0OBSn3PH3D2XwBPAt1SEiu5jHKkWEAaC8=,1
RcGnzKfzvqPBwPxxtbVCggYMJwGuMhOmHyb/bDT3uPg=,0
Z+rIzlv0U2Ra64ZJVlZCcgeP2LQdPKtkpaMGmRXmQDo=,0
cVwetrXbWJ7hNLd8wPn5+6Y1nEExGr4l/WOi9iwj4eM=,1
wknUZ1aIQ7V2f1Pg/Xjy0tCjRmYIStZ8iO3svNiAckQ=,0
osQbt5wwV1QYWcXrwq4wJDCdqusHxmFbfn6ndCkcrdc=,0
F++3WH/R6CIAsudJSfQx+UVlFC4SIoNF6hwwOzzT5ZI=,0
MXUpluFJj5enT+BGYQ/mC+IRp1/60tmDlr4slhKznac=,0
uwYqPcmz2fr4nodGoU/0800jw+h5uHcqHwk+VVTPpaE=,0
M7l1dFHJ1u9S+/0GNy9ko5Aphso5VbICOYnlBZUUGgA=,0
ipdDqFReB2HpnLfUjMu3lTCA4QZRuCOvW/2MMIqSluI=,0
reV8FdmJqqXpLGU3iaiQxA5R6PxRHSndkxMmTHCxAT0=,0
4XhGSgCA/s4munJCCt3vgr3AXUfe7+6rKrGQis8G2oQ=,0
XN55ciRjApYGsn4xa+gNx7GRnnKq7WQGvFvEXKW1CXI=,1
AdsUHoYZYdi/2ZLRy+J4Bo7lgS1WmIMRd5+AZrn1Yvs=,0
/r1v80KcZE6wZWsRjU2DNL19WWg2RZVTFf1IUA5o6JY=,0
H1B0wE9Bf0qCtGS+0V8+3QezcZdHHvJAEKxBSNjwZHM=,0
TEDoVZ7h0XVagNrEqJu48pDDzv9mFB/SyqiYEn5PwTI=,0
hDKF1hStSMnucgttwO0n+5Y2cayG2HF99I0F3dySe0I=,0
FcfzVwhJcX3loYeeuXzoplOmM45NwZsOSu8lLNs/mBg=,0
130SWXiO46LPSdBEXI2knW57u9SdOsAK7g1lmH8mdWM=,0
Uv3Dzv0SCK6/ZrnO0iWb62hTIYZ4SO80etg7nwNhdbY=,0
jlz2aM3Fp6/1QztmSPqjO5+DsChHQslVwn9qJEAsNuY=,0
KVO9WsZEk074++vJuFiCTBIVrzsE7lOfU3qZtOx+IJI=,0
gfX53lSjqsFDBKB80wBPwfLASo0mP92cYFC2HPdLlyI=,0
CBekzYzdKwXnV77gqcii7TE9+DSaKtV3P6iWwSKbtM0=,0
CybTlZjDyIHpE4bi+GILAYrtcUG1E7uZi8bAJI3fwbc=,0
8pWd0hoWY5HtkRF1fTMUMRGMOmVDmOSIsCUytjuV+jM=,0
MNPKXjdEhBaUem+zx7KKjw3Cr6/9qqhhamZD0VMaky0=,0
ZWQPmThBL2g12bgzTteFuNIkBN1xYVqB2t2c5LhymOY=,0
fG4xS+4ylqgmGDmSi/WyqtXiE0XWAZ8lq41KlMEKyAY=,0
WfN/dvMM37SFKNUxdPQWGMKA21pzfofrgmzZ9t2RHAE=,0
xs4zGC/kxfCd4uv9h63j40DcJ3AUt+o9vSGHRmrCVa8=,0
TeYQRLgQrKKRK5pfqDSc6Xyf274H7G6YFOaiA+NnWSg=,0
F+8E/vLx1khxY48wIBKqWg5eu1Faj6/OGvHN26HI92I=,0
eovdHI50TjYUvjyE2wK/9ywey4J7cqMTLJGp/Rs0nww=,0
FCiB/UTSumeuMYpdX875ifJzICFMMuuk/6FYMuU4ExQ=,0
LJH/Gr5iIIXSAklvm/uor3eiRMIwjYK0quQiWTcT0lg=,0
UuFi3icYlYfMpVZ86KFR+Z2gFss2sT4NaFuCiE8bOnY=,0
P3rt9IuZtd3f+nHevFrSaVqwqTmLuW0XduP/adCmXaE=,0
jzWZ+zNmOKxevvuTxD1C5dVHCaIF/dbT1tYqIfQJcRE=,0
jBH6fH058nrKw1PhBX+qkaShJCVS/HJiwWcw9tbDFlI=,0
OGdrmzQ1BAzXffS1/byZhqwNbt8agH44sBjGf+yHT0M=,0
HoRQ1EYEYFI0t6tSXMF23gS2+Eqo8Bh8M+cSl45k6Mg=,0
z+ll/oznFAQuivz6ffabOpsxzNoRFr+W2Fy5+o/NPBg=,0
s4hj8nvunX62FWz+4SrMvUk3GwDdSzVi6blC1xJTXQ0=,0
1aDd2z6MP1PjZvvcMZq+TD24t5RKEA5KFVJVKoRpLPc=,0
tECSpP2DMypdtjWzXK6I5IhIUqM0r+eZbl9l0j8mpYY=,0
25tzBW5lg3sOM+PuXRH8LMBqp9GWZrRV2vmg9U+rFM8=,0
4K+QXUycOiTRufAHaaHBs+PGQJTJdyDuqxS9kv6Ccd0=,1
HuP/gv3aIL+s5Et4qYVEhBexDRKcWsiAH8qlSIus5kU=,0
S1vOf9Whky7Yg8Z9a8zyUFG6ENm6EIWFjDyohRJbreE=,0
DaVfQ1EBdEan+obHkfBQg3hio7vUvPKY6D1bJpv0Yfk=,0
mVGS87iYQnS7qwz/gTdCHtzCm9JHeXwEBu5BWld1GEw=,0
ZPgu1fCbciCKN2/DCGrYrgMgxSavTHQgSPW8jIX8upg=,0
jL2BvYIl5CoMueRtkZ4Um8zbolWQ9uEemLSUAj1fY4M=,0
x2Voi/KrW5CbD6avs0GS3TnCWQCnpzVVhYbkX/XhG2M=,0
l6IEjZLvd3jGwbDP52GVDr9sm/Bez6pUuFS1L5C9qEs=,0
q+yQakUqrbpDN5YEi7kt/jVwCxQ4aJ6DVtZfM+XFxcg=,0
0CojFTIdzDvYsSmiOjQv97yJhc/uYC8ZY7IwbqmKOM0=,0
5n0lsnIdzZIMWFTQJoS+FSbq091BPdZ4UXi6jWdUz/o=,0
M4ss8GT5tZ6vMrVsTK4jsilJNF/5mW4/VEGYIcGw8qM=,1
uY5P86TTKKl/TUmURogeicLjSfpxFlKLOrQQWO1Ykkk=,0
Om3AiN1JsLkmSpZN7iXvQSqSJIiFb2W0XQAQM9wueys=,0
WeEnFFSO5OsUpgC0Q6JtgrGtQWSVz+vRIGPSV1Yyz+I=,0
KIBn6ZGzxy+49A71d2nv21KlG/X8k5GpilftMTHWGUc=,0
yztTbSiLj13NM8rImBXt1uPVNZCNawmH3HhoaZWwkys=,0
OK+uC5Ed/il7gZoLqkJ4kPxAgBc+MH8pWTo0UQrTVzY=,1
oHL3o6pmlG0n0wMJE9LUyrF/+SwVHTZOis3AOxPeihs=,0
oxt5+wqjkoJzXJN00gc6YJTqysE4QH4xnwwTFReoDbo=,1
AAxLKDj++KIocS22mvnT8r3/W8QZ7b6BthqWPKU/Y6Y=,0
BKOKbiBQ760CsTb0OPUJ3tP6YtrIgrwptXPXvCDusj0=,0
Z+0rlhdbTg+AuAY69oVaJoMbbpXMDQb4MHNPwn3/Jzk=,0
zqyzjWu+73EyTyATuQbdRMjMz4sFH7Tc2IGvl+s3Uqo=,0
dXrDmzlh0YxZv9yEsvZxK0dsKMRBBmb2Fwj+V6WYB04=,0
pe5y6b37+shtUwfTQvflXQuDvChtv3HL85f5f4hSCwE=,0
YNqb9r0dnP2INGN1lw0zt9ymWLICfF/+pEvJzpMy+Eo=,0
BZZKybz1t9yTFk2uxg6tuL+tHyuS8BXynqy/7M8tRI8=,0
x/HiCbJOyRZrsGaV0x1N6BRsqQnIODj9l+dT5JU973Q=,0
GBPzFurla5IdFtvUYScF55AoiXtpOlD5cvAKEuy1tjA=,0
FqUZP0gyEOOsG3ty+nnkV2l5bYsciuvIWFy4PVbpstA=,0
IlO3n53uD4YmR1lOOc4MMrtseBILutPE+roospR4rfo=,0
ulOxwGAqmNBwYtSZMYvesMSlhzzv76wUivqwWH9dAuI=,0
rH8bwp3cnv0eAz63Rn4+j/8j82H6urf8PTc4UIm3yY0=,0
qC2GbKY0H83of7Jwdvimy6WAX5F+SVOtUNvjFCRvHAM=,0
l6MDubVCtvG2XgKCFrQWe4bVytDrQazi78dfLSI5Q40=,0
qrlRiBIG+esJ3CeojDkfiEf76p7EcsR7a8bsoWZ7kNw=,0
/Ff6G1PcZmBszfZtppr4byLCyRR33TwVcInvCXZ+EIc=,0
NounNXS9hSK6pFIOawESDuDAw0rgC/+EX3D8hskO0TA=,0
/wNFsTs/BWlAi4CzAi6moqLu1flwyOFiEliioaQGzj0=,0
ZqgPZMdvyr4eeg4cgNVVLNqgUieue4/KdpYkZdfKjUk=,0
RKstAA4MNxgY8RCUGhFd8zyTioRRjSANRSZQ5ytbWPM=,0
uaS63ZnqDn40LdfY65qioW4vua0gT3V8KGCq800G7CU=,0
HOCh5kmr/PpW1GnbUGR2AJPl9bEAxcBC+oHpYnEfKgA=,0
xaq1pi1vDZEeY7394SJ52uquBHMLGtoaHhXCpWmcl3o=,0
Pj5xH5Dn1Jve4UF8NCb2ssu2RCSJxllNI/ZSsYSghas=,0
0M9pX8d5b0bc38s1hF0Bxl9UMQbMWDr9LL97Cayc8zk=,0
X/hyqfi0Vc2NIbYf+Vvq69AnFTh3p6k0IXhwpKe0MUY=,1
RQaRSiNW3bZ5dO1nFD+1I5WAGkF86k9Ry3u1ThVKBVE=,0
Rh8Z9hC/NTn79SH2cjuU+8kIu09UKXebI9Sx0ynMIPA=,0
1nl/vsVJL+dvULm9mvZv1FmdQl7HIo9XYV8LXGfW/58=,0
p3MJ3CcDz8ddmXwyAbWRzin1mnIOTY2V90clyGNbGr4=,0
ifcdfx5steLT2btkLXIYQ2GyJIJt8Ez9zcJVHzpwiS4=,0
GxyNBEbEAZg29fgutZFDdKX6DRJOwW4RL2HdvtC39OI=,0
oevQYEdoxUbNTH7xfWyqZyjmiZUddbh00W8gp84Y2PY=,0
Moa8JcUWdPB7KazWoxZ3Rj/beGsl6FfNDcyS3YcS3JI=,0
v/oeaYq6itXffo54IerdsEkuUNkAe66yEirv77GYzEc=,1
aJqBtNP2QNP7VeTGmI/VyGosWU+8pvrrg/G8pmpFrDU=,0
foDjEfOJuq8KvfXsLDbeBnYoRDtqnNDYjOpGhDfGKgU=,0
qdAbUJHEE/QgAxkvqRD2M94TnXgXUmg6RtduFnaTPyY=,0
QgBm/tlKbjgaVPpumkk1UvHNAPMIc7Z4u8j53qlkOb8=,0
IZLnPOS0/mQHBKBMooyJthrNOxmpL3bF+J962LxLSVg=,0
EqXN+kaH/YwyZUBVBAPr5sGZ0TM6KUJ0zuy8rNG0KI8=,0
Z7wx7pZuDK+9VmQ/YBb0+a5vKtnoYWEL8I9gZbr45NQ=,1
Z+ea2Eml0B2AhUh7MVZjKzY2+vIRyVN+z+i2grouOPg=,0
iiU8yJIrb0+/bc0/Q+8bJUep3+43Xwtv6f37gyOsNGk=,0
pJ2FG00ammjsdFOjf/oSbB73eeyW4E3yeCsPmxy3emY=,0
02UKVxHNiEe2qsQ23reLHSyP/eOblpMy+iSZpi23Jrc=,0
txERrJh1HO6f1MTKZ8j8vVwOKeI1Xdge2peoUOQqd5I=,0
cMhV21JZbaaAf76mVywWsbZSMbJM2DsdeNsJag+8xqU=,0
WPsfjvUk1Mhq1oAjdsAFvQ6ZUr0sBrOBMgi/EoBFHTI=,0
ZtqnxAJWa7h/gBqF3pmbqKH2qjBc/rdtELt/gR9H7Fc=,0
Ssw06VtTU7+G1U7pClxUGkFaHpZYAcufFa+9+kXY/HU=,0
J6BHdW/lYChqBKqwyH5eyQujVPjSImsiu1y/mWOu0VI=,0
Wxw6vH67B9nS+dRTcQYhSwne+Lp0Vm10b7P5YIFj1CM=,0
c3xUxtK7HDjaLmzAycsEfSy3vvmrDbSAHRli8DW/074=,0
aEa5rTIZzmDpSuhGw8BwRo66E6rHQBx0/KCCMHxKejs=,0
ZeEdHtdaijV2KeoPEoRuKtoVZuXJD4lAWnLkvMgEPkM=,0
aSDK2jwrWpmd4j23rkW7RKL3wi0Fe7FiKvet+jxUdDI=,0
zZVm3hPbHsTzyHYHvGYAMfEWWfps2sizTo2zj7/ULB0=,0
gEWU+bilfWws3wZPrBsLcURpsT8zMCox3xtLVwtNqHs=,0
14WR1SphJ4Vo6QdgcoTjcbM+noOwXX/slmvDfaWc4bM=,0
UPjsQ2KUlwF0Zq1Se+4yOVOb2xzD1X2GS0mJnv0liCg=,0
Hv29yf9fOUJGcIHUwIRoXfGspXJPeAlLoZUcr7LTL1I=,0
2/bXL6bS/KXs4hjMftiCKoLp5nnlymZL9V4fL40M75o=,0
IPhIz6EnpSbuZAt99YXpuGo/62rINKW1mcFLEClsMEs=,0
cVzJijkStNIUixRrgz+g0s7HkZUXpQvNRAyNT8WqTGY=,1
YC/MDz8spaYi9wlcm0hiM2vQg3fBX+4u+aReBkVTkF8=,1
QQoimhj5ywOShZdo9hKRO4vqMgb6kQhYLbH0/nmpkcw=,0
eo/JImqR/7EZJaKbaS/aZF1xAvqZJ2evKXS8SY2KY90=,1
9onh3mrFdEEi2zc2ZAB4berMYVIt+8JHUgGQY87lpHA=,0
o4ac2TCF7c/o5IMs98QklG/1eOkMs5Pp6Ghjryc7VqU=,0
ju8Y6ohhZMfqzf0MiIQxjiNub1ywNnzyx02z+ew8hDU=,0
MC8wuUtjbDBLiveEK8WQoCcPZzpXP+kA07qEtezHqZM=,0
lzTaRmgkunwxbVulKUkJ0RFI6qesztj9odX33MyRy6k=,0
44wa+lvyy3nmJP9jA0Z8mliKzz9M/FBwUDVk9cXponA=,0
3bcCuR25NxYG+SUVGnqun07VEf39EE3YEZc8u/kKeLE=,0
r8KJw4YhGgysE8xqsSPBs4JjkqZrDhZoAMs8biIVmzA=,0
wltReslwN6KUOHu/nPOQAxUpQmbS23B+KvUn3jl7nRQ=,0
p0rJZ0uKJxMTAdSvnxrlzrdKLCiVHVhKIGXM3MY69gs=,0
riolLlVZU4qDZkOjd8Gj5rTHsZ6bxwAGTgMEbRepXnI=,0
M5CJpt0oReOpiUJm9OgtrY8YyxfGBz/yiIFmYfynTe8=,1
SirN45Air7g8mcFPYE89XLm9mXuXM2jaLCzOkJD1Lf0=,0
Dg3SEQe3UpDwqM9Weg+J5bVQukDw8mY/cQ5JEAxb5k4=,0
ZyLzHSP/BuSYgzXgEoKv7Ltq+w5TFIR+Q4eiCgeafWI=,0
Mb+7FC+IhcUF3JqAeMYA7C7lnrQfpiN/rCvCKVJN+TU=,0
kXIfjoZDwMGj5IyTOA88gUc1tFx8Dfmmrt0WoErCCpY=,0
fB7nz546bfPZeoNVMKqmBK5RE7EhCL3qoCv9xClNsqQ=,0
NvjVVIuxfU98FcsWH1ISthIvGoVLI+IW1SjBCiCs3so=,0
V1HthGafRUEs6Lh89DYdkQILOvduXULJvG4opyIIhCk=,0
27GE5L37B5caLXoln7QfnwjJeAhui+afPfTb+q4JeOo=,0
t3Mi6XIpC1k7rdFFTxDbHtX4C7DY8FPgD6KvNItrLq8=,0
ZxPJuo3OxyKRH5tvDuhFcJWm/OzWgBegMuGKWIBYh1c=,0
39ym7NLBX65nuZVmv/3saMQ2UOAvya2JwhkF3M6p+Cg=,0
0+bqBbcP77TY6Juq5hn+bM9kWwkNCxNU8msgWvpaAEY=,0
Ov9A1e1XytT+GJHmMBPrKdLGhpEgiSWM2N2yK0lpg+E=,0
Y5Zo9DzYjdeFaO1fkou1Ip78FrSX+E7cERZxBSLPX5Q=,0
xinlZZOFEBJAk7YQw/7h5vrIGbCejLSBp/V/t3FxHW4=,0
cEeVvRUu0laz+81otPuTKALojhH9aJWj2eAdKb6POEU=,0
K4+SvTI9q2nV0MkC06Wt0XxJaBy2+ahsMkfPy5iW4CQ=,0
aWGg7MPdZCeSEp25ckw8VJCyX3gyGyY0iCBUJjhUN0M=,0
dD1RJnZloe+9rlbQYymtTuQOHUugd7xz3TKvU6O+/co=,1
btz+qVmell541zowZCZowrNXLnG2kqaW40D6i0E/sHU=,0
coDm2lWeT2HJE2gwVSiFTAx7ze6jNiyYttZQA/fxloU=,0
+C67RZaLdIdxx0cBNpuE9RUp//eZnWDPVp0woLmtwA8=,0
+sjPZhnRI6WB3lEQJelkktsJ/EbVDwcD+w81BSwdKKo=,0
gXT3F+Z2p/4Cbot2ox+s2nP9Lwoe5k7KBvK8rs3LkDg=,0
yotz76oX/mBBHFz6+8/YPZwd8AXD0PaMkRg8QzzYD90=,0
QzrTNVpLatqMyFAK7LqaMaBVj64diUCcamEVgiwRr44=,0
Hk3qiY50ABe5BSLnBS+sJ5DKLfMJ5oKd483ExyzehKg=,0
3+69kK7evy+cY3SWzw53x8xE85Ya/VriLG+/JJ+XAw4=,0
os5Dk7zRmHzT3LMQNSkNqbWZ1GUnqnsqfCHZ/6a+Vis=,0
XzmCBaKr9JzDnfV6H7pdG6dTW1ooSREUN8Y0EYXOZaU=,0
RmgNiLa71r7X9piag0uYZhhSldxmGpDGCiIWKSVKz54=,0
efm4/V2t/H5blvHGc7R7JrzMmqOM6OaGGBi+3Y+FAUY=,0
6XPyNyj66/UKQ7xsS5ja+6xfYwSUbf4WudRGg+llAOU=,0
wZj8YVzReVWwnPOxxV/c9i6TSjCR2ea2gXEF1SbyQe0=,0
oV57/Bfa4p1lBUvv0ZCFr8Ox50UmMhuTJgrbXU/Wzw4=,0
EjZ8u5w818jd54fD+E8V8vbLYhYAD0JIdbPuADcEws0=,0
UyPjXyNkLutjMYKZv5XeNENi3scMk63xwrtOKsLcEZ0=,0
I7gfMV5u+8lT+guVqulUyWVxk2bXnntkrCJDqhiDMt8=,0
Y7OM98CDHPAodgaSKx8G3x4486fExjRzH/+oYpk8CvI=,0
4nOMDl4Y0mJop4eBWF0ESi3b59IAVX3obN0wBfh18mo=,0
4o4a12qqdRo+58yAwzc/f8X6J1XGxuWMWIEo3UNymY0=,0
gZsjGYIcqxctU5LflQWM8BGTOfHn54TiuxjOzvab8Cc=,0
CmCvUft1tZz0BzfdEXqW+76/tmY6pT2Q4Gt39JemxN4=,1
0eKSN7r5VNernNW574PY0dKmbBbOyz9y9OSmF3SAxQs=,0
klZWImNmolVBgvwgQp8upHaTx6Zj0O05Y2wk5ntYjK4=,0
2fm+7K/Wvz24L4vq1BtmG4EZjLisgccSLtL/B5f1cBo=,0
pLADuu9Rov3WC3NObS2eiTh4WAnRQCpIgti7BCHr7+8=,0
gjzCLi+epnS0qVGoUwZr/vDSN9OjJU64g5jnHUuvUDs=,0
T1sUD1ECL3Kr4d1qa0oIcBnutTgHnr9lsS1Zf9SNfHQ=,0
uVBrIQwKS17mSdu7tJ4kj+M338V6d4ZqVw+aeJIItLU=,0
jnS19CIC56RUix3zVgs8sCsYEpzy76K1lasEFe9PITY=,1
RwD4V0y5jDMyppVhU6fnd/P0xwXN1OPVn2Uz7Qk3WWc=,0
W7/uP18CKm2fi689Hfbth2AEZC0YDjL9OAFPhIZwJRM=,1
omvEhPCKQ441De2eYErEoW4XafrNe1tgPnxLq3+stFw=,0
Bfd3pQeXTNRw6jt6guci7T0Une1VpShA106druG/d/4=,0
XG4Yxp5YT9lOprOoLATauj9Pjvxe9AvkEImGhKCrEUU=,0
vpav9GmUcZoPPHviYdH01Ja6i2f4HGnUrPw++4HAJsc=,0
Q7q+mjLTMG7xqseQZNVlpX2WiU1UX+G/OoLlDQ2gN9I=,0
ulPSkvzrri6ha3pLWoHChgpmjbe613b33VyO2hDjiG4=,0
9hgZhc+3zqFrg6l8yNw4LG22b+/dDy44RDy3rJEncNA=,0
6fq388h7OjHl4bviWyOClFkfwBL5YrFl+175glhcJok=,0
qSU7ohvLfpx6d1aQk4v8hVqYhaLGPdd1yfsOOocuyfE=,0
vlLbghMidYkc6t39rP5nKYLU+/hnrCZopsXI9DpiGEw=,0
8T7VZmWzc2MNuaI49PNsuD47ySDoG6eINMZ3mhR8bD0=,1
6y5ymXFLEHu74J5E578PGm1hhoaZGUKNpVI1l1Ie6Nc=,0
7Algl3f6ns9IEQYMLM6j38lTvX/aJQ49EaJ7adzjtqQ=,0
XjBDq0TGVSZ9Bvj12Dc8J69XFObzViqlPJJJMINHANQ=,0
tb0+Pdn2pXArAdRa0I01//CHXW5i9m5S4CSobq5F/6w=,0
ZEOJmPjOkRmxZIfjJEyBsqQzkoQmxfkFmT1Sz4BCw6o=,0
tnxGdWDytImO4Fk7GqSXiLVwvPyCl7ZmcAEMpRr14Vg=,1
s/hlOjRFCU0J65+1B3GDRBPsDLJdhL8DShwRSgTz8Nw=,0
SBjUcaljudpZ33HUD6YJGM+73gJHVazV5OC13Ylp+w0=,0
ygL+6TDe3hRYPe2ytf1Ro7+dy4c7VD3OqPmj5DEaGnU=,0
wgkfEBpc2ScbY9cjO9PBdqfRYjeH7mMG3E3M6J80Uls=,0
p9hJDQx56rIKAuQ3trmEO4kCnBfd2OnwFewTcdgdy2g=,0
7kQwmiUM+IoYaDObJ9SVZLhU2nPg+SrH0CB5TtCkyqw=,0
cY75MhILw7DpldsCjzq7H688JSIGa4zlP1ifZMANzO4=,0
RwYStu+SL27MCKm3VC78VVsH3uOl/cy2dcSNtaVL5G0=,0
iS0FRK0VjpHOjAAYi0t+stYgvlEn7lgFhfrapK+Gf8U=,0
IHYWeSM8QG3sRjzA3ola2ZODUESY2lNG6bwg82hOVuE=,0
IaSBtjp4PpBquUS6s/f4erCHuldpTo/4cGGa0BGuPnI=,0
Q9gw6WzP9t96fDXQu9mtgTIdUjOmGsauzSKyNOJjY/w=,0
+24oRR0IhLvz88JFY0JTJrX/HqcJTn+uqQ9BrWrX8e0=,0
1YgN000X6dbb7P23EAHbVCD5QH7nCNn73dl8gALv/gg=,0
Tl7ooJdM6vJJ32EIrZO30ap5ySgAXlcsH/zn1Lcv3jM=,1
Zj4zexm+tUnuKQg+sUZ7l+1lsIt+smszkSD4cvhnmHA=,0
6+0EKU7ii/ruuZdhnkYzvhh3e5Giv3VdKNFR+Ey7OiY=,1
qq5+M6cage7uwVf5Q7Ejqln8uOapREesOgvsjvpsNmk=,0
ZWxqvljwddUbn6iEBDYlVZRDaTKmrHvLtBo56KvRywo=,0
HpnB1o8yosMxJVMAoU1/BjrwgQp9h0P9axvQ6IIGi6M=,1
lxd/3YUNo9X9ZC/R89M+zY7gIswRAVNl/RZ6MgyDHxY=,0
E6oH4kSTmDo2aibIF8n3RaJ+UwPINhniMoHvd4MFh1g=,0
8EUpuWaA1+6WwOdR5IHQSgmFVqjvdDOYTCn4N0ZLMqQ=,1
bB0cOt2Zjx/yqUz7ye/hLe2RwmhccnIOLl3E2xOhQko=,0
nVFm+3j83EjY9sGdYJHPjm0upjOVSD4EC58mBt3COlQ=,0
g9T+uomMTb+5G/nPhLyGz+PW1tn5CmMuQ3DjKR8X1j8=,0
jQ+NvMU+PiQKojWx/Ty87zF23E0Tr69TGtUxW2Nfouw=,0
t/VvrECbsf864KMGt/egooVV2zNAiJ1lrEPH9jtcLwE=,0
S1+i6MdIBw64kzlDnIb0eABc1CTe2pUQgxnC/B+uk+M=,0
u3yICVyAqnJwAD8F3YS8M6dcjmT0t5BGrmxQkLt4SmQ=,0
KrUEB6Grtffr34DyaKCawdkyDMl19ZHCMjbggSD3UJA=,0
HaKxxjeRtkdfmSDub5gpPl3O4N6DlFYkq2fdItGd3+E=,0
+4sfyAwV0Z19LxpFsBPsPOr++gdo848i6+jpdW/touk=,0
TUHpz28LZhtN2aKcwkyro/kbuNw8W3UDbsgGy1XGdkk=,0
uB3YtxE8OIXXAv1zmPmidRF1BZaPmZnwque4d6fOOK8=,1
r2EYCIiJXcmf0Vq6CWQ6y2c+0pO+RGf1lAuhhqdBBSo=,0
4BHAKQ2X+iUiJZoDgmGaxcNf1R9xgmNiosc8R0vos3A=,0
Z9zgGIW3VeWTA3DrpHMRx0AOVcV3aObXZ3m32QIU27g=,0
k4B/IP/8sMHIBk7GKoPh1YZ3RSleHxGsSIvDbuI2ttA=,0
JHJ+VFuWRWDIq2AwcK6gNOIbhUkfXBdWojMNzmltMrA=,0
EdS38dPnGIiUXwBrTQAcnxL5mxGvG8hOyPFyGgikiQw=,0
32QsMPRAEviip8/cETpBPdyKccnwkwtqC9k4cF2n/xA=,0
/W/QFiGSASqC6WnDipcFVh+hTGwfvB8RcmLk5Zxusuo=,0
bp6YbegA2ru08IEzSKcCIcIrqy+DNYr/J8vPUfVU58E=,0
wIUyj7gGGucg2kY4+dQ322j4RyOWHJf454nQblJZvls=,0
A6Fzxrzr8gKn6mE1SjgU9IUWn48PFHoFf0sxoK42twU=,0
RRChj3EKIXCtnIE/Y2jXOFr5mu6VARvHwYEL1ksIsKQ=,0
FoyYiSTodq2FS9NuSz890KupZ+IYagMQ9imYmPhraiU=,0
Y9hfy+oVEb1gtMIz+2pjOjC7oomh8MTb8dGhgViij9A=,0
pSHAZmztewQBLkvMlzkWU4fnwlJilKjfVaT9ooNGB4c=,0
GHoZRXL4H7/FbAUuuvAv89xg9U8hVWOtHDSGADWY7FQ=,0
xhFSsuz8iF3x3FMIgVTOPPt+2ETcnT5m844dq7y81qo=,0
rIw3f/tg0xbfC/qMxKW1i/SUkqgU2OSqpJyneYnhHZM=,0
PiNZE08CdCRmvCr2lZGR9Oab1FVXxyAdwy7zqX4dmZc=,0
HbDWVc0PmdYIWEVTxxxDcV0WZmkmIhlRq31FjiNrz/I=,0
k8na8ON2UOioSS2t9JDzuR0pEzfT2HuLXbyg4et/ArI=,0
a956kNO6KCNiGk5EJSjeQRtODbPKDXlosPeRBTT0yZU=,0
Q6zRmBZADmrrE0mptu0ot3PcO93+na44+5HpXYYFwsk=,0
sdzjrJjrXehE1ARjI1ueS6Z66mVaiSSkOc4ECpLJBZ4=,0
iPw9KaQ1zwh4LDEDASURa3ImnfLFblgJ+brrBMJHOFo=,0
P4z/h0ZYXnEpxANu1Patb9rfDEiGvQY6Tf2rml1IsYA=,0
tF5t8kpJIDB/MtYLpiIEa5vJXXzga/RCYRLo0s1DJSk=,0
VU4pY4p8vDrl4/hkLoLqTXkDNTjQ1x1l/jjyKbVvS80=,0
HnFMRNQhULHvMePa//3V++N8nfUse7+ZHuSy9/xgt4Q=,0
k0VnlpU5Ctpy+UTm/LXMW3Q/quSEWP5f1uZiRDJVH+M=,0
sr3P+/bQK6JNcziCtUf8mqZ9ANLfIeYwpv/xpxQ9+pc=,0
5gg5KNshxS2ul4Q8Y3vfrY2dpZ5WGmgTNkrqAEA7l6Q=,0
CrPijQGQCCTA9d9FVKKIlM4m131eNs7/fDZSscRZQV8=,0
RJjV0V5STj7d3LHsLI6/kRnTecuSqeiJffx3Gz0NOu8=,0
+5G0KLSf/72m/erBw5+6RQjz2YmmClAvy8LQyWTtoCE=,0
sSVnkAi/pU1mxSK140Q/J31uUI728AIFVrK2wyWCOQ4=,0
zJ8CoTCg55I78BTw3EPadqz0Sfqebgw9yvUOm6RmzY8=,0
9o8FLHF1xFYJq+9ji9imRFyvp8XKRsUuR+1RRGbwoZw=,0
rAYp0eB77rIwShvgvreZ9/EmruDJqhAjZpvOpEHOJf0=,0
qvHMm6cSQjuExNmDRSEXIV7d0xXmWd/GdlPltKjh6+8=,0
5d/KZY2pw/kgLHn+JM136sJriFCo9vTahAmUtrzyzKw=,0
DM6GqVtU2Eb6INZe+5BX3to5YjD6vCN2oaJDDNIiCT0=,0
wIq4TpmuwyqE3iP2tRemEZZStyN72uvJ25fEtJ4Rp7s=,0
2ukYyGb28KXcl+hmduQUJEB6+y2FWYy3GE8oHOR2YNI=,0
xDqr+oZpAUq+rfO5JKsDjFojzAlTT2gRgPzhgETL2Is=,1
gHfHBTrZ8XUyLvEmeB61Xmk3nzReAtiJtmYv5X0t0cU=,0
uoPAUYOhZ+UxHLRjqJOTBx7SoxUPrEl87ylh2ajp4MY=,0
eeayRp+LSVRd5BcR7Yx0j1JYyGNICwTH1LVz6f3cP+k=,1
K1hXWcifQwbObGPJvWbV50CGO7ZyFTk81+GywBqpjdM=,0
bpUZcJsaIOMQeLmsEsCUhM8SYrSvjuZT0J+35hcst2o=,0
X78FMaW3/iio+suurTCgKzrWVJ+QU//Rprvs0h5bJOo=,1
KQ8qekMxVQzc34X/2EBmI9++SO0U4jyZLThn8AXZc3s=,0
KKZyKdIVu+DCkseLfSlPsBX86bubXc+uZvkqMh8lcJc=,0
u1FJbREfTO9fTQYWNuIOcNTrjHjEIZKO2k8nRNq96s0=,0
gmpdZEyeI3T6UufYhxA5v3KKZXmNhiiATYje1Y5hsjQ=,0
dIz0Zc7SWuq6s2J9O04VaEbnhKP4A9wkyqkPnOsQvec=,0
k6f0wJK2QJ/2XRVHx1UyDa/F+tUKElYrjvZoM0kW1fI=,0
o3m4pyYPUSyaoI5OS41APPMAGDHDLnhJ24yudFy89fg=,0
B0N6edDMMsQmlA6mocHUTTGY00x02Ghcp6Bd3HZ5hWU=,0
zPDdb5budMYiK/CIqPTMP8wpxGz/qEBRlKzwl92xCFc=,0
r2WZNdtV4rFhsQeY1k1Xt1mXi8PQXxiqTS3yjTI2BW4=,0
UomaqFSDaJZiTDUv5g2B+sh7+9/llONhmJ1Zsy3pUMs=,0
1xUJtUqElNeKhxtjjuP9c56mPSvF5M5DZaAhHSNiYoc=,0
VuqgNzG0BuaH6t0fTfpo3LQpoV0QMdJvB2lpRTOvYiw=,0
Zvffy/CUwSjyleOi5swuv2jiAJFquXH1CSkpBPdvStE=,0
+46uG3KPXTa0hMCulBRPbGrJV1RTpMdm7l4yfcUnuPo=,0
9cVnwiStp5FXR6PVATXrhos0SqJawD2oplomYi/FMXo=,0
Q60NqDWySCD2ii4NuMan6mvAZXxQDXVuWDGf2OIL9I8=,0
jv7ba/wgKO1E0PFd2tPrMXrG+2Hi1oAUBQe/8lW+TaI=,0
x5YI1Nwz32MvMJSlKx9HPjd1Jq5aaUlGEpA3lfbEsKk=,0
h1MHxVG7/DQu1M9QuRGlt3suUMW0TWaIr0SZglxEExI=,0
x2JhioSBZ20CAvwu2e8PpODhgO0SUzFMsJLyeBEEKng=,1
6Q4wFAJVj9g8KVc83sBAtxCUflPznooMktB/q2DZLaU=,0
k6yYTGwVDZSWz18AopbFd19LGELPK58NgGMDdMOuHPM=,0
Pin0/CCrBI6x7oi8+PZ+egVUxcq6f+wQWgQ6RZ74tDQ=,0
QPrOCytVJ1kQg7tZNUwsvLejqHBlTE6tKdfuyTnbJ0k=,0
/7gS35LoFcL2JtsWg1pP29Ki4vUHvki0V2F/tPKJSAk=,0
jh4I9Bm8f0fZ7o8786Mp7zeC5T3ZNNtiq1stLuId+N0=,0
L78ULm/UKim2DLU5/QfeLQS++XwUVBimCUnRfxjudKM=,0
E/LsC7VAYlo5wv6UeO0Kx9KobdqV9qmjrC8QqOpoVw4=,0
IlqKVgTx6q5OkTMf+oEGvWvNQkFV8CNF6D//Ps02JaQ=,1
4YQSqYAx8L23tbbGl8iPNIR3rIzYqhcRdugNOBI/Z4Q=,0
KGTK5N95+IZl+87BR9AFr9LMf+tOyUfdlv5whb8WbdE=,0
1m0Sg0zh0GSmkw4QxTW19EDgV66GCl0wcWb+rcN7ml8=,0
r+eUH8CXgcx1X9phgwu2G202THijS7PSmfo9BRt1yoM=,0
4xhxhbhFpfquDyCX446pzRPLRa/+O64HVnoirxH39iQ=,0
QUzm7NT4PI5UMQ4NbLTG+NKD72o5BYd+oTM1+k+TpgU=,0
FTSRXOh0/qExhwoW0/5U5U/T1OME2JJjhG4RC0lDNKk=,0
H8GeNBRhDscwg6+CRGFqdtxMbOnDzNo3KZ111iVauN0=,0
kCKtQLp6H/KuoQBbdOZmFAbdPzcCR3DQPVBba5bVxkM=,0
LS5OEoBRuUoFwrhFcyr4tr8Pl2f9QId31pSh0INoOi4=,0
tQGv82Rxo4qFTVuaunGWRiyIE4HDC/OVPzfvtCocrfI=,0
oZWIh8q8L98TnwYR6MkhJYQMlMAMCBr9DSuMabGh8r0=,0
N8AGUMKtZw9tcSjZ+yxK8tXz6YluMRHDm4YpmhkVtno=,0
/E1+cDssfuRaJOdGMbBju3sHcmdgueKpHlIKHTbgqEI=,0
Sl7SkbotTItBoRMCw4J4vNqPEV2raZ7e3LabF69LnMA=,0
K2GI5jytP73pI++ZnxqdAEqEJ/3DbwDBD36zA6o1eNg=,0
eWuwMhg8/gfktExVtytFBvuZDQv1Yt8hk9LaZWwtSEU=,0
ZmBjkPf1ZClc7Dc79MjgZW/rxthzdTkHiMYfFbcGOVE=,0
ar5V46NAW7wsTQVf7A3JRr9QgEepRh9uOY+NVaQIsB0=,1
lOzSx/cJXHLUPhXbygl3o1uJQfS+vptc1ANu/yDiWDI=,0
MBK8+unwQuKC04av3G8DSufENpb2L8OeLLeEIx04ALo=,0
feT9v3xUh9p71mXclSiDUsQYm3yvY7+2vThrsZuvhTw=,0
5fBjEyruU8KqRNfh2Ia1mws6SeynF+NTu8np5TX6kkI=,0
IUxVKWvJAreFPw9N6aB94fXEjvVEETcl84QYFAUB8C4=,0
5rOtanQh0P/8Lm0qB4nBE7ZWvtHSzpYOkqWYTmEawE8=,0
bYj2oggOLbMbviUb+VxpCJC2H+xHGK/l8PV2cPeMVL8=,0
zF6zPLYxUaHMls0Oj1Ki0DL9rZJPGl+oMxYlKEdKlB8=,1
nDBeSu1xEU48vaB36lb8P0MNRk6+mHo3HgfnhNAhXVk=,0
ZEV036sEkvB9kuOgPBsCLkVNCj0ev6hhm/S3RlU/5Io=,1
ASFQOofyroSrJiJ1srtild+o8oTRBuYySJbAqCZfZ/0=,1
TIk1tBNCNo2jMTk7q3YAEE5B1yPoFsQvnrNBJ5lYSWw=,0
60/3jjjUOZhx0tCO39K5wDMlrTiRtxEs7JlVdyOD9x0=,0
2cy6VIFN7jjrUMPAtETsdLI3lbhoFOS2HH+ZZta3Y9g=,0
Yw0qw/nM+eyyXFYvT9QC6Fc1CDZCjgFRUnn4Hrlx0Lk=,0
cOjg6TxByrSvEHoQoaDH9vyB1i/8EGjhnzpA9X2Qzsk=,0
J9jG7Kzi8WGd1Qmbrjl1QyNMLF0Do5VTunynoKYv3gA=,0
2I+YkRTDtLeiVVx8dUwFTUM+WDm+A+BiXlOC8t9DMfo=,0
x4g4iaNRWH5BDsEH8eas0h885ZthWNDKZ/Tu6I4gNAI=,0
RgGCCrAEXI7u0jmDof1T7j0tB1SrsASUfjlQK+poOL8=,0
RhcjfPXPCAex/808XoI6KKYm24ncQk8mhGVi0pKOPx0=,0
BNcPhy2tokELW4RLHvcDPA3tjnNUN7732yUOjLB1zF8=,0
R5A6M51RXu0y+YmLETr2++0TDbm7zxRK5/739j6pwY8=,0
VXviogNM0i9h8oHYF0MyjeNQ6u79bydpIoUOr78+bLY=,0
5bDZiGiIPN1ka2MkRx5jQ2kywXWk6PjQsRmcCKxcb/o=,0
eJDt8rSsbE+1HPq/NWolm+PrllXDVVEa1fGY7foYFV8=,0
fcs3YZO+7I5OwVvoY5FBGS7qJ+en7LtYRYQQEhlLoFc=,0
YFYUTKQFIz8oiJU7mqMPMEtcvMz3l8jLUZFQegrEufY=,0
U5hPNKjPXBSDInl2nyiuKc40J2ha4LA9iJf2MGGNd8M=,0
hLfqCNBLZk6zdLiORsuQJG6gE4hvXBS9YH89az7FxPw=,0
TTBvU64XhnMQ6ZU7iBmTnfFGQIqT2ywMI/nKyPV7tB4=,0
TVLonsvs9UnvwLJR/bVW+amc+ecuqNReu0cktGIpnG4=,1
szsvWRlajgC7k7adMmQXG5n2hb+LqrAGAYwKSuaLkLs=,0
iDpOrBgMIeaY4jRCyfLtX5CiAXjvKXTnU3pdMSlca8w=,0
zqtZeH2ZtNhBW+2rhVXUDeaLhRfeyDuyXnQAPTprEYY=,0
GSd2jv8t/DV32WB8MVAS0avJ3qGQh68Ne7K2PHKUT5E=,0
0ExjBH4GWnQ4mqV2osrl7OJ7/9qwb1Ae34yTFLHgszk=,0
X0+e7i1Uj7d0bhAiT+f4nwdxUnEypcXbb1YfxU5rbTY=,0
lAshNICMluK46tuX13ViEW4O/7Hkwc1bDxMiXPEUNcY=,0
HMLRHgHzMaxpwbD/01yysGV6RQXmuqJ2xgG3Gx+xj3w=,0
jKddCYoH75iSRYOtDueNi/+PU4v5QWLIqO54kGOa/pQ=,0
NbvKQ1bsHFW0k17jxkqz3S2Ib+NOqKRh6w/SEZFARh4=,0
iuap4nwIHTQl6DWKWDQhFUOvq4W96AB0dfvQP9cpWyA=,1
h4Pv/fGjPFDcgSsAoWbOEZM6kkQl4tuFnDSYypYqqQg=,0
fqaBFEckHfX37nx8P4LiXaKyDde9UiSFXJG6iZebOIQ=,0
KzMGDuSnUNRRKiLWm3Hh2bv2Yb8DteruoWHKi1OvmTU=,0
SwLmwMJf0QAzSc53DOWXDdnNDR9Sx833sL0j0h8iI74=,0
pOyu28ceOUrIdlXNVOsiMJr4jgf32XDQikvZQajYteI=,0
wmFl69aXod9Z2a36h15G0X0rbienlcyblIjROEk2wlY=,0
K6zvKqNjXUNSo87xvsrnM/CS7PDAl0N3ZfKkuyRZLwg=,0
0xr+cNE1/4RLEdlAyZCgS2RIxLFZpiUxsNgFPa9/rts=,0
Lr72s80RGzLGVIBQrYOe/On8aBMjExSYTsMIrAlQ798=,0
Vn8s9GqwIBcGFU6/uW1JOw/TDKvUDr/ydivs5dlxUjs=,0
tg/B24ixf4Y7bw8D8279DIQFmLpNz+SvTBiDXARAS38=,0
tp/yRT60CkvpLcKaVvmmNsi7DHeM9oNT86dvMrtbUes=,0
O49npVwA9fU7507HvIxff/X5M4oKBY5PjBS8Ycf432Y=,0
4VNmtHrqTouHmIXlTnhyUhAhMsA5yu568ZJkX/WhYtc=,0
w5qlIcfIs0uKCaNUf03blf26JG9MHMpzyR3yjiuFeVc=,0
udopDyTZmIj0ehAOYzRYhdM65fJuUPhGXvFlLy8dVIE=,1
caEawuibBmvg0uT/4EmT/shZNrTnhIez7v5+1AKDXb4=,0
Z+A8HsObh5ofF91D++c4Hr/+STeG1QiMX2s5AIn/vlg=,0
jMWuT/saZEqrx03vGx6dfSlR+t/rUrzRR3HwJj821tA=,1
p1NVqSqJ4B2pmdxWjpVmVG81FtZRQSZr1UipMbjLUcI=,0
jsQZbbtsYryIFhIAqA3L43VPauq8X3fyLD9i9ikezIk=,0
WvSUjUOdFnBCstL6QwGMF1xbalNDqDSgapbBdyl6vmM=,0
eIJrAskh6zLpQPQGyOy789WJG3DBZSCajUvngGP/8pk=,1
EEPe0fiV/JVC1wC7H+E3uOERFkzG4xS4zkQJHZEXUk0=,0
1NguHvUQGzI0Pg1RoPNH2D9gNXeS+K+yzVq60y/G/JA=,0
DayR99M53BSzcxcP1z6o5unFrfKGZH+ZDfJH8aghEC8=,0
EsomHY12ueBjZD/eh39rnFTg3qQ9ERbFOZMnGPRANAs=,0
h61zuF9qp2nRj3IMiUWif545mUx1sy9o6hSzC5KKwqg=,0
7Kw6R+MX+PT474PeetOnRa1tqoj4v5YasdFHvffXgp0=,0
DZUcsxIcyjWqqioYIZIBHmmEZNAvMdkyqlCW00fXN8o=,0
Mkzkdxmyi2xqXe6izUzCkNiZD8lYuk9YW0SXFfBfg/0=,0
TQzmOTl/53UB0XajFONvRqSpCPeXvQ1O9EryxuuVZCI=,0
JYwVWy/nwC01aC00yWfOK56aSDRZZF0cZ4NyUk+r3oo=,0
W/QOxx4zXy3VjYazGoRYSR0O3jLw/4m2SncyJkNolW8=,0
HotD3qGQ0qHQ9okUamjwYcjk2S005Kia2iV4nI45fWw=,1
aZ9z83XOUqkP/KLsN6Ep1Wt2L+w1OLDQMBVJPL7oG9c=,0
8Bt+Ql+0uIDMSg2VNwilMuZeK0NTOyS91l8a43hxs0Q=,0
vhfmp+IT+dYlCGmdg9whX0YtDZSQ2qbhBwUe8Agwihc=,0
lBjV6bCWvv+XpPNlT70/KHWKrwTjjNUPFp25IVfu4m4=,0
24PpBn8wB9VhNnw3j+zzRHKXqy6WOUOyFKbfWTh2NS8=,0
vCAsZ/2DHjXCdBx/MxoLp+fPkc4n5OnU/qGWOQ2Bk5A=,0
IvSjHt6vQIcon8KGIie8shLSgFi5CQ2hrH+hGG5IfKM=,0
GwDmaMzGxx1FOFVs85BrIpd6pHP8o237otPaphKJdNs=,0
LoBP0+JqJd+Xs3IBTqAWjSuSuLbNK932kGvOG+h352Y=,0
2YhUUHPJzWoThEZcHafHX3VW+fM0GcVJQmgkTOtvPVc=,0
FIJfxNuO4tyg9j26Fc7YcDxauUlXg1Jfcyim0TK5uTM=,0
J994mtOLMMT2t1SsGIvJiNh1bR4uo8iHsbENiLvlae0=,0
JqBoIrP09OmcIeZRymhd265BoCmayx9g6y9C3SKRT/c=,1
o4gjOvR6ufcIrOvgF+k8MbQh4DhEN63pEWjBUpypIm4=,0
wN1MU5zErLbKZrCkBBJ944aWt/JuP9/VJ8yWotkkG0E=,0
7/Agz/Z2Zw2qFuzZkp1axun4BuUw3Pe3IONvrQw7qyw=,0
NhQMVNKcQs2HgAZXBqxOqfrPEAvyUN0eQXMEZqaqWRs=,0
6wZTUQoxyjJfItxpeWVBwOAPlIKC59x3HINszCsCZEA=,0
u8SvpmfDuQH1GrJVDKvbghnm7Wd0bzXWbDxpXA+3W7Q=,0
QJSnPq+5sG0K936sPkX/V+zYg6laKkOUYWeYaYDEUXo=,0
/aFo028UoCHL6AISib+0LPkUvtJ/FENdxa6NbSgQ6BA=,0
rfLt3R00zTJiqHGzyoGVjIPxv4iuPfBBNhJqwGZ6Ajs=,0
dE+qD11onzrzg0NKtcDXkfe9h4Yqtt51bhp3XZHp7Yo=,0
eAQ76Zdx3q6mUND7i/C33YEmwizIEXcGQFydZU+efTA=,0
7sbfAD4R54PLkaSUahvyuf15qbqbkWRU4C2pVEqgsmQ=,0
Iaam5mkkRn5iA7aFyGZ9pYhHyjSM+vmxHhWonYXrBNI=,0
b50WXwdjXOEoZIawbK05Z1PX3GpAZBKTnUux1o/W1DE=,0
HMQT+1tBnDbYLyzg6amC+hVJcP3xqq6Mjk8OEzf5mqQ=,0
ZB95XcD8bitXvvKZNMUNOOrdB6l/MSMQzUqf/nawrEE=,0
sgyWqOmK3dGM4XezrN+Fx0VnXHqdAiZuq1xXMhILimc=,1
B3Z7mSsWGMXl+ue4P6TxhIRJmtj4sUpC4sUWkzFCOL0=,1
DCJ0wStjx7qkb9N2xZhy/rKBoL/KDm12YAmleI98wGc=,0
GGEhmhupTWchXJxsl1M1tjvzYLPHUAKmlN/XyJFhtXc=,0
834cF+dXWvxmfGZisQqmeIS3OJtwmh2oOjuzuM7vfTs=,1
2whOV6uYHRJ7wWYtAgwQbnD1T8Ns7+0e5gzhxqRXo0Q=,0
rfrJ3m7CY8S77TLrqasD1J8rAjNR7vSHWc6A0yYxJlk=,0
bOqQd4sYzVoUoBFr92SL4GTDQN/SOiMWFlNWG7FI0mw=,0
9ikmeCd9034ptkQvgiyjPLe5vNa1mymmgTSKxK7tdJw=,0
Vzuk767Vm2EwJMW9rNkcza3D8sJ5aR4ndajj1HnTImQ=,0
6EsCiDCM8tuqIOrXOO8hEuJttsMLjHnxfirCiN5OV9o=,0
hMFVwxkzssOoDx1tDXfot8BoFOzpCcB/h624ioxJMrU=,1
ISYhxMS86//j2zrnO8E+b1Bc3SDG6aTw9cyUPyrJ6xA=,0
yfdgfClH/qR37xLQ0aJb0hm2Sd3xerrEnnHTZWEZk7A=,0
brCyhwDQveYY99EyldLajrLIAtdQyiyT2PHaFIaSb6o=,0
EcBzlxAtN5yKQRfz1GvALfw6Twa8dg6A/yadJsgl/xo=,0
6/W9ycfNjvaxZFeS7ILyWerQwUOYzqIZOUZfo6WOzYQ=,0
9RpugW+YJLFAWs2GSk5NhmRhP1Fr8NYwV4hRHsdID/Q=,0
ieJDTTucFlzC5AdFRWf9c2YSJYg4iYOwyUY7NqjZgpQ=,0
9BktSjj/To+EQv42c/H/bbR3rjYqnQSkQ/yVHWYKFpg=,0
UKwORBYfo5EoTmKyz88YgY9ZmeR8l9i+rouVe1QbyII=,0
jt5PXt4BdNo+1SlE9dvMzS06MNzWCuh982wGALi+tHw=,0
MXYQcM69cfRG58xoUoqxP77hRHNEIRAze1JijCWM8UA=,0
6VBTr4trviklouO4nKHIN/G9AQkNuzw54XbOkh9C7To=,0
nlv62UzD31Sy3iCA4kN/Cju4K6DDP2f7FBZ/ESpNLSU=,0
OKPDh1SoKagOGqkz+thM/ce7jwtsIA0kUMpAvtmChOo=,1
SRCddfXUsDGBGgjNj004Eqa2NBa0gEkF6qKE3tKquAY=,0
gWXWRSDtffOkN9KkMb6v7vjaPBsW/kVDfN+aK7/vmoQ=,0
dCAJqh4s7+T6dXUpFgTZsUPMfpQYRQ25FgpUqD5nsb0=,0
vbH7m8QeyjEpNNv5Cou6j/j4vxCPvmjgv3+HlZcskeI=,0
TW/fc3EKl2GXndUBXT7JWtXgeKojGSWz5zgNuxfEhZw=,0
oX5ZnofBwaXCP78EoUPbZyZg+pCXn37smzZ629ZIF9A=,1
v+pzVUZcbVL0wK5IE8UrFgv56t20vlaNMpmlhhOxoRE=,0
3cfEBt51AKd3yPfsUQ/wigNmEbLXaslK761sjoLDLZA=,1
WaYCM5WWuCjyY8nf5xc0SBng+COjKV/NBEk+sv7dxg0=,0
Bj6YGHlh1prJO4ta7+a0/j3VYrpDu2yOj2XLAaIC8aA=,0
wKc84LDsAXzr/axBE8z/irv7EKHhOecS+OIeeiplZ4Q=,1
q8M+BmMAFmjVlkxLMcrz0EHQELDGQp9GVjV2aZdlRXE=,0
2SlYWDuuMApcr00yBpEgxy2ggHtahzIxSPPDR6FRhg0=,0
ABM5WxK8g8catLos5w0fwyXK1b26yxNDwhsbiAgYLWo=,0
O5/wz7+mEugo9+9ckGsn+laIVdso1KWc9dvEWuOpe1c=,0
XUzbduPSNfi1IQNMqgVG71D7Fn3ERYD4hnHnipnSkeU=,0
hFSAR8KsSQLRu08tiFP0TcJ4tMuu9sECqoKbAjc0i98=,0
xIK+wekKPYHerx1YHpVHTxLH6UU00Z1wwCPpXIbFkVo=,0
mGzhC0uc9KxYP8WWm5NkPEkbtrLDDHlFnXVEk0S2TSY=,0
OxGt92R7KoClXG3NgxmNN1XYIWTsLQBUGM5oWqAzjbg=,0
ENJTrdssbvFOvASZiQNvTRclxIkTI/ptRXM1f5RxVTU=,1
24wNtVXfmTGytMfeAI0EFqKRo3mzRCsP8kzKCZoQEyM=,0
7t5V06z4wgxzwnOT/3QjZ832DafXt4WZWcbKWEEJDTk=,0
Lzoayby6g/gMWs8gWwmA0K9OsDQ+CtvZ+G1INSno4P4=,0
6GTwoRZSIqiGI615dMEaUMGD5e957HDm/AW7eyqNv0I=,0
ePcnd7U6GCPOt4VQDFmxbRCd7vYSrt4FjTe3kCIISbg=,0
rxx1dL9ezwYyBrqSPvdOgKGd+gm2Vkm6g3qsG4o6DGE=,0
avdbkJmms9PgUt8ZvhpbvSIu6tUkJUceugI0wq6Eh78=,0
8/VF85aD4hLGty5sINrPO8ZIt1X6Gxy3zv7puv615BM=,0
QazB7Yd6Usf8HQY70NglsV92gt1gUwpWp5UziTl3yWc=,0
Ju18oCERJe1XXd03jP4TNpMFIo5+MhjlJ6EnkkZ4ODk=,0
ejHm8hDDNWbF6fs3JJ7ctGQLDrmjI4XeWbpFRhOiwv4=,1
DqGYu2xip2MhYdLtlnzxX/FqC48bUXLB2QHUxL6M8kg=,0
wsFjH1TUt4A9jtQN27AmeeSbRx9Edm4Fc7hCviDGz4s=,1
ZeCjJsHHzAUWGJIIHAspxwUMXbD48MSA12YYWtP8Weg=,0
EixqEFgqzjsz/aoJJQ0fO3o8VpiCq3wK1GwXnQ3IRBY=,0
/yZ7pWoDhnzBWgbfZkJIr9SoA8RaqTMInt5UKjMWsA4=,0
9w7Ck+Vu1wXy0XcsciTmZpkworVlBOGi4jl4yDZS3CA=,0
89ofaPX2aj7tifcSB+QpYB4dukYJS04JxKs5IlKrI4Y=,0
xocRIW2f+p8a6jPgZNeP5kkKFLPQ1PRncSYOGyy48sw=,0
nFLjoaSujnYs9pnegGFC/L0aDomQMT8UmU2YYDiN5wY=,0
p1Kd21hoZIumwscgNwSYOHohnIFHzL5Y9HVV73ciEyE=,0
D4pWq47Y5afBGkYhXRp1zG5tMM4FFqWtdBAUdfxV9uU=,0
A7Q+WFfS84T44LsIWzhr/oN2969GeQlTjjCmZb2uYOk=,0
qmUzq9Z1Bq0qM2pQWbR5/0lglh+7qbpc58VxAurALVk=,0
jgfiR5qrFERdFqc8Xy5svXaPs2l02+YyfYNq9i+DPQo=,0
lFSMRAyK1gVsLUHV2hzo0p+IWUntNcaNQecjMrlF07s=,0
IZ4dhjV/Pjn3Kt1vw351LLQ+xKDeGJ9Tmbm+UWGunp4=,0
s0GZIcpr85tT/C55b640LpizRMhrtt9hh08TOamu85A=,0
e+1QcdYyHtSRDs7GyB7G1beqEVVNX2HsfKNU5WIplPk=,0
tw8rt5VSxduDVMHULidLG/rJ1TRpMn2Xc6GTnjIdqMM=,0
mJ6F813tYrejZ7l+yru6Zc67fPiN6QqTa3UYqKroXBk=,0
+c36+cd6SVcvuSFp2fL8teYxJxGl2UY5wjXW9GJrsvY=,0
GOU3rTp8cl8VidrnqIj0PlgjOQXlJ5wKz1YJv9VVnF0=,0
jmYg0mD49YLv6n0SPCVlRNsXbqX5Ra2ZH3AB6SNRco0=,0
KKATV2IFlQ3uyWn8LDiJx/2Ewc36WF5voEkBKgUri7w=,0
zQB9ojJgqv601/3L3RuHT3vewTEAT4lzDw12cabO9JE=,0
j9+OJyT7JvJqH0Htwcs5PS2TF8fKNKvVA+Zku2/VymI=,0
wwjsaIY10spiVFplbVOuRG2Y3OXI++mGGO2kMnxLt2Q=,0
JLNzQLHzQa0qbYo8A+FqURLPaqXLp51RkgQobBDLRwE=,0
GKHY//vkFyGR4T3YuQLizkgOkY/A1TBn1FHJ9gNy0Vg=,0
gqrsgs13V/znlDWmkGbBeKiZ/bDXfuGBjiGhYZH3ODs=,0
zCB1tZWMRPqvQdWC/RijShs9k8WG4471n46DaOrPmRI=,0
yDUs0nZPMC1witxh7yPt19quvwlsvdjrvEQjRrJBlQ0=,0
/YX0HU3kxIjyoh/Dkwbqaf6C+xhINAlfR0RA3labhl0=,0
8F3wC9yJbA26ElO9dRkhN8CX4Bf7WNHvsJrTgN8663s=,0
DwXkO0iVZlMSnjS+BsDNSSegN98ZUbV/TWSacwLRjKw=,0
PIbO7yCDSkZ+Z4UoZzNuNKXm9x1VYXnZsL32DvAbShA=,0
FEkSZfhJ2q07xfHzcqSUNhknzVqD7nM68OEnozf9f9Y=,0
8ErZDKFvM1vNx8ZWm6kTlNL/Cqb32YQ2O47taSUqu9Q=,0
DLse5HGnOmR1JeRV4DQbyMXWGCpZZDrkf6FHABRUVZA=,0
PRHNIlOWhvsop85xkafQu9eXGhJQDXz5+ppqQXGlpa8=,0
i6DYrmY0ndc/UdAHK9yCf3jBm6dbV5NoNJZMWuGjbW0=,0
jiHnZ4riEJ665hKNz1IiUMEGf5exIlSg2NPYSpTbYUI=,1
4fQOrzvl3xUBg+EzDzlEkOAuVcDsHYmW6RF3xkFEYRo=,0
2eTVy4ooTm8EYCeYGT9Wm/BhYmrubgCgJPc6vYfE9ZU=,0
uDd/7F6PCfJ2COdYWG8gQ+enpsPdMc/OD+MJlY7GrSE=,0
w4cyFRnNIZZKdQxYzT99cw47xibW5XoDe7EHhBGoEgM=,0
KX7QCAFEKJ7Bo+UsBW1tTwVIABUKmetrtGQ3Tn7RCa0=,0
Tizxn9yxDTTK+0qGeINI0kwqWXfhbXltz7TBBlnWGt8=,0
Kq6HAS9kZ7ykh7HSEN4J/c7q+T1rnufqDQsUW13qnoA=,0
SeP340aE7bTy8JpUmB6C7PU9Jalqhcq+56/f8Q/9T/I=,0
RXpHXydt3EqJr1Yg/ZEg27MDlnot4BIUr0WXSDd8IR8=,0
4K9a4RJwtDTMtVINELzEohEfV1G5PlSDIPWPVlU064I=,0
rqD675MScsqJaTHESdH9blAfehgsVDk25LVN70V111A=,0
lv6MmsAokVRX1rg+rSk2nwcDH1CBppW0F0GXMxhLJp0=,0
SPgx0la3i+wjfjVmbp56yJ/hWDdqONHFLB9/UnNXlFw=,0
8eG7RNzp0gNjYT1hUofcBLpkWSx+bASXgnhC8bSDTY0=,0
xvmhM70E8O/F3TPKtb92qamaos7619T7Mjk+gIB/43A=,0
V6e2PoJ9rslH7PYmS5qUHDZPRL3R/LCDv5yvPM5bN2s=,0
g7MR3ziB3xLxfex7v4GiruMITdnwFaGosDAo2vtewpw=,0
v/kU2msmxFNOfNYj9wwG73q11bm9XVkzQ4PvqNTuVss=,0
gUoXzc1QW2mOBGz0zD9oymeUYWwOn6G7eiCtwZKeWgU=,0
z0GVXHktZouvK84Hq9eKbv5ADb6VPa6QpSzuqGRDg7I=,0
K0hAAKOoXXjAF7fzqbmU6e9zT87nJgh5u5qXgdgylsA=,0
3pAinwZrPj4QQtHV8hy0jhZ1EdHVUVhSLrhQF2pu7dA=,0
pADcqXS69JFDz52cPt5C1Yf8xqEeZQjo/zC8UBkbh84=,0
pw+71iqRWgX9Rovb262Ebw+sK9k3CfSp3EtoWZTW8sQ=,1
QuJnX9JdJsWYZdYyjWBG8rkHN6lufpgDVWkIGEVKKm8=,0
miYB+p3+UEL9eRBkGmqZa7W5BFB0KhVqyIa0te63ZS8=,0
MZ7YO/nMt81iL0y8AlC+oa6rsmJ8NFOebbxvbefh1F4=,0
ZkdgAud6Y76fLyzj7iYR/6+LO0d3W5zKiR0594HgyEc=,0
id5VkorO87iKzrbbpvF2ZqK8k35+BuoJEc68LZwIKyk=,0
KmZeUqTr2NpSoa8C4sjTVlW7FhVzDP6rYYxGlDZNfzk=,0
QohC/gZlBoNzUOcB6c2iCS6qO+t+/ABMZ6gXyMosd3M=,1
jY7FUnqkHRTc3IWPD7VfIxN1/j9khA0YtwZvCkzn35A=,0
itoyK/WPCGMGpIDPl44JzlmTf9Dsbn5Kymr0C675B/Y=,0
TWOkb/qz33I9jeq52Fuu3HQ4c3Hjypzd6yX2XGaOXxA=,0
kAR6DPtkdALJX98YLpTTh17R95eLrBJ/qTywjGMiEmc=,0
UkYTH6Bd9neOmDN25/eUqJa0rE5qI/ZeaHmAihvOjek=,1
C5CvLofB1OMIIe5o54OLm8LFl0xleMT+44YOz5Cmam0=,1
joVZHcnMT7B59V1wo5ggdz2mcu/RWSITDW6gbZTw58E=,0
l2kbvZlAczDdxflsFnnt2BwUwmky3y4z/rp7ruicuc4=,1
09x/EdZxIoAZ4xgT35aKxBzkzGJO0o9KX5Nd2o72PQw=,0
if14/uFWGnaTis8F2o5NTnam/E7de+f1hbtllqWH3f8=,0
Xiy4hD0UtIfF0zhIT4cbjwfjfaxCC/ufob53Qz9VxqU=,0
fBKpwS3nYgKyeJVj5G8E5viSbNqWpxE0+8n3PK3JENE=,0
HQVSZEJUXET46DbOVX/WzKO8nogb5vK6EOgdhDnU6LM=,1
jBFZ4c4zIKK32eEZbHeIZri2Co3LoWevocFd5nOEhQ4=,0
5I1z3WWBZlm3fQwIhjAaeDC4+SeLd71nIZOMoxDjULU=,0
kdG7ZEoLyCOsh6Zh+qXrPygUFgJbKtZkC3ir9rjoMEo=,0
3JhqZ/Qq5Xac8gpxcx2cRenRPQSWL5fNWaxNqx57EM0=,0
9U3HvGJJaXSogclU646ZmSaAXDUiuY1fQKWeTKd0zCg=,0
X/Nr8dElF5JLulB7oDOHwCH2ntI0bia3S7tK8RQjDh8=,0
qIg7MFveOeeRIP5uRm34gN6QCP+7AtVrUvUP8EWCdCw=,0
m+BjcbRw2b2dHkggW18ePAMIWvm1MaM5dEsxc720Nkk=,0
6r4TILX2iWYHnocdGyDi2/M/8335VdPHvasNla7KRiM=,0
1DxyosFg9J10bZQAPNiyZP67Yrz3ITWzzsq8IEW+jE4=,1
+Ba+7LbCFYK/vpFAxgemAehDTEUuMu7SAtmqEOYG2dU=,0
EMxsNuW9uMyQz6z/zWESzBI1ygHdetEkOL7WVAqr8rk=,0
tbmpKGcKRzfRRAMAZ0M/kmasseaDxw9/AdSZmTxjDOw=,0
ZpeCviDUU7kyWElfBU+BOWghdrpJhxMv88sIu/5Dczw=,1
pB4njr29TFCtgiWbX6UitnVM2AFKDklPYpZC/3mxCAE=,0
LpJbDq9xzm59wZV4FtgxU3PBrtDisFIAfDztTMe4RLo=,0
NcRZI9UI4j8iSk0Pk09oUAByIKpzbQWLHq6e0IOYOtg=,0
POzVApcyL0DK/kSjWHQzne87hOpGZEd7fH617A5a4LY=,0
ibtFD9D66E3zYMDdW0znXn1ocFmbcJrLrkhgV0dzDg0=,1
rzGQqjprNoSYhu1HnJYrg2uRB+adxum/iMHkeyPEehM=,0
sjiMC2reQQUJi56U04OojbVH9IhFj/6LgVp25W00Wf0=,0
HhKobiDSpzJso/D8s93SaiO8dHu4jvV1mSHZRUWARKM=,0
vJcUjPi45ln0QACkIMtfUBla6iSdJEz7kDOtiYSd4cY=,0
iUFtuvrp3//V/1+IlN91xx7WNb0Me38bCVzPG1ia9p8=,0
zKYTtDmjts9Q3SFpu98eGjhp6p3L71AGwvXVgI+q8DE=,0
uzHEHzk548c6IoPU/Kthe7N2Dr1CMZVYV4Co0GGxHwc=,0
mFM/43QYyJd/pipCUMIX5RpEHwyGzOrkrEEzhJUqFP0=,0
x2zn74Ju3W5qwFCYRE32+SdAAhSMWNjSSp+rrTGH0Bw=,0
a/S0jJL8/l9MYlG5oiqXnWeAbeAc4gWUbY65UhL/SGE=,0
HOdhwz3NO8ItLwmCr3ZMB1jy65QmAI8izbfbaS58RRU=,0
fohD6lGnt7vLQr+W8iCjU4Ck7vrqbO9fisrgOEjbI0M=,0
DuGF/bwIFYPO9Yntbt00yI/2fgoA31csc5bMeUCAwyA=,0
7SuvOEDvsrgAODN8HNoQJNM/DveH5IHQRMPoybouJow=,0
bjaTsB/b/7pmkcQfFG9ijINe26APqoThZqebcmt6OFg=,1
RKXf51aEYBXfTmYkuXWZLDH7zowNdh3A2DVSPjySI6U=,0
+I13qnXtTJeSckd3usRBnFe4bHCP1btRHLV7SohbCok=,0
OrOzpjNNded0vqdDyNuy9UbjH00xnk+Q+fe0L9cs2dM=,0
IpsqPjP+jOtzxhs8pzJma6ZiJX5QKaABFrTNkKPQnSk=,1
YGXmYiC4OlVdG90FpMllNAGpPgTVzaWuVlxdNEf/EQw=,0
r24gG6LkD75hZImFcaWvyptaEYu7VOhMsQ29ZYrGIZY=,0
L+rf3YE9SRsRbbPSvQaewrAk4PN8m/DPvDsNpPfpGhA=,0
G/7lXxzhxLwcU4OPe2CqBPSZ4j7QJqagvF7RHjuh0gs=,0
U1aVGyp8YaC2oixD37Q+LYyZh9dVQMcNja4uqC+q+a8=,0
BZOlCeoenDA1sRnmFpj90IhDomgexKWEfGdCpnOjk0A=,1
QYUrQuaikZ0DqkHgscXucnW63LLIcbYkO70zFUpkSxs=,0
w187Je18gfls6o4o8tR9OJifvIURD9xSG80uAvdGbTI=,0
xXc3hmk7S9D+LJKqIzlYuyeHQR+9ROYobCqyH4HTnLo=,0
Ovia88vGo0OaNK7meOqn2Ugf3lYizPglXO6RxRj3FuI=,0
e6TW9FA8DnqOcQfQheThnZvz5Kl2iKCB2ItLjz/2rvM=,0
vx+elvxDkrW1NwR91CuYbe2+ToO9ndcSzv7NLsClXEM=,0
e3mgFZMdjHYi323XUnJOUQkFQMGWoDgBGbDGgYkfX3E=,0
AlOpOtVOmnAJypOrseakCUi9nZGzJiXbgIUH+eY6Ixs=,0
iTiFHe2rvcWGAK4AmjH+JoxVqm2+SX9x+25qdojW4W4=,0
WgoGUBnHskp9sBLqhdDrkfr5eurUFGV2lqPFK7OCh3s=,0
XRYm09eCIj2+uuC8wxaZwUjBaL4Nqwqv8PupXMlWed8=,0
m/DXZjeFRY1bEgAigUoMzWhtm1N+Bs0YadNVxBs1Xzk=,0
MwQ4Vmr8RuPQ0qOZW+pdopaxEM9lRmn4FMJkQ9AN1aM=,0
roAgm91YPi6RQMqBOpQOOrkZddN3PC2/1qCpwT4Qhsg=,0
XRPd+SgHnMlviHKALsiXdwc1Tgtlr2+5Jh1HaUUB7nI=,0
m9KeBVTNSzVL8k+4wBb1gMAkjRwcs69ln0xu4a/NTYQ=,0
j509xyN4XPEbaLbF15LiMaZ8iD4SuNBKDaf0IWIMSTQ=,0
kEo2eytT6FDgy4Vuw7nqVmcAnBRUPnzASfx6Yr7kfwo=,0
tMk/zFe1G/F7Gon+qPej04LhxuqFAH4b9fo2KjGQm8I=,0
6aXvS/GDSCxOF4I6N/gxINHFjl7C0u5uHlMYQObboPk=,0
1lr06R/6UemqQ0KCQwWWUzQXzJWtKsrDTm6gLI90ziQ=,0
cA0eVjQnHgHi1YJ98KSqSYGKas38tJ5a5BtSTmlp//E=,0
HobfzQqtWCw6Y1zbDrpweg3c52kjd2P4eptDSyr2RJU=,1
J/CqUG9/YyQrdGemgOhIeYY6KDLir7i2BAcq5XItRt8=,0
bxIF2brqYbCYpQHlXlABTsdCgNvIdBYfGOleWt+PeZw=,0
Jq8eFjSCcKpF2/i0mqNiktnxOl8TvFXXy2uPmHP48Kc=,0
R4gGwTioJpeas6TIytb9L5kfiykmWE3X8/Q3JM+yIag=,0
GH014yoD4eIjSuG6v5D8Pr7Py7yw5aciLuYlPSwDs/I=,0
s04gVSx9sXz2CLvRgmBo0IbCEaKug16qoi7iB5ejyvM=,0
Ql5+mu9bvlZ4em9b8xDjP6pxhnhjP03ALblI6AclPuc=,0
bs4hLlmlbtDqv3j++ns2e+n73YyIMmHUvUURDqk26Io=,0
i99gFlbcAK2Hv2x+xsrr5WNYKJOME6XYPxhfE7owOKQ=,1
SYtDMUondVd6tIIBv8CUQLNXN2CJFr4cj4g3KBT5ois=,0
hjSquw+kRyM23BxfUuphAu/+F4U4Hd374iX1e7Ar+N4=,0
C3fvZbu1nbW0WSd8+Ucx7gW+5vG/oVOp9HAHISr0VsM=,0
u3SGxlNzy3EJVKoinP91PnoueaI49rM/UKGTN4ZrtFc=,0
sm52Wq8SJfl5CDY1UsEMeIQmJG4gOO74lWuSijX+7T0=,0
nT/ZTLmJuyVXn716zPwiwD/tafXSDZj6TTemLLI2fT4=,0
b53t2u+SqBSCFGgh277n5UfMFeFUcAs35n1CxKdjizQ=,0
cOUlV8QSZ4DiNUfLrOCgdYI0pLkcGg8OecLhgw1FrCc=,0
f1Rgz8F9A3VSuUG+2gEyHKui5XSwDGDiQMJDiINTPD0=,0
Ts46QYeEx3fsmJ38jPrjm6r2i3LmKaSivDBwDmyQun0=,1
zsTYeQCbXV2zCBsN3BTnRA3ebNc3NuVN6GxdIm3G/ak=,1
q3ZAc+7gbUCtpEJjveLa7DgL+lHvogARU2mjQjkCMCE=,1
6iOKAO4aZlyuVWIYMn6jwTzxkkPoVLp6gSetoa/DXvk=,0
Q11mtEN+kW7EPqfwUYdvRgM1mdLIpeGH5g96uuFZb9M=,0
BaOOPcPlXgFPZ9hX+2ktBikYWc9ce0BjEIN0zAlmZeA=,0
UDQ6eCuTcsoOwWKgV1ln11J8cu8WuIhad23xzZmZ9+c=,0
RKBOPU975KQC8AeJho/va+hdaONilv+FRfRwpp6tdig=,1
zBEEp5iwoU7FOf0m9YF/VCQBbUuTkKQvlSeFqPyxi/Q=,1
iHntxtg70n9hO1VAvgXdS+7fPd5+p33Z4F88950JqoY=,0
esE+68+F6nkOrsJlxwnj3IaIGOEjt3qIn9b6JNjb+qQ=,0
cQiA4TVtSQSw2e902SLYHpU6R7vGTob3HmMTCJ/ITKw=,0
sUrQOoMKLgyIJeJwDfSjaJapHBIWQ2poFYOtt9LfkiY=,0
CLqZsI1x3C9kQzdEL1FsOWQAQIF2G+qT0JSYxvtZLIU=,0
2dLo53leH/aNtnZDpa7FsVz5FPKfkAavhDmSu0XQDNs=,0
yA7kaEHxMh0yirB1BJVsE+Yb+k4KIofnQks8++rA4Ag=,0
BofSRF3FWAGPNRlfwVQWgj8v+LmbZvf3bcize+O33Wg=,0
EcZU/dhEcTNbhsI1rgXov9geKSrTmEEUgJUiG4tNea4=,0
HrZiGwZNeMKw2AuO9HBicHQ+d1bj3wWEsiQXjAVJfO8=,0
YnNuTeD5CbtRUX3iJZf+qYpXSN6bY1VVO+j2UVLlblI=,0
HhDtvv3X+Sc8uTNabW9Vp7keZbMuM1z6S0zYDpTm4Z4=,0
L/1SKkY6FK4SR5W5MGCtEQdNZ5rjz0NFZYxbJf//Pjk=,0
GXRUr15SR7CqHIZpoaOZQdckuKeGnM848LBJOpGvHwI=,0
QWWJI+Lv/kg9+JfNNgio7jkqdDrJwqTirur+SPt466Y=,0
zMOmv7WyIWrqU5CHbJK4cVP3TJybRmFSRNzQY2fhK1A=,0
uEHmCHo7TGMPn0jGXY6UVRJ5ALeNVbbznqR4yHUoDcs=,0
JOnKHrwhyI+ZGz5P+UYMXLbrRpacMTaw8Vgb29ZrsZM=,0
eW2V33AyiNAOfZWP/sY6MQSMD1kaGt1I65Dgt0TBGrw=,1
2KTS0oxsLAF7qTlulEpBhGUnQs26/tv71gSBIHEIRME=,1
J1yKku/6n8zNr/6GOZb1dunIRodTeSNF4xhpUZ1RynI=,0
fO7LB7nzvqervyQjDHETOpM8T+TCkHSBAEdSb0vNU1k=,0
mVBgFbtzmo+DTs/mv4yUern8pMoMzLu3sGpBjsnzk5M=,0
DguK1phKk+EdgzRaHLiewdK09iux6QVPENTdUuU00YY=,0
9BStntdGwanbM/rw/rJ8w30g/rNqBFF+cOQprLwPYEw=,0
VKjtl8s2LRnkL4FddBTjfnJOXGmWFAYcq0XOcofQghE=,1
xq/aqNU+1QHPGEnisPn410UCOA7ahSPSX488VDJoOUs=,0
KwrqypetX8vH31t8hpw0St6dFX5fFkZmCQmNv4tCIfI=,0
Q5CqkCc248DRmnnFHvyw1YDgx8rNQOWWfBNbU67EoeU=,0
bqNX7mplaLXYBBnixqvDh/+uXAM/hg01xhNQy05MYtk=,0
gi/3GmnPrq9GmqBd/yjA3QCgls7SoLbqlcaJKj3Et6o=,0
z90vcgmtyCGWmhIvW+bscFiX1am1pk8h0sfxEd0ttZ8=,0
+sQQn2IWSme03XdKe4FGWUGfzsqAtVe4RTaI/TzQA8k=,0
sSlhQ1vZJl4tGuatVlfXCSz6oA41J/NGe2OHzWR/7ws=,0
bM8rtGo4f4LouT9FIUfUV38oM6qluxb0thOky8YE37c=,0
Tk6Wf9G/NtnawM261KmKvMypvOZhn0XZon9B6BuZsTY=,0
N6QMmbdSqTXAOPCgUDrT1hj4onLZzPZVSCM3ZPa3Ccs=,1
4ybpozEdR6z3gKkELyYMApOwIj+LKWIq8tLIUvzj80Q=,0
mH6uQuBVl10lRenjGKUsPs0kW8pPSKo1e2rofTuD2y0=,0
2I6f4dCKNIMmQf+6114WSSGrpYnj5qvoCfbhl876ouc=,0
ZT6N1OtXuO5SMDv4BVLA0oWXFgBsrjA3A3BXfzLclQE=,0
SZ6D10V5CnycjQLyNZHL7pl7zXLE12T59LOEaBNXXAg=,0
zT8EzDYlA7og0TTH6WywNefIkv+8HvDwuWplbNsFLyo=,0
VnCjzJiBp2wfHIrgWA3ZvjqvyNYckvCS8uyp6Pd0Kyc=,1
5AXGjQN5zHa2xZTiJ2Hn3igVJF+dVOm9E9NK7hAcR/w=,0
2Saq29nL+ibeOhz9Yjb6qv0oTLNOCqJPTzWbblqSQy4=,0
KL09skp0DF8xEDRNpSN/IyJ9emQ1sRPHLZZY7m167hM=,0
/Imc+g8zzyaiuuXdH1BBhBE9/dnbLkVZln4KwJ55ptg=,0
9pnqGzXSHaP93oA/NN7nuzgX4ZK3g4660SuMaCSnPZo=,0
5TDDqtZWO22MLryT6xx0NE/5dSTp9dhnx/ufVVuieu0=,1
DF24Q9suvSvESWzcoV0dA9MBGKKvC8DQh/uJSVQEG/0=,0
/tH0b1mpwfyBvRYVCqHgSCPF4Atha7w2xmFo7beEId4=,1
Dp0xHMgKn4Mego2IM5t66CN6xBmKuRqm6sBbDmuSy0s=,0
cY9jhc9thImREx+XSWvjmFhrYKZQog1v0pSh8Ahg48k=,0
TLzUtqgO0M3yUzMoGSqk5H5NENwMFFb8n+N5oehri1g=,0
jjCtGIHB3vIaWGDC0FjBmyDf04v9vBqJrRuQqdtafDQ=,0
KO2fLVdB13+1XZ8Y8ReKOpDkXieWtECJwZgelRmko6U=,0
/HaaMNW4neCCN2IuO3ccv0eqfnGm2j24L+/Ao0RZ/J4=,0
yesaKw4NJ5rnKYmy0OL1Q2H8GsVehA5o2SJf2ncYNX8=,0
L3/uhssEA//UJD/yhBSAjUwKAR3wK/Ryvb+2som2T+4=,0
tTydr1XsN3m9P52RCSu/AqSQGbK+auzKJ/+BTwstnOo=,0
FNLhqtkV8MeW7OGug9pqRJPFIY4BD44prf0vJ4+Puxc=,0
D/wEoT1J3MicwsY7Gv1gx+tQFrB2mthS2XuQq/jJmtQ=,0
SrNVEeJLxJ2zW0v3yge1P+tXO2gVHzqCAsmns39BLBI=,0
OasafQe8BUzT55L+HkP/eiV1pWRuo/3yGJQtS+Te7R4=,0
r2EwaJQuP9kr9A5LZ+hVcfCI2AlN6Gs28nynDzpcVNM=,0
UaN8OdCUOk82GIjQ32Y5QBnUdFHjQhX1z8mIw1J3weQ=,0
eKk+XI3RtV43DxFi1G6kuy87F36ayKhL15/9+CbQoBM=,0
ajDrUWYW+L8lVkXpRKSwFE0O6eZnfzM6gcOumq4WmxI=,1
v2mH5NqPd1jji15RWp8VhbwyZcZ0x6dtM5hKjM/CM4Q=,1
OXmPidYn7FRiuI6sCnODbtAp/QZLXuTG4YUM2vAtEVI=,0
5ojS0JME3O2MDcD0LDZQIDMkvI5R4SsR+pCXTa/hGUw=,1
EE8oWQjJN83VcajXDSAQJaQ2K+1bQLS/YAImT6+X0q8=,0
1+p1vHdRGndOjYOHfASTkIOHz3VKugyAhmV7IBivM2g=,1
oqcItMUBgw+VoogPm/YVccD0FvImiZR+ho53IHgETlY=,0
4LN0DxbtsloTjypjXhlpDj9DIcBPxKlekHbwFslh+BE=,0
z02mpdm7h30/3i/bJmyJkBC6YsqLIFFOSKYAG4GsTsw=,0
SLHvaDzbYFhGzhO9u7vwy/hi77EZGh0UCuO9OkZIq5Q=,0
OJQE0GcIq6o+Yp4oSD/Jyq2rHqRYES5696sXrdYG49g=,1
atQZ9g/+EGzpzArTRI+Oa+Kj9jusmrWrhwUJp9JmKOs=,0
s/XhZAmQHwVrK4nyL2o5Gc6v1cJEsuat01CtCYIG8YQ=,0
EDRNVu/z85IDF11OL/MCD2h4w/cyHlCjify+rXAqFZ8=,0
pJQ21WY+yoO7Fz4Kb4+YWrR1VTuq/GcpVkGbCk5sxYw=,0
XmmBv1uS4GXRsM8wYcGILd1IEVrQzSQPmXoyjbERN7w=,1
thneMwbpXlS9BixLFi1A0pSpnQEU/ooW9/gH7QEOKDE=,0
Cd99tJv150TtlrJr2GsJRv5hrFHRfNhowZNoJrfRogM=,0
7dF22fMR60ORlzHUUMi99UAVzLWZIWvIQwxYsDvvAYk=,0
bqa5kGAcJkneK17Sq2WhnDB3KFhhwZkaie3oagFTlTg=,0
gh8cliLMEmMIdfn9GCytjFqDDzLi0N7VejIE7sTEAU8=,1
6TRDJ2y1G/qeVG8dIpUdM879yoITQTMPDVCBUTRyBLE=,0
TLn8UR7QVLBULIacprK6VtSAjaQO1yTMb76CUlTWqUE=,1
pix/F3fIbw6VoJZ+qnVAxFO2UF56cdv8JioLXR8xFUE=,0
5RjcvJFLKPTQ9CGvUfux7wZAdE4fQUNk17Hu7xj7CI8=,1
Uj4iJ+//V+OE90PB4d0WCJnre4CGz1j3syOrUDxbcNc=,0
G7xoSdK6j78Ivrn5pSMLDAZ5FhFNrZxPtb/ECUDzd14=,0
5Aufqw2dE6ArvDhZ9G4m0iAJyo9zsVaMFHh1qcyUQes=,0
RpMVnZ2m8wAjBhSG+0BqWmwEGgzL4cLVNg/NrB05q+g=,0
9MVtHWmJ/QhyicF+neVLEW35L6gqOSPNQGxxphtphL0=,0
tToPAKBMWi8Lcoo9g/StFEs0QPRefKA5Wa2p7YQ1OwM=,1
fJ1d1nQtiFavba9mi2zKKIqHP66CIGut+NePZIm4dw4=,0
5AO5mI5hwJNwZKtl0USvyv1WZ6rS7pjKQ5EhF1P7yR0=,0
VdOWD2vbJh9cVHhNPRtpC9Z3T9EbjCJ6SpzJwzPmtfg=,0
7PwxObwBjZZcJKzyjA9v5c/BjzzgoLhbhfdy8JhbQw4=,1
q3oW3gyuAzS97TOi8ivsxhjgvkPELRBZoDBfP77qosc=,0
0HfzHS3HO5cWBK4wA3vIW3oxUwzLyMiJ4e4ssPwx1+I=,0
S4YovA5v1vcWQVZpscNhzSoAf56DdKdH8IjWf4zX1Zs=,0
xVRhPM+u9UZkjcnaYQSa9nNbebyJIapFKUU/e/dyJiE=,1
Aj0PBFBBevKmf7x41IWhELKas2ktcwzMZFVUmg8wTbo=,0
g1aQvLgg/ZWCePwc1S68gPwlUCD1i3TAgKB/RltfTCQ=,0
9pTT1ySTESh1YngvM0w8vaao0jfCeoORKmqCjyKuOq4=,0
9+PncTNluiHKe0gRDJTVkqovdPIVRdEy5YIlz4SlOnE=,0
bIRs6hS5E1Gd0Sp9kUQZx9cE5jrn2/jVEEgs3Dmo/jY=,0
ozkx4Z/0JhSLr7B9/i78BDlp1TNFxC9PSrqn26dPuHI=,0
YxdQmcTwJDmkIJNEXphgmdYL09hZAMeMWdc6J1O99hU=,1
Ytxz8ztPvmvQVx9Tep99YJM58DaMaJpnrFYGe6/544g=,0
CNyv54uCfaGUM+H7USmRORRFlcbDD+qJ6zODANdczwk=,0
K1xe3GkMf9SgJvWHijt/vPitXrbGf7EruTRcEE1YUUw=,0
8HMdGuPXd3Y638D0YPBZFtcRxlBq6KQNPGxl6QUXU4s=,0
Ma/N5FGblPUk00oCmlL4iZljy9FY8wAHyb52JanHbLk=,0
EKLjSS1OS5nkrXYxAsauGnrrd+sNkA8we9L3Bn+YIFc=,0
8IdDqRlxeMAY18dIrj/qwp3keSxyGinE0BKnVhgusz0=,0
GWnYbXflHIHgidW/C4YM8kuHmxLiVDfT1TZlWXEKaqg=,0
b+HqC0CqCoMN5RQEeIuDF7wZ1DK/E+Zxd1sFWrquBKA=,0
PcsI8tUVlEJiO7Dn26IxTQ14hpmOH3omqC1OrvkLDiY=,0
RA2/KC4tO86T92hqTxSWHS6yVVFki5IT9HXSbF4qucc=,0
3H53j0xd8teHqo4J4Xd0lKwIzTTn6bwF3leJkPGCwWk=,0
iGgc4CJQ/2ASQXdxeXLGrIEz04b4QwBa3mC+wAt5wFk=,0
gonLyd0/+Lk8xB3JqYOuPIf9uy2UBraXgrFCj5PtqLI=,0
f6yegP5EkZHL+1NoZ1m7O73IWIIPUreYb9RFf74pWsM=,0
pIzV/KY78mM/fR8xe3Ph6huVOFREaqdqbVUjjDxEpXc=,0
H5TMM52FpG4+5+SC1zfR5Crlt7Qg78nj5xpom+ACdcU=,0
CqQMx4GnQWv7rVnwAObtEyBq6hupROTAwLD9IMJxFwQ=,0
CZ8ZZOSN3Y9O1WsCGNVSwr9fvmBIQQpcROkm8cTOfHM=,0
jGcdyZvrLk1Px8a7lzWIwyToMFqs5M29A4HYTJH/B5s=,0
R9gczmVw4Yo/L60dB1zP8xHUTYdpB3wABgdu4EvJwtQ=,1
1sJ+ieMicBH0GqsG166nWel32kPBgKQh1Y5QEJRWxgs=,0
vPjy8J93WNwqAWhG2p+LrqwsE8SZDZ0+EmUZTpJDK5o=,0
SJHhtwMhacHrhMm0qWeTCXZgdjtHNfR8qIaTjGtIXdU=,0
jImMiRegrt/N2r6CDAxyEQcSapYDQsHtBiMjcuqdSYs=,0
+VDc4ADkIsbJ5t/lW2A4xAs82tzX3cIsioe6BSRKX6A=,0
J22pZFuZvxBY2PoLhTbOiizqHJfZngcKMVkMUG0cnpw=,0
7Qn+i5AuiU6uVJYPKQPFonxPJqi+I4LN7dzkj+TtHRg=,0
0ErTqanQoRJ4I4SEcV+7ZEjPkRBXI5gzRzbTXh97IRU=,0
hdIKDnvVC6iKAZl/X0phUHVyUvbNpvuhgnpqo2s3kYU=,1
S+Ma4KZpht2At5IosKsQ8WM6g6XiNaO++YW6f7K4quI=,0
VEA+rXXOiQUcWAty6LGievEzPNfsYh97Jqr//cHIJNg=,0
Bj7UE77NfOGRq6nd9OxralKETqWaGsmm8R01OrW2YD8=,0
c9mvccBTywKfV66zc83YITSktWaLEAtDeDDXxRNSc8I=,0
T6KwPtdGkRyETZtJkAD9aVetUaTn8LGA3Lz8UCuaXi4=,0
UTO5mqQFTL7l/ay4o8e7V7mcu+iqY5y3AFqrD//mddk=,0
mkpTV1wNmjxTftqFNfoKzWzPk4FmEdcLUxos+VIHM2Q=,0
jWPrDAebBUBBqsjjxOaas90mQ1qcW3Sgpal3uDREE40=,0
aV7fQHxpGwkMbBmWvOOveDMn6y6NPzcBA7sD5sM8rWo=,0
9tzk8ShhqZlMeIkgLTJUb3+RiLRq95QJ65D/VThMTKE=,1
Q1AF3rXEtO7NFVSl2hdbcmx2iVnyHE/u2WzPb+Y6z3Y=,0
TiZgIAYbwTMYxuT5rcMhAKtdhTqo1LrnoQJcNu0oylc=,0
oTFLWil9IWvkJXEX2JkYgq7JXb4euwyu4FVpXESbH5c=,0
LzPzh/jMQlpXt2Kp6feMt6+gm3A5QQPny1tjZUK3q7k=,0
dm3Bzui7Qh2LmWxa5y5EoysZYL+96JSAFl8/WM4q3UA=,0
UYmZfSprQaO8Yazg98mpkVTrErs0CmJo6hdmdL1PTyI=,0
NGTPdjla/r5ec4JMESr51doQ0wa6d9C5xXJbsF0bBVQ=,0
OSaaGJf8d4sIlRtUyZxXdDaJFvhCT62BvThSENvFqKg=,0
fuf7GOqX+npjZVI8f8OZupSoY9rIL/4jHmWkGPMFpsI=,0
l9P5qBkGfgp3g02aZZtlx2yVOFLkM9IFxosvyhRoEic=,0
pVZKQgg/bvrDG6QZ0+DHuLqFzCZ6HeBHhAv3jFe3J7I=,0
8jaPKI29ZuThlmjArSenSJT7oQ4oIJEPikOb+P+VFb8=,0
axjBvr1yAAyzoajnM/bzVlcjAye1DzFZ70aSdjQTEas=,0
PJ86ddcxO8+0JXHSn3llEWFX2bO7vP9+I7x0N9j/Rzo=,0
SdXEdrjzsBRY+QtUo0p3rm1ElqLEMprhxXPuhILUFqQ=,0
MGaPoSBAVV7NA9/nSfHN7le6+2F9bRowpwHIfFLqRy4=,1
sR9j1pSwU7/+Ng4gfvLQJoO6/If46nSQ1l5Al0X3Wz4=,0
20vu7WEkor+T4N2xrl1XB+2blDqM97bsoeRFajTaBNA=,0
xBBl80VAVqIVvzB6GCKx3NDUUXI3DC4lh2QJ+mcYtQw=,0
jlmJLCL/jlNZGIE1YDCn4Km1XNvSo4BVlc3fMNWZKkI=,0
rskY8cEy7nBjJiqIT9sEofQluhjfVQA+bLQfU+7paB4=,0
spKAKxrkI41H3HpZZWUKFpSGKSs1ShqmJFM7qM7vjGo=,0
+71SzTRHwsa5DH5GRUJu1uU1seDW9YBjbl5YFfvFl1o=,0
TsZoobIHR0fXAhRLWxDl/NL0luhqr1EWNijH2WcZEIE=,0
m8b2AezoKldlhJQMBcVFOspYWIHn2xwjHZxFqxn7X+c=,0
PjPRnomU0Oi1RSzc5gRUl6io9P48jD3I6gapdPxUgGQ=,0
GUtdiP3Ck62pK52u70DkzFJ6gKvyO3UsnGLzTRgOa+M=,0
oxqlodze3L5T3kfdvhdx/qf7AekNmQstN7Omh9MsqKE=,0
LYgglTT8633u6FWE0UjMND8ItTEyOcvZ8L9BFgshNvE=,0
MTSE5vUEJit2MfwvFyFFQHjvRSCtDLdB0wpEB1bIihE=,0
YuWJy8+5DQ1KYORzpqqoCZhWV2Cm5k92mohzYCmO05Q=,0
sSC+nFvO+D9TWYvsFoCVuhhNYx0ToTJy4RAEjzGsowg=,0
ewtAUEww906ikH86QKwTdpfEJTwC//00AnxFKqLTkGk=,1
7nO7b1h4jjey4I5e6eEpr5V7Xpdu3VcAzlbR2UHswRc=,0
xYVVEP8ZdMKE4OxajiNMtQv0Djk+39cyswzeLguRTG8=,0
vUhmUOiPz3iQQvuHJSg2RjjxITA7ovhPTxSjKJiHy3Y=,0
1IvAXLRy8WMXBDITpl2fh1J1UgMepSoX9ATw3LTUibg=,1
fByOFjb7XrW56QPMGvo0/YHJArgi/c4Gm4PZsYDtuJE=,0
yuE0QlWJEMLM+fa+wlE6qR/MTs18nSaS5UIC3MPlI+U=,0
uo8/l+YW7KnTgUyNr/H5ipaeGMVv+/WpRIUmCYYyffk=,0
iq748kwKIzvwVjbdCNhgeQX1yPhziRxRmIVoMR05J8w=,0
KBw2/MYe+BJEFLWSnErL6WneOMBrqVgBld1oXp/kJFI=,0
PIqtiSUqPB/ifFBqri7xxwd0rrYUnkHst9Ee5giWtjU=,0
vb4W3+WE8Lp8fnsuJ++XHhTOSfwDgw+QrYoOnplhwaw=,0
dtzv0NGFnjA8Ar4zDy38KaqY5k5m4xhInDorG2ORlR0=,0
fpLWPVxpG9ZlPXQtrpKLpjvPv+yrBSm2p/eDSNFSnwI=,0
2vN63jiR+CVvQ1RCbc1MeyG/GC1o852e1ohbQ2LsHhQ=,0
DcDxUaQ3/Fd3tadd7L+v4MpSMtZ07GPiqkvoX+QaZJs=,0
vIvFFh/6n0MNRFklbtBjpfW8MkVcJq4d9nCPHuFyVcI=,0
z3uF9LUY170rSMdMh2YwiPrRQn8hX6W4EvOW22bkPLs=,1
tboZB6oi9sGqS46wJxQePLpaQ+veV5q5QxK6UH1ygwU=,1
1lhmQhHmqJDWqxsICg7HIeWERvGKYxw5Mofn+i6sqmY=,0
SnV8jWENmNz3YLMdclZsEO5MFxVFBXE15tTPh1bEpko=,0
h1RpNB+sDvGCIfpNBwiYhMv2/U5v9ldwrbQ1w1F3FiI=,0
13P1Afk2EwTKAZT2oVJTj5H5QvaRrY3b13ZJZti0jqk=,0
Pi7E+erSEGG+/TCixfgm3H64Rp+4G7LPB0ecHX6HcKQ=,1
Gj+Ke6N1vQ/mBscRQPVDEEn5UW6Arscpus+zWzckARM=,0
ktJAOqkbcfXIecJ0XAxgaAocXroKfYVaPwL6Je0Iaa0=,0
eu4/j3uAdn7zGGqDXxVf0zD16+w+i9pW2JjjGuQRGRs=,0
HgJKEvrCwIhwjRsA7a7eatX1+38ywWiinirmLwjtclQ=,0
+2j8yjYvJtnku7+wlc7IlhtHIAn5XQBZnAeBK4RhT10=,0
b0SIRy3lC7Y40iK6i1UecB6RuoedDeFNYE7EiGGiazk=,1
sFHFaDN+toTuUXXyTa5CMlyiDj/dfzpy4oyLECIgSXw=,0
GKnVgI9syNgouYlYmwszeDry0kdFf7SDLghnuF7uuDE=,0
DL+B8stiGhf71e36kWAl5QQIt+rJHDDvyIG9UU50D/E=,0
K40BJ9PQOVRTcW767+aGGsSHjtohnw1p7LZJABdKiTc=,0
nuYeyB1t0d8LYGv6o7ALq80/uqQrV/oK74C/JZvzgMU=,0
8TEb/BTWJ+9B/yNUeyLAU5lFqf7bHIPLtNZfkd4od4w=,0
1cHxdqTOtKHNMyJa1EIIuUqMTXlqaNikt+oJrUuHbeI=,0
sdJWfr6muMUkdj4FmoZAgbWFP7Pq5p8knAZ9b0Vtyuw=,0
VlS9P251bgqv8Ba3KGOFxOzYZty7WvYt4TpSq4zSRBQ=,0
LuUmPhlt9cKX8Qs7vJx77JfsUrplnkJ1rVWB9S4Qv6w=,0
FxpjvnylCGqYeett2Es7lDcmZ0Vh6SbniX8lBIBQpM8=,1
21iFDGoumRpL+e0jMTststCbCw/zKAfBAUuEBshVBAI=,0
hZNTX+Q5TFVZ5ePfLRn/98Ifn41ruBKYKSRGZE2KExg=,0
ZdI8kYH22+59ztxWAmrs4oLyc5yztbvO6JK9beMmCgE=,0
xp5c1KFS1KgK1ZZm1KFaDbv4jpoEyBY/AhUv+8Luvoo=,0
BvIYBi3Pf07DQ4K8mZFGDXXr/CiFI4dXKsVLyuHf3Yw=,0
5t3JujheNq7m7B6WKRdhmJUerfZ8A/k7msq7yPqRcUY=,0
8eHktHeq97WLuqKsaKfIZoj3UOUDqgg3OEPDRkocta4=,0
r4ELoLxLqCGQTNU3IyD/8KJ59uMFUw/SSBOi9WGHFmE=,1
4odHrMCyCgURl6nmOL9PlwqFnO89yKLWS3Z6RwqL9h0=,0
TF+b8gzL8Crx1AZVmWLEHYRHRFkggQsK8CVH7XlJsHU=,0
ax8CRhY8BMRA/ZvT1wI+2N/EdPXiSPGxa9y7bntA1Uc=,0
i5jb3DiocmcoXYbBDpRpGKymBJAXCq5xXPJUhjvAbJA=,0
pMALLgHXDs5G1muf0q0vsTsfYxA30lhLkxKiEbs8bZY=,0
cpOp9t7JZYPyDq6hIbsPUNOqLZOy7FDXoB8NYLgWnT4=,1
Bfg2SIEbyKXyeWtZU2DnfvpIKVQFhdBp2uMvSm5PuKY=,1
qdVpHKk85Q7MtxKt6H6G6V7rN2BoMFW8AYmjcgtKvnQ=,0
h1N9ofRDrNIWf8I1bXUDQ8jzjxQMdPyVo0BH1ktnaLE=,0
vkxmSuC3p/xy9z5g5jqWgtuh7PAY259iibvO09F+BmU=,0
pVSslMoFdXSxYCCSa02TDAA/b78qbgU5FfJ0n8CdUEQ=,0
xhpj6XZYzk5GcG2UhTMH1dx6Bq2HAMpkkdtIi//a0ZA=,0
UNoO3IBUP+NgjXhQIU/fMbVkQn2xTg8hP9+2/eG8FTg=,0
zi2NXMaYtBakbJGwa0tgUiGEGFFuD9BYgksQ94EpmDE=,0
y0UNkVnWkFGaa8XlJjYzQTxEces7AAfnM7GHyRNkCz4=,0
wKIT2FQVLI1sX7tPrvhrZ0Ss25owqsuicTMM16rGd9o=,0
qIM0XF8lYu0Y//dlry4e5Mk+7HNmr5e0GsAhuNGDec0=,0
bxVBl7Y0hYOnDU7S69Dj4YG/9zVMiFgvhp34HOhKgUA=,0
GWHp+Pu0gjVCYGBaAIn2GVgk+xLCp7vdFV9TGarWwF4=,1
WfMaV8U3DQOdcG3juuJ6tDsRMlH1+r19dx8fpRB4uOk=,0
d/5b69EyeFG3dLfS3DYC9E9cyBwtTrHgQDXM1vH8rBc=,0
g+c//PnXt6T6bhPdPc5NsXt+4DjaxAzxL2tdsii9HH8=,0
ScUKrevs9Zuml749xojBoqKqKE6g2/i6/ju1OZioqGw=,0
7/cOCLLGpvKvOx46mNz1B1BW17WXwHl12CtQn6aBaXk=,0
dRSJ0mLNiCq45XK89ie5fp8SsW867FMXZAN55CAsuK8=,1
BWd/vu+wR/tkee3f++DQbxStwx6vjXcH6udpe4yyeSM=,0
AQGZ0Jq8qQIojTHzLYPmZaA3l+WZyK5PmMmI3iMvykQ=,0
SymFQM7OXvMHE0WU2jT+C6o7A9MQQ6St3eC83LkJnbQ=,0
cYCafpYuRIxb2Rh535hmrYCGN5zOw0PRxxNQdLWIN8g=,1
NFnHKXYF4O0mE4spbMvErHVb+juWMExU7TxaUHJuSEM=,0
eERmp5gak1kDIqDTznGvmnAjl+M9tglvOzW8kmtccvc=,0
DfFSTzTe1G3GrhQ9fPz0OCRzDNRamYvMX79YPGSA2pA=,0
5fB5FYyKjQaF+T2h0QHMdDi2qoJslyjXuyiAEudv8oE=,1
8xG5xS342SYBBv5p2SXXOty5uE48kN/lIPJcXrPQDSk=,0
Izq8CZ7WdTjCMYDHZ4/Yvr9StJHIzflb98uwttggd04=,0
0PXRJQo6UwPKiUmTfvlmXHVxnZ7moDZdPvSYl32kg60=,1
JoRygT/SnhUkHDeoC6I4n53Jo/8VxvtjFAMdPrdgLkE=,1
RrfG2DQx1T7MmTV5M3au9i/BLaVsP/RCyOr0P9paNH0=,0
otRnjF1dNDU0CRV8oxGFB7FZefug5OrOLgtI/HtMhao=,0
plL42snJvuvBIWtx+QQhIcCFwix/RCrgfNZyWnpt5xs=,0
x0q1gyY9EvW3/JriBA3BuhJI6gfRjf4l1b2J/0Le8s8=,0
/8AFAEERXsUGJ7eKIq0jqyoPbjA+Jq2EaG3fETquS+s=,1
+oUBvPYY13RsAzrEGuWG1L9jqT9lgQmLpmhfoVkPTqU=,0
2qSEZrFearIMEChs6YLOX87hMLEamLceK2CLxzcGU6U=,0
s5Ox3LaX7dnS6sETeLyF9gTwsNHf5nis8RQq+YFEX9c=,0
VXB6erl6E4v2JSJyvsTbFUWtGsfGv4SdZIVi4ntH7C8=,0
N+JdtnUKi/0VaY8jthhZuc3sG3hCoZuVzTpxKzAJOWo=,0
3a5VzWV+ICbcJPcqbRFNtIqevxBJD0XyKX9Ikse3GGA=,0
bSoRhTaZ/cD+oofRqNSlYNUrpmeD/ore9cG3vLekcQg=,0
xGktjss4nMAthhbnex/GpSTNfnUsTfHqpl2TysceMzQ=,0
jdn9PjbFpXwyXVWVqGw7GNGkdbJOsW6bymMoKSKs1Uw=,0
To8QaQPHZel7ES5cGvNvcnLQf2KbIvzy2+/8vrAZLeM=,0
+/vppV5BoMKMNAk7Bej5rjhKeE6VqrRjUv8EYXoAjyM=,0
AFY2OjBtJ6MW6q0zB5Fy0GOLRb7IYejSbnFVSUU/r48=,0
M1BXxx98Cxo0QbgfjlhROZwRsdNxKCSL0w/8INXNvmo=,1
6gwhnIkf1ZmaYMe2h1wOwdS9vA2Z1we3BxPUvdioH8M=,0
oPNQM7tM8jXgz/E6FuWPWHHb+KPTc2N065ygqz2hP14=,0
17hdVeL1pBJGZZNswCyGD31X0wMETjvgvFIfbNPIes0=,0
eK6qQ+TgPCqAavoCxKNel/ZGpuQS7jrw2/DQxP9Y4lU=,0
loAxqPZPKvFj4JslKXx5O+qlLetdWD6R42ewo1YX6uY=,0
6dFCgk+631hS15ETKIVky2n+PpAkdHl2KsLTjozN7ps=,0
n+G1V77M/V6F5iCdbDP1zgrPzjSdQCdLcNjZsZhSMWY=,0
ZNEvAGYOd3H/ah4CGBwYNHaNwEYSO3oyUVCS9tJzDIk=,0
PnmogI8Q93euQLYeLYOJghgM3RbeiZK+tqdNviTBkOQ=,1
UhOzdpmtPaTd5RJ+aBEj/Mvj7BtMWpynBKDx66nRSn8=,0
u4FhQLcgmLZo4nl+CqzdMueDwDMpDgIIOoDSFP7TwAc=,1
+tYhuU4Ri84wSXGLTBpDScHBbYtziCxdtU95NYvyyXc=,0
uecCKUzz5RacRSLx1lYtC1iKxiRqlY2ysUXoW6sIX4Q=,0
4ZNYHFzpezkNoUdrOCpOu+vBEnoBEHroEL+vGIVhm1I=,1
RnYfX830C7swNaNjBiSnQyiWjJNAX2O08Z3WRMowTC0=,0
tluEZbNpIUhchj2OAt3Vqaww5gjjXQJbl3AkbtrXq0I=,0
lTLVezBElXIbDAQsbRFMp5r9HOEyYjqUExGGbxPKyjE=,0
B1AvjvOzWmP64ZXPMDwkWWTk05lLNJey0Zp40vMfPzo=,0
MlJZcZp+eZemVr9VAH3vSssE993nFOhrVyCi0HSrgeg=,0
kMaQKPheKAmvWWtiS1hBHgvEV6QRclUv521k/VMx4QE=,0
IQhqBAeqUrTuTHFxqcaXkanKhQJo+J/waFyf/n9oheE=,0
QTUHj/X8lwlL1jVSeMHQSqFVC/GrPFGyXp7sJaZnlvU=,0
WeqmMd3j//GiGe1On0dqtn3ADdcQ1xzinCec2E40GU8=,0
wlifB2941lDsyGXtw/g2HDPrUFIRxZufDCGZ4ILyqZg=,1
1KWCFbuSZx/ugK9MdVdZF6aMCZyu/Gn9ovWA6lOaqDE=,0
awP4LEi8dKYs5laQqMLukGyi7CLgHc66QXOrYBaWd8I=,0
Lq/7ZA7DPZeUvznoygtUapQ3h04OYitrqKX9rXcqqrk=,0
y0ZN1NbyDyiFHjOzECuw0FM+U8hS6MWutKFBsRKupos=,1
9SICoEqt9wUmxsnJ32jZDqP50WnW9+uDUbyagC3Z8Qo=,0
hH1x53k1D4zX2L/iWctZkQBGwBnGrQEwMpb3zlAqQwI=,0
KcXZVufNEDhEAUB0fgd14IesIYqbj8TygIR+bMLo4Yw=,1
FYD66+2vypOrKAx3OKxQdNCUtVMbJXKURSvMFyBqOJc=,0
avA56cnw3Krk/HsNZoleinNIfnXokxAzj7YIADenE4A=,0
O6JWwke1DAHF9P7aHq4SmymfqKXMiC8XxbTJM9O9Mcs=,0
l1mwJcTwaZfYflVc031FuV4eJXeTMnyEPkymPBtyUKU=,0
yQHWksadRNClLag9NYyV/K5cAh2hEqV6Mp6J7UQ82Og=,1
+hrCkJYz5i0p7hWfpNxXCDhGHTPpS50hamb3fEMlHCU=,0
vCRTQ6w+UzMFkqJsQBIoOeU+JUR1aGdrOzS5c8V3xv0=,0
UTxABm6ATfec6wflLWE/cz2Iq3eF7lG8Qlwe9XV3gJg=,0
0xjoXwEPiZMX5ef6fbgW6SNPLaCX5Duxwg+5/3I4KiQ=,0
cczq7YEK0X1DInLnslIAKR8Fe0TzlAqWpURYtUAM3Xg=,0
1mxyAt/3AAjyvLb7bcqVPcUtVt0cFTPS9J74vSJ3Yec=,0
yvlkq+lMrif5fQugBhSVLklVjeIGd3Xu74Zl7jFcN04=,1
8/pWycdJTrncsrUtxAm0Rdbqv2oz59PXklJzcsoYWxE=,0
pogKsVABadmwTcXmg83G3B7PX6EJoK8OPGpuEJAzY0U=,0
GUo6Fr459G02NhNaSQhUpndceQs4ZEDmm2+eaZyHNPY=,0
jgNLXX6OHTK19+PhpPPx2XJGiAHLsZ7Ev4OmoNbH6P8=,0
rcfwWGMyh8tK0cayPiCyqZbDYCEPuKBbMFKLFce1GGY=,0
RubnMXGC668S0XscXzrZk8e9GnQ6qzZMxJMDow9wGZg=,0
ro1ZD00ZcGuMhaDGlTXMipoiEl3O1mlvpWNG6Q5yShA=,1
6SO076lKDY0QH7ozMoFHwzD63Fsx89uWW04tpiJ9PSk=,0
vB+gznUev2BhyuuO8+5ux2dDbwy0rJcHbf7jtVPi5M4=,0
J7T8BEkKUwkQhJjOYH5v32Ij9q9EsUMFqvQWGxpRS4k=,0
1cX2Ezb0qC9mH+8V+HJwo31/jaCrj3nU4pIVce3Y9ng=,0
Ld/Y9G3lOJpJJAZ2yR+dM40TvdzPETva+c3pxCe4h6o=,0
EIMKRKLqh0GI9RWPjPjn5T8lXdmQI4yjWJ70Y1TRpJs=,0
z3mycjqysXcGyt1C1K9F9aoMVHdRMVIXM1OBCnKLiFk=,0
dScuD4Daqa+/+EmejpB/qzGwgc5bpoe74crg/3ivbzg=,0
sUM5cF+JgQH0caNQYbLXB9k0TWKcfhALsvorOyimSYM=,0
NMmPUhRI8FCeEeo7HIlL9ILt1u39dtS4/lUnoQcubWY=,0
GQ8wgW0DjUIQhWB8CmI2WfOC+bfbN11bsu7d7o93CqI=,0
ae2B5eokA+uT5ITDAPdWIF0ZE6M3ercEGh1SSHFWCu0=,0
raMBrXqW7/BU8pZ7bjjiayDgTs8t2op30dYE2DXa8NI=,0
Y8vYWEmyIeo9KOoWbs0rcuvpGL3exwbj9nIu5ZZjMEM=,0
an+mgK3Dun6wnT2VjUXvE60j7Bq0JYq1jNj+OeBDF+g=,0
fzp1bSedCjTwfzM99y6ufoRWcbnU0s+/C92cESC7ZZY=,0
tqOZ2ElIqtSxfIzeEMIPGkIcUMpDgy9zQCHtXao3rBM=,1
l948o0/BeK46g6mbmRESulux4FSfrCZQn1B3w1gWbw0=,1
g7Bq68gtKuGw23mmLjxz3UrtQn9vTeAZkaprpolLHoA=,0
vYLDONhWuj/tFbrL7U/6YA1gfQgxxSQIOVxnM68J1mQ=,0
sBpx3b2QCvDcdEGZQUshp/r0Em21n8s3fKeze7ZrG6k=,0
WOYfCCb+3jDCtOwclrjtfrK2VIuZkfSuVojfOsEdjXU=,0
y7EQABWnrNPEBpLK8fY1HpR+IVs/rgqPfrhkoEuI9bc=,0
6hOag1wtULlkftejBUT14K3LVpFtldZ0CWUzog3VT3Y=,0
sSVHPBg9LyVNu7cRtuRi5DnJsWauFLS+k511xLQTw84=,0
xvgG01OXxYr2mRnn1wPTCJHKyAaK8013/1tuKRnTcbE=,0
CksL127DPsnQjWn7lKsuLN4xb/yB9GrhLJH0ppIVi24=,0
NYQ/+1rUr+8TWIDuddc+aN21l+xjrPN/AMJ6ntUPWks=,0
Y6HHJSZove09Et5vNwHxM2LWsBgI/kkHFwWqws6jOgE=,0
/FGA3h1GfNoHJ6/ZN91m2Zas5qxnN/q285qkpcL69zU=,0
BVtuu2thSRP1/oFNirFhQk6XOy124vnqM2Bh8zVKwqQ=,0
LXwTe3IQ0ZcScjhowaQ+0G9chD3SNWEJmYh60XWF4t0=,0
Tw6ySOqjd+bxSlkr7ehgPvw1AfR4TfILeZA8IiY63/w=,0
sUfcTbGFziRsrI6DzTdmLahnXw5h/32Vl1DEIV9fl9w=,0
9FpaZ05mZaTarPyM2Rqlfc6JYhDn3pELn9BCi/Z0APw=,0
PjXStdP+BwsUR1oHYTn2RZxDgv7ZtS23GQaQDOwaTbE=,0
JawASjAG2RC6IcYE281kBtMMsXw7SwLCGwdUpN62EDA=,0
teyU6Vm72azf5utjYl8H5J7OqLQVLpAWtJBEYMnPvcQ=,0
SFFMo9fXPYrN8Dge29wd0ppH6XWU7GfhoJv9ayrnabA=,1
KtfDC+QKgXU44i/zpBps5v1fmrBZBoDvE9SFawQkXX8=,1
VEVM0n6isihfjfgXCA/NRMr0ROpW/nu8YtnzFGUxMZM=,0
exn9J1zGC9OBzDciW2E+G43kAyvP9ch3kcylKhxO6L0=,0
8c30FzQ1D3Ydlyw04I0COyrrNTt2ccHiOKPVlDKbO48=,0
uMUtBgGImQuPNMfMOHcp9jwoRWd4IM0gZ71ruyJhgns=,1
ZkFb7Av+gNeQTfJeMPpjzLSjBH9nwhynihpk0iljePE=,0
xKL2fFoK7rjFj/qXI4iLDxDO5HwGFT1aLtOb62etTFw=,0
7gQOyLLvCFWhMTkglcyeCqvG4blaiPZahCYdZsvhMxg=,1
/5LUcZrPffx5QdOWmC4hVYUwYGq4+NOMOeV3SlRBp/o=,0
vPRdjVDCsL5POLZ7Q3cA2Nl22mJzjHesV28qe+5ny9c=,0
AMM1zZaXU+xxB0DNwtRptM2aq1I6GCNvLcQC43V62Y8=,0
hz6fknh6bNKYO9q7wWVu4JKYE4cUtOZDjt97hnYeQII=,0
gWcSe0cbdncQt0sI2Jz2U8Xvp6GnthREK06SrIqXD+w=,0
B9IheN+aHLcW53yGJEjXCSVNUOLLuglJLm4jdnPtvDg=,0
V2ij+6hKSBZU+PQsTwFd3AoH6oERcafBgctXMM771zE=,0
Jdnx6lA9wzku2176E1dY/NwZaBXMkqfk6BCRqCeDCs4=,1
yeB5hIiHnsIy7/xgcNziy1p6xKWL8GyF1SjH6C5K4gc=,0
85eey8tpkuBkOVwQavoMJJR7sxXT2y7ldUlTYuZJoLU=,0
WDMFCARN3WsWRnDZZ5A6XRdnTrfAKn4vcr1hweP23J8=,0
KMpoyxEjAR3YzOWPLJEdT6gbJGsxzkuTySGn+Tta5Tg=,0
oyZmX+vgghM7nwjtOHjxBZziWET43Re1cYCX/pmfaO8=,0
hb/1A84/Vu73wG+fBHAncBItDDA4/gaHIzQF/obzDPU=,0
lx4a+mmqkaV5rgV44ndSWmflEA7mPu4+C5jyS32gHC0=,0
e+DKVE4h+cxf4iAh61h3YWVJMFvBg+RT9CIqNmVPE8Y=,0
aL7eHdXfTrZbyKkERUFzQih815KqgMY/ptWQ/PyAxmk=,0
oavSr0enVR4m1xfjWk32H35ovHrO7Uu0V+zzb1hdyLQ=,0
AkaoPP812fwhadTjOjUa/vEu2I1nxezhRL+65ccM1jY=,1
RS4WxcMAUJDFtaSLc1Ykx7Z6693ldsHNhBj6en648R8=,0
GGYzKY3cALYsSpnaWUn2w0YNvL6EUzlm3Ys6L0KtwT8=,0
DzkhOr74m9V7tjTLulM8Yu9LunhmOICc90jui9HZHNE=,1
G8+TXhepcTM/oI1/WxCUGaetQinit30S1k+KIwzB7r4=,1
II8fsyo00RA/eyzK8y7prpON2zi/dEenGLDpcrNP8us=,0
44pSXk+5iaEI2mtqLfNMM7AcXbT0Y1GM9EjT7aRXKGs=,0
ELXooM1OHn2LUo3Md8ml3FyBJAyihGZKUatBul8M7RM=,0
CUyUoD7LcoUIon74TQztkKc9LA6Xjm+wx93IITHwFfI=,0
DbEVZPZYeeQL7FCRJ8uVf4c32mgWbH9IgIu9eGL1S38=,0
hepGAVydPG1JSZ2VF0XR//pTS+nDrKjkovZR9VqXutQ=,0
BU+N4lLXFxaj7GqCTgwcSy0IRg1Zr/e+LuDpwUjNagE=,1
BdmconWptxIjSzMcWY3Z7iYQqBN8e+9maZ6cPw4cQ/Q=,0
cDpBM66C+YFDEvn6hQ0mEj5P2FaO8MkwWW5EE9+zGX8=,0
zUtKMx+YKJVTrDrq3bELXnQyzDZPu0cwgslZcG9Vt+M=,0
PCx1ZJJZLpkoEPDpAoju5zQeM7qbmWmh2GBDNKK+lC8=,0
AepK7DwSG6dS/eP+sSujwqKw5Xiqk6Tvmg2qYkxMxl0=,0
IBzzlQuznluSjpBPkJbIvdcz83o1xFXSBUnqsf+/X7A=,0
ZOFDYeiiLO2qHqCYUkgvRkhBbzXOMqO8f/ztSuIlAH0=,0
spSyJEixpius7XZBSJnqFIT+NqLJ9oXE/0H/L1mAolg=,0
xrhONUEhZmvT2NnsqRQ2r38zfyF2SSUyMl/ABIWtJH4=,0
UHKX2FAZY+HZU3+UwNhZosyPG5LdJ2o3MObctTIeWPk=,0
tPsQlckKVFuS9PPe3u6FLdrkqmQ+wppfzaCXO1pbzlw=,0
h/kbrjaY+a1B/+maFg7EeEZfgbDrhy4IGquP66ow+Ao=,0
end6FephUJWXLw3+S3+0CtbflQb6V4XlpNe9Z8g0vok=,0
E14+md1oo7W8TBIxDalMyetieOaozlU5eV1zeo9wjlE=,0
VL46j2d5M0Z3p1dM4GFF9VS1DSWQG9F2zD0g3rybg1Q=,0
S+TzT7kUhHBICMIK0mFIk50+gPamWSbpxjUzdfOFIEQ=,0
gbCTNWbbmF0cvTcu9lE8Ak5odzyMKMxhdS6b+tTM5T4=,0
ic3qgbHrKJkmHn0DZuuaO/8/ImFtgZ+FNqmXBSKf3eE=,0
aZRXrAwzGahNsV5VkWqUIKOdic72uEPxJMP1bYa5AGY=,0
hqjr4D2xBA2rNZx0h9kIz7sZBbnAdweHm0r/YkClrSQ=,0
jz4QXKfuI/MwZtLEdv7Uohc1AgBFpq8JNtmTSaC6Hzc=,0
PDmcGkd1lBhSrjN1vshTkbdz5iD2uYbHGAZyja0U0Rs=,0
Y/5+v4oSM0H7TRxUGenzRc/qFPIog7k7xX6aRXJdqUI=,1
n5DblNUfVstu5qv5u6hL0Xj4eZpC1vu8kBt0s6iL1N8=,0
uElRUN4jfBanDjJ9Xy5NlPWQjY6QsnDWn2f2+zGKYNg=,0
JaJ/nBewiQMbcYnYR8qBZjdRyyStxfW1AtU+YZIVcRo=,0
EsxkdlPanws/Qm4dkBlTVKyqOFA2siRS7HVGHDxZYss=,0
dP7Q7W9p91KiuCOu3gj8HqXubJ4Ztrqghvud7Rlw2JY=,0
B+UJYmBWHIm+m5/egO0dkC7lJwAPGdJKqmK/IEKNhBI=,0
Wk3JE1pHxNeZZnox8+GQJWSguM05r+ejLnPRirkKLus=,0
odYqYs9CL/XSra5RybYhBu5n3rO2MoPOhGCICAfRFkA=,0
8754vchUBKRdrSDd8najOPblpwAyadCWIdT84eC9cjE=,0
3t5iRWEzvR7rKmBcqpAPLc7Ma8O3cryDdWNTKiMXskg=,0
4r+vY6sK3mrMYRwERe5wNKyYg1f43cwVctF6tdOGPfU=,0
7l01X9N/opyac+swwrbCx+E5roUi5pZAm7SISB6Kwik=,0
Iz5RhTBFUBMdB8vfZDMKy4PivpwvOeKjjprCyo9EvoI=,0
Jr0YCF7K98vgrVV6saE6Y6OArvrPLimqPQIvn2cZACE=,0
XrKItenUL0chmSLNw3+rMT6CDpY2xy9cU5yJvv8Vh/g=,0
J02RlqZSTUJ7LaMhqpqBICcMbYAZWC8HW0kV3b9EJ64=,0
5KIOkhKRJlLQWzqhNwLwJekthaVrzpX0Qox/jA1Z2OE=,0
Eg8/T2GtqT5jjlWvoIWO5PAB56T41v2E8AQLgAAfZWw=,0
/Z2QOliOwAvrSsfEY4YtpfBuzekD5FLPupe/z+hW3X4=,0
tijYNScAcNx5UsxSwlHMTNyGFmMV8tVqTxX4AJvt/v0=,0
X5YSdiapu0ZOP9H+2c+D+islURpnrvC41d07wXpYI4s=,1
HELQRJfVaVr+Ecs0+ts9mAx8IGXAYR3js++v8vz5tLE=,0
uaR0ywQs5BMiM6YFGJf6OKqwnCW7lcfLl1lZ+SkA5MA=,1
lrGxHAB4hk+LHzuMwKEDnN74uAWvYViY4S9LjJxMPXs=,0
SKUiG8UCv+ai8KrritprILVfgaBysT+bXUWARIt/qyc=,0
bF2HOUKg3OXESCgm0XFhLClJRalG3xoliMRrtZL2PEc=,0
6AOqwNSmXfLhYeE18t2v3fIx7jtZBTJlnXwL7bWm0D8=,0
oNIogV1OS5asuGVqS1Z8aq9egDQmqbizmjxMUsIKYzQ=,0
HUT/97wd6mX65B68q/xi2Sb7nASsZbyeMkMpYhNIVkg=,1
7pqpptsHFFEhCYBXDMPqhmxZ7XvM5aenbJ4/JTeSrl4=,0
3GEPW/pqV5nkTsnDakH/9TDTf9mjfsABlxR4bn+VGP8=,0
jWPs3DAQCV+JMIj4/JCiYBFCthZWcFvMeAuP4+HkPoc=,0
l65MsGIFLhOgGpMZdJQlv2avc7XwxJSCtnyf17O0skk=,0
Nau1l5KRCrYpZicvjaQwh1iGMCfPnQgMDQ8cBEsrZKE=,0
67oJVE61iiZDwYPY+qzigoFw+zr33KMSCJViSICG+mE=,0
MqI2xeRIZ9imqERJ+UPmvO8HDjSB1lYIoTJV1bf9h78=,0
2PfKXS3hsxNB8HscsXX3YJTA4a8ftYBINhvoudOuON4=,0
MxCUQ6tAD7LU1yR0gwRck91ZKE88gY8kD/rX9Hi9srQ=,0
G7usrY+n+/vudoI9x+A76cpEVFOP45neUJbcB4S9mK4=,0
lMir6l8oRXsaIK8d6cYL8TS2DqkUehgQriy20PSjw/M=,0
JC/lADnziyUKtwGG+GzQPKgTVy5uI9pn7h3vL1FUQFo=,0
lHqd93SyuAXs0Qmm4WeN+InPyqXLbYRD7TqYacxnOkU=,0
tkUCbRdCG9ym3zpaxTb1dswmmZRpBQ0QScPsSWxcaSg=,1
pk2g4TpCHL8nhZVmUrp7zGjpOtni+uzMECSzPVPtPhU=,0
7SfVup1/hIElwhh2x5IPO3sJRjbkHraV0uCBjdwA9jY=,0
4vRVHGjh1FFUHhtVDsKKT7chJRHvw42/5HlU/PVoBUM=,0
fGEuCF0X4LkmZHutTZwRs6cnmtuPDeD13D77dQKC2Lc=,0
YxOBwGdfRi2RKb1jvy97e96pyo2EHQ2q9P1bs1u55EM=,0
h6K3oahtK5ce67rJ4CO6J4CY7s1nk2GiQWBuI8V8wUI=,0
I3UyAWevNo8BpjbNhezmwfaobXDuxKYfPBT0Xpo8kv0=,0
KFJRsLt/DVQEEiJk2Bx5OQkKGZSkuReL7R2mNN+JCng=,0
qVQdghpNeMl7hz23AyfSgnxv7jI+sfq3Yccd4OxeiqI=,0
0nZ+g8aadvIKXVIT55xKn8MhvQW/+TbuvaJKpWevtp4=,0
JxOCI8TZAkAu879bMd0hDFhIf+YeSpjBHt3PNZ+UDbI=,0
t5myL4pkyhG5Ykilem6pecSnZCeb5Rv+VjxccUOI914=,0
AtCHcLj7BNubvCpB6VkJ+N2cHBpR4M+9BBdtYxSAmqE=,0
DUG3SPwAJX77wvISK6g19rNlpkdrBmD7J/GaZ7NtupE=,0
2jacpmuzp84xOigsMRslIRPuWSoRrgqvQkCvJWh1JTc=,0
dGA76K7uDe1AAhR+TXE6irJ173XvJM/JvK2l8Msl93I=,0
EvTPT+XV/5j6sMWHAB9pea0yeHeYmZ/0Ky6qqFsvwPU=,0
4rNOYV+VYcj+mnVA7dBe2xWNObHIT2AkCTMmH4sfClE=,1
m6TpEdePtUIc2bNBUY9n2+TREEJNu27QfqR7KIHo3NY=,0
gzoEJxeb3Mh5Lr7C7zI1hRJGaAO/21e8gshT1nC+b/w=,0
M4tnDy+X4sJbc0XPZw+6gnNgo6DgU+KRLjkqp9VFt8U=,0
fDaR/o4uNVb+5GocL1XPNB6PwCgW2vI1CXCscXjLAOo=,0
SfVPFwZHs46t8oeLku4h6WWR2VZIwsz5HA/KGO9A9hI=,0
GX4rAg/tXdAnGNP8QZIaVCqMC0fxCkEYqv6eDQ8V6AY=,0
GysiaSqSQT248PY6bJK58YSOx3MEzpdJSDuqB9ng0hg=,1
VoqLiGY6A5bE9q0xyBFVuimKy5IicnmI+VCRbwSiktA=,0
9KD6uas6MAh5atT4yYflZTbolkrMroGtyBHHB+9Ly6E=,0
lddnlKN1C+KR+lO+wEusqjAkqeZ2324GpVAJ0Dh6M3o=,0
XwzIBCEIfM/rzX/14qOvJhRL4xxqk5SB1q/9SRIFzcQ=,0
y6+8ikHBx+A90s/EtrQvaKzCJRgyXkYU+0GzCkbbvos=,0
stfBabx0K2U3i/4kP6uayhJowvaLMkAP0K6zt4QkQGY=,0
hgxv21I7peVppQAFehIkogG9W+5NDn2T0H7+/W89O2U=,0
Vfnfojw6Dv9c0BIRa9gkJhMDXSPxkEg4HJMVczZKoz4=,0
YVsitu1Lgltyif3kdc8pUfg8bcHGCBu3ffltl0uImmo=,1
nkywh5Y7v1UsPvFhh3eRGpIBOnlQvuCiJLd+HB8BPkw=,0
UCFAE8hw3Ex5ZsB6C5t8QIMaLCo2sDaT8f+92jlh2tc=,0
ISFtbUTiwVFbYyUKMAeRWJaJvgqBUFlIOVxq/wNA/4w=,0
bU2+Xk/URzWzKz1db+ca7sAihOrfT/ODPY8qB6dGf9Y=,0
DtIu8u55N8C5yXU+7JVKUp7MiWNByDrAOKBCl3KY19E=,0
uY0ZVYiQSGgOJRo30Cm4adpSkZd6/i4KEdChZkNR2oo=,0
UuhhKy61/7NtZONiJM1Sp3JZotVcNAFbl20V2X0+KxQ=,0
C1sToX6cyk57ovj4f3DO7kDgw1ewcFSWQa6U2d4+XGk=,0
aLTQhSFk370fDB7lAmJnlqvSSrdcTZJtcn1AcHafRPg=,0
/QzAbtSfzwvVmFz57Sbdfa4T5kFD7vA126hIr3ZTzRs=,0
6YTsZOzoi6TLqY2v6sW+vopp4NOJ/XM/cRwYBTEj6ZY=,0
NhyPHKEeefRHPneAe/Rc/7voYLpz7oXZew4e6FX8lwU=,0
EC0yt3+onYnN4dt0DmCami2gZMvI/eUr3nLRctbSc7o=,0
PMz4sS/3Fw6aP6Kv7ajn2hd/9R+T4vSY/1moMoiGH7o=,1
DEDRCmaRG71Hge3fmNGo8zip8xqD3uioGUR438x4m+8=,0
ujuW1lzkRQyo9EbVQIstw6a2OP0QNxG6bt6hdTV6aMw=,0
QyFfqB/cz39DeMFZbbDuNNi/Q930h3Yy4QTA4i4OGas=,0
wJMl5rRIntD8x+vg59DP5B6SyFQIqeaPIvjmnqXxQp4=,0
SdG1kPLJPRGGvN8Pm4/ZMwQA9X5WDJh0ZtQXqx4lIZk=,0
+ScGCFYauaQU6jTgJ45FyUCnhhJe4XL+9WG2TL/4q14=,0
Q/SVXZ7Cp7EHycupTq2P40OMOjaRqnO7ivqkagcA8Zg=,0
h/ALgZybzJHvCHw5tHur7BQt4a187yaOcAd4fUWSPj8=,0
wmKX059EHGGsrjHC/HXKXUrnMKjqecMEgcXw75jU9ic=,0
Kb9MjZXLLG0uIgfAJvQuIJdbE5+6Ai5E8mufJmi26hQ=,1
jAlpTaqmsl42xAQHyR2tF08/1rPbKkHDv+1Fvj0VuAg=,0
F8sb1X4btKy7oB9jcc95/q6XhxyUihS5JfO6hckoDgU=,0
h3/ZtBF6XWVFxLOGYhxLiLSBO6tKusydmd8onifoqz8=,0
o12E+AHWGDkeJJ+pf9ItVo4uDXQevUfvrv4yIVIrod8=,0
/iN+FI6uxZQdLn/WNvbKUvgTehR5yd1OVOE+s7D8tMA=,0
wnWW8l0yUeYn6l0VLZifdH6z4zwr26SssKC4LsONELs=,0
xImNikazwJveqks4V2Wjn/u8U6Knt7EVYMNYCciMteM=,0
ZI3IbOvgi16WCr7RBbVLib+EVlY3DN0TMtUGCUYt0bM=,0
kbPVrVDvf3iE5Rs6Id+J9bQVz9ygnvzd4yoCY6ldBXM=,0
bcdGOxHGjjz/z0iYH6nEbsm7QZXHzoFE9lyLImD/2fU=,0
2N70RD1fFi4zeC+sIJWHy6WJCzUzpsMW7Nlm1i/GMWk=,0
7AqIBdvcIx8PdSebl254AQ8JK03JpOXoOyP1B5HO6YY=,0
iUnRuBik/DqNiJUhlqM88i1RTBmIgoaQuPKWUIllqKQ=,1
ZtXQz9zebqICmZ35LYuPrWYH9IJA1DDj5cLvCSPdRSI=,0
sSUUf/OAs4vgwUFISeqddVWGcmGBr6TV0Hj2z6NTAU0=,0
Y3HP0FHy7SfTJ2sKpNW10LrD+/vMRermiHRqvfMdT68=,0
MiQcAb+5Vbb1er9p+G7aauxQD/R9y54qsINFwoIIRYI=,0
S71OsqT2pGUFsbH/SKthfOtG+0eP7YEZNcXBEDzxYKc=,0
4sn8H6t7tTtmtE9gO1APMCA1nl8Ppxe1lb2iqr4w8eo=,0
+S8rEHvj3/rO0GGE0U5R2MEMj35vfpkxYCu29BKMQp4=,0
sqCYa1aX12rpO2pvzJTxqcVvY/J7Q7L+LdNScrabX3I=,0
kKTcw2locPGdGAXQx1XZ5+fqq1ZjCxJXx8Nq+jElF9k=,0
3g6GWaUM42WobWcA5Q1z9j8upBDVSxtZgzeYECkwcr8=,0
AnQscj9oFFX1B4Agxon3vVBzLpSirXKq5LP5P+y15/o=,0
3P4UTBE+6QcgZvio7XFmcwB8CcUG5aGjulK1kr8FcLs=,0
vbB6lvcyNKzM69OE1aJ99LTvCsmKwCebGi3f7bIm7gA=,0
QMaZ6pzrvjMOjAeqy4EL3gz3xrAZMRrpQb/BJFor3Lw=,1
ialTUHvgo7lOGyC3HtSBsnISqAzl2S4sJ8g7cALCCGQ=,0
jT9gmF2GTVsqHOdVml0jUXU8IUbWQP9uvEQg0UwOKW0=,0
b/0jCVNNNN5GybzfMryxekGCrJt6MMlxykjx3dqMcIA=,0
y9tgw6KFOGn6nTS/RYp4oonnAj+jmaKNcte0+fesgzw=,1
q9xovA52ohHEj6DCRJM4xmXUt44Qw8n3ejxsDUkgT44=,0
mXY2miyc4wukprhy65Nwm+cjn+ikvziIbp/zs8haiM4=,0
2mrlL0nhMxmcdMTAH/NclPf40eT33wnKMsS+lRYH4FI=,0
5U/yl+BpjGabJMkcamjSTHkB0WVFTTUOvB/sQBYvuhM=,0
M4FP/+gHzYrkxp4M3k79iusRappjqRyLML+nQUgkPUQ=,0
eszr8F3J2NdmLF5wKl60vDmThv1Jb6lWgVuBAH2H0/k=,0
8j9UlgoxSAfoxV1DmS7qhMPVIhPglEwqlzSe16z6d4E=,0
LhTgpphUyZHNV0yq4MFPVCs8/dCF17YlUxCMg6D+NWQ=,1
OluWQRlfFvk0eCDf/Sz8CeMcSvlGsXpOVoiADDmc6LQ=,0
2t3D3XgRvCOfYpOwt/y9AvhMDj0i6c6HOlus8pCZy6g=,0
3Kk6T9UtNUxiZx87Mk5uPkwjAzLGysJysCagWVD12uY=,0
a+pg6WZcrFG0HpRY2ZsI3ddO2AAbsSQVV3Mo5kM+44Q=,0
5p+eYxR2Bb+z75cGu1wuT0JJbuwvfLKuRGBCTB+epMk=,0
VArW/RyosWgrv5Ut0Hk/5QWLnd81HpMjNLKMwkOgG78=,0
rto+6jPA6KnfcxKYo3CRfvxWLJU9ZF+HhD2Ah5TsUtI=,0
VtKHuRgMZX+SsejkfsCzgxws9seVDFO8FFGLTkdxdhE=,0
QGS+IcKoy7xSx1Y8SbFwhCFpM/LNGY+MaTNPm1ZIxA4=,0
m3gRlMZVqy6korapdQx/W09dLhQzZ+PI6jFFDGlxT3s=,0
w+fuW2g+LiVGTMzQHtBqnhJgDyGURW1YvOWJQx6pDzw=,0
B0LxFN7MbTFnq4ZGQpf19u1lyJWu2Rnh+0ErNSY/iew=,0
4NDGPZgpWuafb+9hw9rgMDL/Ajczh24vmntnTs2qSJo=,1
3m4bzfXnorwFqItWvu70+5GrSTP1Xu6IbrThrLEMq6o=,0
8WLm03SoRs+vtc5zoJCtXHdn8BUAOUUEuiYmXGTIQ5E=,0
CawKZPWIQ82uQYpNml6pX0XQSdf66Ds8sBPqjovThOc=,0
rA0WbbmzFFCMLLBxns5E4HdVltxq142uKrhmXswAmYk=,0
alvmATv7hLtVyhjaHcDrPZc3gB/CuDwk93Zib9gE1CA=,0
CeZACxIpIAY0E6PG1NHYIThbnW1SEO9SsotpiT7Rjkw=,0
QCfWbsr2hld5TFdryCwcKVZ3yCn7dKgTvL4mqL5C6zM=,0
3IERvmvR1k4jx5/WfRhhC4nVREOxcUo5w0wMmHOtGZU=,0
985+KNr7QC18ZlKGCPcfHkXd2B7j5I87ZZZ5heiKyBs=,0
tYHkYELL+7CvRUKoWAeahP066Y5VY/YVcQGR1bNZdoA=,0
U+2BaIsHNpBwNbYBgFtR7vVjbcnyLqBD3CDdwUIydeA=,0
h14cC5o4dJZ1G5jmAJs9Eq0sVdvZZhF56dTFeCriVTA=,0
3qKhjdIT7O+4sFyQvs3rON78J/VJqwWpwEXYeZThJGU=,0
VfpSis1ar0RIRvye2txzC4VRAY9IdPmMswCvVq06Pvk=,0
GyNmo3QpWFtZu7l3kK4L9s0H45ZFrFCmSGAx3/XcvaY=,0
1/zaTGVvwaubsZkmU4/hRS8KfUFjNszxDLE9QBzyG1M=,0
YIiE54v8TJBIH5yFc7hv7XQtLO8oWDe+pz9toy+R688=,0
RIiB7k7CI4yruCWUlzWOGpAQ1REUZ4lfCjr3RtSG81Y=,0
+M+De0iWwbHb65a9l1QjAs+QTqPgXZckPqEUerwms84=,0
6UbvQe/eDLUotlUHpPGixPPJD+2bp2PYhxIZClPXt1c=,0
qMDhP7VfWk8MpeU2DpeTIwCanuTnjbiYo2Lzl0mSAEw=,0
r//1sR0iL4ZnPvrTDOGrUTnxBrRmdSGF2mineP1AHSA=,0
vb79y6s+Uir3NuUr/c/P4YTilVZlNCFYRrs4+30jvvI=,0
6GNL3g4quolN7tE0N2rc9rdhydsCJFxIO36leTZeFqg=,0
LDDIZMEq9vxcbUV9D3/7g6b7iG2WKoUvaHWInNN4O2U=,1
tGbCBcYCrQlXiZ5RHEYi1q/F60bShQa7ezuYUXvpbCI=,0
xOE4ZhJ1FljkPT29IheSZv1g6Nas3Zn6S/X+5+bJEkg=,0
t1FnJo2W2AkOzxIp2MFmILCuFJj2O4yKhhNewUJ24yo=,0
9STmRYBMDfVpssNQ/ZcpsYYaOvpzkJk9N6/dkLp/IRg=,0
Ix9OhbOmwmpUzXxgpYd5esB/TaP2ylS3J7PPRiuUWD8=,0
t+g42htAFXxvlgQDL9pT/8KoqfQSqKibftpUhCRWlZ0=,0
ejtGKOvls/zVKTFKkbqDlVkREuYVe1x0S42huEcBYGc=,0
Ga4SXVNKRnzioJLhzLmpMUZYda11zq2Wn6yYwMVoy9E=,0
AU1AXuhQriNIxQC0uuejqAEs1mABCIg+TClnuhjFrVs=,0
V0JLaftby4DutsSkU8Wg5WojLKpYZaM1Z52p94yLl+Q=,1
7npMhpG3wAArUPeuO+uWRJ07HWjqRg8YovN7LkSHzYU=,0
iA3Ev9Rip5Js8aor+1rzMyFZCjJQNJxadGLQVxl3d0I=,0
cixPlPJBTCEXiDqIiU33Zypz6bvimaqGvJa6XN1w8/4=,0
xcKkKR51OvcjnsK8cVLAj+nIR3hocP2fxcsUZ5HgjvA=,0
ht9WBOMsugLiBs+mHg9t9NjSBqWXjggj0T+mMVMFFgY=,0
ox5ck9Ge1CTxm093YcvgCf9RytDbN2GSZUbK+i0lKPk=,0
RpLva8h16ubRGWm0Emrb4L//XjQk7a2knuMb6TLmVL4=,0
Ixk6V47IeBHoOWuV3i6z1Vhl2VnxvK1EOLt/k4RHJZg=,0
3u1xI6mYqvDGM7zqyc2MskeaOG7WEplEWfmrHtRJaso=,0
84c3viOqz+ZachAOI+zzIQxTChYiMnHMdeubpS+p3J4=,0
mdCEb984rrgZHJyR3aNtxXVW6mU1dOBUzBlNItdy/oY=,1
7csAw8jlMJpGBKBAH94dwMWvZHpdtWZrVg1RWOPKwW4=,0
M5KOaW4QGl333i7ZyovWQRRONvcHgEzwjaG8HMVxc/o=,0
OXbnd+tpVoFD9ypqRoEM5nPkASUCVxfJqGMx04Zc3aQ=,0
te+knq1L4XUbhqE0t5wzh+uNE7nlaxGHdWe3ycS+F20=,0
2/gy9PbAYXEUukdM9O27Db5Mn3TZrYkG0WmTYvMKF0E=,0
FyC0A8aGZxQ7As7oDxU7nCqmF+fY7nEqKB0V7+xv5cc=,1
KT9bGDIoBE52+b6qmXMoJvdWhTCdArREQ/j278bFw5Y=,0
oUqtDuIq42wzFaN2PEexskcdNsIiBjxJYTZACMbic90=,0
eK+kYBFB3KoOZbPe49C+s0y+Lmdu/fsBtDEGosRir6E=,0
DN2tmCPFNJ7SfMM8YU9r0D9T8Ki3d8Z+stuHvpTkl7o=,0
3QLVChdW/XsNRX4odUm6FVanO5b3aXAXlYafXZqLSns=,1
/OKnUIiCeB0iXIC3vknl/GfdyNVYHt2kQOtAy4xVHIM=,0
mVwxMzMijWnmJ+BHKthFVUYJit60qt5Nrpm19aYl7gE=,0
XTiVnT1cpyjTZiJOBlUjwVIeU7mG7cNDFNXeKqUUD3w=,0
oI0CvrwvHdJ5xepdqJDU8NT11GYj7Ov+t5VYMMnQwzI=,0
xtdsqp427axd3UsMbpl2jhLIqQkC8sK5pB8dtLSuHlg=,0
vJsC0Y1cvpXpOliA12mSLFUHSQYWGaVCc6fBqOrNqGA=,0
sBqZUC4Avmqs888D5vbDEeMcI3V/aGDR9G/xo1/T6Nc=,0
C1Y3/+SxmuLZP9ZB1jwHk5SBxqNg3s5MV+nVUTJrynQ=,0
bec44uTKqytR5maoTEbXeKxnW+lGeV/UsA0fSnZY78c=,0
ThrIgd30EGHsmA1EiRCTwK+XsQnA2JPpOR+VwouEWVY=,0
BROHWw7VB8dZvbEr5sFJE6M/GnL3Lufr2ZxaEmA+4tk=,0
gcdMTFjW2H/78KFtRDe3fxHlKKJGSPA4P/xNQHMO/z8=,0
s139b7jd5cdTt0dDBd45rjRq58enCa0ijath3KvHnQs=,0
qDBTJx3kP7svK4Slqo51FezpbWbD4H0MN2VleBzJfIg=,0
QEf9KNeyOxnP+Q8UGLGGkzYx76E4u2O+BUCkb2Dr/VE=,0
HmzK0Bq067JwXxGobZg7B5yaHwAJv2h817Lns+dhrr0=,0
C3TV6Q90Fw0/PL3w9Gfq8aaMppCe4nMFhPAKQXr3i9s=,1
7pP/aiWJMW5uDKIoVctaGNdaV6Ob0pdsJbxJ3FwJ2Mk=,0
woO/HSrEzczBv8RTeQXxv3kyRhWUhBHQXPaJoxXno+0=,0
Qn2/et6wCGklhnj9C29IKHA7N76gibqa/0mKR000QxM=,0
b2RsWNwsQgFOnXIKOxc0/tDxnv7m3YGFxHFPY8hfYFo=,0
W5JJNWa+ZlS8GLNDWkQDF9yMHsChMWn4d0don+EDQgQ=,1
RLZ9eaM0wNSTQDW46VwqQI9fovGlM6kAr0Ji5ipz8K4=,0
zr+jrbkFc3FVKH9ZzL+qaAZZB23S5akZWvkh3O/0aPk=,0
HiGMopSHs7htBap/F22K/syUAN5On1qbRdUmMR7u3n0=,0
rwK+oOKdb0B9ZSCcPIn2hgU0Obl2K5sWyWWFHX7LjII=,0
R2OI7+nlfQd9gJnv/Xk9VMLjphN3E8VUlWpbgjQwAVY=,0
uGW5Ol6xAinOiwwYLKS1hTLcZk8ua82iyOAXiyibcRw=,1
Hb0oqs7dqX/sKtM2cNngg6V3+odjAaqLtkRAgIEQSNo=,0
T+6ESaU0j8oxweXCCb8/hs8PLuAapSWCAusINm4GhdI=,0
DCdjg/T93vpYh/HZ/6+0WYEpGIo+XG5mofLWjPBwHMI=,0
Cs1Qet7EG5KokULXdVgZwkf49G/z8VsVEHuIFYNz6hw=,0
GKCy8Cs45YpBqdMihgQbh4YmK2YmSVgHjF420TOSKII=,1
b/qdn8w/C1xh3cA0NqyuQQPOamr95yv6kZKb38GHhlY=,0
dEuUWkVdF49BO30j54gUqRfAgQnVurP0/DXbWD8U3Mw=,0
kCdJY9EZPA9XcGmhpgLFh/0Dp32QGqJCuJpoMXbuuQc=,0
qDT5ON5PsZfcFSd8XjyVUCFdR6PWZBxYAP8PMrEws2E=,0
cpoDZ2u6NNKV380sssDjxy9URbcuvka+5DVknBFl28c=,0
7fgzL3ut3GTbvCOze+rw6OG1j/adEO22N5mvIxpzf0g=,0
t8H2hMQpaYkx0EtHBuwoeqpJ0J6sALvXLXNidHGdV28=,0
i9mO30w4Oj4mxlWMz9aFzD4zQlijqFRoUxTeBNscn9w=,0
bBU4RKU+UKqVixrFqjAQ0ACz0hWu3/HD80Bd6MXqx+E=,1
RG2WT+uUYHKP+38+Ftrua+bQO4ZN8pAOnUk5ol8sr1k=,0
o9SUyfMavQu2DzrjK+Ajr8P6jt6FlE7oyiwnw6bbSFs=,0
mUSwwYBzihgCWqC9BqVJq2Qry1jTLo4zg40L+UNoXk8=,0
hZizAQZzI8hA8yta6DLp1S9femsRjyuguZ4RO+6fkls=,0
Q4lQUTGN41cxZXu3ilok6B0qLoQyjKSrIMrJBsZYluE=,0
nYd4mEEsK60rSTVisodqZ0EGN4xGeq7hAZjFHlPIeK4=,0
pIIhnu2x3YeMWnS944KB8zlt4cSYWGYQXw1c76qNYfY=,0
J0llCehWi5zqsQYjRa/9U3tBNj53CDfwVu+70GV4//E=,0
BuiNkIDfJjI8kPHrZT1eERkDZ0EVzkXN+R6W10piQWI=,0
4qTeXkR0VrUf3vemGBewQdzoGO6QKPpj26KUla3kJV8=,0
cLvC//hYET/oyPsOv/bORv+PHjpWCTKyO9bBnkXvs/0=,0
JQRzxHxNWFdIyn1+ZZDbIZYvPYn7eJuIQ/eRkZwojhs=,0
eUDf4OBSqJVJg/d2hxUZ1g7mK1u/nIB6N8Ib73d7Mwk=,1
7W05FgWVGJkPBMDBO7uNADuOlyBkWOoGZ1c3Q3gGZAI=,0
fnJTkpOWM+H8MWZk/a3ILo2iLbrE/ASc6EYxS8yCreQ=,0
0+1xHTaJ9FUag0LE8BU0vmtmq746iIbwgIXqiQe5W9o=,0
Ctkeq37VWj2EO0OUip+XPUco0tgTcpAvuZ5m68++GQc=,0
8gf+Ykbq+u4RmdwyV8TSiGdBPAF104xFl9dKVwLLgTc=,1
vne7UljIHpLYjApZDPqghJVOSs/GKTKGo1OXms7aZ5M=,0
CRlvYULVFEFzkY087LFuqGowzvQHUjet51xk/V3m5VU=,0
sf2MPodMjAp7t54Ulp4Dv1RfqGUbrsohh1ywjhn+Mt8=,1
xqBfOrsaSpXS5cofZILlCJ1ktvMZN8ja9eUIhkAJ3f4=,0
upAvVyXVdnlOLytsYWanvOZusna2KW23G5LEhYSAdY4=,0
/Y7z7HcZ7omt1KX6CIj6CSJU/kmHmcZc9Ahh3ejJsGE=,0
ZXgX92K6ROWqYChWVroxxSnPazmWPF4kEOwdZHOp2N0=,0
g4P+7SOmJmmcWmtgykOzEr1bhGDIiIpjXx4sAO6ygKw=,0
wIjOEDULHYSA4nPR0sWnTZWOCtV2XRpkSEQAo/ovNMQ=,0
CxZgoyh7A7LrZnzDaczFTV65bHhGpW7dg24/L+eN/JQ=,0
woiB04Ox8nbhNKv/HWfgyR27kMP0vSq+ok0XisqJ7/U=,0
h1Zdz/pahFdi6md2sbA7laIn7VhqtVGs5RYkp01g9ys=,0
EizO3Ir6MrJOZNx6va2Ef1uKyAGCib6EN1AGzr7ECCg=,0
fHBhBbqAwj8s4u5ZQG8J7Phe4EXoim0dgJHkfdqzFuc=,0
M668Wbj7h46R7BocE/mlZLxmz3vbbzanjXKnj4OyBsc=,1
RMkCES4/odKKhcnSXBV7+fOb72xwDgtf1NDjt2BJreA=,0
UqONnKW7MtkWDjvD0PM7Lfja1gTiMWxDWr71A4/dCbc=,0
S5D24DntmkAvqFTU1gsjOPLSviSomHnDHjB94uM1oHs=,0
W6YksGI4DLTIX35i9Y+h65DZ+GscHcuUe8Gw48cYyb4=,0
7KvQ3eDOrNRIH9sBBemExfDI9BlXjYg9bwOnqYoWezE=,0
OZnGnmOORUDs4eo77PoLEGGOhRNgLfs47MCncFhaEWw=,0
E53GWveHEUbI/x1rBNsI0KfOjx8d5TaQAG/tBwrjlXM=,0
WO5smNII059Db/w9H7yV3bv+BvmhE2UKGCS+QOtcvE8=,1
SNTaOpe5iKyYElma2HW423+ZpeVqR6fwS0ecimqs9ZE=,0
ZWiJA+5tFUJVxmzD0+98Yi+X4qRHPsmQ8AnZaOyB9FU=,0
5XW5tRHhzSLGvUxSIu7HJsJ3kBLSKx7h8gRouvAr74o=,0
ZWMCfuluhZi6RtN4z6YCq1aIPT1jd/Sdd4TzUEHtwQI=,0
dAk0hpoDH97/zngeAs3bjbYVtcNLFh0l2XyhHfR3d1Q=,0
ChOpRHQfV+Yua+D9HtEGjiP162j+zVHmA5jKg9k2eMI=,0
L4VuRnPnuvAlaYLt2378WJj1jS7Bcu7LqkfS+83dX58=,0
CHgVSyeEH0hf0kKVCdMbZvr+WMBtCeG0jB9FKT97Adg=,0
/3M+ZH/odfY0OBxqNIQAKcRMM3tlb/jhE0L9QYa46Og=,1
3A3fpU8kU0vnHhBZotRyye0OnOXaArKAPUTfHZXu4Mc=,0
FgAMZjpbEu/FCc95FEm38kcK9gWplPZqDdfLiRIeY8k=,1
0uLPfl6btiKAWNAwJSKyoMqYkDodPdYFOZyF66R4f+E=,0
f6BNf64x0riBE7KSeMnZiUSpIPONx30OnU5rzgZPisI=,0
dMXXc5GZ9bGzU49KxNFNTQdBTWeywTAQeE143JBNXYE=,0
viaHqttXZX4zCqqpaBheWuxubMs1r6KwcuMzNU6hfHs=,0
+iwAPr8I52jaxGG4Kq9apoAqMTuYgoWfm8xI05cFiok=,0
NHRDg+oMV9Z09t+QeJeAtees/NesP++yYHwwVn+OfrA=,0
WSf+WOlO0FW16OFkPzbBfnvGR0W+dJFGlijEcMbWgZo=,0
iQ56d9g85GI1sqoKE2O8wAVLO3UMNUCLlEATOHmykBo=,1
fByxgjen8I23KT07Jl1kX3VSYPUaH8RoV4ety3x6DBo=,0
QI1mgGk0i5BeNysK+JMTZ5C8e8VqpMSlTFBQFdBRGiU=,0
ipeRtAlL9BbGUkEEGgkdiORMjpk4Pzf0qwdGEsUx4Ao=,0
F1wzL8fddbcILUWGLlM3SQ2mwiDfdfz8c81SiYBd8YA=,0
RezInwPOCs7QO2h9ogo7vzp0Dbr9DqWkysZE9tFtfHI=,0
x/EJdz43umC0br+Y20UgBtDEMr2lYXX42GYuv8L6qhM=,0
/dVC/Mh/QJrSi3ftai8xxAPrZ64h5cF46nT99wgHrJE=,0
cY8Kx29L0P0N9d9wvo8VaUESf9uM7xImnoiy07zEqMQ=,0
9xvHwLPw0xEbSJA+3ucVAV8DkrclM7jQeuFhMPAPh70=,0
VGWseWXKUS/Kw7QrwLiMSVor0iQaFbttRc6rxYt3da0=,1
sj2Lg2tJHfFZ9fx/eUXEX4nMT40ZpHkG+E2e+xmUfI8=,0
XqBJxNQw2dHKFLW5902OZmPLynsEOJaQGKueipEjdys=,0
ZrYM4Bg1n1flihTL4yrxwL2vZq2G0NXHxSKqKySPcsQ=,0
qNiP30whNSP11F3C+CwAm0B3Dgl9KtIEmeO8yEDSGus=,0
gYvFlA2cC8OheY90vKvGjZIjCtq7tWpFWV3+Xfy/Hvo=,0
JV9kGD/X5kiPl9OB+t9otYxOiYIoAkcYImhar3hVZKc=,0
O9543F6Rz68CrZOP9XdMJusTMXs2cHDgo/aYEX5aLkE=,0
fgMot7tta5WJYMOgsxpsmv8JftWlIBGbjLgw/Dm7jqc=,0
NyAYIz7oTtQcwFl8vGUrOl5RXIZZm20yMOLkVGiKrLE=,0
O2eBan6BF3VfkPJ/GhcVbq3WK/TFHg3LewB2Kh8EHTM=,0
dUheDqOil78Q2jKk4OWALp+mhW7WjHzHgHbUpe+LVgk=,0
1Mxbfs5TBwpQ0j/8Jd8r7lspCIMZZ+4okIKjeehiDu8=,1
LlK97QVlKwVB5WIMIR2GIaDqcFbYIB0rDvPMJq+pTMc=,1
3xDhhmKSo/73L5IaJSOeGTAllGBrkG6+e/81R4Zayv8=,0
Pxw5/ld7EagrdqGuCCaAt2s/VrXXiQ459nbm0jGJW8o=,0
39AxsY5rzLJWDKOeBLb7KlgsOO1RdKQx4Cb2y7lyCNE=,0
qW7S7EMFTgd/Hz4hwVOj9LJxS/LHUPR+vcH/e5OVSEg=,0
C0WA40zJ8x4f3sJH5mISRvWQsDHbXJ/Ei0R3ZOF0/aI=,0
MtAbuztTjfe0rXlS9OGmC/+1TYo8dOo0RHqDys+E3M8=,0
M+pXF1EYGfz/XXLq7hWETBoXuEEDmKA6wHJLUuMFtyc=,0
cZziWCFiaHRqyEKbr/i2Oe63ygkM79sfeHpIQHb79cg=,1
BxcGRMx1S6BZqXsai7r5ERH5XHxsuTjG7Qq7tgfnqPQ=,0
+Ma2//muHL+/TZT8nh1vyT1/msUEOQNYtRdYETzgruA=,0
abrheAMsYkK0ign2SQ65VC3AVqcvqJrRPH6524gH4LQ=,0
dT1XvpqvdQxgBoxVIxwTM4487orqQ3FNekDNAdPazeM=,0
iqm7AaWzCpfQbO7m6XE2zZtZePQ0/9HLvQjmnE56Nl8=,0
NfFqqN6sodcU9Odxvdb97mHYOFI+15RUWv/i53fByFk=,1
SDUXL3ElhrB2+hLJo/It4PHwYwfk4hBJYeGQvWTT7SY=,0
sY90t1Ffn5DW7YhW9gUwVxXPPfUTSPWDgqakP05ha+E=,0
04FYu41djMe/GvXgtIirPol2Z0x740z3+gLRLD2A+2Y=,0
p51H9Zqee/aHcoTjO71HVWa9pwz0j+q//OAlbUJhbtg=,0
lNrBCYJvvAPOJUrriI6uHZPk9yWjnGCAnn4Gkcyf2EQ=,0
S8gRKIEpOOoEIqXAjzyHDrp1GyZVQ1pKy0hFUv2LPGQ=,0
I9+hJYnI9kSPlHYTdW9kvQus+EYJV14Fz8Ha6SMU8Q4=,0
6z1PKZeDPnfqePUM43OnktCIbpFCLi99fTscEuuoL+c=,0
khjQbp6hf1UiybnmXSaA7w3Gt4Is8Pn8P96nrLnqBlk=,0
HobkAM2nwosxfttL1WZMPFM4NsC4lU4NMMDbvyc9ERc=,0
p29MGZZAc3tFGvPN3fpbJAkCc5yugTEUKcwQCLrNX/Q=,0
lbAyVuN6LBVrofLel4jdRUvFhiybN3F3xas1Lk7P0sY=,0
Hfuvva7Lg/fn2cpGAL6sgREYyq34nmRZ/PUOHIR3+po=,0
MpUJT7Vl5zqYPAcn1UfAbXl+om8c87KRxW96yHPN2Vc=,0
zkEFUYWrayEaCggL0WYEXVyE37JNp7Bj2Vxe1r20vf4=,0
LssiFAvMxT7HoCDDcKdok40Dd+ssfwWEsFtkgEI1bIw=,1
Noki4OZzv5yh+dMcpX3fxqh9cerLVJKy73LkRMIV3lw=,1
yWiTRoCsULrciI6q4k0baq57DZQ+UdsGCCnYuIIuAms=,0
tO1wWwlUjHcM6g2d/TGf3duOctzQnz/9EZEosJwERUQ=,1
WmE4rPfXTW4cHHu/5/TrRTpGYhW9zpxO+irbwJnBDcs=,0
RrqYqHByVsEdTaFMwDIC5utqScD5WXceu6zBgcUyIa4=,0
Gfc1le00VGT+gqqj+4UdpSvOZxSqT8RR55ylzOq45Vc=,1
+yhKyneiaqj4vcH0xE/tAqokNEE4SsvYMbsRfOodtvA=,1
0c7CUD4jgR5wbhX21GzR0WKTfgYEznYPBcJQzWGL1TQ=,0
LxAO4r5V7IrFnZ1x2DHmo7YBB/Bd/T7461Zhqbq4u74=,0
OTP/cDMHkCdsQ10WuxXy6jlHaFYdM7sVOHe2SHQz1co=,1
R2KuLWcLXYXYaGsK+/rtbePSg05rHH12o3VghYEl/dk=,0
peObFANOuzfj670lZk/1nQtSC+CaErZINRxfPljC+po=,0
7r9WvrYD9mmdrgESFt30c39znqfsSeLIX2seboIjpuM=,0
7vSRJtmc2FOyjua04vra5dcvparooFBez1VcuqQMizg=,0
jnasza2lPtNVZPQaktAIklfsNFnDb7pWdQWkpLDL3dg=,1
jjqhsTiPzb+W2rTDx7uGh0yYJSmeVDjl+BHbvUKWygc=,0
gHQfZ4qutob92PAOp7ZI9I4Ix2BWQClMiZ4ffwXgS2Y=,1
nQ5pfr8RYQYIcFjeg3mOHae9UwgkWY756+1YuyuW7aw=,0
StwQU4918ep4poJlkhIykicoAVie17PHwakWlhWyWjQ=,0
hTHAz8ZB8vfcK2oK2Rnsv9tu6kE1DmTL6Gd+XWj6CEo=,0
idej+/FovLRFjZkCulKCwmcdK51XVk9vMXad+daozLU=,0
mo3MNpXTzChdx3BUwnP1Fau+BgDZWNM27p4vQqloCrU=,0
+Apo2Rx0jU/W4JdcLQmAd2YYY+Pb3pclhmg209j4Gak=,0
wmBl5YsyIKxqD/E8ACCTILn8w6N00WZOjP/O4PiVlRI=,0
UVAAfVIebcpEVMRYfrZttypW8oQ1czhchvCd79cI1qU=,0
9qKDODqBDTGrFwH2YLYKepmMjH1dIeXvCe3lQ1sDyvo=,0
O09IF/UyoNmHfK0arC0XUtj5Ao6TJo9oYIlECQAlwzE=,0
xMM8UiC7KBYgZBjE487RKKzZ9bWzCbJobH5AqBWvbyM=,0
0blIkJHB7sYbIOehTueQtemXPZXCk2VSk6sAIPBorvM=,0
sRhLR6P5WYcJX2Zr7tgPEDde24kr0NfCS6LAWToKI/U=,0
mpnCsnWPJV0iWudtTQifDpgI7vjDdg3bebHeMYDjMX0=,0
BK5SnMmlUjslIA0IZlzxpUyBYlV7tFzDwt8prn2T8lY=,0
yAq3wd2deO9Z03t4aYZcJ9Q13j77/91NpHZAkUlzsHA=,0
HRN3XO1Lsm9a5wO+KnY6I148CEqZuuNaZOnYP1uQlmQ=,0
Yry8eAZzFqVFbke8F1nH/a8of5K92ucM3LF3cU3Enwc=,0
Sc8q86NbXEzQybmudPr7z38ug6IQMGquzb8mAC8erg4=,0
PvPjdhT026Jf5geX7G7eJK9pHyP/ESw7KvNbzexe8H8=,0
+cJ7e6Cw68oM5MZW/sang+yHpwU7syUOVwJwA/bJfVU=,0
rMlGFAUA9/wfqFf/Jh2aq8dtDH01pIMW1loCiZE17/o=,0
S2QREdgDybEsnDxU7ac7OMqBEQCP0uKdPOjqxgvbdwo=,0
QgQR35nxLy1reser7TBm7ecdM8pr8NIzKx6Ir04t9NQ=,0
jMu4n4nNcefjFU94iBlUqSB0yyiIBDRT3z1dbvrdQOM=,0
qRyWE77VvLNT3sL5bQSw5X2EVJVV7aGtU4OgBuq1i88=,0
aGpFqA1ztN4FbWWV+xH6C7WQCiomVTcX5JMT7HFBdDU=,0
Q6JoxThb8FbDCj20Bzm6sS5bU1RnL9bPuQloNvG20tk=,0
OlMuunYzJZUsoZfQ4VZqIX82nshSN1EgHsXGNypfOCM=,0
Mnu9caNtdRezWmzHuv0kkZzqOhAIxlTznY5OR9xLwt8=,0
9GQ2E/ZFVKTDt9D76/sA+wRtVJ3LLhLdZ6AjNvnH1zE=,1
w04ch6q6rAqRLT2SH2MPXN2eiTmUmKu4DgWwSv1fCqQ=,0
JBswfRQc6fXKVdER0e24BpyZ88uZDfOBLckLhGop5hQ=,0
7eK3eN9y35NyJnDZ0hBe5Diunk3V1K0fpSmr5UdtYBw=,0
SxnnhG97wsKLmKQMevTJkfx/huc1M8HOJS5NouoU8Qw=,0
JvnCAjpNoBwU28Mmx5o3AO7A45X0aXWNVIpUFmgolqM=,0
rNbxCadP6TfZb5bTy2prdvWQYhM3ysSXFHops81N/KA=,1
trYSwEc+eFFEKnSCglA8MkZg0WC7PeEHqH43fpawQnM=,0
eXLSKattl7yePZiswVI0MYlKY5vu0SOW4mtZ3X+zafw=,0
Y6r7A3XggsGBtrmth/RsSdlMaqfi5BlCn5SiMHttPWE=,0
RAShF/vYHyDhp8JskTxQevoeAtev7o3Bm713STO/L/w=,0
jL7HxPI0Ru/AxJ+AQx7j12mzmUuevnue6PISuN7jxRc=,0
cvTaFqZkSqFDPfkgu8i6Pixv7CafFv4vBZY9haFZoN0=,0
+Ldz18RDtsdEeR+8nmUyZRH4UtLcQWT7STqMZNfYIl4=,0
xpHwvK1lTbkq7ZHthwkeZA75bB3o01oHrWlaYi+zAIY=,0
Okud8iuz2n7Gf9TsIBVdz5G7i76XdbfYoMaiu4VIfNU=,0
wqU39al+VyZY82sdd1mZ8G5VpB8JaC/6ORn0IK9iaRU=,1
wrJcru+EnuqHDdV2r0L932RidIOHrItXSNkHhVEtc1I=,0
i+OLnkqXhYyv3SNiM97hhxR47O9kPAHg3XMP2eHNCgo=,1
tQvA5J9WAa/qxEVW6BQJmt4v8Re17ZhCb0jxGP5Rhhw=,0
h+jDdcYvWsP4qkc1RNqVOkVUaIxWq3Rf6cZQw7f8DhI=,1
5CIUe/rilWErWZSP42n/OpIOFXR8tTVyIQWA2XyUr5A=,0
fKjqgg2NVtNC+L9pMUN3Nc9DZjkl+avU1XzZYN9zp2o=,0
b1VEnDUiiGZW55o9vVMn8P6gWJTpQoEqmsvepU61SUo=,0
Au/gSVus9jR5eORN2kKnc2kmUC7V4C9YH0fag41T2Do=,0
4D/2Cdi31gyyXwccBfhNtxwVU3mAqab4illX60CrZy8=,0
k7bpFO+Bqn4cFJiGdCZ5VMF22Ip5g3vZnQ+o4V0OuM8=,0
ofs+3HYni49KJb/1tHzOQ3yBC+VAJ9LKdHnTufTdeDs=,0
TFkvKvc4e1jXIfRUlFbqjwfBj0oz/4vWjlazYiDi9o0=,0
vC1dJgz4MfLX4HC0M7LP/LdjQYU+RQ3E0d90ogny7ac=,0
DjJ4XwJxigwq+67E8nbwZ0TyjUDIDMFz4R9IHpxlgi8=,0
ufZoBUzO/Y1f9eUL89aRKdUlcv8Xu5Fbn5LMwxoy1kE=,1
awATl3/TF8ROjdQ9jjIufBGU/KLrMl/fWLuBxRvaTyY=,0
LEx6YYBDQySl/HfXh64dYvjSTbAUoiDEBNTuHeyjvBI=,0
0uzrFH1wTNsP7lGalxJquiMzT756+7XSRYigDf6d6ck=,0
QoyGKqfWR8ljO2nKpc3EsYcReEXoqKGb4/A0cQpADbc=,0
Z1Ytf43zWSl8WTzZQ9wHr/ywqTRlkEWcMnQ/qGm2rKs=,1
brziSWgRAVz3Fq2BjyWtjie4vBa15bfeRxmFo5YkeRc=,0
zCT2GvcziKFQF1yF+j1eHVnQEYUcli2rss7SkmlOddE=,0
Pegr81hU1TgbyQr6xRIt7dRUcQyQl/whvitHCHZyjkg=,0
3Gp2qpB374QbFyVDtFbX3irELPFAlo73H+4aG+QjmHs=,0
8hpfJeE/zhqh4Vh90gCsMA5yWnO1JelHkrn6wbAEGkc=,0
d0K9FfqMswKlNRr7rOow/dC+hvqvZJSfItWp54BSKmQ=,0
RskjPHd24T3B4NXU9c6Ou2v5ZSXg5s3X18oCE8FvinY=,0
ZkFG9TErxf5QdcF9T+jWAF6TurWeN6jK+56M5lsvfhY=,0
bLSWClWbtBzpaUzjthZTZOkqHuEq57JWBN1hqDzjwfY=,0
Rkh58CPbZBcXLhilOkYDTELYk+Yy0lAAIZe1wJMPdms=,0
KFNCra3+ZNuAecnpzQv20oqVjmryscLAxux5mbLxruE=,0
AZu9wnIskLL2l9U5UarwdhWqHaygGULlEjuQHkKhYa8=,0
PRUZu0KIrjiv0lm+KUjm066WIyoi3GS/ExswBZNtwws=,0
2zYSiuqwhQmvTt3DOWJOJEak3xLFI8O/PQOFnsKKhnE=,0
jJYvRfVRcAiLu2hOiymbgwTnIhUQ7jGspH0OhSAjAhM=,1
1tkrLRTNgdpyrwnzm5/ltvbQ6QicoFrMbz2Vpsobkxs=,0
BrSxHawiGIXJeFOufHWqvCEYoti+6Z7rWlCdOALjmc4=,0
TP2LDlu7NtgtgbJ4JaW2JRykHqSlhXKIC/GVzMFF+7o=,0
O85fB+VOtmv/wJjsVjtH4hlYHAJPouLnCi/XOCEvxPA=,0
IkkuM//6uxaOqXAZEtVmmJNc6RhgkjSE4WKDKCUYz+w=,0
eb/5zgmq8b2FBVH6OixOMoC8HTBKx4IEfFjfAF/GZyM=,0
xOE9ZGKXU6SgZQEEZv8N5dp6ZWxOqngrNrWPdjBO/xM=,1
JsSQoed+DRVRIG9MqDiTr7Vlb0GWns54YmKvLGxXTa8=,0
uRyRd9scGpG6wThVaXdulaN/L3gs5MDYJSWFcF7kxec=,0
4zG01PE6cgyq1OHJ9JyEWO3fGrKXVWZB7iWKLWKpD5s=,0
Xeny5IATNGC5w4I7wMcjDz9M13No0YBtMESqSI63b3Y=,0
jTJnXVvkznUX1O8aumu9f3OO/7d176wo2ohBFgLVK/Y=,0
YujR2wGuD7hHTVS04AqdkLli6Qys4DbD8ImGq4oIDKE=,0
UCFywx+4muEXXCDVN+dnTr1VzChI0EDytoms/FXOgQ4=,0
skLFbL94N9sX89SayC40N/LfoGoNBl9viI0/5Eipy04=,0
PPexW3qdDqdDMWdC6dskCQH84uxRhXVwBDEzSZ4BhKc=,0
+hHzrZTkI60WffnfDU49LC7WBkq1LljxcqmFO36aWns=,0
lJTQ+FDNCqFxbG3jdN3aDDMoIvFC7GrxqYceV/y72hc=,0
Oz25bRpHrtf/miMwDpT9a04kunXSkC0jLkoG9Dftjrk=,0
/w3UYxzhSGVNJnV9v+yo97RsuE8FVKsSijifOBmOWto=,1
b6llG+6Ws45ZBVBluic6yih6E11y90iKXnbstGpjdvs=,0
r+M6GCcbxEqURZ1Fu5IB3sXiTP77KQaHW/nZvS/S/+4=,0
3rg6RX421S/fKrAGEFlohUz7Jhlqtp0ntErXmatE6Cw=,0
WNvMOqxbgc4E/0DHhXfvOmc9DPSH/jHvZbMIrI0Y0aw=,0
vfXwMSmL4umPWNjy6UPfw+lWI7Ob38FGdrmVKx47jk0=,0
WiOGw67XmCKqrUfa0IgFrVNOswMPzw9iMEXsw27Fcpo=,0
zsiu2bF3R5gQVHZFtnAepmDxLpfBMLnztHimxDdKkZM=,0
/zuct1h0e6xxq7LsAihNxJc4w4cDl0Y2vh1lcXL+QJA=,0
Gj7VMOT+5mPN18B9Kc8tB+9hdMJcCuAqFVpLOjMqfyU=,0
poBkYxUG56T4CMKZxL5+xDjNG6cSBJoBajssREc4BY0=,0
gOCYuBew1tmMUEuOW2ID9Jx0b41ZftJlyYIRvhBYfsM=,1
D8QVULK4whqqyWpX5NY6IsiqNcgN5VQk9MYQR7iE3ws=,0
IzwyWtpWIhg0MYPp34+xu8fAA14WrzQNhLb0glUArzY=,0
pB7qi4mAnYZn1yPEGEcKIVj5AmuVI/WPJ1JZEmgqPXM=,1
PgajkC86hXIyK3f7sLQC+pzDCmkob/b5ByB5N16iz50=,0
z8YibWISmJEF29LpW7hApB5GgV9pRsjOIwGKRt3MQ3U=,0
xDo47kmLK9txSlQKPsyhsOkiobt1dHwzuBkSxHw4Edc=,0
jgaeZGsjGWWx3opj+MIxY2oiO/Pps1ny1yJ0wyBfNd0=,0
9a7VB3KnD9+Jvk8NKD4aKewCpjTZ6+RaV/nGrG1/bNM=,0
PYBy6x67MGv3EUsItlVJx7ZM63QFRba7Ga2IcG2r3Vw=,0
ZboC5YHaQg5dhnQe+l/TReHkwKEQ4IQsDRh2YnpKINQ=,0
w22mnXLP5NUjN1X0QgelfeeYEIl4qEsvlbt2riYRJZA=,0
LA1lb6VTIy7O6m/pExibVTBTK+ueJj0/3pEUl8MW7rE=,0
vwAeOZrNgS2MlN18veE9zT9U395xPsfPN/fIIWjlz2A=,0
zS0RLzefJEHnD7Es8WB4eMB70MSQ6eT1mjA2wLFOYXs=,0
mWueam2i+iTsrd7AsdwS0YpBDSqCoby6aSj4sadHS1o=,0
oT8MYHF+vNGstCZ/kdIhX0yaOOMMZ5lAEwogNx0cW9Q=,0
3KVclxSkkfHBU12sE/YS069ZIVsllGxBQubisUR04G0=,0
Bl1O8F0G9wo8/IqvsP+tLArzRKdwYxA28W2uw0SEQi4=,0
7XXoZHEr0FbsEYNtWslMGJrgyyiyqFfEmwPEluW22p4=,0
31L853zgvtvxljhFQce2BH2omhIezqoNh61Lg1+KfDA=,0
pdaA42+wqb9ZW8SzU1m71eNLd+N/mjud6rmAWCgs7nM=,0
PmEC6aeT6qDrePClcV4Y46TaMFNQz6RKoFiZXi76O2U=,0
iHTsEcV6Qbap+u5+ZDRyfsKDSFRsS7l1RkkOCV2mcZ0=,0
UmEytvXGG0AETnqMTsXfXFUcidiYJBnxMN9LFs/QZyI=,0
kFaC12f7YCySB64WdKBwmZGKhtrEpHO+Jb7aXJvbiOA=,1
vvILutYXHluFRN5OJvUm/Z4Lb0zfvbLq0gxxjeQM0lQ=,0
ipELUdpHHLiAMsqUMGx/BMWBTv7++1hAJFj+uhDbfRo=,0
VnfnfYQC7fp0BG9lUFTCJ7X1GlqoyzIlPlzeCzm4qmI=,0
pbZdbfzV2Zv679O9Rl9hmSYa2Wm16Yn+Fns3PcXmdnI=,0
4RACjWyvtb8BXhHhXbcfnl7x+ucYn4UiwS6usBztdFs=,0
KrcDJtOBFgzBXDovNV3qSgsMi9T8UqWeVGtJ12BM7L8=,0
QMvWDdpnvGE+NMWvcFaW2K1oSo0RD1pJPMAyDiXxUGI=,0
77ueoZyTheYFd53lvATXMwfKd0ll2I+rhcHUZ9ujfi8=,0
ozcGRap+2YP8Xy9EeJ4Pwl/Gfxs5Js8txhojctg0tew=,1
5l4ZHUNroLGleDWhoBZkF2HS2gJkEm10s0SUvfaZ7zA=,0
8fpelYss3QIn0lIeX3z7Ut+IOuZPks5WkFx+Va7Xk30=,0
UOlulw0WsNdAifH5kdwSUvkHxRtBCwYv6TBnACEqKHo=,1
thx61GUkT14leLhwb0JRlgP6xX6bhB5cRIQqTRg9Q7w=,0
/GMxF35GcMBb0qefRsWQRF8QoOqGNZLoXAJusxaDfVE=,1
WHFuXdMHvlpnTTYgXddpKT8/rzK9vPnpA54lMKReDAw=,1
slrCbtvdzVdzZwl7XJXtU2WgU+C6hVBDszOSyt5HDlg=,0
GRsiTk8NczcejDsPdgV/ioHapzc5hMB7o4IbMf9ldCA=,0
OOdeX+xtqYgGWI6K2dKX5ZdDR7zjkX5boIEk+kzhc3k=,0
kvmOd20T4LQv9KibML4KUJEQPF3kmQ0LHhj1qmMsLYA=,0
gUOUVzd3rvDYfb1rIxMpxFTSJMMrhAIB+j2t9cNB7V8=,0
zeKLdATj+4wgEFF4xV2JUQqGoR9D2s3iJrPmKMlakjU=,0
sGmGJbVt/0I2E1UQ6x6DnO1eAyho1SehcoRHh/WCTxk=,0
FfQENYGLLHTpTIckI4/gRTtBLdLwhMdSdtXorckD9dA=,0
xFeRG21NM0xHeqw88anzIY6wsXfDsD5m5HDK8K2Ghug=,0
6JkEm2sgvAGAvL3F2la4CS5NJCM0yLdymSybQjSuVMw=,0
8c8/mLK0Fk2RwyQRF3Swcwncj00miMCLfdcZwRKHH7s=,0
e3If+kQwLokQ6NbW0L12pjeRImxau9wb/oxk1MOdGW4=,0
Hs/vhnnAv6qWrnk0WCGnAT0g94T214oFj55xHKJhCjc=,0
sDp2gZByuHhdJf/bLl7UCWcujTrXONlR2Y98NjP/hSU=,1
LbJFPcz+fQTreHxia8XetW1wdt4Ez0Zgco6d4oouP0I=,0
UUOEmD2ctnFWQfwpgFLTqxBqxlink+GplXcM7wkz4FM=,0
UU0fc/7InHKpN72FjoenrO99Z0EjlnB3a7f81/m/p0I=,0
8/jNf0r/Fts3PxUh2N7lJe3KDY7swSLRe6cgsWYveA4=,1
6OS6HbbOlDQ6Ygk0XdvaMwtswHenRFIcPncoQcRKoqQ=,0
iL9IqFrJESJ+zj3mACHOe8oJ7do/vRkMVJiu16rp+1s=,0
IHQy/Awdjgn/PLEE4Zsg9e/eJXuEdwF9o9zkYYdO1Zw=,0
KF064qAtYtW6sXJVUzFxt57EFkvpXlkdCWqGe6iziKg=,0
SYUt+5YljO5E88I0HpM1TDCnXTUKEL7AjD7xXDGNFNA=,0
lmSxxblXVI8qIJBRm5YxHS+0Ktyd7T1mr3nzCJ8fq2w=,1
n10nzAp4iJEmRQlNj59pZRgvNN4haBD9MEymjySeOOs=,1
UIuqWZZuHny9EE4fVrTefI5CEUJN2N9sg0AAPmddV9c=,0
sd/i/auTrzRqhJGJtD0Nv0CXrukWe+dGrAZRVLg4cGk=,0
tTmGbTf4Fe4QTE4AFZRHbhzEONO72gskAOEPds4IXNk=,0
iz5kCn9dgc0LoZdcINlCX0npQ82r/ctgwNoC79KL4PQ=,0
69elY+Kd2WDrFEL8MTqtArkoQBBpVsmrlSlEFQqTQnY=,0
pYSWaCYsHCnd0cfxETShEe/dv21JQmV59V0QwynnDjk=,0
VZiqDErniwQy8wv+vqVn2RHFWzi2QmUpdGqplEE8snM=,0
BPniUHDsPgeImC8uAgZSsXd1TDuZAmIO5euxlACOZMA=,0
hMcC0eYoKkg663dlMItjMWciS52ldvxWmpbpU3zpxTA=,0
w2dNpfB6K/q8FLpDshiT8W7Evqs6cR53e9OujiNZwk0=,0
pEWU/1cN+Sfp4WmzKhtqhhiQD+d71Ii5RMLiN7GE1yk=,0
jswzPCtoboTMUZXpv6VQAW9MdX9jSsXrVrdEgyWN5p4=,1
83ojNSoi26gn9T7fw1Rc9ItsxlnUKFHVAD7eG3wOa0Q=,0
bV7ewverxIWu4/BgXBfngDGWfG8SyqNCgwaAUGUp5xs=,1
trWnN5C/BmaC+YZMxxvqaW/HC1F2UPFYWjbCCxhS/sw=,1
jl+0xME5s2XjRmAheGRlfWXKyl0e48svw7wbDNRz2pc=,0
W/BA0PX9r6PHGY6PSpnKZGvrRx9LxRKCTCeFbeP4OWo=,0
edN9Bd/UfJogm+HFg8xUWZU0jreOS9QgD9lMDKxBEo8=,0
aXaNKoi0dmVvJVa4yWUNrFey7UaDCN6d4i4FiptB2KQ=,1
O66XAwRCJb3EAPfg/sr4QXQaBPXsjJ6mQgfO6PFwdDk=,0
IK8rFS8QIq5U17lIq4AjfEtvrqNnJfltd04Wmffo34o=,0
STX+9uvqupYlMAexmkTNaEiqbhyLj/B8gegU/VZMPcU=,0
N1Wpp1dEY12x6g6SNgf1Sgd6tR7b3OJ7YiMFHYhGwZ4=,0
6ovQM2EFTbDkHf9rmjo3LOlaC7Fqlay1WlzyARcDG9s=,0
0PNHWluD1UJjYl7/XVLM5UrW7gZ0RlB0xqkGFT+Abcw=,1
Am/46UoCZDaSRQfXPdI5Bn7jcVcmxBXP2vIrGnZoS0g=,0
caMmrthH0R3HK1p3wvzNezvHjfPqTr6jK61ofbOriWw=,0
obN50cFFh1eU49Lq0HUyg7n+wA5fo7t9ub5Iof778jw=,0
NZVcEvHxl8qY4Z6mRU/Ue+25KjDyTVye5QZkPJghbvw=,0
lFHWPZSYyg81ADcWn7qd+aO/qkRLrSoDZIdyAtq6x0k=,0
5o0yv9QZQ7THRGZy5YDuLWOhwNPskbltMxhVWUmKNmQ=,0
4igXztKVKqF/axBg4o/13JM7xa3UZ0XN7arIMsSxyTs=,0
p9Yo57VViJibaAJwtfEYZva7OlOlPvK/FEsdMlRnyFk=,0
d/TlRrn5p1YLQm1VgNooVdJ/LKeDuETmLd0KmmsgRUs=,0
eaggkFZ9aUhistCo5POe3EHaMP2VfEXjLyCJugdhSgo=,0
vF02yLgXMlinySFqnSJ4zSgHWLDtBSf3R0Bmp9WE9TM=,0
MDkpYUocG0Fokr/3xcQxjSW1TdD//CyhbAeZu7XeFbE=,0
KGEQJQ3XOUEMiX2Ta11j3vwWHGjCAQ+hTcXRDfbn5C0=,1
dsBBXmgvr6i1wzYVRlg3YZCTgcoAb9Nd4vL4YI0ES0g=,0
ZB3jW5An5X3mXDlXjmh8X1Pdh9FRAO6hJvV6VtLWdM8=,0
j915unYgYP8uSVKACCJhJP+EmIkVPU49Gqdi755EVvQ=,0
sZu9M/WDqDDb0TWgLricQY2IcciPt+3Am/xEB4C9/Bw=,0
navV1DRdL5MNUBuXERVEUcIfpzN1x0Lx8fb/BI3EUdw=,0
ixpRvrksgszWxk6trKNSLpZTnvHIvsXzzdCtMHygDpU=,0
4i964y1YHDMnKyREtRvlLpI8NtCwI4vMbjnLP9BgrGg=,0
HXPa3RbO7DszkRHmk+zGJ19m3akG+eTqAtxj6e3arrU=,0
TzhKxyhOEGAqj8wk5o8FCzOBTj8Xh4Wv2j0Fm6JIl3Y=,0
UHBG8rfTIzVzV9Ui+5rd+dO2xdOVJmPKeBWnD9UO8BM=,0
aRZz+F0Yjx/46XowocIl53EF6hjbQawt0lNl27cahBs=,0
RGNvc8r0mFRNOWl5xNFfL5fD1VzHGbin/nnDHIhM+7k=,1
PoVJRqqng8IGXTXMZjSgAcPOp/22XZdfag4Yl4q+pMA=,0
bC49mDcqh20ilzChxKTswj9cjCHoDDCDYwaUKVJmYvM=,0
zo8B4D1hXIzqIEvkv7XYYbqbDVPwoBCxz4n/G0WNDB0=,0
sg6RQq3zdgxp7rhgwELBy+xMci5dBBxa2Pk0ffEoIc8=,0
djg6+8nHWpZMyKiMBwlb0x8ARQLUZ7XQulmnmZ1YAwI=,0
hYGTk6nN0pGAYdO8rqhXBjhuq0LH0UCUgoCO7NJl0mE=,1
e4M3EUr+tLnBKkwKhv3SQqfGCB0QnsTQ/UVbY05/FxU=,0
MGI2FDgMQbA/Zp7VCEKQ2NJTOpv7BpVmmQpPsAXtMDk=,0
hvtWoyfgj7EM1bSBY6EEeQ2IkBV7nJVvFlRTDVkb4es=,0
B4BEHEWxtcgUwe4M/Lb+d9aRB59pDIGYRShXIj/egTU=,0
j2aXQviZbgdjuhAVPc5jDZwJuzgmSl24GmqxA6TUij8=,0
sgV0s9jbrz7ucA9LpewAksIjm39zpMhRlB3WwrExMWw=,0
Vn10C5Sdg/A8Y9EbyRkfmol/ckmx16v0AG/3+wb95mg=,0
3/QnPMcg3XzRv0hsVmBBrdWW6S8tKPJoPMc56gwtQss=,0
3OGY17CTegk4asA9YerBNXXo9Hwn2nbTOOqOAEqlWc8=,1
vHopZA3wIqe9p2LYLARA2+u2aJxXLZw1YkokzlBo5SY=,1
tIByAnQui0t39aIfFeXu6UXQsChRiKhbrsWbGCEFCVI=,0
00UqhiU2NdjGjwysNawmqmPsCb9yL31Es15zG0Dlyjc=,0
7Zk3sE2kA/orIobY139yB4+IZx9QqqrvQFxf2E3/4PQ=,0
iUvJjhGse/T//SD+VUHYQVTiak9ayl7OvYap22xf0WU=,0
xum5UXMybMO+Be2i5skX7fMHbrPS/epqfE8G8pGN//w=,0
9Q69by+GWIb1O0g384WHx+qfd5WHOxHmvdFpPJfFYbo=,0
11LY4T40TGFMok+zakc34uSug2m+0ikB9tPhUOagPdk=,1
PNIZJrtfitj7cbEhqCgkLBmMyPmAy4x58SUSnX+KmHI=,0
jV6tniJ0/2PqMxXj4O1iDk3STwvYMTO5KqfP2zq1wN4=,0
jbPubpEnBzjiVX3CF1Wp4QDxEYvbdJoMp2IVzmzOQow=,1
TAT20NwomOgSrJN8hMa5pGDViul1z/RfGXiyFs8MRtA=,0
7cS8ZhurJrGjtuuhCq9ST4WyX3rvm4T4vPrlO/yVU3Y=,0
I2pqnKpeYXHG1wsNUj+tYt8WNXwUuEBbVZPmoDvpDUg=,0
0nq366b/G7+rQr5lrknczbVIxZZzfehlYJ3VIT65aOU=,0
3YVk73NcJ/37FW5ze2lcNHBEDLfP4H42QCWpeftwk08=,1
GEujrXqpm1GsudOW1rkaT+UiKMhJy5K+V1xGJkrNUtk=,0
BgNNsUqDSnvALozlgkrWFgIASUcoIojVR8NfN5vgxc0=,0
+RSm62guXBJ5oOzfPolayq5lY1jMMbGumXF8MqZn5Bo=,0
pKB1SpUJuedDPbq2gYDFXkB0Dk3nn+oZ4EsOvly9U74=,0
6i/ZdUG5orb7A/JCQ2vDzqoJMB2mSXFE8FvFV0bbxEk=,0
gsscCYpTpyPzb48LWMU8VR92XJqPInGUhnJ8R1CdiNI=,0
tcqxVRXc0l3MqGehhTT0cHcJwEHuh/kmwxhmrlsxTJ0=,0
/taAmqeuvxhU7r1NIOLEiXFSZpOa8SLePngME/Dhv9g=,0
4BS3kI2byIsqbXhFELS4vtiyPjDFbhR1zCYWF/XKyd8=,0
UrUC5O0EhEuo0mGCYoUOCeoTkrC3fc+VP2PeC3P5A0g=,0
PkTANJVtrQyvXZ9Khiu2Lt36XvGcAEts+hJaFuToL4E=,1
zX+vN86gJn1RsYNdSyh7I6dmbNUdCNtebZpEZjkWYjk=,0
f6peBzFdosCMm2ok0K5nk2BaLVmluTLzzQLRDSPrEiQ=,0
vYcJpiP9JhgKDzmxVHfhA8vsh/dvVHb/8FD7NGIK46M=,0
Wa5hQzsxp8XsqVHvR9zxkFIaNfofWjUNeoQzqs3qVMI=,0
hyuiHFbFKFE6UWtQophVrhB5Ao7KNVCqGgdOstlhuCQ=,0
w5O8K2b9MvBFTihAVfpRwglQRM0oEOK3U/f4v3ln1qk=,0
HU1E2g4CHtbEek7COkk4/VHNZnU6ihhU0YeB8l27QGU=,0
rqHSYJx4eqCTq5yBRVCm5n39eIKTAhUHQ26ClHCyYTU=,0
1JpkwpYthIasPcoGmBNeElTXRQHrz70qSbFcG4vfXbc=,0
+/g0m+e8jYjfEBUs29HU4Qb9fIeN9e1qx2WTeH2/jSs=,0
qkPB4jsT9Vk25ldRO1EMjmyfOwIuRPlCks/PV/kJ9MQ=,0
zicjvk/KNDZoA6/ovrc1+mLZBQVSSXx9JrwdfZuBwto=,1
JESayd9QSO1Jdrf8dDQRUuSxElAtrL17PGMTEYsUlIU=,0
jowfRjD52n0QhjsQ2aCR6WxkAZ7ZDHXnwSWSYbgrMV8=,0
ctezCBR7JzSVJpOajKhsfiykMmJU5zD1UuogXSAohg8=,0
WkpnzL7ttsmuRTrFRQFJK54kb4PkDUl+pcVq0y7aHDQ=,1
Jn6FIFIK4NGZuXgu4tCVZRRxAKFy/ZNT6F26C5gsmCI=,0
i1DEH0bRgbi41vojEW3BhxgKqjBgQuEa88ximTRUtZg=,0
VVqgO8iHSPvYsCDNwKlPaehEUlpzkD3F6bAcaeICB2A=,0
r1IYJg+UJwog2eB9vtM+a5f7fmlw1TfpaEiGO82Fp7s=,0
cRvdGKnKI9UM06/nzOQcsxZogv+GXI8b9/M4Dq12dcY=,0
EdGn1/kgooXsRdGzaNH823PYR5Ns9/AtcS5QR6TpAd8=,0
7oP5PjMXeAUeX+U9IXyHB1b4mxGoB5Q6pbZ0udraAmc=,0
zu+1dR7jTaGFbL1hjSzvMpfmMTKNC5WRCp50/GZGg6Q=,1
OlvE+3GjNwYuayWL8iGPmU8F4mSLrWiu50Qx3mDStl0=,0
bQcCrneYCEqYwixqQwinyJWqiUQxdfAqneaqDohitsc=,1
wjNxD4J0QVDGQlcYeuKUk+kFi+IVifCNNkqSd3VG4o0=,1
apxcOWozuh6zcf/1C66hFAbh73AYLvqtkBvtUDYsFDU=,0
Iwv9JbeSSGhYg74OENcZRSiMEcvDV9O4fhvXwXjrhJA=,1
PG+8oJ291evD2mlfVd/19dTVt+zAwa4yvoLH2Y3CXmc=,0
AxnU/Q6WIju+wsKKzPEkbCy/NeSgQphU2bw5peySqgU=,0
tJi9kFdeKj95ryaD8d7BsovrlTWb3nPyND/X4PMefIM=,0
pi/WhSaOhMhZVZ2hnzxk6bDc75ZzvGAXCVGZXJUy1hc=,0
j3rRfCbLlibWQgOl2+Fq3qICVaBNSDivZ3UHgzG0I3I=,0
o+fx6axeIoDfcnVDF8uSgeRunsuIaSHmcPQkI8fMSfU=,0
DPkRSf2ijwbCnMLyzQRq+vUD3zPJAZSoYjaqIyvnUdM=,0
J3XmfIlSSrOGEQI7FvXzuRqN4JdZw8cmY9kmoE6KIIo=,0
51v/5lhrq3S5VA9kRyeCPZjGj7wN0JUDDS1o1utl5s8=,0
xyJT5MsCq7PozgldUHKN20QSDasKZd0U9lAGHzPaLts=,0
qR2wM9+MMQ+eQxk6tsY8YNvKRb0UYq/k7f4np4FHM4s=,0
HH6CfSPeFNMcwqaiV9wJ/ZD+ap/KVG+3R+XUjIoPKoM=,0
G8X8QvC5oMrVc5cVDkJhzr2TlaON8pnmCrssq8JrLD4=,0
I8QbvcB5iZZzfHKc7WDDM2LWv7a0uv0crR3f7CkV5qg=,0
sTP0BjzMYp62y66+Y+bgEeI9HVsx80Td9HzFp7bxrRw=,0
rCuKYzxOhDe0008sujav2nhanq37AQXWi2AWQLSbVF0=,0
Uy7e4U5HPFCcHXLOzFhim6WouHo+ocnWEYzR3tWF0Xs=,0
qUou4c0kzo+ynWn/SBRNZbLof7UR50CLdItvSolPbzQ=,0
L1RTqvRtvjUhpJ8DBLdO2yPzsvLNDr6rqKd9QDaMOwY=,0
FkuFB2qfZ01joE+NbaqLmcSecO9aj169tMpx/BihcGo=,0
2inEpu2tDR2Vi/bOgcY8LatgzP3upMwcU7nTGNI1d0M=,0
KQPcxZAacgKihzhgcKrALXZSGDEv3cIsPoB/z6edI7w=,0
g+hHBTsprFwctZCr5cS9ceBifE/Y5B2/33c8qyVfqBE=,0
iB2uOl/xxIPC9OeH8UHXk3l5/CU6Pb2/LjeO9u2s6wo=,0
3RZ5+/5r04pP8t58ROTCEdXP8XMFNbhTT/tyAcV1Qcs=,0
rGtXZGsGT9uSHeOnMYiqrEnWlF7oKEagXqMRGKZJesI=,0
sUWcnS9mn40hjxrp40UDs8+izhwDXyCon1ufaYFZ3ms=,0
aPNT1xQJ1+jYXbSiNkfYi/sPiSui2hBtmvFaDxtJOCg=,0
YVenjCmoWWsqpG77bwwP7Bs6U3zf51ZwARfJyeZLJEQ=,0
JCLOBTUevPCpyw1FiX9omnom/xl3tBfb9xtlR2jSPYo=,0
jvOChkZOH1/q0RKTkV/capFkIVt1klNwTMTfBijYcKM=,0
Ib7CSC3UW/1IETkSmyWw61fEKPLhBKFcwD1AmqUFb/8=,0
jsSR8ff68tHEIbKbLGJFG8oWtquw37IWcy+aPyOSPfc=,0
fPT9mWRww0fLGJSri/Gy9FB1u+1A9aC2H6orddV2Rvc=,1
cMIC1bzfAfoxS87NMn2+1i7dKCcrz4EpOsxqD55NEHY=,0
kN22YWnjTQAcS9XWMF/iB7Xfm4aoPiClNi7FY3Uea5k=,0
yBDdqFIieuu98E9cpWl4i48cHurxsFwuqdWxHvXXwRo=,0
9X+R1zADmdqQgSj9k64GZqwT58CRCCBNz25d8awONs0=,0
XzzJTmvdSZI4lAJTqsyR3g0dXspoG56Eehz+dc+p09E=,0
oB1Xu6zZuRehxKQy/AWZ7oiToP2oq9skushnMSl9asY=,0
KfEbJmiymwAzDecZkXl9adBJv+2g+/CFUsIqma7/IhI=,0
QcNvwk6WURO/K/QqTaun2RYcdRuJOMg0R5xeX84rrG4=,0
6VKHnM/nvrCI2sBuaCd4lPABBIJnvL7npbbXDLzTHNc=,1
SOtel4i8LcGaYMsPT7ZwQ3Tg1UsfztI/2NF+QtQ7peo=,0
wla1DuRfs2bSWt2Ype3mRwO+BP0epni08XZE+LrsynY=,0
eth120Nf97l/+KrVKIavBDNVypVYfPMAYHm4OrYb1p8=,0
cv9f5IDMoK9ZLU8oR00FHoG6mFVNyEhERv/5KWaJ0us=,0
UmmcSQhk+RZt7TSbnWmhwtc+55fiVrFumtVg9bhm0lo=,0
q+goEtiInKGj2Ffm0zvkS7JRXXapceHKa5UbYtEFYdI=,0
6SwTQw/KTxVmIDdpeo93u4szLU0mjI6QVMgYldq11UY=,0
7YgUUY8DdosRa/YTc3TPMjAC/LwnuDRuZb5XEc7TdCE=,0
EIhrqPh822iWb5RJzZs3AWXfwuYmj2sKO2RHVK3PcrM=,0
dMT6Rs2/TJIbpOZ62LIYZaVZXb8zXYC/TwnCuB0IRFQ=,0
Ex+EQDWH4KOZGo47hcU7/ziNwnh/HvdH13zi2uk1uyM=,0
6Km+5GRN1TKh+KltpAlnin1Hz1e7Xlkr0bHMlqnw20s=,0
xxBrsjLpcGn80V+wDqe2oJVXWwVFfw/Xtp/TYAQzYug=,0
DaZIpnswfjMnWH1pw4+Ox0x5u0TqAPJDkAhNH/mwHHI=,0
+o41wpsmhlYyLgVEVKK7t79JJ3mjWwADgUXzk2IrX40=,0
9Y2rgIfYmT02QazqSfO6BDo82y2yZiDi0NtYp2D73t8=,0
TCNnGF2a/ozuuJ6apKScSeonj5o9wpPFPun9pBYQjNw=,0
vi2BTmNZgsyoFmxbb24q3Cmi3WPVUKTS1KKqpk00HMI=,0
hIKOLKCtbTicYXXjSj6L6K7l4gJ68D+zqpn5Q8S332Y=,0
xKHTvq2XGh9+nlzOzEYulaWkkCj4ERh9D2/+zmJkBaQ=,1
wmUeDGJYnS0VRbxmCp0+JM6Pli7TaUW5SpIFVt+QzIE=,0
96zrNC9/6eULoowNkm/qN1l8R4rIXR3zBVCEahREULw=,0
c4rH1YOHxsejswF/WKBULDFiyOmyvLBUTZf0ddedsB0=,0
UFKyVdTyqaJOGWUB4lSXzYxCMPOZGcj3Oxgh8BePA/Y=,1
h63Erupqbx6ZLO2wjaCr2H82wCFZFEt9WOewFkPLA40=,0
okR4vg1n4Basr2dHLPAG7goAoKTeTQk6+i0KLFxtyJg=,0
Uz4v4/TlieMQ78PA0lYJnVSU5r34f34IFnkWenkmy9A=,0
ejR3VevYISWCCs6ImEn8LMdL/CNsaMX9nZKmNeZwHfA=,0
FomrIWIsQ7VtnNr1g6dQH+q+hYlrA2NPoOFj4KNN1bM=,0
ZGprD8cFvZgPA9jZpqzZQ8wJfXNJoyyZKRH+pjVB1k4=,0
avBH8S1PcTFT8etIazKzt8FM3dbUvIWGjCl8ucg8oso=,0
Ak+BGs+XHOnc9O1KPVItQzw+d1zP6wH7FCgQSZ7Zwho=,0
9liT61WMdShjpwM6cqJ+sVUqUFh3aufY/VhF04kD6Rw=,0
XRP+Omg0so+a5lRKN8mNMq8DUxXW3kaDj0RahpkEqQM=,0
LXyyBkqfmoYyJNrQhItGivLqPr+CXtxGPATDeO1pwvE=,0
Blr+/Eq6qbs4WCh8EUlMTLzGzpBv+Fpv14p20+7ElwI=,0
L26QcgScdphIAg3OSsNR2qHoxmHeI/+Le2tjchwRzyk=,0
az2yWHmjzqpL237Z2MkuE12WZIooEp4CWx8QKSFJh+k=,0
mPI8197jWiulIqLzUFExrvpYxeyi8WhasrMzDkXH2rc=,0
ZjFfgwa8XOCztD2BkGCVS/x8cipKqNAyGiOZt7DUdVo=,0
kEpcLpqcxTPXlA7zBgVOAjaXqIGOcSKFqnk2EVe75SY=,0
urndtUlRZiPgbB0BvuSqRjyCWGiFLZaudkS434J1G7M=,0
cAEis5G3cnz+euedMMP0hmjKtFoTAYiQBhabS8o3yyU=,0
Rp4CkPgSiQOd7IcRjFf2TBiqR4AHKEZhSL7oI5pX5PI=,0
YiYLSpmf5YjU0VN4AX7mb53a0vZxUMP8s3I23/zctl0=,0
tLjx2o8NFli9eou/JM9JbxqcRPrPWqUxdMHaGYmMatE=,0
VfU3KmsMprRLefKBiiTdSaOgKpbwskwr9psgoCcLe5E=,0
bssE7dIk27S/G+ijTGDCV+nbH+b/UCiAR64o83ID1uI=,0
WOmNudT6sakoDODY0tHLXFYvQe44GU6QTpzTCGDaONA=,0
Un1ZZbHgPfgmS7R4yJh+zs5lEnDeZ04jyXl9s9YnESs=,0
MPltR+8TDPUm8cQAcpHkYRqfPpF+zOFEejk/LIFaFRE=,0
kzAhwI/kdN7IO63zAokKuWqgvab6GwaM+rwn/6cQWko=,0
rxB7HCm8Ckz8jJ3O4Ijb9SMYaQZiDw/IQ0sk+NqB+xE=,0
TRjuHCtyIfJCQYADNg70wo2dkN5iXgtJY4RC5vBlegc=,1
b4G2OB7CxeJwAZ1k2PVSjFrV2TiGC+DX4RVQM63mL7s=,0
joPCklZFj78lJt4oymBgALTBwOQQLuOIXhMRefcWO34=,0
zMvY3MdC1TB9KmdyzFGwVeE666k9zHcdXSz09lG8BMA=,1
pMei3tE3rL5rIxzEBJJxvvZSmEzSpJyg04OhbUAq3Ow=,1
bmeqNtTyhBjj6dO7VBu2Rg/0eeV5JQEuY1R0safoXDU=,0
wbJJCbzFTUmdvZ0hIgwapxJ3B6uPFYP2zpiMKCaATio=,0
lCEzMT5oPvyT1lRMXRLbDyvXadp+IBGNQ+VZQs27Mrs=,0
5+Sep+P47tjKVVFNf9jxQi0oOiVZZ2u/XxYhsToQnRw=,0
N3t9gTspICUSI9jyhbBzxnSE2xSWyf87GlL5iWvMB0Y=,0
+NSyP3CmdxiWuwzEdbG5Zk0nEolJZ0J2K64iLIB340w=,0
kQNCKgpQqBbK1QlF0Kh7UJvSfRD/yKTz62VvcUL1p0s=,0
8bpcMXkUVzNC4fT+vYWtmhD/QcifrT9DyAPrERuJzwc=,0
7AXN/mBQriNkVuR+gUgVHc0g0FevnIR13eLZrxd2YXg=,0
ob4h3yzA1Uo0PAwIRYx5kqSIvFIn9/2lQJal/H+OXYo=,0
oR+pxmnxxLg+tWKsBqxty6uulKwMMdTJe2E8F3OAap0=,0
W8P7sZrnhaReHc1pTAl+f9dbtMnLO7fyNOS/PT7dFSk=,0
/BRv8vW6n9hF9Wk4nGA/W63GDLqPokm18llWU4C356s=,1
/crUi3+ypTdjXlqp9jd5RB9mITDHRuAMwqEn6XZV3+I=,0
LyTimumuuA++txoyEntJbDH06WkaAt1vB9p6eVGngIs=,0
aSImcB9fP+EZQpGrSIPJDyhsIQYWO1oNcnHnaHYbcWU=,0
JWfB6sSOElNAKR1GZIjluw7bpnCVXrhH2MqoYW8nLqY=,1
pMtkzjq41H1Kq+UanWkXQBq5zfNcls0723iaLOWkGHg=,0
QZCreaFNdETwFgqRkZXGQSxo9szYb+lWkmZ4pY1/2WU=,0
ZRV7lKen5oK6BezV2IFT8hOULLVVnyeWDuLy+D12lRQ=,0
OZq/BzGjq5t7t9stJpzJP35bCj/hicgqIiu7bPYI4Ns=,0
bkXzrmLbQQUGoaTDMk9TNVO63mf9cxr2vQSkNqdMVas=,0
NWCNCWBb5u3gCrqrjNvSjDnAgcaej54wPbZcFWYaZUc=,0
CRwf8Iepoo2mJWxsLA5wmWy5qnJHFiSGs9Evg4e9cCg=,1
MUkTwSYFgcXrEuPM1yhTrmVc11hk6GMqbs3YPBTyOt0=,1
3XFr7kyu20aZEBGLJAkyICKUejS4FNbXugvxRzG2wuM=,0
CeJ2pEhrDnQvLX1tB2i0O5apoOcG7MoDeL5aUQ5A5mA=,0
+q5Jl4hhKi+3TwO56yBvuqHmNETqjiVHUMYOD74DPxs=,0
0HGdBVifWbT4iLiqzaGQlwC3TiK9eTdol7Jd0ZGbcuk=,0
jNNkmfMBF1YWo1V/YfawnOpM65jOdOC0CXGt5Hf7t8E=,0
a28vsCaEQdPulbufCPcCMoIXCod62OktyJjgkabvznY=,1
oQmFZ0fVyPUI344QXYHQbMDwUM+BS79QlMebkT5ggUQ=,1
BTIom82mBwM6FvHmiQy0fOZ6Xk9f6JhGV8ZjRqf5aAA=,0
NmHjIZ9dPLEPVrGyupj+IdQPj0jfQj8Qei5ArDWCKNk=,0
rff/AkDRlJxgIl6PMKvrI5el8wZn7ryuyiGDJIEo5UE=,0
27NyAQTk4hVwjesT8P8WoX+upg4YupJgSjZiNQqYlII=,0
haEwxIlGNpe/DKKHmCYpUOOWc8VSpHdM765nBh9V7Ww=,0
Xv54jimBepDKw+K4qycMO8y0tUj/C/Xh5WLSx/2V+pY=,0
v5OQIq/NuItYHeobR7xs3Ih0rNL5pWqETNn90xicJZ4=,0
IUB3KZgFU4K3dLfPM1ilRVRiyHwQxPDbgXuNj0QIB+Q=,1
rdHQqIq7usJ3Zox6+FTMVVu3aWkopd3G3KWqIII71EE=,0
c1+U4EtKr7CO5UowilP02h5gK8lgCqecBajTOrtD3Bg=,0
3wdEo2r+IVhZ7nj/ttrnyszL24XfV3pTBGE4OYx5Pug=,0
sCyPKF47tacq77ZNXHAFtH8G97v6xY74MhYpeQ8mLlM=,0
/cbG2OyuxdgNrxwNKv+qW0euCN8xwUTsevAbFh7VQHY=,0
ukMmSaj2YwGqj0VBrjd2Le+tc4BfYWl9+kwNkYDmLrU=,0
ng+WZFWA+eF/b0tSWoQkwj5HCJWxnE/eY3SFmS0yKXI=,0
21c6MzAYltKbTFBV6FZDhqcljLRfurtkBOyqtlQ5NXo=,0
G7O5pS+rauzimTXwYuWXH0egIw4uxoodUGeuAkig+pY=,0
Edo+gluO7VcggGsOrke2UVjBlJv/nmNphJWpNkh/6RE=,0
nnYPBoLGp4H4txIrCurdLwqLMnssMal1CTAksy6EI38=,0
VBWgklsQfMlZHeDvQj5Rt5Rnynmp5wFVsuqz+8dYwV8=,0
YHqVIJLhHeEcE8bTYyJpCLLSsKDV8Ms+CpNcWgqqb3o=,0
DN0SHM//FT1XCoS5tuZoOa8XRM1BVUaaHPLtK9zwOmc=,1
ob4lRHbHSacoIoRwPG5wgfWOqDpHSQhZ1l16+lXu4oo=,0
N/DjiEnTQP4iqxcHBr7+mrdl2+N87HQLUZtIZ4HsDxU=,1
3WFqHqByzUTDrAtywP5k3GymPuT2AnSnBoHP5lHPSqo=,0
F6bAeRNc1516fzPQ/omXNNgRJDvt9dIFKbCNXLR1T7M=,1
dZk133Kpme37f3s9xsz1JA7N+vFeSv2oPAHfcbsL7Wg=,0
pPvTa5Rm5NnzxbPRBLL21pptXZq5QsCNL12d8WBNhc8=,0
cYJmBH7yRZLeDI6tOIGN+u+/LDzQPgVIYRE+kfjuM7U=,1
Va6dkStipnDCGRACZmAjA9zjkGBo1xR9lS+E+9Pdxq4=,0
qY0jFOQwEehZTx8rVDG1satlI6ScyjJkO+MMy1R8qHc=,0
IrHllJ7LGnnkV80kHmK0nL98ws9zkkCufiG5bB8pFw0=,0
PbP6M29BPceaAv1bxPUclEeV5XxZAlY/gEdhw8q7YLM=,0
aCsBP7YBSNjmmR83PJmz8sKCUNaLwbqoE58BG5Qenk8=,0
qJokYkb0w8D6uK55j/I7sshKhbfZHh7SexCXoWzZsOs=,0
Z+ZZVpN5uCSvO6npmr+JjP4FJ2wlhx3Dr6CmAClEWBk=,0
FZn1DMKKeAmmP909AK6m0hutkQVF70+kUiYGTjetaG8=,0
GaQexchwhdd0PROLlgcHWLsnJOJrLJnhoZ432jOT34E=,0
Sw+LItSSj5J1Siz+ctIle1MaJjgmIMWA2+eVP44EHpI=,0
pHudbc3u9qZb8dN1fn7Vy8PQuneGXwIoprcTtpq/eI0=,1
4euOQAm1YaFisd7dVqq8sIjVRwV01A7nni0ScifNPVs=,0
as+2k/nNm78wJVX9KkSg83EybbASxFVgn/ptNJywoSg=,0
jdNgi81blCTYrAHMf9RFUEjiGRYBUQP+91DaDL6E6sk=,0
U9hoc7cb2kUk5UmWG/AMUKt1kccXUnlxMbGcfoxnOto=,0
ioE3UYQc7LmYM7Oc/b+3pirB6bYmaUS1eun4rZv92PM=,0
+mXjlXmjBtmwO3omhPpEdVuQuk5r8zB/l0shy04SouE=,0
HNEO6oxTcWO3gz7yVNEPQ+VS425ZQ08E04oEwLgiL20=,0
8ZqtXpm/AXM47ZjG8xyAB+6ybIkvcPVmpNMrNvbsThE=,0
07OOPQIflLhK5le3wBzVNmtVkj1hAOWveOSZ7f7vBt4=,0
tMETO2RFCwRacjYqNM0t9eYSwQtb/oyDlhxq2175uFY=,0
KKL7cHNRLNLYEXHtEcFb809o5kmaTI0XMEvZfdVjhPA=,0
mdlCR+rhMPFEguHi+E+/PIHEA2JKTkcdHxA+MXgIP0s=,0
/GIc50HD7pmc0a8t80k+XOQGrom9iYKefgO5sjNZcIM=,1
U3rV/R1sdJPmXEtbLG99YWg7ho6pXMmGgRtbDrnbIIY=,0
swt63EdvyDVl1I0p/V1SVyXdQZOBQelVgpGpnOJLZgw=,0
whuuYm7kujihJdI7QFm1WZ9/l/gU6l1johXkdKCedyE=,0
w2E2RDm0pILdqsqtUS2Jupyv1zVwhXrz7bMZSR2yHUQ=,0
113U5/c+qeZat5U0yvpaG2wImo//RmIZkSKXKiFc7yQ=,0
34B/62YLKpMVrqt8a3llJSQE0hmaN+GB4iVbXcav2TI=,0
E8CiEvPux0gOACF97/uccr+KjmtuSfnW5fh1Eu230DU=,0
j43HzStbe9OTRiQCaoumcyZTFDEbJ3Dji1YwwLS9pWs=,0
Bt0RLjARxChc7MICbIq9I3IiT88A06unaTSNgqu0xPc=,0
I1N3auYs41fzKFhIoysChbDYu3B1FlNhEcECBuw2s6c=,1
bY74hSIe3D1Gzl8FwI9Ai7hznkohn01uFVRFdJsI1x8=,0
cORzL/VjZYAJm01cwISR9WtvhgpNGO6Dj1PS7c6kcqo=,0
Ce4xa9AQACgH5Wd8xbXeqoyIlg8TT6rxcY56YpZHTLw=,0
/gd5qyi1aZst/LSKpCCx51Us6TUn254fNFOSar9/hws=,0
1zP8KmPHNiloJhJCac/s35ZnnBIyu2iFXyBF6fLYsrg=,1
3WJ1YRlkeq/izmIwHG+CXs2RVH6EXyHJ9MxpOOc2aOA=,0
l8mYFaLQ0jWqoquSwquDWHTOD8lVuI7ZOt2ckh+K7bo=,0
csFuMq5w9fLjX7zQw50U7vP0u+HXUskqtcZ6yMLDLAE=,0
Q0DqdfUB4kEELxiI7uB++55C8nmroB5lyOCbEKtKvT0=,0
xM2Z7zsn7QG51BiIMva/zxgMYjBSGcTLMU7hxhcOMRw=,0
PZT0EQnZ7sTfT47ps8szM5upZtXf8APqWTMkRJqF9rQ=,0
R/mjTHiTLK0i5Wj/5vFroLweo8xrOkd/MfFZjk9j5d8=,0
MML8NHdf56bFbb8215etR4D83xa0yFPGkqP8iAOLUt0=,0
LoOVEOasQDznL5jVedsiYN+xTgcgdR74gPegMeAGGjg=,0
wfdf0xzhpShSjNK55ai4U6Q+zp4cLEbvVfTM3viOWEw=,0
swjjEjDLRiewVaQIZKo02BBt1dvC5epl8mT43CniqzQ=,0
XgSc1EZIgof71JA9Ar/QwiVOL7rvVQfKIV5Uezb8Cbs=,0
Wa1zJ7QZD8PEhCPYL9iepQrBFh0c2fiAS+UVTWjH8jk=,0
MGtkH4nfAMrOKxoEuym/b93heIZ0YzICO8e2Lw3NH8A=,0
ZeUYEGnR1JLfa0fGs/k2UVp3rGbgnorRVy5lI3cvggs=,0
xgKvMfsxCqKSeBMu1kbqh8RmHZL6/2DAzgH8IphFTxg=,0
Qz1aYkklwlWlN3+pT32wNRpL+/gJg0em3YiYxouybuw=,0
Qxq75oD9jjBiP44J9lhCDdr7KjtpNhe7zYg2N5y0GL0=,0
iwdMuiVaI9+TVTkluMyhokfoiwU4Cr+cq+SmZ3+EWXs=,0
YPtdRJmMTlOwLpWtvEfQm4gUfG0PwooSYb/vdVq7dNE=,0
NG/9JktbxdSLcwuuU3mH0yE+aQZafSsRiXQcL93F4vc=,0
k+fWspv8We63dr8yj+SYHihE36lqAcGVLAfgozopW4o=,0
dFNOIu0CULm13QFZoWPWm62mktB3JHt93z0QBRdcPTQ=,0
2pXTpfMqYr5up8yJhSNrYgrLtS5ppNQq51Pyte1D5dA=,0
+bPsH5oTOonhkdDQycSMpg1zc/GtFIsFRj6jYupLDFw=,0
IsJtx2vKGJ4RpnfGjXFZ/KFDzC9/OSiWZr04062E7d8=,0
U7Kw3kLDG10kAOWm7NDdReGNR0u2THJcq4ZOKB6cUCs=,0
PxeF6nyrDxfGmTAvpjGP7vIIdNQlFEdUC0Ne3ejPqp0=,0
PlFLD4xXI+0fT39xLaH6L6ivFg3uVZqt/xmX8jaqHSQ=,0
x3qQ1o83xMo70GvDdRSKc68xCyQDm74DXnoBeDH4/dY=,0
J+pXKQfeQFZeZh6xTt6wMFbrIsYtL1T3Qz4BFnZZm1A=,0
7XX16IFG0HNQHffuncyWHxuyEsU5V9SypzgbwksB7Tk=,0
RhUTB8RQUbwoib/4oJYtCTnoTQpOFoDh7Bk00/cy0AA=,0
U7/RxfXrojMg29KXTqSr4XsVwBsqBIONMZdr5rN5Jkw=,0
yMJydFmQHFuu87Ib85z5BEC5Wjw7L6GxrfTRhkKBaBA=,0
HzIrBgAKVHnDDrEdSpnEI83+qi1OWJwlaYSOUCehLI8=,0
fg9+e0Kg7etfGwsZWjG6g93zMVh316z3xHkCccHtxC8=,0
uurGWAqSOdLy7mIIPhZUM93yub4iD4a1bW+l1mKd3fw=,1
26hoO+8PMHRQIM5nZTgI1J2+RaIl6y6zEsBA0x7TPMM=,0
/06QCmM2NPRRRZ2XFRxBfCciTjPUwrUpOI6YFWQxdQ8=,0
iG6pDtJdtYKV80rYEdvfc54D3Cq+EKSvD9uVa8HKJPY=,0
csOACFkmA0NqrTiTCxUncuBM0inkUTvZGur3dZxEHj4=,0
lS6UpIErAwGdNa/2EaigodSJ6GDHN6aSm5860hH8uJI=,0
txhe9K4K9fsNeUFtsnidLZe8FtNT7hxT0ADkPmRVplc=,0
+fQSj1WbVUaTYprstag2rxvChu/fpq6jUmgTzSQzU/U=,0
hMZ8YbpEJMcl7D0izHEuD3KFM/CGFE5mR8wmgGdZL8M=,1
GW6OouH849UnNfj8L9SQ+gvC6fvd3rdNxnCV5pdbauI=,0
jMq40GX2puOtjbmwFhMo2Aw0+i7jnSQSRiFEJ9hi0uk=,0
9XBYfcdztCD06xnXfh+bH14OFa2FJly9UAMM8AnN+uQ=,1
3KNq81JIBsqFvzhzCWYJ69nmvHADCTObcGtycfowqxM=,0
bTFCjbnSezbkakUwWTbLLATtY5kuyVezmTIdBg7vBg8=,0
huG10WhlSbhQYFQToDyVAfoeiFY9LI0e2QE4TGSI9iQ=,1
dFlmzmXjio4e+ADRLqLL0ORIzneF7V1CMEHXs+eXeE8=,0
xFQIG5Aa/1GNrbxn3ROyTE0KxZV2TkQAjUj2MESigGI=,1
8EMJ8wsY7e1UQJwhod1H7BUZINJNXr2OAHWubGLkxi0=,1
Emnyez0XOiVr3U8sETOwRm5C3XhWiE8gq0lLWxZWJ6s=,0
zulngoKofbPsTnLj2soVrsM8Am02cQ+ZE89FSdFkqtY=,1
blKKT5nTOy17S0ZEcjmg0qQtxrZSiKUhY06nnr6IrLQ=,0
RRaJ4GHyr5uz2MHM9Hy3GVj9RxQp9Csg0dfmBuyoHVQ=,0
aARgJt0m4yK6EswOnSRgynOBFeNJ/K9fBLaT0bHvDLk=,0
O4hVul/BIH2sCQzo/kC/uMBaupTS5T/+M1XZW9JXxOg=,0
JrtoL4jb8XG7eZv+BKdbVh8Nc9WqLR9mbbIodyxQ+3Y=,0
L8kvzdfht1UzuVdx8dd6K8TP9jDlQu9bAQPcnE/AP9Q=,0
m9+djXSVlRRwopbWwcpcsQo1BnReloyAaPkjw7j58jg=,0
CP4cvlVU7Cy4NoWvJ1OYqfnqKt6YtEGCkp2xbmd/Uok=,1
GL4KQu5y2WiaDimBxevobxzlIEISpNCN4lDxFOfvU44=,0
KfYDa74WnFKwD+VZOw4ti5Ik5G43MRTarhmCWkou04Y=,0
7E2LvuqmMxGruiuEISWFEKzfQEaCtdxEuY4SsxhQcfc=,0
yVleWqwGzELtGNCbAUThwSFdD1JlZppBbyfgyFANJVQ=,0
0Ai0miVxE+BORJ8EjG4ODMwC1N7QAMfH8hGqCu93LAw=,0
XfH1qwuvaANQW8d1DtDCt8lDNLctsK+TEzVtvwnEWzk=,0
0UtJIJp1S+Jab4sda0b6Pn70FkdoLeAZUhLb0HU8Kbs=,0
9P5wwbQNTTQCcay50u9WZvtk79HGf8s/DlXB4AYUH9g=,0
dRhpVhzbr7x6GYGqYbUv2el2/FGphSeNwXbHIiDPwYc=,0
rANw43qZ8M6lTAXhoyZ7T2d4UjyPMhkxdsGsVklVFQs=,0
HOwlqn80WzOcKjU5Zwl3RitamRtMCCOJugN52NjeRIw=,1
Pf3+udAz/JobQyMDLWeRnksN+yt9OB8Ug9mzLI3fpAs=,0
5Xw0vkYq2plRxst+ouz7o1TAJM46ZHtJ3SWV8kYw6WI=,0
Ie8/+WGKQVwY7YkA2oKlSK9SuBmyglHym71sDyNRhgk=,0
0DpVXJLNXMV8a98Qkm7H3xVJJwoaoiFqeq3740K+HM8=,0
JeeUkGWKgRckzk7tN/7hhKJImmrsDfMlY3/EWeREQjw=,0
SQDJNbcvHdz2p9GzAKMpenS7q6VLJsSuHbyTybMRg/0=,0
zcuWjvPgZGh1JnpYOIyIFYE9Q6D+5oSYxn+XUfQRXJg=,0
rttcCWy+O1VBj/h51jPeYBlnqAIhq7mNNFWRY8PkJgg=,0
NmbOeWca5ZGWxze6Cel/lH0Sm07J5hZoJffZKELwOvY=,1
pw4Rqyd65LtZn05Kb5ZCybYIlY2Rv7ulHyGH4LFgk9c=,0
vHGhbxrUXJHPgzRYMVqDkiDhzNRLgz7lsnI9otIoT+s=,0
KzjcD+ulYaF2ReqBJ+NLwyrkM83eicw+3oNVXMsH4lU=,0
YWkWcV/DJQzg3S2mxeyEMNiNisb9uzadMUkFK1Ij9Yk=,0
aPaNR2l2eLlp2xZEV1FJ/3PlSClOG5e1ODnMb5YVNsY=,0
iNnEeBhJEiMT6EPTmTVFMkFiSCbgTAMLt4oe5cjpl10=,0
gol+jvDGbGFeW/gbOiyM81gMFiMh7PH3rpTZl+eVzcY=,0
cLShpADAsJnbYKQCc7gMNbAqQGe0rbNTH8Ij7TmkJCQ=,1
KgJvlcCSwc8u6vqo9xCcNXLUO2IGhqxtF5KW2ccJj1w=,0
cemkczsoK//BQdwidAtutlSmTspw1L8P+76Mv98XNN0=,0
jVygRYpdF0NgDOa1Y5hQW1wup691Gp0uDeXj8E9pFq0=,0
fEkoePZFj1pWtUxgrpLiO93xMRfP56vj2cAFp8+Jtjw=,0
Ov8xyYNJZuXJHebeUuvYR3EtURLC/aqatDaFPsbej+A=,0
TIceSFZysAEXb9b/l8+KTCu4iFV7TtLEJ3cK8hxKAwg=,0
285UWc1OfAqkExctgjxYB75VakUa25SVENwh9R5b5IA=,0
ssXm1Uc8F3Y9ZTXaBD4melRq/7chfYDD2xQDr1EKndE=,0
W01o+MmDWH9fBgfqc5DPSVgeoF2Oiqtkx2VrNxsd0q0=,0
0paEeGZpIPKCknU5eEzhkvkcRO08F1/fd6L3zQMHxbs=,0
6FMndMO8WAOXpnkSSgY4COPPOR4emEN6KeY0pcRdEJc=,0
l+3v6jMR8PhtklaBSLFCBn9TkwlTPOCY8hgfv5oO5qE=,0
BwEr3DzZIkqYQ+X4bC5i2GZNdvZspNm1idMk3/LPrXQ=,0
iVWzzhvX+ayuwD0bZfRI69hNv0UkVWLmTh3hqRvYoKQ=,0
7OSBcWT8fMQMhY/U4wqoq3gqr455anesXx8ySn7e5LA=,0
AjGghP1JsXX84tZeH17Ey18cOe1+V2xuVzQ4Louywtc=,0
qcNOrJSKy1nsF0WbxLQY6TJSErhmWm/+pBuuXLbtYQs=,1
TVXMDUcTSebDKxY22l+/pS2m1bReuYLrNSrngJBjBEo=,0
GK5zBbIQ3ivMlRpY3pXSVgFaLOSF+ZaE+ubtpnBWFTk=,0
iTVC0rK5D7glZNFBGZGF98d6a2xBY2vqaiX09yRtZgg=,0
RV3tsBzoVF4DA8xBhMnjTVNzhEuWYctevhzebviMiHM=,0
Dxbk3I4Q4O+cz6fIpnL3nk7Px327+Yd2gp8yK5zsiR0=,0
SDVN2KLKwpMEX9744RXJbKbGQRhWxws00/udl6KGn9U=,1
ZPW7EJ4q3KHsvpblSUpk5k1Bo9CTorjszw/hEu1q+XY=,0
9cvLjtzf29AF3vAUSi4hDTPNfXOYYhFxnK/LfSnFaME=,0
UysSWe0qhvdrFzGkLbo1Obspy5OpqV96RXZXz4IQadQ=,0
0sHhFkAucvSiZAt01fc5U5I3mBMV+zWuqUD7TNw8L3o=,0
KD2av71KnX2Bv0uYeCNHBCl5SgSUqyBX861VmPtCz1s=,1
R7oJ+F6jzxUhzmrQC7cdhxOEMXEHDz+6HAaxfttfAJg=,1
PMlcizdtWo9lK/qKck94SYUgexOVHOGaeQp3WU4oaZ8=,1
9EOxwwTX7W8ZFIIGhvKV3otWI6jPDr3vERf+9d97JPI=,0
BsIczSP/rHURzvJ2rb4ii370V4tmL9BvCOI364lYeKA=,0
ui8a1NieDB5AEiafW6eNuAN242oQ+iauhityZ9iNIsg=,0
pKN3UOIto//4gA0VW88V3Jmp3ElYjHskVRBWK82qKwo=,0
RfBpXNs7PJtvj5OF54LWacpUqjjp5O9HusE5jtQf7Qo=,0
B4S7PNiB1CAqKIrKu8081r5/E6PQ7gq2+epZ7g4iagk=,1
tLN8zu7ArCe9GXGLDjXKWECSglmTh3VhLSPiKG6clDw=,0
vZtrbNFasR2bgVJOOKqcamn4BuCW5zgXOOxXeVN+0WM=,1
4wxfpEWP2z7d4tZckkPm4UcMkULoIm2DoVQecSRDuts=,0
mzfK+EFVFCp6iOJSZRkQzjHamoJG6i6mfhZ27Wyt7IU=,0
5ZgnLU+8MN6Da/eY8dY0LWJFV6Mur0AxpsbAiMXToE8=,0
2eSnQhcY4xnqSd8r/g3ogPAgfiraYVk9zdS4kLr4uoQ=,0
XCylv2VZpnIc9tHNdHr6rGlU5QUhtGEUnZmTZmiOsig=,1
E6Oq77Eky0qMFeiU7eYAnKnkNHQxdZ28mCBu/BD7N10=,0
EHochbLmNNtv2ddldIz2ZRCgBApuv22xcWRgly66l0I=,0
oChMWtJWKm4IawVWbi3LidpEay2D1tj7csu5Hjo0CJE=,0
QZSrYuVixIFnqx64F6J0ogdtnhoZpvJx6wfKhFiZzaM=,0
zagcUSzPJFKX1nxpEfSX3Dul2CeX8R+mOM3qceKZHc8=,1
vDYK40N48+WTo1WSGPG+aDOkF6DYT7rs28k7UidEfOg=,0
2GXBccAW5CD8UCNHAmWuG1MZwAgEZpj/XdCRNczqQHw=,0
xdEGSYwFCyu3WkQNAkA/ybIe9r2Nx8dR24SOA3Rb50g=,0
RU+dQCizOYGsj8MIjhrTjfC5VjVe0O4tRFma8nEqff8=,1
4FKEkvER8rvxadQvqZJvACwNfFaj2EAxjC3tVyrhymM=,0
EjN0O9ystD+4+oJYJJR+Md519eazYnZ2lWcLNDrt5xI=,0
rTxPZqfjhfLw2Vn641Rbl7WbG0qKlbD4oevtRm0PXCI=,1
4NLFe6Nxav4f+XroZPgU86KqWw5ofxt7ZEHmOD1ylI8=,0
JRYMSbftJlT4oflJr9aL7T2aEDoqsQ9ulbFh5zWgfo8=,0
FdeyBOPZRLBiscZV73lTk95DzDjPHHX387zrCJd/h+o=,0
Vf+mrusXQbf+ApaGEGOl0fYicV1z8ZE0BR26EDaS9rI=,0
b5s2IyHk8c3rDRd32Psmn9Fr88ypLWcr4aLlN5171fE=,0
xq1Y8e2X3je4gt7k9ySQJ333DSmwUwcMp6fCulDg4CY=,0
ggc4Yak9WYX+FiBpdZMKSiMYnCQi/Nh2DaupQAGiYag=,1
hGDPOFBR6BMP8+EDn2xawgLmlW3IGBzMdVlnxZR/qnc=,0
OjXrDgbato6qwe6wIGokynSr5eRhBhIoSdm/DzQH5cQ=,0
qPSvJDgaNcDfXAgRIV9KxjxDmTiFM4IAKnUiQn14NPQ=,0
69wA3WWt/OsQ5CLjjt5QC05dwC7eCw6Ud9MlG44PpSI=,0
l7ytI7t7XsROySgrPw8ejGWzi35fUHIUjDc6aIhMp84=,0
1otCA7+ZOU1jhWP0SmXTsjKOyqnTS70SO3B1nO1sjKk=,0
5cWu1PREWP7J4OruNEVT4d8xyXqwS0bPhx0GWXrgddU=,0
b4I3H72xqJYcPPPZBRymzZoZLX6gCairfeC3WYtu2Z4=,0
mDV4NYDp6yeqWPink6tWwWbzz6Q2E0XnGZjRkjbllsc=,0
n4elj5reIyhUw/u8sWee8W8gyqPC6XQ4AgGpSNAGuBY=,0
qJKCYz5AOB6FASQu1C/nitBEf4SELuEdYLCcOaO5h8I=,0
xwM9TN9Z5e65rG+ptPLYZn5hF3x37IVYDk8NwdaG0aQ=,0
5hYHdCDCIjrdb2j0Ai/pPsz/uZftVZQOnklXvjOpQ2k=,0
vFrPIPfVQHqYcPwjQEfOsQT+Q70cm3dKUhOsTH5auBA=,0
haeN3J819szbK3md7LeAYA689d9aJdmkGg1oZ0AS+x0=,0
0AzPpg/ztTbZXwvLPUY6FkdIBKK/Vpyi6lvEJKaLEU4=,0
2G4AaLomEHv2wI8EN/ARInk4y2RvBqLsLbfNzOMF6I4=,0
fQpfs5t8i2GVu1FWp26CJJ112joMYEjGVVQ2Mg0qBTU=,0
txYA/2VfN/PH19Ni4YTJgdW5/5ZlPD4g77kiHP+Yi7I=,0
LtG3k8fJp2pMzK8TaXyRih0dDhDvPupvK/quRfPiyEo=,0
qAjEejVujsHEe6EuL+wWG7p9B6GsmQTxoBne/UW/uQM=,0
+pvO7NJIlFObg7vD7Ld+qqphdQDqImhAIs1wr3sZ6IM=,0
IaNAi6/jl6/3fEfw1lp0KIjXW5rxlljoVwgZjEEgRA8=,0
kok+HaAaW7XI6a+IxOyHVwn1Ad/q4/VZsX2tYMvt4kM=,1
Pfv775i2AxnffVBrtorHycwXiOr0ec8Uucho4TM8tu0=,0
WpepxMWZt4KEkSRPeDMfat3FW0WXDhMn115Z0SQzuYw=,0
gqBW/JuirpStx2Jh4FXSo9nOzMKGtHdVoTKXx6rLM/o=,0
rCbZdlgIz1jKVIyabYwp5MXiTiIyCCawcuZMT9PhMo4=,0
dg9HOnRqrt1+W/ZIflbEiXJF9ad4o8QXjrcpzteqllI=,0
kvU8svfU5+xIGOv3Ji8NhrPMKQZfR4014TkkD0j2kXU=,0
xIDVOlWzNXqtdN17L8trpIVYY756ubdJWHZ4QhekAl4=,0
ngn6ZF5QhbJlU3/hD9VFka+GFxesSi4FYmeuwPu5ypU=,0
kigmTzvNJ32zfjSfWLYv3WR+rmJq0vOHOdSDINfi/BQ=,0
+MNrZn9eAdAsDdfrdR77QxVDTkgzxo8pI78qozaIKos=,0
x6g41n87d8wRR1itoTR1JRMD4a3tIywB3P6S7JgyIOM=,0
tYvVny2E57p5Q0w8vzErlJmGKWw0LndmcYhSEnOq4Oo=,0
aPwh7uuT0CoUkLQMqQdBo1R8bNV2lV1NTqKlwehdH4I=,0
hr3cgWqzflt8zzjOYlGNln/cCpQnGYywSPcU+0b0HNs=,0
4Q7MudnJrQN5a4APHZI5h4xgWrkY+lXgJUqrZQPrMVc=,0
WMG4XCoSD0aOqgufusWTNFb+y7FHL9OSkXUuL1qlZ0o=,0
b6I2j4Aqyq0hA2dHf2ZTcl4r23v8ljSFmdy41XkjGlw=,0
N/Ifdk2WzN2YVxfqG3hrR+nje3ipUzIhtcyYGHuxTtc=,0
7SmhL7xFZMGz4cYrSwQISSda2hko6uPaKUHq2o09FIA=,0
zK/pNOymjiMK7L6NmatwBnDPBARldNuzs+695vjlF08=,0
rFl/oBe/Uhuj/7gJEnDSPW2A/bWyapayXdAkP7giXiw=,0
gBx35RfvQ9y0IGAqOUrqc+pCiFAW36fpGuJXdANVKSs=,1
MnvhHp4UWTgsuEDE0fZ2DYSvCV6C6wYjHspT+8pjh1E=,0
WXDnm6wMP/iroHZPQIKOuu6X28vIjleCT6PyL9JvZvU=,0
uh1sipFUtijgHC9Zmpp46gbNkz//wXRv9YJYl848Fyg=,0
eK597P7UzG9awvZANRJlHkaxrwzhtfj4fQsDxmGzwm8=,1
CD1lvuB21svKm3Kta6avpD+fUq8NvhN7PDaVC9Nb8vA=,0
hCX2c/dj8Mflj4x2H/76Q8zHsU62oilwdYx2eV1vNmI=,0
fsXv/XX7SuMP+vR8d5690EuXpiYAV5wNvgqajp3IeqA=,0
0J0m6PoiVn57bBU+qQ4mm/YY+hybOFv6Gq4K524s9E4=,0
aKmLXaXMiMvimf4gEnj3jui9I4NGh0SyucPkqc47Zbo=,0
9aRc/r+vjqyrEe39N92Sh/0pGnCzCsppX30pTBKjYy4=,0
qlWG+irAL+A63Ljn/wYYsHJVhK7qlQnJCOgkGPKeipc=,0
moYhPoT9Z27ck87v+5JX9zzD7lwv2x987/mhjKLzIpA=,0
VrE1AIH/7ZCIx9QDmbRTZ++5v9rUGmjRuDp3WG//yT0=,0
+ZsAqwmpzbxGMf6gmvbRm08BfcmYn5iB7Iup+swbqnE=,0
7rrqys+DDZKa7PcVQGcAD5Ih5Yvwkb7dcl4DlWk0Vjk=,0
dJrWxDS4oOJaPJpLI1xyOaJWWGypD5yrtgtZkj9ojMI=,0
O64FYFRrrjdHCaAjc0xuF2Fk7E0cU0lvEgLIjLREvBo=,0
xG1tQgcQKOTxiT9HTkTnDrhimuSkI3nG7ROU1NsN5i8=,0
IKsAmBoLPdHqFdtXGCYU7eJsOhUoF5UlKQWSRkWfLgM=,0
WcNDbZkyaFwJXSamqAlq1GWoXKjP2uPf5qsFl/8srQw=,0
389NBnpJrUTd8wvnWfMdwu3Gnn6t6iRYtS+vj+K2FDM=,0
4unoANxe59J1QtgulYFI9Vqdkmkfp57dh6ybOPgQtFU=,1
hOk8Wjx+ti/NtUarq3aCAKtXapEGThFqla7cNLX0mxM=,0
Lvapt4B4Yhb7q01pxIOVjIbQaaon5RXkL219EZjWsW4=,0
mQBmtdlJao4OmBH6/r68uxKQFaEsSpq2kluYBhxDVcc=,0
5hhi37J/hr3t2+/nNxCfGSM18ae7beUrtGqjcUSGpjU=,0
41/TS5ZXBtLseOjwQfMnFLHd9ppcSiLpXmwdDtEJHis=,0
PWxaPB/iz30lG1EKjie56lB2TxPlo32C+75jgIM398Q=,0
4LlVQ1fM0UkOrs2N590JIPQAVzTyY8wxb+nU5M0lwIg=,0
p7oR2pke4KXj3ChstNTHB0KxACu1EBclEzlSkUiTft4=,0
q/xvgqNsRULXtqdjNeY1SVv5uQoJDXQmXszM/cmSX5I=,1
DwKOLyHi5n/OmnWEcm6Cb9y001ushMU4UmLBgX90xY0=,1
1LySnOG2z2uj3Ehppp625++Y9kowxKThQjHQPhrpYZw=,1
Ue7SBSc+QJvXvNORrKJCC0o8P+r2i7m++dopdbLecLc=,0
pQewIcx1uqysGdv4uAbT+Umfvk9wmSicm85pFK7i5QY=,0
3i7Mq2MDGXXz8hMQQb1wyZ6LLAU6QQzXq14w9Yl0TUg=,0
i2excfNqdEVdwHVYyNS+zmRKwB0+Pj+qkJg1O6Rb0KQ=,0
8eJRecGRkBPf2SiLyc0zrrKHOmh1kojnl/LoAR9g86g=,0
0fi5N2Djuz6QbzRYNHxqt/RSjvU7XkvrYJ7S0jFG4gk=,0
SKbY1UqnWkZ1NvQGWZuQKjDvRmQYMbal6LccLfI4zRM=,0
jBnTiSSwU7ad6OgIcSes+wDv1OEUkpUKoi2Tk8NULXs=,0
eg5qoRmdKf6KUane6NW0RoPFODpwLBs+Yumw8y9yDWQ=,1
gd8gZS2+7+EzjHklY+VuWHVby3sEFafGWxW4Vmpy6ig=,0
XQEma2pdtK8epc2gX3H3lNmXk77HtjkbSVQZTUsNmmI=,0
yf0CctpzbKSd3+D9OaJpFpIuuy1w1kj9q2rRXo4QBTU=,0
7jsNP8Dl1GlxpMd128AbBr1jkjMnkEdparF6nyP0T7k=,0
FkKGEgmyyyOhlB6PchHAOs/ts6e9yC0RAHREhZpyqFY=,0
qaDGkAQQ1v2K3JsHOaBEwQS7S/CqaVd/PoO//r03DI8=,1
K7emYgJc/WxIkjPS4IYtd71OhhJnIsbcyydZTB7EAAo=,0
4E58tGJgOCx2oCg2OxQbBZPHjU9nL005gjfNYAEIKzQ=,0
Iu0cUcbc4orDeM6RjQFUlw7PSqJxlC2815Q8Vw6+bLY=,0
FcRcQKBowL8d8yOsivJJXtAh6oITvQNa4VNwEmHoAUY=,0
1uFGfGdsAeGso9y2/dc+JqLYBOvnRzwusJKvP1MN4i0=,0
rYuCvhSNKWc4/GVBayRyAkHQpiKegdHKInfKuQbTSj8=,0
eD+Y5h5H9JM5mIs1KaI3DruO+deTFMxRrvHROppvq4Q=,0
snG23OQZZJnDcFBRWy4tF0XKOri0DOPva7pyCwhBWTQ=,0
cCeBWSW/PxblOlap3/3TphZd2hT9WQzFBFdoIId80lk=,0
P5ZZVcTuG1g26SP5PPEXWEN/peyR6CWKij/LMihDFVg=,0
wj+XVwnaJq/h3wl3qeoeQ1YAA5R8z+m/sUFsF55WLMU=,0
vmgl2YZpCkWC2GHW6qPU/s2caYlfe+GY9BohWxLkvbQ=,0
Dti6WokDbYtpLXCuEGQrjjVWeXWASdLAZv3AMlBYJXw=,0
wrf7LNHt3Iznmdpjul/ClxCyxz2MBFyCe/06+6IxS8c=,0
De1VkUHctXUm20/X7pox2OO9vnVHBVXMz/Ta9WYh5fg=,0
rJXFYPl4Tt7FyuLHnSJSJw34mHN4vmhQQF8tJvfAHpc=,0
EKfRqJ2eNHjjbjqF81jmEE2vbofd5R91td4ZuMSs3d4=,0
KzJ+TTnkGjoJRmt76xQsRseHUorq+KBaqYTBEvVz6pU=,0
+1tffLq9zOXe51yRVR6GL8sd4hkZj5r9LMqKrcqBgV8=,0
+zVz6GF9KzVdtuUBjcts8Sp6aWSd8Fncp0M78ovSReo=,0
Z614CHAsoKdMgeQR/tzKtmsD9UUtZ46qNB5AehzPKTI=,0
+/ztZFzzOLlsYbWv+rZ4XJ8p55r+1+l2OpQaGaJgr1U=,1
wvZH20zwPtVgz/fXI+/gGlNl1hN8UKS44Bx6mtTlF1o=,0
y8se0p3EOGH8sADCcWLpLwFIlr5Lg2jL3K6aQKM9Ctk=,0
eeMcyiKEi0Gs7fX9WI11CanhuE7ARatGS5AX/D6y6Dg=,0
pGhEzDLvY3YKg2dMDxtBJ/fCPiWCquAPeFQsxkRCTnY=,0
/oR5pLfRHhG+loFk3tt92hDtmn50G82ykFDCHo3Emtg=,0
/6nLat9eYO0DiJoUJKKgOFrhyo9+6ivML7lv/GI2i1E=,0
JTByRbLH0arSGJVYrbv7TbZ4yHsNmjDC5JCfaetaj/E=,0
Os/n7pn2OejEFGlKlZSggOu2Vb33FF/tAJtK7peimTU=,0
wsqMIMCZ2WVMKcOtPL0KoVBfT8iPN5vy6Kq0GT707Yk=,0
bf77jRGa8yOh08rrzwOuy7BDNMimW3vgM4dMb6l+zfM=,0
9T3xzp8+JQpm4ccNxI6aaE6XSICljSEoMYkLOQf0GO0=,0
cGczdHUcw4TGMRtpaLZsllheSSUWRUtVuP/gfYrDbAk=,0
VfPkDzg+ywfiGvexAN6eL56lRCK9qoSA8A6WJRAcAfU=,0
SYfa5Ym0ICiX+TeQnykl+H61n4ikqG8tUFR8ijTeLlg=,0
RbQF3zW4wvnb8r5jNmNMXkuojUoYdNb2ZnmbuzI+7/o=,0
ohTLNW/EjLfJvZ/+DgJhiSosHpzLfwkk/iTuB2H2oDk=,0
RV00S36ELzGkVOn1qAkK6lyQ1fPZdx6WDH3BtnQNTgg=,0
2Z1ZiC8b73ZzYtTLA34EAE3vrlzv4C52ZwJODypakHk=,0
NFtGiRZnEAlsXPnBlwkt6hJC8jtWsKbtBE+KPCLFN8Y=,0
RjgP46XFZ98C+kyLoGl0sgClOTw+tBIjO7s30O2CL38=,0
Nkh/N4daoOUVqZqEkF+6jDgCl4S8MmC8xZ+kpNJaiV0=,0
2JV/k5mAWGWHRU3MOzjz0HKRyx1Mo/JDDZEs2zOsBP0=,0
kgpXb+kUPmPo3q5QfDLDQ+UTEXznirF/lvEcpHuxnYE=,0
xUw7KsXXaMEOOXok6GpIzILhmgeWX4X5J8p++NlHbxw=,0
6kbMypyyHhN8KbA2fzwXMabeH3fTp5HAn+tKSv854QY=,0
1Fd+ZDFu/yCSA2uPYwtVV1gVZJ38Bt0ECz5KYZtzw+M=,0
XV2PKkpt0OSs1MBctUAOWw0+W+m7Xd35rHeyHrCNNWE=,0
cWT+v7LgR9mWJzwPjnm8wofwTpXwIR7/lzS6xv4Idto=,0
YRxnukmhYzDc+UMVEEykEmOyDlaF00T2LB6ZZgrSj+Q=,1
1P0WIi1xfT9RSV4NQXxeNviUAkmXsHDK2XjSktDXOcQ=,0
C4h8GYllWE3jkdpXrjSm7bYMQJJ69KHmRLjISAjQ2PY=,0
k3ipoPHc27VtheCNxXIH0ckyRyug1T/eN6CFEEQWxOE=,0
2Yf1cnc4AUdtXcgAjU5p9gATvrVF4bdJmXLddA3PYZ4=,0
92a7daIdy/NnPE3M7DesF4DOXJo2FO6wD5VwQWwzwlw=,0
3KFeRDNLyjJ8n76D1Y+NDCRGyIgVaUsJUiwpbnJnXyk=,0
+bXxOaHSqszZbezfRCLzE2gXU0WsgVlR1N0NbYNUfR4=,0
hvp2vUK5A+YMd29n647Y65YN6xbbB+LIiYIa7qZk9ok=,1
BbZqi8/fqi1ewopTtBQWZCSjVqzDfdZOGI+LUd4K3GA=,1
RFtMsChUlI64y7tGwiqNAfbSE1ZHMVdVsTMoX5O+0pI=,0
retHeHFgf59+7fxK1SwbE+MGXGaoOgKsaP25LUyoW2M=,0
VmbwjybiqdNcWk2b5HRlzSICkXsh/PW9TvfZH4+K2pc=,0
b8eAb4zV8Gz5yKCLacprlr+pnNB07lggoL9p1UG2KmA=,0
DU1PW+7IIYSvDdqGeOi4AYjfPZFKn+JrRdfgr2DHsYw=,0
Hq5nKKug4a/LJqk21Q/XpS19CVP/OaHJ2RVWRtz3CB0=,1
/vmQGCvCseXqr29KkAbySALyEGyPEEGtkYgIKxSbJ8Q=,1
CXu3magHeGOzi7hYjk8Sa9zpZjYWB2H3fPn81IDM3TQ=,0
y/b+jhnWaJuxm2dJZuRa+cha36ycpvQabYrit4zvtqQ=,0
/CVDaFwhM22vyBGpSe2SWjboK3Ev8RjEYJoG4IROptw=,1
I5yID4pgU7CMiLh+NjGT+06SgWt70+W2DZgv1/LYGh4=,0
ezQhYQzPBwrIyxkqE3lkvoEFYfXKx9p7oNS9gOcm61A=,0
DvBGypyB5105SG8MA+TG6XqxFlqO4MnCUaJ8jlFN3DY=,0
oWclBnLUdHX46oWVUAr1q3FfLMbBcCeeIli0X/42ZBk=,0
vu14pVo7W3jdxyvD2PFDYXXrY4YZZct+pzhCXZ6zAyY=,0
lGk5peFWftXLxob+OGmXx5pbIC5UTWwPwHIbtKbwMiM=,0
yv0Z2H4Fagy+ftAbGj7hc1k30mvY0r8DAYpcclbkHuM=,0
4JLY+OoswwfT2OMTLs7u0ftOOO94OwtcdNeAsVSgtiM=,0
witV2HMYXckYH8zaaQ0dJiWwolSnrsGk0nUycVm0hpQ=,0
O1UPWyZ/edZNLHCEEi0nutpv7lVDW2qN0d0ehpYy8gY=,0
rSlL4I4nzRq01wSlw3n6Ib3dUdaCLULiNCISLXSRBlY=,1
T20d5a8loUpI5Qq2H6C3KxOmH8oCVH2ipov2sBdyOKU=,0
K8AfH6cmvzVadC33nJTdGpWLJvvN2/nUqPQwd/JHn5M=,0
E+Q7gEQa81r9w/A+3u3Pdnm9B7W3hPFbtejbhBB/pIk=,0
ElvKAvm8BAKyw7KOkjNNzLX33rrGpasdpntAyfOYFys=,0
KZ48BjRMKkGbJlr0yQB6KlXlbmMtUnwDdAVObo0QWqY=,0
TfxRCZ8juBdP6eX+IDh3MPl9ho7GQSVb94P4QW9o0QE=,0
HSpomYnBbMxbTriNV7dsKW9VH3xROYgZ4pauHtjQQh4=,0
RUW8xMVhk7evz3UeZEesuliSBiFG1WgOcAokp5oFj3g=,0
Bo73YkyJE/RtnJvaJLn5y7F60D4TnNVUqxaHNcS3uvw=,0
ozudqcZi/DL3vkHX3C+OkJJ4qoN8SNFL+j8rqEWD40A=,0
RdISq0wIk1DO7rRPrRk26kbvB6Ampx9TZ3u1w1Z0Hlw=,0
0Gfys6a4BnMbgRCqUursGnZSzV2pHzsdQvf3Ouc7D8M=,0
qsWCLu+nmeYpTGMQAXKLjipBjr8cQMHg+vgvTQ5qT2g=,0
194F22WQIluLdQ/EP3cdSIbnCspDwH1jKX/LGOI+mHg=,0
JBtfp4NoL8iGPUQu39xfRxZbX1T4wv3afTI7tzQ5hg0=,0
LQg3HC/9uPnihYGkTCz0HiU7yEdDwODyKlbDrl2a2kc=,0
acLkpaybP5UVYR2mUuMJoFF9leR4RlTDXAzV121ZDYw=,0
ZZoHkQH8jLailzdc+Jf4DBV2mNxdlpu3pup2EyWBWgs=,0
d4EUpZUXlDckHNEhDgCDTXXahjkuslRqYafrAwq730Y=,0
wRrQzr8FGqlZPLmweYjJYmuiZdHTWKT4Pcxi/0b6oO8=,0
q0DkZhZzgW3B4NusOmIcbTYsAB1PCKsqJO41GIaUVVg=,0
xo0ditWVTgwcA6JuK6LZcSenwVSKzsIEzNBFamBQz6Y=,0
RQyq3drSCe72uka/HK0bySH16LsJRnqZ79UvUhc8uAY=,0
Sb1OLNxOAVcaN9wf+wrU/Zjx5nICXOJRhOW+u8owB+A=,0
DtUGI08nl0SVovUDyvF2OyYsV5MV33YxoXoFqiS9Q0M=,0
LxIZs9JYfMnSPoE4FhJ32hhHXBh/RVsBJ0YNtMT4u5E=,0
S2+DL8qglW5fVEIP0iHG2nf6RVKWCTZCB1WFaqLHaTM=,1
FKboSrpoRF3hMS364NO65wUenv7g0naHbkxHsmVZYiQ=,0
Y1mEa+SSzVAilVkIdPos+FysKe3wsueL2Xeb+QiIQIY=,0
TGEkabKyg0hTdO7SabvxA5Dq37oh5lNEcH/2tIV2kIQ=,0
rDpTumFlFC0jBAp8a07M8AcwOxMWkMiuiA1vaQMJpEw=,0
XGkp2Qxqv19L4L00LxaDv2vIBIAn80+cJvxeNpldXNQ=,0
Mc8Xdfwuk4EVmCBMWghhMMBtFZoKoRd9PLZ2tgNvn6M=,0
Iue17YFnIY8dn9Owe4H14e8xR+Zm7MCd1to6O0uyfR4=,0
HyUJcajIb9tp22Ip/ltdeyhH3eDd81YZ3LW8mcOqFkc=,1
ONrEhzc37zzZptfVLZsCraQfxQkmH05HfDQEVNpa01Y=,0
9LnHRrMPnDg7ZT8hOQsKwkRj5ziQbfv6Xu7kFDTUmd4=,0
CgLjSMZ5Rn0h6d7PKuibmptk0AvNqWFQZ7PLCuJtbuw=,0
qYFVn5VXo6BRrWmR11jfDakyvo66VSyNJlXgiXg21hI=,1
ABq1Majbc68OH/vvkE4/0jhxDakXmeCtkvNAGsn0tn0=,0
Egx4r0eZS6mr5eaZkRLuXuXsGTHGw7OySmeIJLnMAng=,0
R79PNO7OlJ4uHHBZeXHi/CokIISIK0Lt7yKpshVDARY=,0
NWNQj4LJ2Ct3oBsxrDF5OIbNwfDB7TZO+04NeftFHDg=,0
F74yhFva8nwbU03rIGGY0m8AXkQZKH9KYmGmyk2cpic=,0
9JzSBttiM01GFi7KjlL9pQz8vQyyvga1o5SbPMMFQXU=,1
86dp0qi+N2s2TwScy50QuxfW8mDqvAyLlffRS1gRbc0=,0
pn+AWcb9oMsHc8H82T2EXxY9LVyv3dYG1Js01t65fQY=,0
gapm7OlLz6Cfz6v7/gFsXKGfb24AF2ghAGOuLlP9J7g=,0
DyQUBezJY+kl18ixAAz71Ki+3XDTA28c1ko1d5K+FrU=,0
7Xq0OLunrgHw49wIu3IBD0S7qn9E0rSvpOfY0apkXqI=,0
4THJDIP8ujJThU5CQqCX7risZNo4yqXd1EatUkvOGxw=,0
roqL7e1Tn5pMddqpiCOgdDZkKvqIkpR6A1/ZfkdUeu0=,0
nlarAvPZI2sr8gikTHr0MzvDrM/SzrUtbyAh26EHqKY=,0
ttEQFbr8vB2+S0Nj2RL4t3qCxYwKFiJR7OqDXplQthU=,0
iz21w0nQdZDDn3pE8asgmYNbRIXXulPq+TT2+NQId2Q=,0
cGtj1RlteONcgx92zba/sPtiiFzfabSBmkDxlBy56l8=,1
klNBvAPkQbxekiyhxNGsLh/j7m+tvDEl5eOQtQIcFI4=,0
0pFzdNsdSMG/5Vkkk+x69XRIfjBiSJLlAxa3K/AUnck=,0
/7qu6qq63xAtwK87vK0XAu6X4f6GxSD/sI6wZsrVXm8=,0
tRSQpYj9s9X4NoQuNE/obd75mkPXLOYqq3mj/uCjcGY=,0
J2j1tZhtTSwOkzCasaEQ3E19HQ8GAX2af073MllQODM=,0
M3HJpcJWfXETTjP0C5sqDY07bErTXYPYDgwLi2cTUhY=,0
m9E6BO+2Y1kbHBZwlUV2wYpq1PWBE3HaoIix5iVx8qg=,0
t701dxJvu/1EHKz8up+EduE/nv8JEF59DNexf4KuDPo=,1
k538o30n+cM9FAYMVRk0TG31wEZkwasFjkmDwuYmKVI=,0
8jAItNnBvjx3dcySTmaIafkMhuYOvTJqGF0jVOnMvrM=,0
DKWrmLgdyw6YTc2Gj9Z+RUJ0+gOYHv7C9XMtMRcyDbM=,0
tGMo/ukbixqIxaphFWdKgJ8lIzkYEpG+7dM7FbOoK0g=,0
RlrwHN7sY1AiyPjKYzAKgTMNBi0Ij1FfxKDsBMAJvtI=,0
dNQHS9A5lgjgLiPHoBMj0QiQYNR6X9S5M9BRmhy0qdA=,0
LlW5tiQEnstP0kAu7L8oemo4WKGuy1OFyiOmEKJ70hI=,0
jqf+IxsrV3fQapOXqcrM0jbAxqLow5PjOznop5iiCF8=,0
bVzNYUJe/cF9o2uQcS8oCTEpAL3FDuJ1LV2z84k4zQQ=,0
W0ohd2tFr9tvMKoDTMPEOYBOPk8004o6c+X5T/cuW0E=,0
3ohqvYBUvyW5YNeU0gAg1xAAlJdqW40nMdCahK8nroo=,0
YGoqj8ANmebKWR9nUwPbA+xrYsgAjrsRZNdlmqve26Y=,0
IrBs/9odfq3tVQAKuHzrUdVnjH6bEYkXewpOl0aIzTA=,0
ZBwQBgsZA1Ft82KnzXXoOClRc1dYOlLuu2ubR32KnDg=,1
Nkc7uNk7Mmu+C/SfTSBnjGGQtWcPhO2o/1IGJS+EMOI=,1
/FwWejKESZqgtttyNJWdCl28ONiPdoGtt4yNtHYEoPE=,0
I2ZD7P/Ip1AXKVxPvPyHdcKEDVWy+Nqrrupa9KjywEo=,0
HI+4qvc+VDGdpu3S3CA9bvOu9CANNNoQNiqhRYkuqbs=,0
NXCcZCAWIyzq8rXodokoNIj5ZsYnQdMfojY4A8iYL7w=,0
tHAdBYbrMeXXxRgc3QQHGvxH2DS67xe1j5lalTIyL9E=,0
V5X+XVw49KpttL7UKYZwUMkQ6FeJ4Ki6mca4Q5t6uDg=,0
cPEmeMdyi9TsquMwB0sEPpDuUQZNwQclW7MLnepkQNc=,0
I3R5buqIvR8C1o6AgoGyOVY+MSdnjVrHqwME/THTBUI=,0
DnnOJNQeyVCD4sSGv8NKNk6sP/urBzOrThBeWhhHCfI=,0
YHVwoDp9WhDaYpMgSzDKX+xZohQYsTgbPuBQDdOqPEY=,0
tvRQe+b2p4AoSJJ9XJ95FmPsRPzhVBgtnw1uxgUUeZU=,0
Vj9B6uo8NB/3xo9x8jAyh+IEVyKIYnkHUc7sl7Eez/c=,0
6B2DMVa2fyiQisXo4U3MeA06JDVFyDU59AoLWWY+o0s=,0
aRZSWZmuwsjsNQnxPxATUXHqEwh7uxBHp8jH/wFXTuA=,0
5KabhyfWnb5fpoKTNQ3I7a2pcFuIuV9vx0wtNNkdUbE=,0
O6ttYETOrLPyDFEst7qlO6WxKsTRwY5H46GpCUCVk8k=,0
j5dMurj3hyTZHnvErayMCPHzknYFr+06SPfR4ZK3laA=,0
iWsiVJMOKEVz+kaqMfWg4WOjWrp+NuKH90erBKGY92I=,0
MItLFQpFTLFmBMJhcOm+B0/5auTXGS1I66daZ2luPps=,0
WAH9DNt35QUuKsBQVLvxMwseoN12LL/k9FjQHdhn9sI=,0
dYbcv/IwXvrrqxMF6Es6BTpfqTvygQ37SXBWz+qJMco=,0
DbmHMC46sb05pHcKxIIcG1XlrAq0Cvx0E6SOuVtALhE=,0
S5gIym36bYkX7NXRv7a2uY3OiVdUYw3IpGSVRaEgHm4=,0
4PHxnmA675LHN3E3eAXaKYGAYy5n/d0xPVn5QGUKhFo=,1
NrstaQLSx0UtR1sTpma4uEbPVNiH7hL90zyyhJ7NeE8=,0
btET7Mc4EdzXJsqtkFWDVNPnFF1UPxoYpvz2HbPZAW8=,0
A+Rjc22g0P6Zbi4uBOwLtkjwzDF8zOIF2BxvHOmkL3k=,0
Cc3YNqDvssM8xq9YstRrFMWdW87YS8UoBc2fzsWVhRc=,0
RIwy85VhFKutT9QchgqrnmA91O/kZ18F8LoUrPOWo9s=,0
Bgj6IhiE3ocWXzpK4k1Q5tSNPvcpJ+EM2BckFrApew8=,0
gg6eqZCZyHvJXN/R2RFF2fICGJnkb1kQzze0dh+cIaQ=,0
+ttAUl1zXcssW7zDHnSAv8ynflgJXKgwTX0vQrmjt6M=,0
p8lqo+ZLYyXKHsD7CRJv7IquftZxSyy5N0p4Lwy3JiM=,0
Amk69pZWKxByh6C+hLLb3YCLy9wuyvIH46NA5rWtQsA=,0
SSgW0elxK9YJhFqjeL1E5ide7BSyWSxKA1e8Xb1xkio=,1
OLJLfbEhgOqvV7Mw+ZN/OgPuLFzHSVoEY6UIeM6jWFo=,0
AmUCJCj6pe2AuefUSuLLhRhGHTMLAbeHVNC7XdT7EjM=,0
hb8/bIJ0mCI2QspmqKU8pm9lRGQYrl3QUfwQViLlRz0=,0
oJiyDrhuqsbvskzDtjcar5tZpdwF+44k4KmtC8xTRyk=,0
SX2Ls3+8BtMuhx6aHJhhXf4d9NSrsFshgBhYcZPHDAU=,0
UJWjKj9zf0rUjQrooofD64SRN1ekROxQ828ttkZPV+w=,0
UdX2fBSXM/uLbVXNS5vMNioyQ0f5UAvaE9FLs/akuWc=,0
MTLAbtAmnSfC3p1mHDuKW2G/DAOoOL6TPqOgG9LjRvQ=,0
uiXHnEcrjxtd/WmPVw08MbSqOu/cF24GQwQYelyu4d0=,0
Wr5M+lTkRIQSzuKqQAf4bTXRbZoMLEZvPNzThLWp4sI=,0
B8q1SoUZ5fkWooF5K59A4Dp0+LlNX18+wQjc2Q/eTws=,0
PaGdMbWzPhk+KHseLbzKJwiWlZaL4tauZWsIC3b2Flg=,0
429zHlniTQZCBCKsO70Gpy5YUGXJCfDOmUCgamZv3HE=,0
bEwIc9pzkey6CW4Wo+9Ac1L+bHqmmnfrgPTreoSzdFs=,0
nJ6wyR8wRo5Gj/hIs4GS+ctsdZFbKaAKVGh/qeiupuo=,1
luWngxFSLq8pTLZmB2NFxZO+7/Gz044dFqV7m9EJjY0=,0
SJRfBNGr8BQcAwodsFMW3rVfvMLAzkdjwtJHVUk2li0=,0
dAfIsCZcTF9Im9AnMV2PqlZNssVr7QcCx3WfYk+6LVI=,0
G7CuUkV16M0kRtMtGHKMj12LLVfC0i3i9JQF5g5HkRk=,0
lCNGWDcsJ0KMkM+p+4LzNXMO5Fow4x1nZJ6V0geEEXY=,0
orbSfnKfosHz2+IcLTl5BJr7Pz1m06jxYAly2nNZPnI=,0
ljuvLkYU7uAhYWIw3Sf3Vsut+n7mwVWeYTzbb+ukmvo=,0
ft7aEUeTefzOzceLUf8Q0a1Hc/rBknFwhrLUbKRqsqo=,1
iH+kxXQH2KyX7pfiZr+N7EXNE7Fai5mbyfREQcBizDA=,0
jkVeEFArPPpaWJqteWfYCR289grTas89GlJ34bGidYs=,0
WzHQ9B+bcgdxKyVM686rga4x+uP/eifcxHCZsVjSuOU=,0
iDYt181fvP9tKYeWxUxbaVlpSpALGEcCOo+Z7hztC7Q=,0
cl8S+wZPS/lGVuluL6eJ6Ek9i6cnUYCbVfB1Ax5Eg2c=,0
ESfYdSHoV79yo7bmIynugANZ7A3Gb823c+p44EnhL5A=,0
U2E81kHpIjeCVMLkwuuhR0vFPBUNoKJXXQozQUweZ8w=,0
laDK8v0B+HwUHNyiSFLsuj8/Cy09tqR2o4iZE4ksOAQ=,0
fFxcjgpmQMlgXuzFSmqRqmvatvyChAcfWQmiyGz4raU=,1
ZWA4DRgTEV4V3TA1q5C6QsjyNB2uruEZM6ooE/ypB8I=,0
uxYzaNZO8IIhpZSRgdPRQo/44ufFQWNW7LwKz/Yhs1Y=,1
7voe6NdHDHooF7PYlUlWY8LebUdzjRbq2n5iR4OWWUg=,0
bzq8QUz4ID6CqWC0N5iUVxKhqXxQ5nm7V7yIIT8wnHQ=,1
eNiMtRhStK04E2XvtD5vrA4Gf4gM8FWZOUY70ibrPvU=,0
/YyEZXBjsHaMiBV6ZLzm6QtEfyyFARcggUb7KHil3hM=,0
iBVhgYy9HctCHywzME9FODK4XgKt3C/pIIm1w0WHECs=,1
fUABe/phe8CfFwUbCRucLNta6MG+UUt+gNORNGozQ9g=,0
OJBArtHj8Fghynd5iQx5JIiumLasCHQhQzfi0RGR0Ro=,0
0spaiSwyqY/WKmtNr9+SwY7gpllClyG/vdB07/jlcow=,1
P+s6H7aYq9PJy3gfYEFQsYAkck5CdKnasopGirJJ2lQ=,0
EJbpRsI0e8FpRR6W/J0SyoDvS06y755ubVvVarxihUU=,0
lpSVDAyyWJq8oE83WMM1i1osK7yFEs0CYM0ClQFjyT8=,0
mueFd1hrrYcik5zjpuDj5wTbqutXipZ4Y+LYdAQmHoA=,0
B/pxTSjRMTD0C1fz7o5Df3PiwxeGuKIexv7349/8qFM=,0
k4sSO/pG2WQC1WdUdIUNKUXBYKsztRp1aVOQmirrfJ8=,0
lr+HrnT8u46YTpT+iEap/qiwOUnzh6VTbBAHHl5G+wI=,0
lXPVNeB6R3cENleeH1rx/+1aOnlBZp3I5yVmeGjpUa0=,1
YjF0N366r9GMsrhlmKCzg2FXYWPersKZrW52SDBrua4=,0
c/yWkUEPIPuWy9mZZTzDIjs/O+P03uaOKoFTMBoqJZ0=,0
xZSh8Ej2O0A4L3UegEvasJCuxv+hDUVjAfj3/7jBb4I=,0
GYUFQE9GOlyaHk+ehXtkJdQCbO52GjRgnzPzt0DMeAU=,0
trvV2Zexrr8ZU5e7XyzDvDXQCZJCkD2EW/gWXA9+DSQ=,0
UqiOEkfXYEutIC9uTYCHoiKxyiNSbz0heg/hKbS28yY=,1
tK45OZQhe8+ouBQNYlrCpz0Z2Tv0t+fCqFdbtx1a9zs=,0
e5Td6QYQR03kEmsZGyzFH+fkChkM0nho0bBAVaC+LNs=,0
AYwt7SUL9CEnQQv4CO5qvoP8KIKN9Xt1OhL4Yf5PNyo=,0
t6W4xx2q90Qf4CSH9lvxa8Nun0zjimLqEr7eCxxGQL8=,1
yEzNqtc4TpcSa8JZfjIWEcMyewvjb69Us2SHUd1UoJU=,0
TZtbBzLSV9YWA36fIvR73Br0J6GWi+aXPnnHwlwOaZg=,0
ah4t4nl8bENLs+3+OWo0uoBOGJgRvQfSzvZs21Xemzs=,0
i56spX+TFBGVmnre8VnToUY8G1+vEPEkexvffvJdimg=,0
MrVWb1enTBkOmghVEnzBVq2N2fBcgOcWu8EH4nAc2IA=,0
OWpMEDm9O+jX4fe7nJHWPxnxP8MdgbXQgVNLwpPkxww=,0
5ogLtDPVhntMkLEebAPnngYbl8RuL0ve2VRFFSltpMs=,0
vSHccUXqyOH7ae1Zb72U3SUVrfaM/RmstWlBcAdqLls=,0
CdxqYnU5UDMTsJMXDQ9WyfGzkmAmP4xPVs8ocIFsCno=,0
G31g+yAgAWVE08CSq12W3WnpZiMAjsnlmu5Iv7tefF4=,0
Mcun3lx1ki4KG2FBFTLw8IM8/t4QwN27PbDw8zTQ6Iw=,0
7KTLbyzcdpUXrgv93MtmpouZ2pQA+n908SVOX2633Fo=,1
kXxqqm+SxiiVG83BKphqAtEi2LHUyZuIgTuW6BQRAro=,0
PriDBg7BrciyjUz0CijoejsPX5UwJFoZ+ER81CuV5YU=,0
fMaVf/kJ/0Ef25sKdRoALfGwWULjPYav9LU2m8NPOrM=,0
vgk8rtkg7+jwbbuZQbwV7SoRnmHWiCLpW1UttF2dplE=,0
aw7OSDeoWI6abkV0QqCKZAkTJZRUHLbOJUy6Wh8DItg=,1
ifXq/IWbietMU0q6lvW6VD+pVLER7icMEh9o46pOOe4=,0
n5eDgMn4qzYAraIRf5tnTRzJji91zGDBj1m5zZUX0tA=,0
V/ankvQ/upTFjl4PpYljykc10lVbZOPoeqA5LYnon2A=,0
LsovepJYpFInxUb+Upnl3SKowMLJ/GASlKeAzqDI9Rc=,0
mf1Q+o0MTHc4OERbwZ2FVj0I2FCtk8g5DtMitUgitZ4=,0
vrZsRSfczNJMIxZ2inAqmF3VElLQ132mNmU7qqmprWs=,0
JaOCnNOQjWzN4U7dWxUelzGsLPu8iA8TTYxIbDMLOPY=,0
WG2kVf1Pc7Y9MMggwZuzHdVh7qV4aHdfuHuiLkPNpIg=,0
TCjLOXEhXB5SVqDNhFv1BDctwG4vTro6pVs3xswG9U4=,0
wxnWtiDooy578PMyM6hGcn1ZJfSocv9S5TjekpVV++U=,0
//8eDSbhxbb4dtazRgtSXtKWKwOU0einv8jZHcujZyc=,0
AoKR5Vm/+jQYtPFZHaUHOvRh6DJQJhlcK5oF4RvhO8c=,1
Y7wIz69AY7CzMkPMD/k/R0fPcNtL598SA0iNQFGrACo=,1
dicuuEjnpR7CDc29sJzwk7sOil09z23+NxPn75dZzqo=,1
lXxzKosexNizLvj8sslFNeZV4nYtbuv1iNqkXlXHiwQ=,0
SqxynjgZLs0KS0XXxpFNWKE5O/J920VLCXLGea8qbp4=,0
crql4mgremIwcjuDqGuLDDkfUxc0/FB6pFVUDmjUMpI=,0
tXTd0oQeO/nvP5SV/oN9krKFvSZDDk1JtKr+KuO7MFQ=,0
kJkmFO06/XafnJkqGnw3nfVCMwTPII1UA7yFrEPNVKU=,0
pSBqim85eA/FgKSN2jRGbf2QIS/JNQAy6U3/eDhKlAE=,0
0xQOweZiNjqlwmAiYL+SE3SvV9axGjjVDjYc8sPXKZs=,0
hGzkm2NbC+JoXt/i8Tjd8xc/k0rBBK/ZPYdvkqJ35pg=,0
o4PGry8PLcHUtubjka583s4VNZDeLHS/FOTRvKqvNu4=,0
rXq/wHqtQP7wlh01GePRVSWenL4/UUtTe6zg79kBflI=,0
icYM2FBtiOdlpDZcJ7BigqZlc2U6kB5WcGIKJqgO5K8=,0
6TnLQHG/im20hrI736389jlgZVTft6aGG/5uJFQug4Y=,1
rVgtnc1jnCFYjhRKOevn3eBIdYCTG2XQkCQfGKygqvA=,0
4aZk/N/q6RgoBDUCNxA3f99MP/G2WESxbjB5ATTgi5o=,0
c1e+KoXfxAgSb3rJwczWID9C4SM77uxHNzJm3RhqfAA=,0
fH09k03L9wN15//SnPzOw44Ig76GeXKGB1r4kmnUgkA=,0
TpI4cq0bBQ5vdCkwKhZpYDOVC8YI0d0Mu0CX0x8PIg8=,0
7bGhBbUyJB2s3G37HAkkEjcjPstfF9h/lcy5z6bm830=,0
YseemyLe05vYDzL4gEe17aIGSE64d+42JjowLyDmvd0=,0
8tvEGBQ5x0eYuvM2ho8UQkeZ2WoQpojAPu4HMaSJ4Ag=,0
Y6gfcToaq7Q2BsJcwCaA5epAUARkQPtRxrWCsTbT/5o=,0
p7geT0BTHnKyAjy2vIztZMtGxPuzgCF6FB/XaZ50Pws=,0
IOJGCQ1uQrTHSpJCvK5uOe+6JwQL1CfetMLMXvwxlK0=,0
PbA4RiKGf8x9KA1dHNsnOAFzeTyWiRpRdWRM5F0Pr5A=,1
yLmlNfRweUOrfcImXw9zBIZ48N+3vra2I6+952tPGoI=,1
+Ulh/R+qeHK0Er79mIWYL3+l/0R7KsPFvndCMkdVDks=,1
ihACZDY/EBnq+cNaocSRHe+MCF4EM/iSkDlhwboKnVk=,0
7GtbDfVGHPZl/IKbkb69lcEg3uhwOiuKGYB0+8tQmn4=,0
6QY11i6DowGwRKDB2CdWWYEklWgGRTDeWhgdgJMZZHg=,0
//1tIUeF70BEHRxcQ5SuArPy7N8GVh4dBCaUutmysAQ=,0
joutheQk9AypEzOQyB5ncDG3o3C/lOnV2H54mgRwwDE=,0
bcYNJgAaJun6hfzjl6I9eUqu+3O8iPUA2KBIGxLzKmo=,1
F8h9XmNh8/PYV3uLBhfMHAl9HnHX3BhTwwyraugAUOY=,0
+0TrrkwlZUPfZsRPEqTf/+W/vhQsJJM+khV0FIckWw4=,0
P8HPJZcXYErlVKn+aHV2oqkdIk//07bmkvKah03dQs0=,0
8Ipp1Ol/MwD+HuLVNRU8YEqcUzUqB0oB3U1i235KarA=,0
Y5RkgUek0IaNYkGst521MvC0Q8FcG8B/aMBOdHkqHrs=,0
574ooyXCWhWEX/67GfBUqyOUsfHJC2MA57onH7lu/G0=,0
Rnxg3RG7KaF50lGpbNYCRIphrKyGFqffu0m3xm/CRv0=,0
eqXPBzEn6H025+ycHGZiBC8FCHETb9UXuTidOYdYAZc=,0
HE8OTrO84guAnihVnlBr98lF+un6BQ2Ky/YGToVQUSc=,0
YoRCk/5EREuWq6d/1DuqSbkrFjdNdfoIXUWzgtigHuw=,0
XO2OFGc9+nOKRlY5fEi3LODDo3Y2bvX2jX8yv49isHc=,0
Y8d7bumd9L6ufvZZqyxweUmLKe8XwAt2sfH/Sk3btsc=,0
KPdIU9dg80gLjiqyzvztMtahWZlI96a0eYG9Psuvvcw=,0
6QaYPxD+yHueYXhO6ix0BJ9tbdHPOimPIFFKdw8kq1c=,0
WS8+tftpq8PsewVycpF4O9y3H8W424WNOhFYrCbClOM=,0
JtQxKw5fPs2jMPr2bHo+5MstpVswyNo6Pnj22QFJrMo=,1
EzXc/hwjDwnAnRqQP/0DA4QHgKgv2+37tyQOcY3Ow1Q=,0
tikutAifBIi/II9Hhuif1omhdZ2tv4uIHfemWPuEIPI=,0
9nwuE8PDhiZgRkxODZvyVQOSJtS0DsJwovBeXUB036o=,1
2//+Z62IrfcfjlI446OO42ZtreIJtfRt755Cxz8k2oU=,0
Pi95ClLiqwIcI30veJrTnjp5r2+PiGMfDcmRZvQ7oIE=,0
lZQmvoX/4G7dobJaqvTYjMrDCffDM0F49lSrQytl1/o=,0
aCR8of9zKnkig++t9Cx99QCTfsflpUz79d81MjdrOos=,0
o8nw3kJmh9RoLSIU++8pR+o1LXSe1hqaSUHp/Bn4yT4=,1
oJLUhM1cND3nJRd5Bd0tDGly8Be7tK6DxN+S8SuI2lI=,0
jPYgvc8YUHLnF3rtOJaBwBOMS3uQGMrauTsybQ8jxEw=,0
TgXh8f61/6SoZ2Z59xyiNDSyvClAYFcBexf27ZcgkLo=,0
Lc4aFYLK45USJh+FvqQrH1jhwUsKy7EUvWnuu8ZK838=,0
4BgZmE+0cKzlWL/O0sNXyddCbvmQeWfA5caVANQJjao=,0
9FoRN1bwhkiIVtOfTCy644Ii7JZaYdoVKyN+m6e1qss=,0
J9oGMbIOlEnxEljbq67/sEhvp4HE3xs+vS0CdJ+1zY4=,0
EWlY7Wf1KNuM6JxPfIkaNADCUOGEDqrBhgh7W0edo2E=,0
JbvF9XqyPX2yOzUt/48Chmgkx6V22h8ZVYxCD9NcWjE=,1
fp3Fkj+C5G2fY/0kX57RvRDBEcvXjgFUerpThZaiBSQ=,0
oIEf9ODr448OTM5khzIPyb6z9OTH255dXgzVnQ/QacY=,0
SeKuTjDOPb8K1HkWPJwe0Z4eNV4ff8muu4vNySpHHFs=,0
F3JEPCECvmzjHgT+kov3MwCjgFUqVOicSQrlNDv1OPE=,1
b77+zIrGsquIkxqU7r2Mj4Cn1uP1Zbc5vk+ewoZ46bk=,0
yWSAw3XD2dLYThl6wMNnFKvv8gM5wp+biEObeavvbMM=,0
Ms0o68fR6db0pJDEPMeGToJiX30ydVUhlcn5GQhUXus=,1
drtJVmBck8R1Wnb4ux4wYhikY3XEAk57ElEjm/j4INk=,0
mVnmXQ61BAkLUHNA6xvjQHVdbskCCUpdqZqCL3yRUlI=,0
CiP3sV0pNTZqjugoMxqN+9NsRbjBybfcngRXPG3nv4E=,0
QbLxYxb1HZMtCCcA9rfjNCwSwtxLt77FN7n1Fe6OvZs=,0
b6kGf7Uteu43yxPBb8ta0cwwXGjTgEG8MCsHfD9M2Jg=,0
hs6DQsPhcxVs4cOsj1RahAMLMs0dIi2hbel2Zzrlx9Y=,0
0LrpaZsxl70AIS00dtCiGreKtwrTllNO5MIqUjJzX9E=,0
oHmF6D3hjdBej53HITTPilhp9b0pyTDOwIfM3uCNX9U=,0
RMyDTDmM2vXEWyZ1yBfAiS8q6qrus7rnjjXbK2P6igw=,0
8C/DE3UvecF284TCIE6001EETmKEw4HB9yWLvd+OeWQ=,0
MeRXcCTh1ou+Qisl/8oOHJXPuFDDpFDgorSIWh0o5H0=,0
ic1uw/l/cqhGIbErCBewoADSuDQlmxGzcVWRx5GRWBg=,1
GgBf1vsj4NVCk0pCsfiZKO3wQynCfs8YDnfwZ6Yq7xQ=,0
5HShsgvYElfQvOktKdEtOFZqNNent9Esc3we2fHo9ww=,0
IzpUoPIuEycrz0YH+Tqo7kpELu/CT2GTi6rQA3KyVPQ=,0
H5pXb5oT28nXpvHgniQ7LSLQufa/xnsdZfz7O61JD0E=,1
Cqh8vrCr6PRlvCG1cOkX3x9vbqHdBXkpWVK0tnspcCM=,0
9dFICpds1EsZo8GwdAVZvILmBLoMAFBz+MLi1mYJSFE=,0
qRBUjhHOT/EHpFSF3JAU5JtU7gMRWhz1TTV2ncsO/hY=,0
yBSpBI4bFuhutbh4gXg3LNyZFlY5Peu+tRTFFyZ2eKE=,0
diEqOYmTeyVlmPPvAiKw7wHTL4ZwfLZTvEsc/TCyc6c=,0
NUdi/UOHAybaGUTCk7R1J6PTPm8RI/371XIgrP6Co1c=,0
ZbLnD5KWIAY0JDwT9U9rNe8SpBN3U/0/Av3nEgWW4zc=,0
IKn19ULmSXnUdJWJ3yNL+WlECK1VCLqHJ3NS+MuX4Yo=,0
2T4NhsEGjbCq87W5ni1dlHR0w8Ik7hNpwtpr0W407PQ=,0
fHTRprK3nE7/YoQktx/pjHV6sjjdAXNj0ZY+YfAkLP4=,0
/9mf6kJx0gHVIxVDiEhUhG5iKjSgChyiE7Qx200qZac=,1
ShuPXkxKavWwz5JxO3WQOYV/fY/g416SDbws1fPhfiI=,0
vSaZqcG+8a7SXvBp1OC3VGw8AaB6BIR/j7YeQIxrH8g=,0
fh7ACohwk02J89Ox3X19UfcPBIg78o92Gi15OGxBSGE=,0
5IvhKKY1j3xyIm2X7InSndQBWEFaanAbMKuFG8OMOCA=,0
RGVz6tt0i5hH8PCcSFwK7deFw2+18NL4kn7yj2u7OMk=,0
rWS7SckcwuTucwXb3WQtGs39TQPvLhEhAOL6CmuFjww=,0
I/IY2W2K0ioFRHjGJy2Vjhzfvg3C1Rwt2swGQwpfoIQ=,0
OltdAEaObdMB+JNMl3NBuH0Thmg/4jA5cGXxL8Csodw=,0
iMREiOyyCkX3o8/4n8tc1tmOfJEbuRgxqtdN1ldEUMM=,0
xEWCIFZuSwwN5dOJdQonMhUUKfmqVJvHf6Q3RDuSPwE=,1
zXxdi0+TrKROPH+K/sVX7VwJ8PV0n1/lA+aMiFYJq3w=,0
0XC/H1vjbfLC+6Md1bA7LK254P+5WEBh1LrUJrXdy7o=,0
MIy3e7t75qTEGi5X0SfRV8i3ZrlS/mrDZ94UVjdCYyY=,0
4GEjjzsa0o0CkwQnrTVlL8G1cXpiQ95vBdJudowA92E=,0
NRoIDW4J6/aZUJizA41hyN3Smi2cDkhaAxz5AJrpHiI=,0
aaeZHu8nPoqJ30GwtWh+afH8Bj8vmnlILp9MAg30oG4=,0
onbbNlyNZPyWrFyDHbeqfOMb2AxYG+S6xjUoMH90X0g=,1
pVUiy5shec1l07uovBp9PTg+K5FJvO0+jvl7wF6Vw4k=,0
MjpxhwGG6ovdVQV+rhCQa3lf6GvOzBYJhC9NAGNmSwA=,1
VrW8JTw4qxFADRHfGgkVdHc36+y3GoJVqe7YvJYMjL8=,0
g0Gfbv3hLoeTFhiugm5i4HOiwZIsVXa7yNVSwYkscTo=,0
Maexthhku0POGYsZcmA6jx+uOkf1O5SQX7vUtWUekY4=,0
Q9520YtowUBQq9krA/jPubvrJmJcZwzw8idd2jIRrYk=,0
Hxx+9IOKxt+0Ud0qiu1GaYA11xQyJ6ZsR22oJpedyZk=,0
dRan3GnVG+bW4aFYQw+4LaDFWc6QDI9GVGT4+i8HlgE=,0
vEicA3lTnKeOiBLBpF/XLE/bGzP4VeI6ZGjcXQhI+Pw=,0
R9tLUh49J96t4Uy+iIRJR33b6rd1wgkBlVNTR1uoxwU=,0
qPhb1BwPwas6eTJAuvZ0QZhox33HiWqjtLCGb8Avsd8=,0
AzRCELw6l2lM1szNw2Ns5i3proVIXoo2bkMSwFyg9so=,1
m7RMFGR/RC32mPUoxYGkq3OCm5AS8b0x6maSY9y8wIY=,0
/ErNWoAuLlhyhFsJXVs9IbFDqn/aN4DMSk0md8k62CY=,0
Mjc2y8bGXumBbRiNppjRWjGqRNN8sEABMw1XhOOppOY=,0
zFJWrvJQ6TswOlbFnK1oy7pl4yANnsPh4zVG9RjzFh0=,0
WSKlcns86LNi7yaJ+JbSh8YMqpY0ncPZcEeN1wf4Sn8=,0
K/2Ia6MgNOP8DYluscA5AaW9MiM/BCpt4QE62INCmPY=,1
HudDkwVrrdGuODpdNL1j1939W7pG4EbAcweL4e0CQVI=,1
5okY++NkF1wyCoaY0+z4q2IHigBq3SdFZesCwx6/bkc=,0
/kqsPEPy11215uHvyNBLvT1VSStF5J7qg82a7ITOhmM=,0
L3hlYEpn5PKgsEhCWi9pO/Nr6sna171uWQ2gFh+4lyo=,0
TOIUQGEd+BNsNmAcqUy0wXCdx+KJSOhPhKPpHxWhMZs=,0
/KILTF39pC5w+RT6oc4VOXjqd3ccgGXjZ2FcjIHu+Gw=,0
P6TaEZMv2HC28VgosuHC3sM/JIf79BH3VGMIVPntfFs=,0
4M+lqUyc800GeMHOQQOhRhEvW33d40BN3daijGBzxxc=,0
KN8OSIGZ/26jFBP1W/k1jjWqNDKbN5+kVs6uiKJbaLE=,0
v9j5bWgNxx0ipnpqmOmtJt0iB/6xA0k2Eeg2w2Ci/KQ=,0
g77FgS3zJxKo3uX0Y1oHZd5tt2vqiUmVukZkPjqbruA=,1
FkTmqGjZTA/FsmfuczGpkSheXzji9aJtkx2s4D3cBgY=,0
GrMKQVC0bhug6dWO81T+GWXjP55PwCAOgH0r+VUHwRU=,0
VgX+qfoJndyH0bIZ3LwQq30QggR7BSSaDzC8kjF4udY=,0
TA6xZhe6Kn9VIgBnwropQst6u/J0aJ8btjI7GynqyLA=,0
FBsJSTUjDhNz+Rruh8mFAcHxXrgXkFkkAOfEDQv8i0k=,1
KR7VUOlYI43MYuQHomIiMzhLjynn+dJ8vpGKMD0anh0=,0
V4Dlk6Zv10kVx/gUayD83Y9xPEHt6rZNhoTlcoXzapo=,0
KJiy2ZYQ6A+DJLVJBXM+yGLTInOqG2ugaa/GdD4Ga6w=,0
iiU8jikEepJsoh10cDPpW5+bUPCo289BVrB9jI8QV7w=,0
9MTvxCKgzWz6AwpjuiDTebalNDNvDzzvkHWEKbR9SJs=,0
DbpVIhKPJbWjDo68RPALrlGsBh0FWngW0QjLQ8rynT8=,1
W9IDz18H5sjgZBOusTFNSOrF14Abm98QBFBjY4tt7QM=,0
5NWElNmocee7WmhBh7CSRFmoXFR63m/vlIOSyPdR1k0=,0
pQafICkqkjcjOWXCeW0DGuoA9PP32uTwMXDVpfr878k=,0
mdX/a4VAPtS+CSwVOMpppQWos6IQObK6fG3+D34M/Ok=,0
wHWgbkEnlo2ghCwyTa+IRWthH7Vs9Y/eDAa88QXvGe0=,0
h8N/Yo2dyKb9YzP0tNOx41Oe12/SJUCFjUyAiHvT7QA=,0
MEwZwYl2CpAVupRoWUaZnijKOe79TCYRX8+I9zfVCbg=,0
fV66j0VV9ToJYEksovXm6SBmwUScs6V6ayQw5RQ7h8U=,0
0EWL31atY8tf5ksj8wY/BvHzr2HXwd7hH7SNFfTlWXE=,0
LmtIHrgS4DiYBfqJAJHWGO3GtZdaZdiuI5SmaQPnsQU=,0
iSm5iSkYocAXmkV2YSvI1pR8Nc9jg3fkaHdXa9ZkSZE=,0
ugk/LUaErxQh9zubvTJd1Jmsew1CJ9L3mM/blxQzCsE=,1
poPv5apMWOFJejfZO8nid2tOb6qomnMOuj23hy9/DqQ=,0
AZs2vtavU9EocjPXP8Wpvc8T49uxl8HjooZ/PE86H2I=,0
2dGJjE7KjtFb7XRzZTzmGy4vWnbDU7J/inVTCnGafxQ=,0
1QuZBmdZnp8QKvv1WIjQqRwTL8BtZIcJn54Q5HK4Kps=,1
57Dn51ShO38LjDh9m7u/4OELTcjKxxMbkCKgpyzm/ZU=,0
wdukrpjHBV3N6h3cYsxDnYllltnWD+/Di9mXO/v9p3k=,0
2EGjY0p6GOUeQA9hHJSHbg30cN6h41OT5Is+jKJ3I1E=,0
FdfnRNIewLJsjwN2kZTIRAZ/Cp32chP0unvWI6zpEJY=,0
9yfa2tu0//FftppUisGynOxLkVhuBI7+6s9GTiA2ASw=,1
7dg+ROL+9TAZhEhKxPXX6XON9g3EF8p+r7Dr2qxX8Wc=,0
TIG331ztfV1nLH22Dd81hByu8ln/+iOWHAcBOPBFe34=,0
A4b97ow6GCtUY6FIgGjWkVpAVWGk/RUpP4/aFxaZusE=,1
6sJlZPIkucY4rjPIg5H68OmXAH1vjlDHnOOw/jDlrZk=,0
0xA1Og1h1rwz/S8Lht31LnECnwp6iw4EZbHTAjDruRo=,0
av7/acX9pa2moa/ZIiV5QSNdJdAfYMO+ZAyBWMSAjOA=,0
opSY9Ks6aU8ya5NxKkZSfvDxLKTUQJ//epDXOYWWuT8=,0
SiuHXoWJ8ZdiosSYrl+Ehhnfx8nwhban09NdqqTtKTM=,0
79jNyP2iEQCq25eixVJeHhVi4S2P8wZLxy20WjRP0Uk=,0
zauX2jBtBGAS4Fi+9XmuofvaWnA/L8eRb6Do+WXGP5o=,0
mIa5vw0qFVwL5WIEbplxLgH+qW7Odg+X+1VlhIO+jD0=,0
eg7XO5gxnLksFaxasYNB3Z281vCBUMaJA6wxDtNwlkg=,1
qUT300+GzVoWbFYiOAhkkDZBtODwxme57NgxXxIkvCw=,0
CVaMlF8a6qSZ8cCbxNFGF5HNAC6buKjnepNPsR1TmOA=,0
OrQe0sJ+8ghkTb49bhoyKFV/749SnUhPVckwGapFtUE=,0
YOceQckNlh5ujYORsGvoE/VvZvJfzjoPTfISSTdbqfU=,0
tGdwVs9fj/SHwDmD1ji7DE/5C/Eevcn/xDO1oWeNa+Y=,0
kDriz5SVlAbJ8/LhRV3fVYv8B1k5NMbNBGsiYcoTloI=,0
5LbGHb+fnH+AwhT6n7VWgRiq8B0lHeE+M604+CMTeo4=,0
GupcI5n9pFaMN7OcAOMYyP5sAI4ar4D86Y30PxodQCM=,0
jmjF9YwaEF7v4Z2h3iabZ0Q3eL5qpePMD+iyrErenYI=,1
sUvpIFXXfCL03MNETQgCLOYv1XAtuZsEmdGi8Ju6sEE=,0
x6N63ZlUnELlbB82tr/I7DOEBiVvVJFgWXuzQzsG9zc=,0
CwN4qxEx7wBXwMWN8OZ38jM1anpGG8FtK2ypIRxpXPA=,0
G8t1omTlHqtghOIQZmYs6VYtu/aYCgHkN9oU2NXXaFc=,0
q9TIUzzMdMrO29NwfqFW7wp7myHr2zoFhweI0Zejb84=,0
pC4T+Drdfws88Tk//tYX3zLFCREjCp6uQLvsps0lFs0=,0
LxIi/lE6IkGkF0D86RYrGabGcJFdmJXcKcxys3y+Puo=,0
OY8nHf5TLStttsuwrNQcR/wP2wvyeVpD6/eHh1SlN3E=,0
qeJmjtThSnJ6Xx4/1CC8obByl/uQZH3KqjXUeDEwdfY=,0
6FfOz1c7s4Q23t7z/k/mWgptc6Qrb6JXGkn8mpBOBWE=,0
Kk81JQeqZU8g0wcz82UHDRyZQ0QaT7nwSpAGUDNMarI=,0
NnFG6qXbabUR+4Ud9anG3UuEOWWSejJT2ihriv/nQoo=,0
oewMhSwCh0G1z6b1izjfJxqMJBrE+z+Q6Cmr4OJfkhs=,0
bh3bJycyXbEWGcG9B/tkTWUtZYc87PPxyH1JWo2PxL4=,0
iSt7MQop71yOOp9oiLT9aXEK+exBlxvClkAtjQ7gOPU=,0
imM5+04Uaq9/DhCtCtwBTXCgxVcUxob10tOGVxwb0Uo=,0
p75e/Ncybk71/6JVginz82Be3y/xK8QTddfRcDFRLIc=,0
TIrUq6GFp1J71X6NifTXVvZr3j7OPTn5MXty6t0Baj0=,0
cZd2I8SsfCZZ9OBPlLQxswZ6qs+wClGHt8hMt/LRKzo=,0
a8h0aYQBzJdnZr//J87AXVp42yNZdRIxM93yf4Stnxw=,0
iq3hEv96VqwZb9z3jPIyQUEv6ATr2mnVhMFOMFIa74A=,0
BQO6UPW2B3AyaZ7VkHs0it16sytzS9CjvxwKTpkMm08=,0
c4mN5NXTX6+sZ/mU4kbTT9gGWAqJEiksgR0X0sjRsfM=,0
wiBTbkTOpLNxoLmdIGDCxJ1aRSagICI07lxGqklbh8k=,0
4OHb6rnqgUN9x0txXgWR/4RIf17NCw8bz6c8vCuqdNk=,0
Q747Ydk/k8qmVPuh2NaLo5q6Rc+sidrCH02FffUiFZs=,0
JwGDhZ3dmhoy6S4ClMEFxNYi+gG83nqEUnWJG0MHgcs=,0
8ufJdWX9HK/b3xZppoQJY74UMy+B0j23bMYlSD2b+3g=,0
3xLj4/3BhNJ3RWcQwVMAeSooqzgVL07E6Ztq33olFvY=,0
xXK0NiwnjlAwZ0HHHOchoYzJvFQ2ecp4+LhQ35C0DHA=,1
oCPx2KI8//6cjrY3enl9tMK2rbvucePEQA2KsrxxI9Y=,0
yR29FN8GOePren0M7t8eSQutJ6RVd6TUbWNA40rDaZI=,0
mtXsdaHhDH6aBhr/wcRso/6I1P7dVcpLg+LmGDVI5a4=,0
EZRPZVrCAbNv/CTeL5z1QvNKIjr5dMgwnxU0jUsfczg=,0
nayC1R4hYLEmAGRT3JGh61lfJVqE9uGrutTe+WeNfkU=,0
h+aTgzjbhF+gcfD6ka2t5IK1Eb7NXvPF/gVg7KO08Yo=,0
vS8sShN+N0J2eiLDCz86d+l++byRvC3NmdUY+V9M2H8=,0
mAnImzR9K9AW4nlevO0ye3Z4DX0UmO0xxi0FcglN4cU=,0
GkNc4U8AFwZrgCpVdhmKMkWbEsSA1OgpRsihs1HGVwk=,1
nYLfOGzdbg1FuW7WHTRuFZBTmcHkFILYvJIaBL4ewkw=,0
u47AZ705FQUZwKsM0lcmRw2S/uTcjZoZ5savicLdH+Q=,0
FGmjtAHqJ73nhGA1PhQvkHXA4a7hejBLHeZjcf7JvnU=,0
RssQFhKVV5PQYrc8qiNFQODUG6q1G6UTxjUL0jrwVlA=,0
gCwB48OOq4JLKUuoAWbqW2OroIqatxETzbguTEg4Z58=,0
CKzhQZEqJAZzMeFz6YM4mrCcIf0C3feInPVpkIlUmKU=,0
qfjW8NKgt16owQVIoupz6y4sDj4Tlgtrj7fbYW/C0+U=,1
I7Q13sL03OELQI3sivrcN1KPFTAgVhkiGKyAZi2JF7g=,0
0m0RxzjUDgi3JI3YMlFo1GlIENlrcPDnNRX8HKdJVJc=,0
41YxNeEW14Lw2HlLiFFQcPKZ8kSFBDnG7tLk/D5KD4o=,0
0y68g+QECB+R1BFEKTK1R1wRQLWMUHzb7su1Z3tjybM=,0
xE50YA0hnYs6jBm/XRUdDpo+8iaXsHItOxCYGxLX7vQ=,0
RH/Tik/ZniPR0jAPsP+gCho09f4zO/ieCMZMQPIs7Gc=,0
lg0DTAqP3LQJQmEhVxOkRoLpBkpqX2v7dIkg+w+xR74=,0
RYiXm032eCn2DAr/jRlLC5REOQWqgeghosuZ4b65QKw=,0
M9rO6gTxi8YenEY1rDznqRx//07sNh36AKDdXekq2U8=,0
N3IrR8/QJ1W9JQLa577JrIy56Zs18VZ/ud9/1JwyZIE=,0
HZoN9//WwS+muwmhk5vvn4Q9AGGHcb58YQWJ1PUp1n8=,0
31sgHeXj/gHz0a4p1huaf5Y8AVmcANLkYhcsjKrjsUc=,1
8Fujx1/WwFM0DveLK7y1lutdjMTlDciXgPtSbN0lS3g=,0
rghOyaOS395DxcZRxNCpSgnt3wB939ZZgT6YGMioj8I=,0
ugRYk8j8A34GuzVgQ6TahVKvwErWJV0lnpW3ZUvuZPU=,1
izbyPyflXSgjR47pglae1EMz2nZNjIMsWStrObRvPXY=,0
XLYeKODxfXfD+zfILHSzDGgAjsZcSDV7QDeFXHBTgz8=,0
fc9YaOSSb56jyajedRoq8526RB9pZ7YJQ2SU++lhYVQ=,0
FqmcEgTYdWbou6Q/9RJU/C/C+PgcPMO1KnsAvviIjK0=,0
8KyF5I7UhCRVLfD1EdD4p4M6WYRmCCBOOcTJX07a/k8=,0
aLhuqbjcnl4JB2lsohk92H2xodCTIociYbaGj+yCYeo=,1
iNLoEcQBtXFltzMxwfa+4Q+7LdceeaxVvbap+qf1mc8=,0
hwo2kerXUtn9IBZQbfaa1LC6rS+yvqRxO3THikSM1iE=,1
qcpmKGLt5lE+q7bawhiuPf7x1hoQtP6v59l72NH2rhI=,0
pNH1TypsOL0J5cutuqFIXQlwSLN3XFutyyKNiU2PQf8=,0
f8HiN7HuBOeon1HXmp1ccPcwnMd/UDbloe04v8HMMNw=,0
1XwWrmsLIWsqk+xpETSHjRx/vkGuI20zYUDi8e5wJHE=,0
xB5qsm1dpwh1r+uYUUO7GMvjqEix114VeYTWzAxjGDQ=,0
VS7FH7PaEaZFzkba5cNR4Gz8lIbTonCoKdqHJgIYFxg=,0
s1kwrV/VLMFj/Puw0DHxxcveLJg5fBpK6+vDQ627uFM=,0
6Df5BUAVP4mN0GNqdsjKUq8UAHhBpYGbMEE2x28jykA=,0
qZu1hajAtyhltKZlo8jGIF4JwuJ2BsAW0u2hOh73+h0=,0
5fTyg3CGuMfaJWdbpqcTBw/av1v+Hi75ggUSbqEYeKY=,0
I2xYVoyqM6Dng4oSQLjC09L2bvNtubVE44h+5DUrxs8=,0
pymeZycMzjB/3/WL9syjSS97aVtZi99NhNicgXahV0c=,0
NlFlvD8s7ObqLsdSVZBb/0xunKWKnMn8dHXHOYuh4WE=,0
4k5W9Sjh0gnqpC3UcNDbnNbcba5UxnDsi32dP0jEC5Q=,1
kFzOvmp/BLnuonh6KuzdLqBrUkeNFZk5eeImvxSHaEc=,0
+5AaA8WE1cDbM1eVgYZtHS4d49r7iwXeGPoAR2xywwo=,0
4SjCEkvgFauaIQCjqvo9Mh+zRfbW1awAlAC98vm28g4=,0
z/ol3ILMZdgpsn4WgCGApBcp6ULbLaXl6fs4UYbHm/E=,1
KvVcsZbjzqCGRxa9p+mwHVirDMHXidjZc4Dvn3NpBnQ=,0
Eqrwwa5vI5UizeWWyTe4TnnviUPuTxi9WKqQWj7wXNg=,0
LfOAEYCdWIT21Vbl2EYJsf6B5Dtatm1atuXu4XpdmZs=,0
xGhWcIHPbfqi9cGdVLLNzkJxED5eGoXulqG4rFo9GNM=,0
cY0v437Ny9Q6LfnzDBz0cUWQ6WD/dTWs/lgI1SOa6Xg=,0
vCS6OWrjnoqpgoXc6mHWBFAcjnAK11FANpYcKtlzAMQ=,1
QP8p7zX00TjgIXZEeu5J3MdvkUBODps3z9pcNjoIjnk=,0
xh/sxsbqnwn3wNAKqodc3AFQYn/5ZAMOZFzj94fWSa0=,1
Ss3rRecYaKgT1HATO4SeXquxY4aFP4jii970zKyZlnw=,0
0oE3lo1JpItBlEZNatuFXah4GdZBvpN0zhV0Itw4wnQ=,0
LNy5PJlIp7vjaZpH/PaWJjDiS/xviy3EFr6OK9vs3NY=,0
S1gBYkrU20HrV6ILHgztVFLgFd96un9c+mqD12vy+ow=,0
/1ypG+LGRWb+Ekp4tJCXw5IyImaCFXIu5vg2GTjog9Y=,0
o1GhgQlJJEUpXrPUFhby1R86k0lxLSySjEAesUAipvk=,1
8hADiEmSC2ybm0AVxAPRlfeG+MaZbzgf605CXXtZi1U=,0
FqDm1ZYKkqXcRb5eB2U3zkhghAMlcjYYhYRwGn7KANg=,0
/mZpqt5H647gzXcugUYBBz1NGXRFuzDJgX+ZPIJV+fk=,0
Nf+6ZVNDoXZOxV+fDYCetGZxVGUykpNUj55yMo55gus=,0
2y+BnruBoduAdG5fR9bDc1x3QneVbZmXpvAJZELGxFc=,0
Nkjnnx6KNws3PEDjLnNfrkkG/rXITNRUks95I6O0Bnk=,1
h2UUiuouPsMnFMFyp0axHCL/4HfBFShpQKQfhJpD/gQ=,1
fbXxSiYZ8FkUIH+Hp7mNEkiLHstG+s5xRFmRHoB+wyY=,0
a4IFq4zHAEoxQ3pOfnpf2wiTqerVwXwCjcM/Dhr0pC8=,0
FxbXR/w0jVqRk0tsFg2whCOV/0F4H2pQMZZ38rbgGf8=,0
43VeofK0dRIorcfiZNdaDyJW6Ktbet3Bh/0U/fSjN40=,0
1tSZP/4ZPgfqLmT5tOHB5jJxeanGfcyYSNNL4a+vL3I=,0
Got305uBBIqzAF4/WBfRHGVOqfu1ejHIqGU5fRCHwo0=,0
on0rabRRyg+FcgiJkOYaHfPIYRJGJJL8nNH+J35IOS8=,0
G137xGE+ZuOMSaK2QGUBm4wB5/R2T6w1dyeQ6Od+ZtA=,0
TeisqPY4qHPcVnbWydKKxg/EIjN4Te8xEdTFoC8DBVI=,0
mBtzF2KFubTUKllTxzAqCasVv1b0KpbLcvNL9IaW3Uk=,0
PnbCEPFs9PoiA0RXUPUcaErys8NGH2aZqFiucGRdNxk=,0
VfGxCB91sBqsljTYsXfnvH0XMkOH4QoOdI8iVgTd2WY=,0
RrQxxCtzj/iaIGVXotpPvJSxucvfAPLSYpiiTbkw7Go=,0
nm/bgKABRpgUEcA6ipbAiBWl6X5AkxbVrit2CP4WkKg=,0
UVO9g8oix26EzMiQUIXRIWl7C3AJK8Pdx/XMsqch+fk=,0
+7q0rjCS7hIGohJSkT7i6EPBH4GfeQTrlxHPllnfeh0=,0
UXMUsm74HCVcp5CbEPPPnDZ53P3oBiz9fKy2Ty7JHHg=,0
2qTLNZ8r/bWPCtrEsok4ZY24HXOVAbsCJSMrvbUqq3c=,0
eLMZJv+T5fjfipdTiys0EHeN5c29pY5NKOnlwkgOH1U=,1
ND3MWksWfWHrketlQw7hgx7Whff1QgV9Ic3q2ltdFVA=,0
/sQkU0L0YgMQPfSmJlDoespZnrCE4n9QK6D/UJq5bdQ=,0
4eGHVx9zJvBfyOZtg0PjaL69yFvXJgbth7WCnvZ869A=,0
eQMJM4jTjKL+e0Y3TSh8yg07u5HCSgG2Rxtnsrby8jE=,0
4X+UMzWVhDyCNfvPfBZ9NYLDIrncZ3soC6V+8R+sN54=,0
AJC/29oPVgnowA7n8bItFw4yiq4cJQ0Otct82kHoJJg=,0
jZoMa+W1WIopYNNfwhOq+IumW/U5C3xU6EJljw6UxA8=,0
C+goFEySIxT6XfIzNkV+zpDqn+fUaf7TkFKIPPCBdm8=,0
IAztJc9fMMXwyPfB6SNOtAMeDvDXEUrHNPt1XzCC2yM=,0
8ruTOFq64npusPJ1mAS8TuRl30SCKi1d5chCocaDKXQ=,0
wBgEedr7v7gK73tkeVONLflU3R/gI4OGAo8BBQMErBw=,0
mwGP4C9LkOmnylQfDNToSwLXuDnvwckFMxjIBz+Vgbg=,0
TBgHyHbaTjc4FWN8cD6+JJviTYEPqI+eGOm01+LnknY=,0
V82MAXSfM4mifI/0wSOCXoiHxSm8JidzbdTTzGfDXyY=,0
cYOIPjvA15U0W7b653vaekx/hextiKCUST7WmBJVwmM=,0
FZoeaLuyp1qbR5uj27p6Hz1MMBYc+6/UqbtGFqc9fZg=,0
LANg5Uwv3cdIahk7wHVfbBOMOK2HOchl7cpmDwyfw0k=,0
R9e/vzGB9Xvwgu3ypdL5VEMuQPOXHwz6S9hEiN3lgzU=,0
1rExUfTBgHImYAOQUqo9oNqGkP3olCu9gmOrI06WMhI=,0
ccZd9MBSBqw+Q59ZBw3mHrtp+xtfvJghcBzetH4drfw=,0
rN9J3FjuV0J2pbaqGl3sT/QRkSqSo8nQZe1wL0KuOuA=,0
Z3aEqTTsdYVZEVjGLeucJvftcdd4BYa0m9sHrSga7dc=,0
UMbOR6o0alM2TggZbJ/nYhcRkjhVeJI9R6ELdDU1A8U=,0
vT6FGvGnSF+/EH1klsaU4O7O4FLl/wcRLrEW6YRiu9s=,0
+w/BTcSe7kiLYTWEOqF9VVoH3BQI2jMoVucRLJXO9tM=,0
VMvKurOEiPqrm4F2EYi47tgub61ZC0xuJvohUHS8HUE=,0
lPO7fWCq0BDqycJvUFzRosDx4JMtFaQrBApEHfNQ1lQ=,0
5MsWf//u88meW4sYYDEHmyBZkrE7ZpBaZVCnZg5GhpE=,0
8jW2CATTCr9peZH69Pkyat9lACUcMgHZvZ8CTYO1UEs=,0
5aR5aSDLrFVOmBMBDCVePAuwo/y+7D7M4ZA8yx3+FCE=,0
9vXybz3p8/WXZ8w236IUVRuP0JxbIYP9jgscL/gh43g=,0
7tLuua39uDpgO6W8fr59sPVVPGNXZsYLTMkdKmtWiQA=,0
Wbc82iwcRfIs/hT09FPxcSaVBA7RmW8NQ3kRdtG9BaY=,0
ziXbUEGqOfePLFkBqpbXezDtNyianxZUfR0urjVSphM=,0
6yq7J6A4tp7U1l6NaS62uK6k4x3IhBTUK7CrQ2s/JmA=,0
57YlaRRbqj9xAmffdUWCTtkbi3aXBaeoxD+otRGMucs=,0
a91bQDkqCHqANzb1syqzrFHvc9SGTb3Gl2sizQd345k=,0
uFbzWBlPEILsLZfMxHQbDlzjPz5TJYTRRgWstJ1kIwQ=,0
lI++WxKWwiZ+pA1NNAd1q0ZBXBBcIgoI2bXWRqphIz0=,0
LHClaO/Ji9cO2yiXAQIbhFVt6BYHVtK4Nr1e6KaoK/s=,0
dEg/rgdCqkXPyYjXfj/ey9fmSL3imgPI/eOf9uHpais=,0
ePwvYO8WknAmYvsvlTGWstCWFntFiQrElgpy8O0jW4Q=,0
4EPeMAAGgdAx5dnTkJaSPCLFJKI0XQILy+Us408jGys=,0
CUUr2edj15omAaOVkHMzF7C9CSqJJAOk4pJHdEc3XRo=,1
cyB9F4KNbq9l0+cZ4XmKJlyG63eTVhQwhQcJz/1z6Hk=,0
5dGWMv9qqso+jEkFiwXeJYbstaS//emgZeoWbumoAJw=,0
2xCDXLsh7Pz6hGxaBRlH8qkU7SrltgMrhczYe1PZdZU=,1
4l33+Jqb6F/y0SdifSNlvCbAwVimubplTz/JquZDrNc=,0
cUI7LbhajFkINVbF0kd2YxT/HxYLsxZ0vl1riqggChk=,1
hL85RzqxvIHo0b39dyxH1uBhpTAXebgsapAfd8BS7CA=,0
winJ0DYkth/pIAHyy0UWv5f8i/a7qzEUEO8XhuQgZRI=,1
G3GKCnlk3aM6ZbZQs7EXWzE3IC8W0w9MVjn+zOpxRD4=,0
utRAmQXi/qGM5RfylN8eBUVF+zM20Nr/1SG3qPumN3U=,0
b5XU7MsrIx2wLRTeY2v/8NJvE8md/0Hq42i5wpkAfmw=,0
jNapIzV8fDCWNkqI+t28Bmml0NJo/QWhbrxKdFYqIkE=,0
CHF9eNnDlzpPMgB5M3B+ILITcYLrvKNsaPRWBw1oyGA=,0
udZEsHgS2Me0CZS8fjrlg1+VjlrpedWIjR98PnIXRtc=,0
2CQ06cMTFGXl78iAEe2nFW+XeN39ilHFP6kQdl4dsNI=,0
1oNdEgaMMGBMQ0J8leJ8CsZySFJNKFEBl2i7nDdsBbk=,1
yHeknn4fXNa3IOu6pGKsL1+3jsP8gLuBt3TyVYLN/WY=,0
1/RCSOxddrzP+inaiHlakUTkFG6N3C2bxNc/I1wGtVM=,1
XrQYA0H9kPdMdcBJfELOzXJZSG1s9STXHfkgjZBqcDA=,1
/8To0Mq43QBGyppMxkNfzqhP28wmygijxbF16tx9prY=,0
BbLYhrjkC9oPwqPFzZZfyFri4ss5CXyYFlYMVmokcm0=,0
DIP5kPF54kbEgJ2vfaxhT3EFyQAubERsbCdoU6Hv/dY=,0
jL7Cd9AzhhRt0NwHMgNsWG909qxwMgYnzCB5KbJRYpc=,0
qm4ibuHHE+0XoVHJU6QH1n+uMvk1QSxf032u4x7eB6c=,0
Dlmyf4VGpjgErasvsl4Tkz33kfvWbgEOVJy09oL7gzA=,0
hOJIbiSrKK7kBZLze37wj3fT9YFZmRqErU8kiihY9UU=,0
bZBL6jRGO75yLVHwiksaSrtRYzeA2MYBH5Urt08npjE=,0
fgHBOhSJ8Gb8Xk6j3rmRybWI3MHx4a0FeFbvFcR6HeE=,0
jInUW7yCoxNT4iGM29/o/k3jKby0MGQvbSMGmQsF7Yw=,0
gr56oqqOHn1/6qBjlKUjlyc8YWobYwAbtHJCYuCvM2A=,0
Ma+L2r2iztM82nl1OIR0vIN9qIVY1zJVzuJW6KgXjvg=,1
maKGiiw+i3Hz40HgbYIZn5ScfJQYvaaEVMNIvT6yrI8=,0
oKOQ6ieT+U1KaE1CCx63A/XJi4Ndn+F/ihKzs4cicn0=,0
uBzagpRqwDT6B6JB345mjgYJAMdTIJ4FwzXtddKj6QY=,0
JsmAcnKbJ/BpS3qb9GkKe4WPhiS6Da+V9sZxtxOoIUc=,0
ow3ewdtMdjggmnmlozduurN+PtzxfQ9f8yq0Id8ZvQI=,0
q7cHdAsvG9YHjYTm9RuuselyrRH6j9qK6WKibPO7LyI=,1
p9vatCSMoWsnc0TehGyVzlsF50p9r28gR123mx+8pDk=,0
2bwQCjZnL/2ZXizMUUj7YrqZPTlLbiNpZPjsZx7YnxY=,0
n/678Zp4Col/sYEM8l2ApSJKCI8TTks+74Bq5QW2kAk=,1
7uvsg2CVWfPuCsZEouYypLHekrILAL+D3rfl24sM4W8=,0
VyxngV4YdVCaFNcyIxbVBSrPMILzJFHLWS5X8KOwVnA=,0
By0IyaDiaJUeA/fbg52QiL4BCp3RsGn0XCyNdE/YLO4=,1
Va2uzdj3WLP4HwKDJltu2RxAhZzo1GttViX0AjYnep0=,0
6WlqGMu+2hZOeS3Ct8UM66rORctX+H6Bmwao2tWCr8M=,0
vGfroHlx3AjTbRZ5f+IfEkSOVzX3tn2C6HEgOSY/Oq4=,1
v5jqxgReg6V9TjYR17YzeVOpXw+0oSmV2C/5PtY41No=,0
PEWz5I51P7lY6z9uRUp2AurgiD+YWakMtE1hefAjbd0=,0
nJGnXB87OsX4FOGlpyL3qho6nVXAC/zjjXJg/ctzObI=,1
b2FZ94g5NGviErEeFaxLA/cf+Y6aCpAYX7doEeT/4Vs=,0
fSJpaCpfl50Dk4FbNsZwXgbXX9uJNs1hsqoKtZHIwXs=,0
DlCZQ2E6Cp1qlYL9cU5nha1UPSjwZlQMqEq0JDmEjuw=,0
uVFXU/BmszuqJSWB+eNue3Ho96n6/E6+ZpoRXcyua0I=,0
D27XGuK1xc48Rdi3YEr0oRtCVW1PlzL32d89ApMzTbc=,0
3koAXA9EuNoPkmQc2cNZuGH0jo4cabRvW1KxY4na104=,0
QUAo166+HrETn7dvThiMnzNrf/tYmSrzHNhzN5MHzQQ=,0
o3n1FNHJW5tBlH+Ez5/TH/hgyXjsptBhjwUwfwnyptc=,0
b9FXMveJOIo6AQFRBvHcuaYKL9NMul5sCWkeD3c4tZQ=,1
KGskkQSJBUquRJfIyRvirMKISj8IrFOTBs2hfxylWWI=,0
zawMRGS0QT6Xtgwhb6Sxip0JLwLMC1auGcmyA2yTnh4=,0
lyea1kFsr7fw2rbOCsJy591V+nS0LOzjm3ZPB2T+v2o=,0
WIy7lSBZQOVT8e5RHQXwgAxfRDLz7i6dnKPI9SyV6jA=,0
/ZxK061qHR4SoHAq03N5eOhB7YqFqN7sLCQnZ+Z0OnU=,0
dpr3aTLjXHR2ZBKjEFvphbkx9SImgUVGTTHby8RKEm4=,0
gmhk2yzZY82mji3dLCS8S0q19Owg4JD3FdQP7P0WO8c=,0
aE8b4nETcpVnzvItwma2wOxjTnQT9gVUj5KQcMQmh+8=,0
Ma986lhEquGke5qTPh3X88EkyXVjStluaBGItkJ65Ng=,0
lW2vqdEIsHnmU+UrOb3O7uZUKgobAr+94TcdkYw3HEM=,0
nHnO0nmBzZMZlOghni/xZrefJRXwVDtAKCL2u5pKO6o=,1
df+KJ8B4n/FuFc68HxO9kGYWfXy3Wba+dtGrrBKK0V4=,0
/i0Q7R5tCCavfCpH9QOr/J+V3i0Xk84ruhvsIUcLbnc=,0
ejN3fsDAhl8bmp8XAh8hvaGp+Aw1d5QrYa1sEKnnGDQ=,0
mymp10ZgOx6rhpWyB3yyzvPIgDw/xIwg76HPnC5Zc6U=,1
rsx3zO5xjUvWu+8wvK39VcFYy4HXKL85hzg9cVSfuM8=,1
uUomFdl3glowI+aOFqBSktSHI26iROqi9bxweF2tGG8=,0
3ggfD7BT/hfeMMlRhit7e2UW0KE46crVJ2Tbyu+iMOo=,0
MsISbjOq+8NKY0IzWaloPAE9M8J2FrS9OsrqWxzwYrI=,0
jJkHQfDO9/rC/TOllYmaw23nvKyjU/CbF/d879KEios=,0
xPPyBg+Ys0eM2PSXFqd7yeLQsBPiX8jbPRRdClY06/8=,0
OMvOOgSWIt0d0oXGb2z8ycz6yxV4/VY000B9ErSYTYs=,0
SxQ5TnAYt7rU6R1THmWHT++iTXs0oudPDfxZjuimyKw=,0
dpyG8Z7GYAY2Bo3WyzeQK0+vK/Rzrlt1MY3abmxvPvk=,0
dg5mq0TYYsKZUu8fsBFmxibO/tO2w4u8e0s/lVH2l+Q=,0
Wbw/fiDyMEYvkQX77O8Fsz6IyfPMRmqgPj+JDKF1BdA=,0
TAJrKwzGGsLLysIAAcbbNPPGtNhhaxekn1Dth+Q/ZKI=,0
a1Bex5SDWKAuhSZhdReS8L5uy47AMeCn7myvzulPsWk=,0
q1eof1KN8ROINi0jwr1xp8N4clY/scyNBOqjdw3d7wI=,0
iMBj2t0nAl6RzmnLLfkyYqk+7rWYFO5zBzr32WrfWZ4=,1
oGCLkmm6wWnWbUJbddHUm9FITDEuY5OBRo8hc+C/We0=,0
0RdzOCLynpbMYnU/eMQLRUeELadd9wP9wYLvoG3ZXyY=,0
R4XQYi0WCTlQQ4NqzYfSZvjp03RtIliq5BZZ5HbQ31g=,0
HUuZsR4VoqPTZrSYKB19WqUXoqrF/Mf1l+hwzWyxaqU=,0
VYm7uODeSp+dyBX7XGFhAgLo3GSUe1HFcpzdeN70A3s=,0
rNPVPyPh1aWs3lC7l6Lyc/SD90TqZqU9NPEuLichRlA=,0
ZISXR+c/w9TZoJsnjs0M6zri7R662no1vhsTlJVIoPg=,0
iHEl7CnHuxEx6+4KL3nshzpk0mK2KRv1izxnnd/aJLs=,0
wzIkhdpF96ctb523aQ97fdASeXf4pT6PHbM+4lwC0Yo=,0
A6IkmRMTrGIk3bBjwqtd3LlpX0EkuggcpsxM+wog2HA=,1
TjvwCRCjP5y42HMGgF1AqbVVF3FcjgaMCXXisGxUdmI=,0
c+yl32ZoleezrdFI0UqQ85FON9E25/+0MN71cz5PzJA=,0
hCRQE5HfMBZUSHBg7/i58BUQqOXQi2gUs4T3MfcydRw=,0
Nk0wg5JHL9wW134rT2QrDj/HLczvctTs4qSdj9KVzlk=,0
GhXZZT8+f+MHOkA9fQlnhhc6zwZGPMIRSWOd8uhPZCQ=,0
2lD67C/qslvsK9MbX9v0lMsKNg28jr4HF434IZFsWDM=,0
/jGQoVoQ5QeH59nGAQK3T/pC8EU7d/rcfPi5G/5R/xM=,0
xl5v8nojA3umJOqN6pG8+P0SP3dYq64HuMXPC6bxUhk=,0
eSQ4dZocB3HMy37dk+O+HspcBMt4lBp8EKA0Q/m3nh0=,0
j5N9V2MtD2i06mbijN8UzY1kyDW25H7iPSVlILhbB3w=,0
IVVceebyyW6xRKq36Wc7keckTiv9npUF5R3UNh+7bjo=,0
9Bl9gQuenDU8xtZcGUDEQUG0Slto49An7ylPs1151xg=,0
qlaugpvePUfv+/KnvPvmz2fPXYswQ+qcwOEDoCwGdGM=,0
7I7hdOSBqvVCBRxET6CmkNS/T2xfGF+/fcagvtrI6qI=,0
rnx9jv7sHUmjzWIXvUDI0fIL4OfPAB1y+/hINbwRj8M=,0
twCo6D2JvuQyZ3/FDV7u1mWGgWfp1f9SfMThyBRuGlE=,0
huvkqwo0z7iM5G492RZnjNYasfCG8e1j6cdrX7Qb058=,0
IT30BjA3dMz8BoDqIStphfDoDtNVHpDi47A5WJ8M1+8=,0
Pcl7XPaVXrf2Xms2joVe9lV+Lm3vZELGb4zmrR3j1XE=,0
U6UUTOWHTTOynbc9CrV8V+XdtIM3poKKO8qRV6MJbe0=,1
cbNcaLlbAKndOVivilFU3h4Llt1voMIhqA2o16KOQ7Q=,0
C2KSXpv791XSRztJbckyaHwLqrwlQHNO7CReXVQ4/6A=,0
idwcSNdsustLBgklv9khMPNeCeCxE4KpCGf5tJ2Tc1I=,0
cO/LwTBLQxqrHa7YDbYkpSW3dT9fvH3T2793d+KRHxg=,0
HYUGTiJ/9mTtFeSRlcBdFJNmCmRXjH42N+lzfoNtDHs=,0
V1eve/vLPlZVZQjpqVIhSYUbsc7HxqpMOSaAfU5+M30=,0
PjIaHC7M36v2vWUn7vZa0gu3zQ+U66o5ig42i9F5Cd0=,0
ROhRnCErFrXJ+QoNsZs9RECgWnj/5eeywvhaTk0w8NI=,0
sDMlr82zTj/qs/rTJwfUHur3NG7BfbXKLkNNcov3Chs=,0
oSR/rwoKFQvD1RBaCKJnJPY/rr1Mf/GkAt3qDvPf+/I=,1
bF08riLf4xqDNOvvxcTFNDz0Q89w02DGT2ddPVHvqAQ=,0
L3JK4WVX83PDbWTv+sX0UeCThsGoWGDg0UFTKz2OecY=,0
yMUEs9lagn1NHgRcrXdoFHgr/o0qFMR2eC2Q7HmsxPE=,1
YFVrPfrFlx2hcLXMXcI/DdXB4Q0INK5xZ/TfwlpD/OE=,0
dcIyboidf0+Dy5qPXSHP+yVvB/P80zmvfGLKzqazdoY=,0
TCuhccasBwZuL5V41Xr+exHI031pCbYrhtiZ+pTVttU=,1
OHW2P19Iytm7cIXHHwi1YO5eoANoKDruIj1XoZJiCT8=,0
rTFh5vj+elgUfl3iOULb5GVV17xPUZg4EMYAvnwqP6Y=,0
h/5PwGYZXEzI8xUwUaiu2ky+5E7y4mNSJN3dhvlZFXM=,0
vy5UglxFlDLLujA86hvVd3kxsy3ywex2wHiq08wdMe4=,1
uocwpUQlVsbGbiovz1NI17MhbPN0CO9++woIPqfExVI=,0
vGZy+kLezkCoFw5Dp7wuk0HNcI7+eT8GLqLJCNPMs0g=,0
CmeWJl/APCkqRL71QXNRgIiq9/CBx6vqv7aewICfccg=,0
KS1GQHasR0jCjEPkYADVcVqh+zrjvv274UAYKqXSZ5w=,0
7xuSHB6NMGiN6pz9+rU4C2AsCH2Nd8gPFGOmEF8yNys=,0
AzPTytiYnG2fjdabgn4mzZDklVImQQUUqwgv4klKoq0=,0
EU4NQ4FVGaa/o/2hWhqaMxWCNPROZ4tPLZXvagPAC+0=,1
Jbc/n89Nf0qYdJ9HjiC2XrCKHkHB7LnUe72UD8YdIwA=,1
Wd3siG23vGB7D6GED0gR2pKB1FZpWgrLkKLGnZAY8+M=,0
71sLFHe8VwDOCkkscKH7RMpA28Bdb/9t6wjRyh5FAGc=,1
Tuyxxo8xaBQKNDfbme8coVsRzPfDdTnRTEvQ5X3FzGU=,0
AMsjje8yNDgiPm1jyDU3ksKhjPsJN0LAWcjGBXXedO0=,0
oZpu+QcCJtdrYx8aLx7yBovSFb63m3HP8vXNvR0xWiY=,0
DFMWxi8iBUyv7dRSKaulN6QWw6hLOtqTaYfqbK6IRkA=,1
tCglmJfUZh98WwKFREPbQfQdGuO2DD4L9zgm7OqM1sE=,0
rM+26+ApBrpBAM2gLvJSliDQ4CvpK0i06Ex7QXMvhhU=,0
SMM+nkEjB/CmoUfdhGIXry4OPI1nkiguSq+I9Lzefe0=,0
OiVbj7L3FPCTRTYZS3vWI8OqBRDfptQwzorSLCu68yA=,0
VbsmpkwRdGa2feuJov/5fjmieWCl8Z/4lCCpk/qV8/M=,0
4QXzdmlQ2TGsNgmsp6nuAQiLqWYYqnwLzZg+48LOSAE=,0
Le6vVNXhmJ8Ez6OQfeRJiMQ+Mg4SbiIa0wYNKnKfjLA=,0
H3Dnu0hGGcjbCP4rVxp9jmhXWSw57/TywcjVgSAin0w=,0
qdIWenOQzadR+gd8sbnPnzVOBSYE7NbOQgB9Wcs6fxk=,0
hq92nzqqoxp4TIfcBfw3tyGTgdc8O7yG+Qnx/3F/H2M=,0
T5kUg84USHTC5flpKPpZ9NC2Do336UqrET8RcCGTjVU=,0
rsilrdXMmG65ijq5Om3bg94J6Qm4XvIn1EM/YBjf+3A=,0
qezjZcPbhkPzaolim9VPYuZCqWAq39vK+4WI2OsiLWs=,0
ypQupq0W7OM6eAlLcHLBHVp8a12MTxHNDFgtShn7lN4=,0
d3mi1a3C5ALCuS8Pu8NY8PFVlrbGpkwnS2OKJ2r91zE=,0
Z8j5i4y/EXQEb5njyCk4dTOLW3yX6/6XGTcfHV4h+io=,0
OmaIFYx560Yx/0d61SOgbSSaq0bfb/yxcux8rVAm9z8=,0
ndlRGyDKSLdmJiLhlpPTgaxQKQLkRJM538dIV8UEHYw=,0
U/vqYOPV/8AFe2UmeBLOSy6VpxwO0TzcBtVHcyDheZw=,1
FWdHqo/iiOUSDj/u+Y8788llp2j10yXUhdzoQbhH+tg=,1
AX/HiWjWmDIV3anHIGCqmUn6L5WB3OH4NTCmzFtBJ4k=,0
3c1ttL9ugvRlm2Ts9/0KG6NCwMMCZp7482J+QfvA6UE=,0
Y3nVkDPLyqbKYd0FTc0Z/9ORcBesDe9Nlhfo0l3Y/XE=,0
M2Itj5w+ZRojg+gkX69zDrB5x8B1sAlqfYPQXe1gAec=,0
M7SP70b8rWoXRaDKxbFprzCkmdOQOdMW1UkQIBNnHEc=,0
/JJ1Qqt7SkXbecK/3Q97H/qrW8vKY2ELC0/ErqNxzvE=,0
ruVVPqEjyitDw1sO63iK8wi2NYhtAdfCW6y6BRrnBdQ=,0
8JppSvw1O5geo3C4uUc72tcr/NHGcdAbWkeeM809tnY=,0
5FzmMPwpgePpRDaaezxAw/MC5Jkh6FaBQrNFYHlf+Dg=,0
SvG2AjrE80ifC1SqtFW8nM4+zU7RBpPPWUPbhztHwYo=,0
HeLD2FIKGornevOokFcOXFfcRy1qsGyXGOlgCw8C+9I=,0
YTrouHxellnrWSLncfniEVswAStXi77NzG4bvvE84rw=,0
de6DyqGeULBvvsJa1fQvxnsaKJnRuZ9tH5DuSq8pNSM=,0
+LamOtrqN7cq1j8e60OmsLXbqsihnrFTutTSIvnytzQ=,0
v3vaNIY0isv0Ed6dyGE15HOIQJUX3+mdp8uSzoDNwbs=,0
4PYV+vqN4z/xM52G/vOvnnWjlqjNPMRHwfhbDHrUVY8=,0
4BhuxL/02Z9jBywf4f4Ezfz03lv9h6T1tLYZMiXemxE=,0
0dclRFeOZwU2c7S6HrPg+kDQE94ok6A5FOHqHfDNZYE=,0
15meJxWPM6gcN2Q253aFtDFI29FPsbw55127sFoYdwE=,0
V426c3rOZyF1hItL0nLzKyKYzz+F3OGC97MoysLPz5Y=,0
Q2ssIZPyquw9WNTP6vuNpHpnIcr0iimYP7AuJ73ynhU=,0
J5Ar7duka4S925ChfK7gtSlBCBgrU3S1m4C4sIXBstk=,0
BnkYfVHCzUGuQ2gBR0iJcH6vQf+Av0JK7ohMce42h0g=,0
g1TIm85pK7nDmXK0yS6h9TzSTnFTnTb2c8LvkRse1L0=,0
mUWMRCFI0hYdYOHVMYrIhFCqK6WHI1LNek+SqYoTWTo=,0
WH2jDOhmu5Bs8+S/TyXdoT+HdA7nOogfdK/FqpsVIYE=,0
THhO/+KcWQvZz+c9tGqYHvyKSz0dRw+9OFP/up2vYiU=,0
4HC6ACgFb7YVPhLu4PkDoaYyK0AovcAl6kszVCnLhqs=,0
lNSwowQvt2mJuju3WiOOM1zL4nqOl8cOLs8kuyR8e6E=,0
fDPoSWeP0MrsHS6kOZ5VG0Ru02+VOSTm/Quw9sgvOPs=,0
KKZcoj+9UR8yfC6nnbDkA/NG5A5qD+Qs2evAHvX1kjQ=,0
owrnrq3UdD2oTaxr6dDY+Qy38dxHRFhLvlp2/p8EbWE=,0
2vH/XayJGrAd23YLxN0tptEA+HA6XbZfsNo9Z7eTYgM=,0
TeMUOTMhUV8VLInPGT9geeH1pqkyNJUr065rOW8AB18=,0
17SQoeqWYN5IOZnAFYAzDQnT9rA2I9g/uAMcYqbPGXE=,0
Tw3lIN0t7OB/SRUSdbaJsm/3DRnuCmMQlc9AJxwAwwI=,0
e9gFCCg8COzVFAck1ZJ46zMcWd16QtWytCWSFfv4aIo=,1
/QvyxUDILizuoa8ZxPe2hg9OELZ1C4s34D8X9yRXR9k=,1
ZMcF0Jxhqb57jyFlxv87lExMRYKeX3RbnsbG/RLwgEQ=,0
RE588l2fkHt7qC1yc/6ejH9xr7dS3jS8lOeKRKfjpFc=,1
fLKERKfes3p0vIsuZ4GZ6BSW/jGKu5o9py1XCRXEzfs=,0
4ltxdw0xxFLGDxzg57l5fgLQCnLGSW5Vh3rCppJ+SSE=,0
ryggTED5FOFbTvM9Z9BCRR+3cznCu5e4p4mNqxAiEt0=,0
i/zCBdHQQF6ipGXDHSFqNazIWn0RfZlRljs/5GG01wo=,0
tUUAukKbSWxD2kPLcalXUKDDCQwvKiEkFbd1oX2MwNU=,0
FQAeTHFyOv0urfXWei5x759W9Rm+dzeQZ0wtm72E44k=,0
Jn3rz8XxS51+0hwHavMZcG2atMYIGaGMsHrvnw4TQo4=,0
gsm4Jq7hPB4IuD3KfLQ2iB+/FRsuyPEpf1vdMHBcNks=,1
dp/Kcv1FOqhxwEJ+yOm61tCFQ0JPS5XgmqgUYSxtEow=,0
fgX1Deo7v/LVyvGEW+CRZMMfKOkImmMdDwHyX0G1LSw=,1
YsS/2W115FHQ79GnlGOhNgb4LBF9verLaxx9gXIwxMk=,0
6TL+WYAqRV/G3tVPJf3xHBslzAlvYOx6Rc7RkaBMfdk=,1
K56gadLU0UnS/Ssgd1eFcYVsrgiTp3tDhWf4EYhhjCs=,0
k72mkNMdh8PME5Fwss+h5Iq92YsAlOvEEwRcLsYfZlA=,0
t+KOEJ70YLXItDsPGUqyb+2xykmy9zpuqz2E1Vb9dCE=,0
fqsqE7RzCrR3JNRh5ztK15Olx36cgxjnxIB0k9u9elQ=,0
Zm1pzI/TPd2BOFl8t0unpOyqeFeTl/uzxeXZ2iVdt7U=,0
BVkW0zDKByfNGJLKc+GrtTz0PetKjOtPBtgzdXdx/1k=,0
41AuDMCAGCSaW62/VBZTqQdNf1rl0fB+y3PUwPkL32w=,0
R3907QrpVH+ECrpQOfscGgLLnUo53zbd0qypZsyfjoE=,0
sVncx1U9/tIeKFzHUTThSjpxaSjzbxxF0voXJLyvIa0=,0
LnhJcu7UKJBJJEHPuO0eI+Hic5DikodnEvjvVQZZsP4=,0
mN4TdtTSuts/WlG7XrGS3m0jUNPzh0RdYCIRkyL9WcE=,0
PQnEjokitwVzSHSKTHZamuMXBaaulKny2fYdO0dPEPk=,0
AzfMe9Jnw36BLa8Bn7wXWejKiGnHiZTez5nSBYWJbjk=,0
iopy1INxGwkVq8ImsSz4Y1ldpZIlPpcDc2tVWsjdeaY=,0
9aiqU19ZrQs+B5SCXj45D3dCBnr3Vvih3unxtprUkCI=,0
LcliLox8Eikjsik9Pa2hoKjeouWtMNN1dYAkgvFTbsg=,0
TFSU2LFl1VmV600HJkufjINBXap1eF9iPukSHVuvwEI=,0
l1N7J8wZWOrl6kYuKjJ5QC/tnZk+fDugQ5A7SoF4q8o=,0
Ge+fFhvyJCDdjUjOiCmb4f4Yc+rnx8kioaXeYcsRY9w=,0
xqiFVoOU3iMXhVwCf9tMjQtYmSSlGOFIRqI4ZQLuPAs=,0
M9qTBMIuYWMqfzJK5aLMGkcK3Wibd7oAPTtLWdq8M70=,0
a3ibNczQD9nd5Zkc3n3UG8K1yGX1Y1rXfKsEk8DZTJk=,0
buaODlLF6Ii7dlYVCGU8r2hyhuVUmziDyA+Yvhp8fSg=,0
XBD0JV2t1LXUwHMKDzm/7mDcXJHXFGO5Yrs+0sCf/CM=,0
Km4Uz3wVVwbvL+Y6TIf1Sntg49SRNnt7LyZ2OTjcws0=,0
61oYjuLiP8AErW+mg2L3YG3ZhV79uoNXo7MTli9/myE=,0
sB0PjhJDj8SOagA19V1I+aWnoDX5z22s2wDzBH78D6s=,0
jSc1MCsajJtXDG6dSFOIC8wTUllBqKBlg4DcaL04zIE=,0
cMbLzEvH3d+2vPoTv+r9ddq2r1dAYZvMZG2cArdGLHs=,0
QwiAU2OF/eh939GUet6T+e3E+bkgoRc8H8JPyqzL0KQ=,0
ZxdkCwYh3BSsJP+gmgNQcHDQNW9EitRYI0SwVGD0h+I=,0
YGpo8yisMtznJY2ar4SuCwRk2oaNvVH7rwXotZsEqxY=,0
o5l4NfA8kwEyj3PT9rFdJYEv+05ct+n9kymrJwDffuA=,0
Z3HAVee5ssn2eJpF+i62PVkUdOwFQ1y+6U6DF/sQS6U=,0
PzE2d+H/sbakpjkcE2U7lPacWhzh49Z0YsjL+uDS5FY=,0
qUsgd1HkGHa+Z/DUxY9psuSivFCOCnoDJO2Bt83YWMM=,0
tl/0Kr3Lr+QlNClk2OD7yac/+oqO6sA35rGjN+y7gts=,0
QOt1nbzVFZBDiz/Vw7rukEiL4467THQ+JqzhyuRlqYo=,0
uFMtxihsTcmkxM+86xYzxvID+XyxprO3IQNhEh/Gu2Q=,0
7psW0Rdfz0zy/e+bcU4tGUvQ+tUm4iYOWPssvBIRriQ=,0
hmLnV4LUvwLVngIt0Ade5IejQuFAY9h+CNMhHHjaS2M=,0
z9MXpKms+wtOQbX5WeWURyR4Vydr7AUDrSdKN3nr9qY=,0
LiE8TRHso9wr+Uibz4ao/Vmy9+g+6ThnxmRH1AxB5KA=,0
2yI8lNW/iLFk+SmDR4juSceqPBvBmNnOiLY4B795DUg=,1
6I6UNXx8vqIIcwpQFukH9ov78Lf6xzDxzP9ahyqPXKc=,0
wtn0J1sn19TKTWebleVBGbFS+KBD7kggMRuwEUe/PKI=,0
2XFyyolXJdt62xvT4n0L8hpflfNroe2r9O63WlVnndE=,0
WT01p7dSyRefMKZcsyJue/fUP0PDppNrYua6cHs1B6I=,0
fB81y1LXndhV+kBWmTcESsC8eKIL00V6rJcQe3wws+U=,0
j8furfnuBmrrHrO/3emzs/ycs8bRv2aIZ8OEBj4A8mw=,1
Y3MvKtK50ZTkBBRuETegeGMs27q6QZqrNGy7Iqcr0ss=,0
fcGICAS34lFPA2gFIqzOWB9U+I3PIEDv3xmHjey3/8I=,0
cTvyr/OP5oh2cuTKTHqlJ91itACMAQEHgRQVZAWmI8I=,0
xAaippQBl4LnVx0M1jXkXPsnzqG49xNGIAyW8DgU7iQ=,0
n8dS5saEK+jb2npH1HvngfPb3waUUsuJ5TpwwW2i7gs=,0
1sW9NB6K/RpDN9WtSAAW7MTknRx+ZvTMLn+gu9mq38Y=,0
kofNgjLCdANUCb/iOUXUAEjvk43ngocxCSlJK5cS4Yc=,0
+FhRIh0eayQZbwCOAAZb8ZdlgoOFBaTJsogbBj1aFcE=,0
v23QxwFuRBITUfYHs7Zl9U+slU56qMHrnJdrP2h4vAY=,0
Z1l4Nc/JvP37z375bTtKO3ko8/HzkpKDPGIHXDW/g5M=,0
S7HrbMYVj6yS6OrRCPzO2xpHBQafXpbfX500Ov1BhaU=,0
2ycemqUOY2AUWEjzYU5B+hxWizL2JuN7eEZwvB+F6VQ=,0
XV/1fyGtQ6b67Rb0o5EaNMD6U7wncD3e2qWGSVEX3Zk=,0
/ypAlx0pq2pVwFKhojVcenlt2jbjfEib+QYR44HtUDc=,0
3k6XS1P8YNHa1EcsQNzixvrLDRf8+55I+tjsJTdwG+Y=,0
TdlxToHOHtGjnqzNf/eJOISv3W7jJpkqXepqqmASvKI=,0
Wi6l/MKMCXQGs3TJAsOuUXBA2zWJhVXUkDmF5hoG960=,0
oXn4oGf4XOI1K0EOuBaNvDh+yRuHMA2/fyg9/vsMGz8=,0
CXZk1BLnDQvzR0JK+nUT28v9gtsfwmN/JhXSvaQzYK8=,0
2NW7osPF2JN+6DnhmBaMUOXFopj0FaUCW9Y9E5DVpbI=,0
WIXkbZ9jwtwrx+8Apnj6VlgQhVgBGGiQ/rWx23QO3pE=,1
sb/WXJjTL33aBNt1ZSQEqeo+UZQUQiRlxa7+W3AdHig=,0
aYiIdC9arRa2dbUxYmFluRjlU4pnfoKtes2yQbv8nc8=,0
oci/rFC6R3/8VSpq1YA2oKTtIFBrGWaEV4aeyXpNiZU=,0
hnARK+3XKsNv02c6knZbIn7SVS/DdeaVkP0WIFkIhgs=,0
8epQ1ot79h0qiCzwzO/HlQ3gqSOKL4seRLkdcBZdM84=,0
+wkzeM09NAOKj6b7Nq10VDoosdHGzRRqW1E/4GlnC2s=,0
OLgJjcTLwyAbmKbpIrWEFdvsaLzRrgpBPCsQo547iOc=,0
8KhZ2Kc51aR/EnRbO5sdP0+h7ZmKGzB8EkdYvpLkSfU=,0
/yZKc5Dpezx98rsUrkhR1HvMY/OkrvYOOp7pqxWY3sQ=,0
NwfkJ89u2whFi9bg1VNU578Uoa28fY8Mc4dre53h45g=,0
1rOTgEVt1PmvX9ysz8Vtl2+HxaHSXI+SIi/56vwqKyE=,0
nM7Nro+ZxTqYT47HuV+EwXxj3uub28HUnipLt+4j6o8=,0
Wz90rCnmHn+5A6m980iYGzPjI95zzij5uzlrx0lw8NA=,0
HsG3OXMVDy8cJjIrEZgRlTrkjSopSyxtcFiDEv2G3to=,0
KTGiXspHu4hyI0eiljsqytUBnm4ukeTUixDeLZqHmTA=,0
JHm2JLxzMCC3XJjQlNYnHIK9f+L+2gXq3MSJgf+Svbs=,0
du5LtyQKOlhBq5pqgzMCg/R2Nodh6WFbCQjkayzq0vM=,1
uy4gnGeWNlyMqh2uDGhiIKiHxso7FQPSxhFt7GP2/0U=,1
uWbHRfbl0HxT7Ijn+8usa2O7VxpKIX155cFQnE946+M=,0
nQxf/R62DQ2++uClp+5PJWg2HKXBzTXd5tYIfAJ4sBo=,0
xatETBBj72WZlHGTeb/OtJh0oZY1ac3aCP0Hh6yzwt0=,0
M5T0PjPa0iD4W3eEA2i6uGyG4qKibzE73fFVq2tgDVo=,1
gEz5UfZxjmtBsctAvWICMdn/D42E7dhUwy/9ZwPvud4=,1
7WETlUYtkRPUE0syHkyIn/+kL6fI3DYb6dMbsQ8ywCU=,0
xjNuBarkKMjCdAPutP0SNkeH1ECsSDUhrwoMEllwfb8=,0
OAgXX4orV6ir6BcIYgIptUit/wU8B0Hw3pbdzk8ZRuw=,0
EHziHrcKzj2W4FxGNGDyfGNnhyh9JWRZApdX4QJkark=,0
xdO5ttJkOdh+PQGGcl6706Um1phBVEAQYthHyA9cFFM=,0
iCZ8DrRUy/Wei2VycyL/o8AhDTWwHBm5hg2N3h7/Ys8=,0
kvZsDEZLyqLEh7f5hztOjzURsZQhrFRk8dm/PqOLXzQ=,0
rZHtqUkPlr50ZoybpedSABbG9Odfoy+K0xBMuG3MkkU=,0
GViR4KFSOK4EaSmfA/7FhHw0esW6TH0XEZT5iQu7rYU=,0
RDb1fVcnDZuH56IqV29oUcHG0zxLl17pLPt7BlAZtng=,0
pp7vLL/lZqg01kndEUDrZGUa+QY6eoRQRaEjqmCydSo=,0
WwLa4BBHjM/HtyM9jia0D2n7bSFljoqDh4QbRSmGYj8=,0
njJAlE91opp01Fn8uQhMkWPh1bShit+rhUJeALjkuFg=,0
8nHpWPkGkWeRc77/mdqzpptONNamk7wlOhEkm+tiLeE=,0
eyoO/4FWnUui+IPreyBo8UKT6+94atYh4pFmRrRO/Uk=,1
IRUam7VDH+kZfOYjBpZewF/+Zjucts7aM0bY/8ilgWE=,0
fgP4pKiK6tT+70kev7xbLiEps71+0LUZfT/zXQjHheM=,0
EvoOGxcIkn1KAcq9YJshx6jcIeqdt1w35J2bRmskD5g=,1
zLrsnDUS99Ze4nBfmSrkbLuKOzvGWJFk1x6Bq/Yn5Ow=,1
810ubBHpnaVb1kO0du7JgqDZ0nQmnzieYE/DwlBLLUw=,0
zceiyDuUEvXCUjy5iaDLmViBEH2kql0gLNzVb8ezHNg=,0
pneg+W02ZbRg7s2VDR8FJY+k9UJVk8mYvDWHjLJ3cJ4=,0
9t6Xr8m1RF5HuamlxyOoqw6SxM/t+aE5qu+0xXsiC+E=,0
gP7LKsJauKInwNxiLTNUT6igBVCzCHoKHgUjYgODB/8=,0
TwYl6Dmycm/JgVB/0Kf88twjn9hnmiTD6L7RiGW8VNA=,1
MD1/t3uOqtYQkcp3ah9pfosP3PT5jhTOe0DcmnewhZs=,0
WtregrskdPCjEvfUbu8CV/vkT+ua6fKd49VtPktEMUw=,0
/GbbZ9/HKbpn9xFejz16+0R4MgzTtJoWr/Y7WBPxY44=,0
ztVPoSdq6TSpZ2Xdku4lsZx8fiKZ/1FjCF2G52KuLTs=,0
Wg7365SAcvVanWN4c8ps7MpFd6YgZ1Epj9yEVu7DqNA=,0
QOQQxCe+QFyaHBfhDpr70JqA05ItrvRSIEcwoxrAnOk=,0
bJDuuGHFTMqMl3bS+4kYkP3O26MbiYMaKrsH7hPheec=,0
uuzyAM7tzULZ+vfD+oZsV5Eooa3is0PJ3vtaupai2p4=,0
SFDj8CslxDgPkWPL9DSB9MDwbPWXVnIAve7YpzaEgrk=,0
INY0eYLK5GpU62Qxs0Z4NqE0XaHFazAK9FVkpOOUbVA=,0
UKD0itnCFPVaBldZ5PMPemInD3HFHi9L9t3HCMNmoug=,0
feVzwONtUTZf6xDNAmp8dxY5hh8/1SOEU8lulH0gUvk=,0
n7oiFJwQmdkNTmueuCUOVdm1aT1d9NTLh4Le75i9vcU=,0
J46XH2EuFk7/bSrZAomqvJtCpPKr0EDPMAaaFZXNtIY=,0
w4wilKp7eY/cZjXnyNfy36ocSF/Css79z7MfVZ+Ibxg=,0
GdPVbfp4IQBB5zcWaFN+vJJdbQPCn2xiqZEavAVQjsE=,0
Q7RWjwK147IxoKPFSgPWliepfxdbQFzl6TbP0ONyKuI=,0
83Ld7BR2c0SJbPjxWIe4sSnEez70ALeVQHb+D9GLJtY=,0
R7IX7IWZ9hNqVbF1VQRtXfTugxHQt6JSeLnAczJfYaY=,0
dhbRgd9qu9IB+NDnFSy8Eaf1k4/qshqAB5RgenqohL0=,0
WDp/qCHv5bK5vIdiaSWxtOtJYmg8xumFcHjAwFqvVUo=,0
3Ryza9BczBKG25LO3iUMhpQ1vxkn/eHuiK2kqhwWIRw=,0
vxz8JxqixjRqoQeY5IamYWAuqYLcK1/UXsM2MGjRcfI=,0
Zu+iqc1zY3/xru5aM7yQR8/lHEUh9urma2Nh89VNoaQ=,0
3x/5L+vIkvrdLTv5JuFDKFUK2LFdofIqn2USWpnstwY=,0
v+wU/doaGw80LccDsE/EjmYmqcqhBoYU2P1rSSyduTs=,0
OWHTLaaeaYdKkXC69wdYhIHSpxjvHPY8O7MBKlaHXpE=,0
kBc7iAbsyKejEGsgoA41eUhbMMtCXuXifDkKfGX9sOo=,1
fkiIqsB95ZopOfF3KPj9sHsITlFfhJI8yCLEq1eaxlM=,0
hqbtML3khSSh6+OWWdgZm4b9Fux1caxHzXmHV5USyw4=,0
tsGipAt/2vvokXWQV1OuSPwE8ltlZ7jXKqRVPmDH4NE=,0
XPn+RaxnFVL37MtcrZ4C6XDPZHkhnJl5obOl8nuM5Do=,0
4AogPk7I/WTSdfmvLkPcXVfFytd7AikJocAIN1fqJCY=,0
MO+7S4vf1J6ZUlFWm8MEo9dazfAGC87+qKbMSQLAs80=,1
0ro96XPv0fRDYBbYRET+DjYP9lKyPNalEWBR0gl+j/s=,0
Wg7ty6P4C1BRsAt43R4XopQLSbQZ7DggjN1f+CUhVpo=,1
T1w+7h0o5KjOFpxwwXIcxnaNkG6wpmIx/YnDrkXViTM=,0
526ompmNV2c0gfL2SNGSwdMnsj6ks+8svSBIQ0YA0po=,0
vcGU15BIJZgn4OlajBYrEB8mTIo3i0KTOylhHBt/pjM=,0
Y+OEDBrDDFITyUfBfgZBt0UTm5wyM9pEx6t1xNYNwKo=,0
qcwZoy7ZrfTSndmC16R/MUWVaryASCLQgMhH4aucFcw=,1
P8PsTE8REp8AAaaIPMW6uLViYYrnY9dhYAQ80Rgbn+I=,0
3rtePt//PR0c+3ND+JKvhkPuvEJQctyNgQh6w5N7EwE=,0
UTPBpN5+IMdZ/3N3M6pxsbJ7wmrgCmOSShIBzuyIi80=,0
Jeyr3GNSVGNoqKKUKLsI/Fg73EL6Th0UZoPfcOfldmE=,0
UWHUrI0t9dYHdXAOYCbLTPR/v26gwteRu3D/XCooH8s=,0
7rBwguvDbmx0rqEFUYL8GVPr8TpyIWr6DeL82NuRn3E=,0
VDQaQ6vel0JspF5dV5bsNVdDd8LSD8edxV5lmCkuwgA=,0
SVoyhT9NnVkthPZlJkpDkB4kJ4AP08UskPECa6u9FHk=,0
0cYcDWPF08f57s5JPZUQqrU1QFoZ/2m0S4i/OLrayAI=,0
RxrcJctOdO6vcIHhXSihluyY5CobYsxTlENzDT6Zvx0=,0
ZniX2Jhf3K0ni9nYBsuMGiNaJle7WJ9WPBHe5dIVSEw=,0
iadLpcfTnuzugQ2EX+dng6gHwfzC4MyfYi5MOyW9wRs=,0
TFyVFXrvf46sWC34bUbBsLUmjrC2OJIIvNcYcqWRyMc=,0
byPlEuOJ+I72wyixvAyGBVMa9bHZRkMWRixQrZnIVaM=,0
VDZGCya9GeJiVVttUo+I/kMQQw2uNiIBAQdq6y3yFtc=,0
RV9rTXCmWAc0E+OEqk5kAf9Yu0u1RHB8p+ZU5Cqe9cA=,0
0Ccpv1rCoW7JpUy2q6PW5xODKvn6uyT3yH8LUGoKy6g=,0
gcVyGvmIH60tKFQBakOWo2DpEcq38n5JiZewsqWNHgI=,0
TLVSHgsmnGccMaRRCgbD6KjUwvajwGN69NrngLmPL34=,0
lRyd8eXKJX2k60vo49l9oCVANUqj5HaRH04o1PXNs9k=,0
efob0tHfLpBj6Ycugf23HFvtTGiHBw8kw1paYd7zGNo=,0
9/mOVqrR0woWRQa30zLIu0dx3Iz9bWL5FjJucT561vQ=,0
Fh0cWi/Iu85QvlYH9JQ8/fY0me2T1LxETsgtesxuzbg=,0
+iPX5E3UYXNgnP+cy0P8F/7JRa5W+JUQXr7ThKfLkyo=,1
DaZrl4XWya1ePlKtrJdeMRLIMc0tCZLhL4ARDccX9E8=,1
3cNWtI6BiIly9SKXf2lCvhVhL8U8+/y8AzRDYUga2BY=,1
aF4shQ+1/sa93ENCWEWkkDME7r+rFtHEjwAXQvvWMa0=,1
7tXPLZezIOfLgSRFmefxDK6eff3lQlmz84ly4F2L+ts=,0
7fsWwzs5BQ7mY85o0y8JQohQ/mN7nWoWXEn7R4v7aoQ=,0
0bnsraBhI+Ui4XIlfQ45G3Pcja7KGFmq8a6Awy5m/fA=,0
zqbo2Q6pRMiuukOO/ujYqaDeEb96mOZzkScrAkMZJtQ=,0
m0kxTj03rgXbZvQw0yhHbcFSM1NRyHWkRmYRV8aTwA8=,0
QRi0tFLsZX0Q+/9RBPk/KjlotQ8uBMpieSDrutw5k6E=,0
SxVp1sQt7iKvfJpOU//Li6qW9MCPSjLzI0DL10c0MLI=,0
F+IbrRveneIpzbcM2uvNuy8XfffLpyc6Q/bmKg6EUm4=,0
4ZSmiRzvb6jdtEdlReyxdLdlGwjZvcQAhV/+XEX5D+o=,0
lWOFHQQRsTNbG8QCnD2qpDzjCkQVXGlCI4/iIdMuMZ4=,0
oytIs2ZSN6D9R6Gdu9fgy7oEReFl8j0i5EittS6t/Xc=,0
HUfGlxl9luw90/vy1UA/PvOXbNz3xhoXT2Zz8KNtpc4=,0
hyQ+NgUeW2FUbYgty9nK8+bM2SdtXweL/z8urFEw+VA=,1
n+qqy4+AD9bKS610rK3BnBUSNuIZzDZLP6dGBYfahuA=,1
DuoVj7GebcExPU3G1c65vZF97PfZWaVuD7k5Ed7D7Mg=,0
St+GVRTi+A04Q+KWXTkz/wchAlcIenXbMCWE6SCW79Q=,0
djfEa1FjMwQ2p8E8WKg9WdIj+7pB5BIwO3wagR5H5AA=,0
qq4/Hlw9LOCdRean0+7dwctkZn6bnTkKo6rUyHRMMZ4=,0
4XA3uG01BTmYGCMEe88aidqdLdkxJAO0RKuddew/LKQ=,0
bDJdF5o5WRI8to+mlYlcXHmM6jxQl+7u2kGVsN7cU4w=,0
YoM+1LJYhxAvCLaQJFvw/YcOaM+NOA8MPilay+8G4Rk=,0
Df4Fnf4irYUPDfyg26HCsQtwuzOkVhbu2B1LdFW1HAA=,0
AIwzV1eizOpBlDs+2iIZNhHUIAK9wY2bSgQwYaJG/rM=,0
EvIgO9u9tw1+DL312AERa1qP3DE5tBUIszflvby/ung=,0
G3/D39GmYciU4fRf6HF/l4PkfeTHJXiM2cDXNl/k2d4=,0
2n+G0SwX0Q2XEu8l6f/9xLe0i+Lo2pEkC7H6HqQzCF8=,0
Hre/3gAmIRYtmKwnwysgCsZ+yyIFbG5WYfRh0SIa+Ug=,0
M1/ATLmykBFtoPB9zhmQQR0ImKp0tCkxt2RGBmnQxP4=,0
Y/BlCTN54jCGCfHIxkdafCPQGa2Y7/OpdaT22dExJkY=,0
UkQ0MAYOOqtNjfO4fY9oQfuKRRsAead7zZQ7qpjCzPI=,0
HARdrfWNWwGX//rXzMsXauBeESDV6czliyjkVR95BZg=,0
g2YuK+lQQE92BSvz0e0m/4kzTfGJC+/4YDFoubbKfRs=,0
9GYOdZzFxbmVyhELdzIC+eC6PyqotMDi084IQfnpImA=,0
Mf23t4D8OYDtEP+hXoUdDyU9HJHOwXp5ZVEeMmr9xVI=,0
XL5udyMKglLtbomGW9LlTohhWVfiJPsoCXRXX5gwReE=,0
+hPgA8hVM8ZM+qrcGgFkkPH7u+acNDA+eISZAeiEvFE=,0
KPlDXIahmPM36cevngVIURKTwGeLUIwrqNrjQquX5iY=,0
mIay88kMubbW9SqZm1Dtum12V5BgYpeVoXgOsoMAx5M=,1
0IjFbitYWAsszE9ZpEPfq6fyUx24KFBEIsnt1lxtHQM=,0
2wk8Lj5epgam8YLpUDR/j9n4+46JDr8JgwzONZW+o9s=,0
F4OuGRFB1K7xAFO+vugO0pYz1sNoNjj+OT/ZXp0u6Gw=,0
9SXpuwQATHohVaDhxXzA9xU/XPS9h5Os/FDQlDFCcrY=,1
8waCkRRADfHxW4C4UbkiznAoZTJ42EgE6ERo0wbPLHw=,0
3fQag6NXlCCcrv9sHGga1yTYud0pXR4d2rsIV5FtoW4=,0
vVZGTsqgGZ4qGwoRFJZAC83jDCj6lEIWKrd8TtzFcAk=,0
tqrIzbtASTHzAo8xD7EJWlzj+ue1t4zJtjNyyCQOodg=,0
Kypar5PHUhzQrFtEdBx9Y65K5hspqmcfQOQ4O4if0Ao=,0
7vA31k7mHSiiS+tR5bQd1hRRgQPqdb5CuzNGD2gw9ag=,0
mbduaGBsJlYCnZcbbpqxVytq1dflXTuy4t2y3iJ7td8=,0
zDTZvMlcbXZXJOyHZJTyJ63tfTCQGekUxeAJ1mWZUM4=,0
zFCEW9FMCiZXSAuTZpHgx0Wj5EKHls+F71xV1GPEdGI=,0
lzsKpFpTmwl/kfFHMGCh1RkxhY+0gIJ7B3OE1MCg1yo=,0
yKp37O6tGs1TrzHj/1B2ypc/pheP3CK/Bnze9d21J5s=,0
KhMTf8U+rLPrkD1oLqi3aEhIxtVFYmJCwRQoR699ZG8=,0
rNgzq51bA2OFIT5naiNPV1OzQFo6w1GJoby4XcESNJo=,1
H9xkP92gix5Yv7noCzhmK/NoDxRELkIVTEGg3YW+F2k=,0
ZUfaDPRr9giucodjlpQk87thu0jj0jYRwcTU/AEslr4=,0
YuEZEA+VAQA0X+ehw2RuhsKRGg6hXisulQEMrUIaeV0=,0
1Q5+a//gvgkmOoWoD6pBbIdj41rjJIjPXC6gNUgyQws=,0
DyGYmco9PRFdYeDP6DkrJxfsbgk9wtssEOke7BLgVis=,0
qfG/cBJAsFKiX1ZcVk/ChvCaw+wAMZ8SAYsLUrjf1UU=,0
gtZQ6sV+7YL396eJgdTzfjPuKKf0GWB08kxzGtiXGsc=,0
///pYJCsKrt3JP6AUO3iEWazTgU0SLLkzfEJM82Efd0=,1
P4Y3/QIpc/2WwLtRkT4JS8EZxdOZiDSw9xpYzTSpqlI=,0
aOYxIIVGL7WFTXIHHYEpcHZQbARpkpgFb3ajVVjCy9o=,0
/Aqr30JUfmYspGdSrtwj1zeB7AfNpTcZQawGlLQp988=,0
n3y4Fcr+gPjCLJLTv6Btq1DHiETBpPcsIw2SAApOsP8=,0
HS3w1i1CijIAOd5dpzpfeLFMehttsdr/Q1MJMcDzHWk=,0
c08koi8OV0ojfXW+4/mn56KKR71YckmvYO31WjhR/ek=,0
Cr2/XMIT7e3UO1Y9AgDiGHNOatOXBvPracTQXKAXxzk=,0
TAJNKUX5wBK0xLrnpyTSedZ7FR2I42ED77ycuBh66SQ=,0
cYMCP+9r5jLqkKvBFO7HnUphuH8XRFEwrm7z9VLmIRA=,1
kHYv6Kp4e9SEb+B81S+PN7kNY0yUckc1eHHhAGidezQ=,0
L8Nf89NF8Rbe2ML7INMKPMvNI/zpq2P6q17j2gIiwMA=,0
gTG1AdgIQp/2xZdXmPC49LJqlslHvCYZr4UlDmcK9bI=,0
v+d/V2w3xCsuDI1ny1cWCKWUPmva2DeXYj61sZN5NNk=,0
eIyCovtQjqvLmptBYpqVOmt8No6gExeCiVwNrfP0udU=,0
f6DCj943+D+PcfHe/KAeCMj3+qyJUzPfaQIMWmAU3DY=,1
f9HGH1MXwuer0G2ncJh11vlxCAiMyyiqI8he2I/BqNI=,0
52R/fJpaEDgtec1NImJlb1sS1jWszFAx7jVKq/o6Y48=,0
Mad0QcdMR32iN7Srt73tGY71Kq/YqMiQ84vb/yHMiyQ=,0
79u17iK7qtJ+NElM9ZTRfYKP2tsshKVytW2lkG0IoNU=,0
HHIAgTtsqcZv1eLdCvCVmS6UCAbg89+AEKjCa5hTutM=,0
WEZk+FtK3TOLx2HWGT4vEVR9M+g6mV1rNInelnx09MY=,1
ogDxYYHd/4IvYlKb3OMhnUcljAFCeZbFx1IGufFyAjA=,0
1IfHYm6ZRuks0SWSZlXdgdQ5NK+MrsnT9hW1e51bnxo=,0
SblELA4J7jludlCk0cRT5ERz3mb9WQnyG+6chj4JmyY=,0
Xiv/91TkYfVcwPRREF+ZfSYyxmghwjQMnp7vCXFLnzg=,0
yd911bF3EPQytFSjUS4Eyls2SdQcvuK6jve++y6TiR0=,0
wiGWV/vAc7Wnb9HGInAO/U11ZWMH8Mx8cw0oaTsfHpI=,0
ul596SLV10a5pAzn4v1jT9fLFrbfxvt4leXzcdCrQR0=,0
7qnOde6li0h4JEOVbqqiqkUkhtGNtR1IBUPdf1jlT80=,0
L10w4eluInefOLbMFOzlvFVm/BMfuF0zry+FRwEtcd4=,0
ozs0FbTMmgGH7ZfAJRQnycilT347qjTZyZzvdQExFtE=,1
keCeZtZBqYhMd+8Ater6EvuA5wUhjqkIDoGmHmn87S0=,0
pfP+hiHcoNbS9DVzPfAhj5fR2vnSPCf56MTBWi2VIVY=,0
t76YecyFoxbMwO2Ekf8cJQlKR5KC4ySG0cstiPsdUZU=,0
I9Z2RvsJijqhwMGtRp4EeyPhJUiyhr9jja5MrDmK9hA=,0
aG/nKOPWVU4h3hhy+smEinxvYYup7cS1A2LFfXNZlEs=,0
+pPhVrNO2uFJcGJxfyklubwYyw6Mg06DYn+V5lm6PCg=,0
YIhqYSo+7m3T61c8H6gGirjCKGSt62oA+jnoDb4WVYg=,0
zPu2A0/VjJ8x7PBIVaUIYpvh0OkLplcr6+qWhgtqzNs=,1
SnIWqL9bbtD2AkhzyFt63y8BIgC3J2kCryyCnDf8YBQ=,0
202ZLb0qXvXZUL9aQb4HihjqZ7goAKkMbTknzIc/mIo=,1
9ojAe17N2McsQ3cmpTccFs/EERVodtQSd5s4D6srpTE=,0
PGlQ3pFO34gyXE7LXiWHwygHxeKL+NipfQ5CoeqhoAU=,0
g9I/r2l5tHVKGU0wktlTAaXwiT3+6aE4MMSuCTmGYX0=,0
zx9dv7HwJ1rKv+xCX9nGi/ZYD8KYuXfPqxFzbgUXQB4=,0
GzgIqWFCOEO1ActI23u3WQm50bnOKJcEhCYf5pLXH5I=,0
80X3TFuDbvdvqeqXX11ArW9mKEOk6mHHQN9IRuf2IaQ=,0
nmXBKYJ5l8TsBGIrEnqh5uQVQ1zyMvUbC02zvXzhfuw=,0
yh3Z2vIHUacO7xh0NjNwrw9lKDc0kigZuCPBr8Ehi3c=,0
zltdjapjqVAhq7lcVVEjC+5EEfIc83qa1ok8veFWR3M=,0
XNOoEgDYfuGR+uVFZQMAZ0hBGiMorSc2ENSW7lvGEsc=,0
QquSWY4MckdB2Opx3FitQjuvJb7RfRcUO4hCZuwRJxk=,0
2K81+arDM6lzYI7I3fpYE4WiHgtilncF2YiztQUGuas=,0
Fe9PWS7RYcE/w7LtCILtVXTRhB81C4U+t9jyVTqV12E=,0
ywrg6mAaHWMhnBwKLjzZJ8p0hO/PhlZrSrh7LHB54dg=,0
smMU6xlgR8vwCVR4Dym/2GH0XytnBDa5TPOv9Q0AGAw=,1
PdFtTlAjPwLYYLOM1ftead+zZMuUObRkM7wcSVqHYrQ=,0
d52CE3ILgHRLN3oBsMMojlwJBLCkDSWOfKGadQc32Ws=,0
lK84P8Nui7P3rMZrLwhIhg1LsmfddB7iJx1g2ir7hP8=,1
zU8gL5A8tIMrIN+ipoadUCKKEp4LNYOokqFgAyRg4i0=,1
PfuVcIrP2Fy5PXWfLhvZlzXlw8fdtDr2L5Y6FflrEuA=,0
jCorou1HO8cviITyR4kssgaCnAQS3HWvbEGyU2Sx1W8=,0
deCSTsVPrWSHrZ4QEMVue+GiOA262Y7f3yXG4xAol48=,0
HKEqn546dM5wqBTFWW9/BqzBnvl1IR5n0uvCazceeFE=,0
i2zHYuirzsoBztgjhzgjHthvzLzGSkkc+7+q8iQVxk0=,0
zthquhnCuA/aL6e9TE4CC9MHy9+u5M/a7Br8q/vzuw8=,0
IMfTtwqzmKsgzGZ3dFeyBp+Nuh8nxmxvNtFlF3JOz64=,0
Xsif9H28Dtlza/o7yce0gSpiHrSn8Kchp60U+4qmcQ0=,0
iLp1n8hnIxEneAAgEG6eRpZy1MDLZxl0tlWbWa1gHls=,0
4bVPhHMFT6ZYrkzqUkcQFv/2LZMzbWI0E47Rf5PkZQU=,0
Q/yBxjG26Q6zsmPYhAu19k0IwpGuL6TzWbPYows+xVc=,0
F8XnyfQwAXUwPr3nwF0vyj8BmVP3GJMxyJNy4Lw0Jsw=,0
9ZJYYK247X74Yk6sut5zDzJVJcJm8Uy6i0Jox+jlZyw=,0
r4BXudc0tSFDwgUbpR2ntz9ecZg6cxsrD3I4atdueZo=,0
Diz1U4s9C3fPmHEFYes8lVnQZJojlvQBw6+mp4msDLg=,0
k/WHg6ihq3VAgZJo2gu+bAoaicQQBbI5AfNbBe9L/Zg=,0
gCHH5qOHW/RBrgE7pIYxIHg+EIVvxlDsPBrxN4xQS7o=,0
B6EFBVInxOMTMlT6BGxHpfCTwBCGyX5wSlB+e4cBp+4=,0
ZgL31dJMZbuMBSO+S7R/9LmXyI+0T/5ehAtPY3Wzl6c=,0
x7EdLM3JkfrZ5v2gUCqvoHE3X58C4CWQYljqH31IGck=,0
msbiBRenrxt58aBOi4nxAO3NCkAqdS1nf0SEbEArOqo=,0
ekVCEgDEMHR0qKyGHf3F2e1P/WceZIXrxMmi1R5ALMw=,0
gDEOCl3RNlRyD91b+xsRGhyWzWGgLp31RqpxgDKuPdA=,0
J1P0pqMtrfvRJvpkiO5pJWXXt505PjrPWHvcb09YC+E=,0
jK2v1Bc+LaJEKDKn/bCf2eklP3haU39k9fJipgoCMK4=,0
wR8oekzDuqDK7zcU3q9leKcPab3R2p+Q3JHbSEpBoxQ=,0
po3MVASDmsWOqoCxmOfk6li/EtJRRhi0nKKdUic0bZU=,0
Cxcs8uc1iU02pnxGzRxxjFQakWone9eolT6pCrvzvb0=,0
GiTX3tZqeYyXvZfKInXTBv7TaiwwnvWIItWi1m6vOZ4=,0
v+exVOD1VkjJFRSjw1+4o0oOGxGP+6vQ+xINkL2iy0M=,1
u8bUZyC+xMfUN8vtXrMRLeFiVIW2nzN5MRLqYmDroAw=,0
Eici46KB9bMu8sclfQBBe6WKdVw7FZ8AK2POQY9vJjQ=,0
SWw/nHz+4kFPu6hfLt0lq9vhdwRGhJtmEelS1n2MBhs=,0
8sJwiyaZAICV917lTTQyix8/BXjc/V3K+W4KioC06fQ=,0
kkJWpcHIIb5XTUlSp0Oo6FT+RwDArny4NNUr4BeLou4=,1
XiOK43NXRm9h8i6PKhcU2vfA5dPcRbqB3LT9wkPSmZ8=,0
PVZj1Ge8smMNc2hzk6AmILV+KQPpCjfobSIDl0p2tdw=,0
Jo3H5M4jp8VdCpG+aVjjJt6ntgK9Lbj92FAw05SUjBA=,0
QrFwMDGBqua2sSHtG5KgJcOu4Q0U5j2/wrUsWpoeqSg=,0
2yjPAVFpyJIvMzPC/W4sOlGj4m0bfVkfuOLKq2TwcCU=,1
k+MsJVxMZW3wlakcS8taSMpgpZ7HNjroZMUtS/lxNEU=,0
BmgEdETWaSz06jIrA7ei28/S/lTBAH9RWhFl4xaZeC4=,0
ABbfL+Y66oejECK3BubqFLzAUDslnYOjc6OdE1XZloo=,1
S5FCq2Vd4JgCB0tcIav71VGipupoDfa1SAg/UkHrVA0=,0
X7kYC5PEdgUTt9Jy6/jZJvgidiyRlD1phec6LbkEYGo=,0
zve/ScI/7/GkAKRX7g0SK9ukguaAgutkV0fGlkbVK+A=,0
rgNW2EbFidFU1TOLLytINC5MDv3Klcw1WD3t7xb6B5I=,0
OZ5Q6EtN9FKMX85gRuiLiojS0VVLsZCFLCEws/faMVY=,1
l4SKKEkH+Xawruq4Ds6tnr0qJQqcKk5TDHiAMsf5L5M=,1
ZUSnhZAMR7zOTFlkggyNldDvQtdS/QoLcjK2mceS9l8=,1
hYbcK/qWHb0P9Zk/GfWmF5Z+sCkwPD6tmr/dl0imOZ0=,0
5uUuuhM4ulfDGvqD1b2LfWHZK/sFH0V6PwcvDCw+MtI=,0
/FvSKOFipphKCK5cY7Gmzvifvwc8SqoYz8LSn+vCdZk=,0
+nxxQpnhJIjQRlafyApEbFkna3ocJziWUFI/oATu4ew=,0
1FFOUaZiGWYidyisTPTAER5MoluqEza50BIDZEQ1nJg=,0
xVcg9qTSTtjWY17GxNCb/VzkGwrSVCZt+CEKWVnPpKI=,0
TwT2DYn9mvoqOfEQ26xjjyXq9QXObKk+KojJLGrDCG0=,0
GbTEs2Ficynwp30NAqegUrms0TpxXs8a6JJcZxVYJ9E=,0
hH0fQE4DmKdRdaXSkg/0++U6Sp2mnk1/w3EB3o7QZ7g=,0
Ly7SGfEXY/+Ee6bgbS638NOrNrcIMxf13HbGl76/3Zc=,0
quROmdMtSDiRjN505UygGkjfY5afUrr6lL4yvW6Jqmg=,0
yMBqxuouuYWcuMGoF20iVUz0GcDPmQcghfvhwb96Zjs=,0
Ik5ruB+MvsZ8/jby06wkrIouiKNtgupj4wgmi5xl5S8=,0
/icsNccx+ONBuQG4OQ/C+oMp7Pg3j/rmrqh3L33lha4=,0
FkmTDerx4bhOaDM6sBvPJ+rcy1eRrn0bNjVd3wV2pvY=,0
G2cAFqLpZAupPnmr3JyELssJPacULojqrl8kTOc8vQU=,0
thXMy6tWlZjtQ4PeS+9FbEKy3r5dnrWb14jbi25A8Xw=,0
GQ0kYBSSPTkeUR3Bt9JfXbetJHvY2PWHZ+LsS7Q7L/8=,0
bbW4wLgjpB/75mvbLNNPQB5J0UodupPRaRsQZSV4l0Q=,0
6CbR4SCALRhB/JC8Ps4dhS3hMXEOqsVzpyIiuNNiqjQ=,0
nAyrszc5XIaVZGRjKNirkvqgjzpso/7ovX1xu0lVALA=,0
xKk+L3uGwgudcda/mpVNsqZoVyOoGVctGyTtMynsCDc=,0
MzIZS8U07rMK27emp0n4dpUc1+q6hbeYZFV72ZH81NQ=,0
la5D5/BEAGttntMsbCdAlR3CnhrfyD1xwkjVXr8gots=,0
5WDNGRN6erFOtwrP9qYHf9gGWT/0dW0gqFE6vU6YmQE=,0
0ktxsMzOnYf5v5O71CWqjTfWSD2SuckAa1NIQ/g1zOs=,1
PUIoTm+7Eg6IZlgylFpi3s+TyjE1x4VhI/2l9H/nUBg=,0
+VbURzwp2r0Kgyidr0g7k+wmoQEYlD5E4kFGYM2oQ9g=,0
iSRtbizoRUR7yV6JwFlbvTralSTTCQvbHcmiC4WnIvY=,0
ymz4Ir9FotwBPwG3eq+0qieCK1r5fcOoZADq+6kCrWk=,0
dv9gyI+2lKGdawXSjzfoGkLMpAt2KEJpTDKIq9uQfiM=,0
lVUBznDEzsj0FuqkmmaIWDOr8TDka9Ht9W68Thf3n04=,0
E19z9SYIlaLqVHRmAZipNDRZVqRb9YAUTJPzce+K/pQ=,0
KIcAigg2k+31bvmN+Cns4v2aXa+hoy542EyAip/EdWg=,0
EJKamWTk1wj+kr5OdzN91+nEc7yjw3IYzh9Ix8wms8Y=,1
v9MFeScxegXVWlF4u4lSsBQXTmNlWRDUMITmB67Dhmc=,0
Af0JTM33mKbe2J2qm/wfgPmuhFAhsitqrS0Hcauex2M=,0
it7aTvsGp6ZtbNdBkfRKULjWoZZewZlWRZ9WCU/9aP4=,0
jtliuQfkMM4DuZOFakxaV7K0BYYk0kQ2MZkDykC01sc=,1
+SnNP75UR7tcQN6022a73K3lEYOuC0d4C6SBhTb1CC4=,1
aWNF0rxUdyz1PRi+UEvHiyGVYt0UNcX7myEUqYpqcyw=,0
aU1+OpcSqAWz0YvwwqnYTdsCuGlenzpyk96/DSuPKOo=,0
BFLmOxDloloVY6fiS3RvnbKoC+csEQncyXm/wqm5I3M=,0
M22s0JjIZx30jTJAp42WaODGIPc3ooORmJ64u8JvjYI=,0
ENaLRdyLLZTXSNCEJ4lA1pZbq0fimaEyGlS/svEvR5g=,0
fsbrhz1XAALv5RGDM6bOeznSnahcX16+rVfZGFnIBeA=,0
90X95vOUCkhzaGWgkDoFe8Xap6r46gNDYRu2C0Wzqhw=,0
tgckaVnnykXIgLpUJzZofHBjBRvqSy3po2c6TX69zDk=,0
zXTlpt1rXkt4ecslZOiDTbSw9CCp7e9JbN7nNDMGmh8=,0
pPs22M6AksK10w1a0Q5ZbCsvN01IJxpiYiwEGjC8KFQ=,1
Bb+xs2xM3f2ovbo/qS45sowj1gUt933Qq4DJhTyfU20=,0
VgIGI26NW9AanIrJ2X9nXoeptU2hy1mf5Vm92wBJj4s=,0
UrI/b5ZYq/VDs6LfNpfmaRkXZ+Saqam8FnDilQnLzcg=,0
b8f4dRKOgRa8SraKsKwZ5WdTOgHbDGGMxfVcC0lPhbM=,0
QMaDFMY+0/zIitZ1q/1KIikMSfOrv0dJ6/Q7cO+aP2Q=,0
QfoBtt+MDT0YyCwiu2oRSnoMh/Vcdeq6y9ZBMpPIIQA=,0
cfPipRSXTNPYhL8m5Ku6pKplG47sPtvSXJlEZ5ZnB1w=,0
joL9SKgZG5/Fw3aVqs5m2mT57ZjqY/eaEBT0abUn7Ds=,0
CqximKEw+iGBz21ADpm6JUSqhWx0eQ6Hh1/+EdlUix4=,0
XooX49o3JTan0aN5qVoIoycWr6qFfXijMmEcU8qT+JA=,0
Fcp9mjN0Q6wSPavOEOOtW7gC/L1dL5kN5FHFF3tuqvg=,0
EK5R96QXJJYdzryFix6ZDSworsP3V44/WowZXj/HZbA=,1
GqBhbBYSO/nKXqjTDUUsSz5UOBM8Ppmn33qZzhb+o+g=,0
/JFzXWAdlQKwfP6Ex50Whl7IaCH0Zs+Mhy7mqgt2htQ=,0
phsXWGr337mZrn5pJ+O9nY/LVm6ZUqJ1zT+XxoUcqnY=,1
Du9FRn4hMunX8tkfZ4GOBMN62eGNQrSr5F1Qx32qWwg=,0
5KElj37cFou5RN9XdxczoLIgmQED6Ma4vT0Z2yQcS6U=,0
FFHU6guSCRwDcbCu+2nrSdvqdaQGcpw6t0HkO6Kp0Y4=,0
GM5FxO7kJ2YtY+WDns2Dt9DQqUbG9GPUcTNumKyNuek=,0
7IygE3gkbOiPdmEY5S9YvX7/862ekY5Xd5+Cnwnr3lQ=,0
/nXH1d23FSNiZDU97c2rBszISvjIlOeEC4ZNPvZlk0g=,0
IqJe3hyFPyGRBvbYGaAtuYjT0I3wVbZvUQ+lrTYqKMA=,0
jOD6CRha9e0/YDt+sOvke13xjq6qNHT0GmIkzA9PzWM=,0
Cmgbya7YIHw0lSgMsr2wv19RBm+ERxDwRuXfU+m3du0=,0
RzU4a6jHB3Y+lzhdrUJOXUDc4boIa9AFnFCoC53OaWA=,0
d8z+n8rnTNuCGhKp7v4IDcO1YGUlujoEsafZckMOLm8=,0
6czvvqnRgsI93BugIzQySHQU+xkSOQQ/fukpJO6SJjA=,0
VfkJzLygPxetpuFtClooKDfCXdSPKl7zoP+AktGnmOs=,0
06BuRjNP7KS+TVbb4xS2zYyPsvJcNB19cAzUP4O02Xk=,1
VHOIQx4eAzLmZl7kqUjGBMCyKNj3V5b8q4Xp/Z8oIAM=,0
O+HO+0SvXt8CTE3CU13v3X7jRHftysqifbWKgdXHm8k=,0
bLf43Q9GcbNT+8UVbhTZ41lXUnoXsHQDIVSuWVviYhg=,0
rFgz5MHxcS7XIH/2lM64C2rxcOAf2K+jMax758TEU+M=,0
LyVXI2i8Vuje/jNFCteNohE0uIShf3j36pFxw76sXIQ=,1
tJXxHZGA747MALdltJNP7fCTCUpybCl+zibcMdxRyVM=,0
xHUoQBCIBGKfadgO++v59zHDx+o1U6nrOI3KEwV+1AI=,0
dxm8wZWOKYTlZfx23mKPuYTq5v76Y5D2UdFT+D+bWD0=,0
ycCYElSoiHc2N8C7Rqaoc28y5VLfv2olKeLdQivUEJ8=,1
NJ8Zy2yEyu/fD86QzValYAGFeR4tpRy79B3HCHMLYA8=,0
zjKr8p7mut2CxrOIFMaFrP7Njcap+7Mgf/y6Te4mB4k=,1
iPSXGXVY89vBAli8K6x9lapspTth/mbyckhyFG3XptA=,0
WuryLxd2MS8VzAzb3U1WtJBwFBqonm7B8nyxfTwT798=,1
w8nzWWzJwtsUow5hmxY6m14hkN121g423CID53r9NGE=,0
jnTdeuFsK/Sif5J6ih9TFGQr2sv+wSKFsp2eIO8KQCo=,0
wkSSJvM8E1hsNmRYE4vlOcR426v0Kd4L2E++Qxgz/bo=,0
VOYm6KXU+Ljf2uc7YFBP0dAQx55iu5MfYIaljjD/QIo=,0
cNjpIQZdupTiXDxkAHqVGp9Cz0S3Z9H09e16r2jQSJw=,0
B4lvB8NC13LvQYF7PXBm6JkyTcQKN4FLJYHyq4wzMNw=,0
fOx+Rdu4/sbLDXhseenv5Ef9r0inx2hMeVRwPbR8SfE=,1
IdE4Ky7Uf0k7UfZYsOVq+ci1+dF2B0tG1SMy+VQ29/8=,0
p3nKFF5b+l5qek4izk00fgGV7uFjyuKG1KQnYX1+Ofk=,0
CR6Vyznl//72AelXcPA3mdHh6Q1Hup3eycGVs1mnrmI=,0
nGdQpjWnC7sRNRxxTHATquc8fqcZCrz5xRKbmUMrHEM=,0
J1kbyVcvlFzNXCXiKNH2RqZP2o4H4YKn45eBjpHdsIE=,0
zsTTDYOEKRcb3B2DUuuM5cNpo/FSroBpygptbtk1mfY=,0
+n4z38AweGpkdpsB6JTXq8W+urPSOapX2yiL+ajE/zo=,0
/7pROuapY6W4Sp70sIzaQNA5O7SoSdlmXFSNsNfMInk=,0
/hnPjanqD7gJf+rhGfVzxGc4r4WPN6ngCKIiriP9wFk=,1
2F+RMv1CIGMFU9yLNJmgWp6QxUE+yon6opuPeoMTXZQ=,0
DI35pqXPddsN/2Ypssb4k+/JPgWU6KqJq4rCXsJJPHo=,0
HvDymww+f9OX1mJk7GTvH0hOpQxPYEuNCRf1e+3Mhbo=,0
NgaQJOBpJkLKFBzUhUtgEhNT0dfEyDmScQAkKOuxOdc=,0
ulLKvMWQMYyJcXFYM6OPS0HSL+OudjHq/xewtWpCjAI=,0
wRDSOFHZaLpVAwmPO7NRyGoRxFss2Ils1c+1sw3XYkM=,0
32hydsopXgpmRJx5tK3/uJFVNIQngmlM/488w8XuX9E=,0
CliNM6O3wXBHtAakUcR/y3K0H9DsGmSc/woz1MMk714=,0
LeXcCzBns70b2Cd1s44R/+nkhmVFp5HEQY+APzQ7I1k=,0
6A+7ejO9us/QI68aNeywtKx1b+g0TJT4tooXFjZ98Ng=,0
zSp9n0CArkKUz0QuvN/bbqYfALMbYcZiMJQdTu+AuMM=,0
9qbFY4VEV09BjDmF1hyg7uLZN/LULtLMNi/tK+e3n6w=,0
cJVZpZl/etKRjfvZfT3x+tSMI0mWXhp19IOVTpD99Yk=,0
Qn/6F8GMklU2TYwk/XyAVn/7PON6ubGtbgmxIwHdmxs=,0
mjSvXEwAVxEBiXbcaEwxGpeSKd1UH68OnZy6WLCn8s8=,0
susZyprSYmkvc0Be9yIpCVucj3FosLaSMok1EnAi4L4=,0
IMf9nuJi8RmJkH93Xgr9YWy8M6VDMdd3bxXnzbntM2w=,0
NMCO1/68S+FPfhCdEyw88JEO7OmtoANkISRKuTXta/s=,0
ADYNF7naxNs7345OjFQtGJzJixo5/eTkJdvBb5jsxIU=,0
fNsX/3oBIiZ/q2iE4h1PjCSi5BOznvD/cmaQdwoXb+o=,0
7Q51ZO93gHUv+4jUAoK72RiC/kx/wo4Tx9agksHP+MQ=,0
wV49gE3I4uK/ukkJMwx/cLBqDkWn3DtVydtf2EFSNXU=,0
u4Kdz6MPgiRMuCV7Uz56MLD2aDM/gmiah/kFwgsuj+Y=,0
n43dk/wGMl0hVd1GRmMbcN1MamQ6ny4wd86z1W1CPy8=,0
YzydOdPofuMZUpkB511dQoLePu25QQyeMk+EpUJsRtY=,0
7GODfHMvM3hrpA/CM8TfwMKB3KCa+iD4lTFKskeO1Rg=,0
8jpj/e89CInn+mEP7DFAbnkUeHOqL3Cx0H5Ga0ACf04=,0
4WMy5/KY53ySrmf4Rel6dyT6MFN9YgS6U60LzOXggRc=,0
BsPUaTlx7yFzj8C+vBFkaHHaQ+Sab7loEP5Isr3zIo4=,0
Zg2wL62iwqPIACUIii6/+PCfXjN1g5xYRqhAcsEseiY=,0
dZNzQ0Z0hW8G+jo5OU+MQmC4TzdVtPnlM9mSB+jIUSU=,0
2Ug7PXwHjEM4T+9DkI26WUQDthntpTF5STl3yBliwtQ=,0
tZ0rsX1B40o/BlPV8l2cG+9loB8d+z+zDxvlMhMDfTY=,0
BxjubEI4OW2snToZplJ8N1YJ/RNLwOBDfhrbEkJB5vQ=,0
TcvnNocoGwFLurBoAUoaN6w3eo7muqjmLMpAcdg2jf8=,0
T1NFQeW2Hxys1cDwlHB4NQo132SVMdZExCSW9Anysa0=,0
yNfbTWztppFB3zXwY5M+f/h5wfAQe9pMvYFZy80+EQs=,0
6ae05SvwHlOvBqQrH8tCU0wU5NGmomb3oEdv0+tYgE8=,0
g5isP19qSkS9dbFPWWiO9NOK7gJ2kDHUXgX38bcr5G0=,0
bZ5C4LW/z9BPC+kbQb/mTxOlTULy/E/nlWinvI4PN+A=,0
kn2ceXkxoP+lj+AyorLo70rupWla6F5/DWVex9wyGQM=,0
GrvFM6bF3Ernk5czwqw88aV1XgPM/VcMobA3W2HlpTo=,0
Kew6pYsBrVAZdelqV86Yb9864EVVmIqR0f2rfrABCcc=,0
669xVxjSX3iNnLdxG5vqIu5svN3YjnxGKD/KrQg0/30=,1
Z8dGEc4h895efnfKes/UqirDfVDO1CnBL81vd3SfdQM=,0
NvIYc4sg338GIoLUBy9r/ZQMGbJ9lN6cm+AD46drd7k=,0
Td0pNAUE7KO6db8sH0PNWv8Tq3LPxmkjOyBF4gbE730=,0
MXC6ZvUMa52adUE/xsZNJM2pH2bUtWoyc505RhSU0sQ=,0
UaRQCnHsLlxBjKZ69uZ4i3Uqc+dYU82otgj8Pt4SaCM=,0
H43b6cQsxTbCbo/5l1E+jLGLmUy9eOuLMvE1XeXglDs=,1
ijgdXOt5oh7o8WX8LOLH2YfHsX1b+vRCJDO2sSMEaac=,0
/2hpwlez/AzeJCyOjDyMMVuDDpyDb98Zv8+cHXC9Xog=,0
hRQ+pPZ/R4ac7apOxR2jHFcD9vuMORyOOhooVSTxyTg=,0
eWfpMBZTfY0xJc8QGM/deRakcMuAZugcLNiTNT1qdks=,0
3ivHC33SvQjbmem4/G8rYTHd6bMcZFQaDmPWrrEuOkY=,0
wl3G0AklNkTQvIYeBgK0l8R2DRWgjiHyFPIGcYzLUNw=,0
CDHjoXlkzUms5q0yHERZ8P8tAcOxRctMjOSujh7mMgM=,0
4Po7utNmVvBZGPnJsYzPR5g6dPAN08z3+Y4TDMGvdXw=,0
hY4EpwF94PLQ4b7FESCtXFc3FrvaMAIxm1/l4a/SDBU=,1
+I8gXGSHoSWtAAxcGhQGHeLCsSt8U+KVy38qX4r0gpE=,0
Bo80Uvfob00eEkikGf/vhS/2hEJkmMvsCHonaL6DK2o=,0
+XT/wfd30ZjXZXrNDmVI2NmdUr/FuRkRx0is4svpEws=,1
IC0mdT28T5Bj4P84kDbATYtpj3RGChJ0hS85mJNk414=,0
4StojvvbpRvn/WswM1yDO6PYXX2tOhovj2Yjhc4lo9c=,0
j7p02I47C7OR8rBpKDbbMUHgfWK+4bp6p3vlu/5dMNc=,1
2ND98f7unUfy7xjLUL07IEUy2pePpkRLyaIzfRiYHhI=,1
ewVwea7PiAYi6zI5UEChs+FiuSZFGms/4lhpOXz1jGo=,0
snadgayfJYR5cvBEkepR2VFo7VCgp8w4OKZ1LsDOY1c=,0
8Ug1oa5x7zPaQ2w1D3qIt/PjZgIkVqA4TYtAqr8RBuo=,0
NZrpIvqYXimFSItqSZ2oscdvRCQld/uy99P8VosCO/U=,0
bVhxr+/e6G9YjWf22L9+b1nrnTV48Ii/JJX6nOiMa0I=,0
3sUCoj/phsCDHGxFw5kBIqkI3DqrrxaBTJwotpAkUxQ=,0
pwHQ6g2wFNYvUvNMRMSKo8bGYNzZ6i4/ZLryL7o6GbU=,0
S9pQZIo5eA89af5duTBcg2DnwgXjgpRpDgM9V5mcK74=,0
MCIgK2RW4OmHuk+q2jaO2TetVLuj06+JsQfJPdh3CCU=,1
DL1txU7O5BmKapdKs15vYbpTtNnHtSybdybr7HDrz20=,1
Vk/jA86Sf94/w5k9sV/RAl3LrUwEr3WeIIBX9RxqH7c=,0
eVJkYHqnePeF3RAAiMI1TdWwrHUpvxoI4LiA4QrUTSQ=,0
n8lm8NXuAtD0+nXCvzVUqCuh9YztZlTlV4WS4siLYf4=,0
2WtSJpRYlSJyPAnTZ9qV/ygcSH7MxFdGwcKYYUzdx2s=,1
wIwexfE3GUb9py9fSW0RcyrPaenyetphs4eyGjzFh/w=,0
HuJ1cdxQV8kDflq3aA5yEMPiNbAXFbkvoY2xY6iK9uk=,1
oXLUkjY/d4u2s7WUmOmHTgWqPWYrLw6YIyaOL8n+yxg=,0
s5MWkhGH6Bz8jZDcCO576NZmsIE+1EYQqZq8P1iPnO0=,0
JJY7FJCDofyrMhiKf1go6OVVc+3vkK88RLGDwYl1jig=,0
FLo7gUK1FqdkryXUHO+l0CuXmK86mjSt0IznA/oZdmQ=,0
Bd77Wmyj4DT6qRVy9Rmnl8zHHYwckYr3Gxg/vlTM5Iw=,0
BINf0TsF0tcCfwwjWl4iOMkIau9nvZDdWpFls4Uruos=,0
4ELJlHDM7lwmmHy/KUEnqhZrcXC/b0qdivwycO5qefY=,0
toXBI1JGzbehwmEX6GNe/91StNEuGT4uOaxIfZqddO0=,0
t/1rJz5bNBFDhh1H0HgjVAugJ15J10odm2z0v2AW+O8=,0
qEmThP1+1pXZxGcuhYTfBaChzmFM8EdkR4wx65Damc8=,0
Dl7tWMRowga7FIRroWhIdEjV+O4LV2nCSE9YTIxVzz8=,1
cUdxS3cXGk0ACvF6keLQk+4E+QNOzIyJVWRUPd5350E=,0
2jnNFF+XnifKlYpxCMU5xYSgGOD5fJQq+sRyzIMZJgQ=,0
VMz1OSR1X+rbY56x1ofR+Y9Bu01xDGrcXnHjXPewAAM=,0
NgPOw84l8BDjbfaSW64m4aCUgxpCcOOXJRkYKZrwxMQ=,0
v+Hvvbb1DZL0E08C1SApBl5sK0s4w+H4UrREd3n/vyw=,0
4+5cgYGglwKFXHKSqh9RK/KGhbVK6epaKnYtl45mhsU=,0
V+Tr67xjFDDpfD6ilwcdy40iyqdgDEquc5XzHWDATbo=,0
qYJZvxJu84vUDozKS0RP2FwCKY1HR+meSHnHrb66XeA=,0
gUWAlQlMVrzSQYx5AQPhlttfwO9zGK9gXHq5fqIb00Q=,0
cMH74IaHKHgkfG7d7Z9/pEKY1orvec/9gi3Ayu+VqpA=,0
1di6bMbeFaJ4ZcjkGX9sDZtgZMPnuN0s3MvI9/1Gu/g=,0
QHFZZ1ZMvAss8Igk5d2/rWtoLogjKLJYVRHZjjCU+Pk=,0
ZcelQo+Lp+CNGKl3d2/43DsmBUIVtXJSFhILlelOUSo=,0
ONCo36uGKPF123NYPDT8v3KgKDWmD6Az3qmz5KWH81Q=,1
tk/4zPY4wnoq8z5HbavikOcjVhWcUtxuLgD/DRSvUGw=,0
QlN6kGypPPi3oFVgS4CAZgNSar9e4K0JA9jOioSynSg=,0
pZoOpJXTe3gJo9t4fMG/3BsZFDtohMon78xHSdrWbEU=,1
hrYjJjq5R0lo5IFt8fS9v7gTeWLdYMG5Mbd+Dt0rM/A=,0
nw9H5FcrnKBry2AgB8D9IusRVZHzAtCWxQ9pjj130Es=,0
f0OzpFK/K17g99o0u2SdgWpgs9Q+0izgOxZvxh2KjOI=,0
Ys+KcciWksyMYKw3wBqrJAdDXAUGAS3iQ2QmtmAeFzw=,0
jx9EvT8QzQa/H4irmwXVFmOez6RzO9RMkd9cRmSHngc=,0
GPe+trT6X03VRaLp93S9Pi4mG56uQlJF0rln5XeJBVg=,0
FRCzhZ/UhCgbzhCvQCB7osRZY+dsbM8yDlZnXNo/rSg=,0
0nyTRs8lpF1o0F9W79xFMzRfsv4qASJhWFRud83ER+w=,0
fmaknOCmIWWioxoSfr4h0PJx8b7/LWl7mRcG0gcr8BA=,1
XOlStwM15elZwWy6n3UFH321lwsnpXM35vYL4opPJy4=,0
vSSU1tsFkSaFiuaOzNTzX95z8m1GHR/Q/8LsQKRlCPc=,0
bYEPOZntPYpAHqaWZ3sUnifQCOdvFq6cSHFZ5w8zeKM=,0
Rg+Z+dk2jOjgTlUj08tiaUeCvJi89863jXRcGFMu+YE=,0
sctgzUeiLNRC2ouwAZzgv+TPGh7dMSsK4gYYGppa83M=,0
DRA2gmw5fUKS6Ko7V/PXT+P2Bq1UuuWx4piXfs0BlKw=,0
hLX1lItmOvRpmsYApeANZ19Z/JF/uxq9xe8/4v5jWYs=,0
w+46rlx/Vb2OEcwnfCGccQJVwGox3qrK+QzO1y21QBM=,0
Pv2xvNmh1K1HoqA+gw8xh4MHlucVc1RRabzn/obHwbs=,0
MhIYXH9qeDgXO++zzlhW93l0gBCSBJ5ZkIf66w6Ufy4=,0
HVxPec2Rz7xSArLb+NAGo7w4pGB914NmdMVYjUDXmEM=,1
urDfvzYlzekz02gfyUbkP5s0lBIBAYfN58wtB2GYJ64=,0
94gE9srdLJInEPcYF6Z27OL2+BM3drwVy1LBGDN0z/M=,0
AxzPY0/3BrCuXPwF9fxQHRP2Ehm7BDIKeakZTF10bmI=,0
9ft0xbEGe85465x8Uej7yaDReJHDpRt0phVkHxKbkuw=,0
oOTGn4ts2cm56f1xmSXoqDK4qw9SwvL191DfeGj9aCI=,0
fTXeuM6WQtwUykixIe7XF+sC+DRx99QKHDTITXKPjcE=,0
ZDoGxX78bZoTM682mae4YaYOQlIJx+uBlUYeP16i8ZA=,0
7wzUsCMqIgIg98hcuFepwes+fHpOSBXr3a9WKas2WZM=,0
iyBDc6D2/EjqXaHVx1cDiUMT7Hykp5lWZtYmL3IExr4=,1
Ob+C8l1URoYBNIIvVHlpbotdXYR3hd8PzbZy6iM3ybU=,0
tpW00qMDR8TN+jDoQgtYM3rLJg+1e4CHNCBrmGi89T8=,0
FKi07B7IPUjrNr5uwEyWn89fspcMY4IAvFSdpIPWjr4=,0
tngaQKN5wNXLLq3sV6e8bdQ754DuRCiZWd9ylBeLxjs=,0
LkJIY3b1XPwkjqYaqsfgDE7QetsZY2Cop6le92lBArk=,0
3zJR8BGywyuaUrnNMcKiBx8AVT7Qzlm/0P7tnJVP+Ww=,0
2HeD5T3QyVrlfi8LvpLDRviL9BtYM5LgXdYMMdccGms=,0
sXZmE/s+cd+kVEECpaQoQbuiBVjEv+xcNjQ7s2Oy9Js=,0
bE3KrFZCM2G43Pj7hGqw3nHc1jAgEjnMrBC8QReJmbo=,0
NszlszHmycYi+GNUHycfxQJdxGXCIqIcbm3Hey7b4J8=,0
uAx+H2DM6SRsE22ecP3XE1ufdMXSXnfbQEAcZf7a2pk=,0
MZa9y59LhUaw+gE6Kgkzpi5OAu/ZtFJ9NI7avMwiYUQ=,0
qNzET6cbYUkLzxhRixrrIsD2clANvPwkocF/TRXCFZI=,0
7nNruG0fFbJZFKap/YukhyJLY4wfuMgJC3k8XHsLh7A=,1
4S3W0oWS4dVRefyjhh+Vc0XqColHJFN3QoY/4zwV9dw=,0
wfI8tXh0qRceKiYTb0m41IKbswwvFEMzMt1arCv5nxk=,0
9IUCqpRZSfnTSEUQcBZqX1HNA5K0CDyzud4TCd3RSWw=,0
y3NQe7J4GmlpxthMenjb8zu54GdqRnRLmohvzqigDQk=,0
wsoJjE3NYpzAT6Xxucv30Uh6XDEfGEe+qSXf70koDlE=,0
XgnY29CBU3zX8SI0OTP/6s959tixCls9osAr1EStD1w=,0
aZnvRI3wutflAo7eKRT/1x6hIqWQ5hOYtlj137aVnvg=,0
8HpxuoEGg0bTNuNh8t5N+MJx+mRAxXZTEzvwT2cmSJE=,0
JypvbH1oTi23quTwS5HhBJOGH5zbWrxzlmP/GtKYb2A=,0
SauEqvtBMu723utS4BbRP0XiHcDsW8O4RFAnonzx1UE=,0
rY5ODhlao24d2zjo8o5nB36XPr6PXeuhWxDMNW9OJMM=,0
xYvdK+tIf9O0Y1WR4EQSRrAwnbsIeXnRiyVb60ys/HI=,0
cxbwAxE/j7Tx/R3DdvfYFa1rU7NtYsNu7+XbbMNr0oY=,0
bjenaJDUl7+ob2c+z/iDhG4TzP3kzUSfV0PQjiNVrmk=,0
f4yxV53h80SVOTmT5zLA4WEX/fwj6Kd1I1z6bD9f0WE=,0
FA6Aoa/bFBk0D3WG9hNhi5bv6Dy2sYqH0xHSuymY9YE=,0
IJBRpmREBajSEcY+ibREAnnwLJ1KIASP7JycZiGvrEw=,1
Gmwkld1E93hP8KIabNNmx8e9JBCu7lPQYh7WGWfaDQ8=,0
z+WZ1D+rdzQhc4T5k55/1iwL2S+zfXq+uwxcq3Cg3rM=,0
ULr4ybkUyrQm1b4rCWapmoVuk4l9pZZAHKaeP9no3KE=,0
3qzUiYDrCxj7AkDtZX7QKtJdYCRRNMkpPwFmfT6Xfbo=,0
BQFYcW4djzGS+r0pBN/TVv8X/XntHDuWFUnxT9d0lVM=,0
hzkjOZI7qAtJRQOHyQxAdUtqJSGQvh0qea6tNOZR3aA=,0
eYriLaEZrDFFDCTgldJNEIKArR9+niKvxfLFjvXQTpY=,0
M/7ZeZgHJB2tmrHn6Pqof3AN/tb0ptixPK7gSNOEopE=,0
0G9fzBiySUCXzd/xwzmA+U6WkSWzIvi220VWJfEyi2E=,0
iYC7ttlO8wHFgnLqe4nxzRCTMX9sopXl5iQOlAUiyQc=,0
f9G8ARBK0jt70dRLcz/xWpjiT2GFA0BpZCRj+bEBzpQ=,0
oRdYiWdBdrRxW6ROFPQbj7Vy0y4Z3Zq6/dAcRTXnCwI=,0
DuSCSd8Qvgn4ByDT5/5tb2VgywrrkVeXdQL9l3Fyp4M=,0
V1hi9cuO/RjvqA7VZzsgW+yRbvBYu0y+ewb+ZNAo2KY=,0
J8EWbMWD96Ww45aKEZYeJ1S3TkHhUu630wqbX699n6w=,0
ArJPfgHtL7wuEy7CeSVVhegidYECITRV2nlMHuU1wcs=,0
NmdjhO3b050uLcE58h/vAvQDyeGG9V0jXv5XsqmO7Os=,1
L/AmUQFeBChnOmsxgBUGuCASGr7tqKoG1MQvIZoeg9c=,0
EfiN0MFl9zS6NkxhjIfHkcj/APY0BIKjlQm2LWwi8TM=,0
vnl1F0oXGGyUZdicvRY6XNr7DEZqRgcsqJoxxImFIEs=,0
yZHlA+ljxCIlP4bpCle3O+dNbKUT2uTd/hwygaS6/ik=,0
GzfOduTbx+qgZ7kkqkfZgFH+4w8bEYHMcY0jlSx6hqk=,0
QZrWQo+MQ2gFrTLFOXeh0BSwTt8rtRWzE4zqtIjNBzk=,0
vMHziEEjm6cmi7j/99YZWFxwkcK8TRSkCZI15tRvEfE=,0
fEitI37Ge3cx6+220uiXEtrBMkEJbOMdDazWmXad0Uk=,0
HWMpQvmc6HBURDSX3VSIL3GwP4TbD88Vd3GC4w35gv8=,0
RmWcorTPNvTdsEZvlhyrlya9PSF5UtbH54HDuPm4kQ0=,0
IhnFGsY+dbLWKldv3ZunDeJq7QGovTAFOauLrb56DU4=,1
wdq7nK+zy8lmd9E5woUvc0Ohy9on3ikFbs+cYlqv7j0=,0
xNGE9off9g9Zec0iZBM3zM8ivm5rzgii6ty74zw/978=,0
ajEECEu00il030I1l7q35hHhGsg/dvpggch/RKV+VoI=,0
/IoekovUvspJf+gIroBlUsseRowj7Awp+QagQxEnDO4=,0
fiUApm0bnyJrbV6C2cHRn7EKolAUby+ke+YNFTy7KNk=,0
ys73MucQ11P8GimpQjS1JE2x9x6IZ8K8KdSC8hN9dig=,0
2jbVbEjGeHW/vqrG/mQBcfy5UlSuE8HyCheSYYRSiao=,0
nohmytdpf8bnyR/SkofIhzJSrSEdyiKfngQKjyRkw7M=,0
KGPT1An6+CtIraEtTUDVWouicDQ6mWf1DkPMZBoAiR0=,0
FELpGsKSmtu0aRtXNOo6HnKXtrDrBpGgSI8k5NfIIZI=,0
Nae9c5zdqZhAkruiODw7OiC4FPyW5f/B4/SVEsy6ojQ=,0
Ho2nZ9VwVpVcWYMwTSmXwOS1G14vr7vv4y9eb/NxBd4=,0
6cjyfTa3T9G6QUb4M3Px4jOl+tZ9TJIxeZJYApCopmA=,0
nzMoVbeSG/xYVFI/wcs74FK4zeJIx5E1AtXvSME0jKA=,0
4mky0ZmtjGPQ4aKHobXjXfuvvgT40Oa4QUXKqw3ZI14=,0
0fkcKc54YL6OixCD4/QW+6r6m5PyBqZdClmwvEpOrLc=,0
BbH81OvQXiDYlV2UpLgEvKMHwbtdBV9GHnyDpK9GgVw=,0
oY6TgM6ubc1/MW/QyEAaBoHjfpE/oyyaOCho0UfWRHI=,0
3QF9xwXJ17fue0Ln4e95zu9X5zNzobm7ZJycuxstUGY=,0
+F53ZMcSfs5Cs/PDQLuJ2JDRhgyLcUrJSs+s03sMRE8=,1
nq0mVNhPFwvrETEjvBiMxC2NeVxbMviClCe3IigVbkI=,0
I6bP8fbYo+2736jelarDa2Tj9KTQqK0y7laorQ/oqTQ=,0
e+LhO8RcWdvjo5y3FwPawvKtwEz+YAy2/hRm2jDgcis=,0
LHoIb/2pGkit5qJ+G/X92cZiSBLDQ4d8EP83DA9u/7w=,0
yG4Qdz3KcbA5dsvc/jLfQn1yn0+UqaAkkwo5P7xpKhM=,0
gHBkD8tFbJ9pu3S1tIW+nmIEf/Fy6KQY7CNUGUkVJ0U=,1
VzPAiYxmYZcbKBc7GYFonWF5Hb6nqQgWEYtnb+fxNk0=,0
Tr8vBLnqoyY5GiEXoEwW0NznDBCez9nM2DbLDrVjULo=,0
bLc1WEwqi/bM/92WLbuqFgXpGkHmDcCKNsTHnGaGRB0=,0
JGb43BoK9+pgdmN6Zpj8YQN5GQOdhPgWSNyEGBApoe4=,0
YIEu3KFU/1oo6YxnAsAwouIqd24fZZ6u/AVQL4NjuGg=,0
k8nMnXPNMh3eTnT7t4/X2SmGFSluyUohw7v05i3NXac=,0
cp7s13LqxIySiVU8LeR8m5F1qnoKnfOfPU3sFggFSHg=,0
7wN4mo/OZz4Qol+/fh1dRxVAn2EoRmXGr2QwlNuJvW0=,0
wMABAGIG/EyhtBoT86BhKEEGJ+1INQA4WDPUo9WggVw=,0
XbxYTwF/twcU8c3WdCE/Q0HRPhj1AglnUNWXI3s+IOI=,0
JJ5rc1sf6RZ2LT7ufAoJMWZT/XeBh2eISlK6vkgBoag=,0
xG1bjTg+9vYFxFZ+2ui4yQ7vsvA6RxDvA5k06GhRtBM=,0
4GqxjwGCK2438/wsQsEp1CpDxrCDpg2Fb4//6rby/hQ=,0
Vxk3aUNtWdV7H5qzlMK0iRP6KXiNuy8NfhgfOYgSjbE=,0
BjAabbCrFcF33cWzpTduXB+GIApsR9KmJVe074m93GY=,1
pqnq3uT8RfvdXCd306PUweDveOCnf/gqw9hL7aM8vHg=,0
ElJMFxeqVP6WHi8hGuCTuJmbpa2sYCx9o93B9SBdaEg=,0
yh5BWkQddFfsGu4Q52f0XmTyKeO8e66khbwghSwEQic=,0
WCQO/S/ZtHN95PMn0C9wWngPWfo6QTYvx1CH/kSIbFQ=,0
vZAOVPU3BQbg7zjYPyVCSL+/+YEORNCwxv5TLMtTO9Y=,0
005gP05abJe/rU/o/FDkewNAeH6CpgQgoXt9GZlb3rw=,0
CCPZZUfVcQ52GR0YKYVEAS3t+VyDrzqE932W3Oe2LiY=,0
0FVS1cC1whDxtWvnoof4jSrr2WpaZl4xaQarSncSyMA=,0
BdLPada32tiSwg76ih6O8O1DBOhZzZ1huW22kVAhqoc=,0
4D+BmDkrXN9OLcZ1sg6E7BZN20O6x0ifHY2fJlZwKzw=,0
TO6dBQLegq4/UXcNPhUeorXiynNVpONlYfC4tc6ToaU=,0
1rbygT50NqK5x+WEOwduGsnsz0/mJuqgYRNzTG2gy6I=,0
jafGQ2pHU9QIrwGyc4Q1gnAbb+WVpcvQB9axeQg/fpA=,1
lUiq0ZJhPpHQy0jKegPWrkgRj82w9aKsF3mkq5QucZw=,0
n0KPhd5LMDirJ6JARltoGRpTzNW+u/kc9sh+L4kOIYs=,0
wJn0nzOtUhZHRN4Ase0QHDmKCbGOZPwyizTF0ed9eyk=,1
JJPU6XlNbEwTRb/5gBV8ZVNg+ynlZUF+iEjlyWzk8ZI=,0
m3PqETCPa/Bdlqv0Nm/BBm8QKY6/l6vRsrpNqU6iEEE=,0
uPh1kpShClmP2eQkkya+bHwKnSGWZ0yNXYt0+7Hj+I4=,0
lkFB6ZN3Uf7+qA0o+8ABaiDFxGlQEpNHpCGAtioq6+o=,0
vE/oU0yCRTpBxsax81T9vKfKjJ+UbdAIQiKqgToIE9w=,0
W27LmOIJZI6CCx4CwxJCKQ3mALkHXiWyN3v6PD8zieU=,0
GhgGU1RTlXzdsEZhD+sZ9WWs54fBHykd3/hGASEcLsA=,0
+xOKaWsn0pXi92zVswX7W6RBCN/YEnqmIHCz2inATOQ=,1
ejJaNiuHy+T3MXTfCWXkSuWuzJxFh7DtXu4RIx6Nm60=,0
pql3dkbYvpDmjNHnsyQmsKkInmXM2dslEX77cbY+y04=,0
7v8uBdm/Gu4ps11aRk4vnlzU+dOtq4xgMkUFqQIHOi0=,0
nJRHpM8kv7TbFmn9be3ufsAIANtPCRp/g3Raa/lMDYI=,1
r0l9T6xb/8XkVrprt/ME//mOLXYvEAMmtgcqYhWB/cc=,0
9O6OzfC0bx8OertmKbvtz2W3+6inIC/MEvKBTqTlsLE=,0
nRWDWihyt+BKe5EDCWlN5ajdoGCRqPlIK3Jn8EPXU+Y=,1
A+BshRk9NKwUMUU5ifvuckb1sZ+vJ7glWqqLWQONVu0=,1
OUDpsUAtYPltTbKjFSZ0zUNiuODHVwpSfZVUHC7m7QA=,0
+KxvUabfWkZilotIZqNV/u8LAPYGUGKOZXcaQ0ewfEE=,0
Jctu5ccOtCmD/ajDpTiMr4bi0ghnZqQ90Tk8wJzocAQ=,0
AdM+JWkWbg2b+QiPPPVq/wTx53KeXwBuRk+5LlIWlTw=,0
OTmsBmKKRaEoHz13ZwXmrDCJb+kZ18Kn0BPrYZp+yZ0=,0
Nhe8hoYshmMWf4lw8jUVRFnnX3Jihv06VOXW0yMrx+A=,0
q0QaG9RVhwrFI6koHWfID5vvNrFJbdGgLqOFjhHnwQI=,0
b4H7XyLu5VxXnkj57M+KYHwgx48R03/hvTwEVGH0pIo=,0
Itz68XjjzH8x7N5M50FbrEu6QvzUtrfZJLL2y7z5O/E=,1
AXkJVFgwHN0br/RYj+rHvI/5S17idAbTzYlutuK7tsg=,0
H3TxTacAO9g0CzZuE2LkmFD44YCu5qNipITkl/HdiRA=,0
KIW6VDgRTOknVC8ny3np6tCND38uHlvcgc01X/YppjQ=,0
6RDXC1K76TAc/Emo4klMtha+/PNyfDWDDzbxlAcpZZ0=,0
+fJmyjNgw0kJ4crh7dnLmGNWTWdaMM1+vaoEufr2xgI=,0
0lWTCr3q6r5gicKtda0nisMnfUnD+Ms4uMo8vui6yWY=,0
BaCk0l7LAAc2D3t4xTvR0mdo3fGXf6ky7cP/liWR15w=,0
MDyL/f+uYAMqXZMicWoPGOH44bZbCft17o7axQnv3sk=,1
aCMDOC0XENRTiX8aSsQK3rXzJD30ugef7KSMwP4sLE0=,0
P8D02kUr7/0eqyDbQA+mVGldb0mArUe/bbWnZZ9ooD8=,0
PNVdJzu1B8VRD6wGRi5Z6QQzXe9DuCHG6NbjM1bZdGg=,0
Exx/iRaIAKuI39W7mber69XBGQOQiqvbkc1rp+TGMmY=,0
qUnGDdnaPDWY2y9i1K/WZFLw68jwYYbv3HCnqv3M950=,0
d6XMPMDEwmUWWrmOAqD4964MX+7qvnqNDapduEu4Y30=,0
AdAfDIqNdCHjZRkc0HgWsA25dS3vpOknFSMJN+cVwbw=,0
Imf1M7rVlw/orjT7K8BuTUqSQwsiAAPwHKsXpRdvtgk=,0
tZ8cDsBm9ismoVEgzMgLZFCn7VPp9lQDYFIQl53y4Nc=,0
mVhWwvEfDB2TTgJ5PYjGfvV15wyoj1qjc7AWJGmCktU=,0
kx848WSlWfJiG2Gvfv/hgveMtdMqLtMbo7uTfrlhArs=,0
tV0su+MKPXgYRGGJK9uAP5ZNTHGpeek+eMfZn98wC5s=,0
pKxHdo6+ywmCFkBrBuzDQwtkeJqUUMjvc3bxnt5EngI=,0
/JC9gNM4Ghwma8l89jcC01xPjFG2dPiNiAOYWUKGFsQ=,0
ckDqxyKV8NNenHXjozL+UnbkIYIUnu4ZtbIO3zjioa8=,0
gy/BvQ78q8/LARYDS/0NmesviKuCjaxKxf3F6wW+qVY=,1
qxQe2gLbbW9nR0fmZw0LocSe3LEjYtuIQf1AqfW8cvE=,0
Yb9FUczBvUsLoznjchnpaC/kRK4wCX7m6ZT1OMYE5gs=,0
JMWh6HTBC01JVAojOnAIDzOgUDD69jmYpGzETmd6NWw=,1
5VPPdks3c1/lMOtEnj1O8n+736U2P/nS7ldA3w1PLx0=,0
haljmmlfamVPXaWuCwjkDgFWF3Jl1uwo6yWf8hXZ8Kc=,1
LnoqV3RXP2wTag9eLAkB/A5ot+KjdqlShikDwy7ICSA=,0
8Dfy9kxZDUwbwSqFl/sOL04lN/LPbq95TfBXHa5CDx4=,0
7//G0VSZf7m6VUHxXY4BAUvX4A3aQX3atwLVftYMr3c=,1
xTU+phPukJ2jwpb83soQIihR1e6CH3o4KXDzfkOhqMY=,0
SKGeOnc4zb98TVldpb05hHfHSo6MwtBCl2So2yZpci0=,0
m9WdebJqe/GJSKAxEH0Xm+QNzk3q6QirLdcGYrjc4KE=,0
VSgvp2y0mFAXRCra+6axqEzMCdmKTan/3dzOR0oU6sg=,1
nEOIYfBirxvdBtkQnglXAxBVCiPVPs7QblFf+lWjgBU=,0
CGaUAphBZ2oGKVf7TD9+uLm0YFzCODtkgV1nO/JxXOY=,0
qgLDT6TdG50bPvqhvS1db1scIagtZZlIkO8rVxiH/Q8=,0
uQ3pai092Ezw3wj94JH0awB57rNZ4WGzB4liqGjdFFk=,0
XZpIlH4iew6uAaIaHS1tTfWSJ1OkPA1zZQjHHJvXIQQ=,0
yforJ0fqIyB8anrfuknR5R1ZOYOa0azpShzs6i82XO0=,0
Ul0yuS5wXUlv7S+NvwN/pN2c4y5FewTVyyfjqShxkOM=,0
sT1MXzP9Jwx1+t3FGy5bllxAaKTHQ54RVAg69OEZq1I=,0
ZOzGOsBsHTVo0/mYB3neI9Fa70zpdn6MJJSEmbK4PMg=,0
toZD8N2/vSq58la1TCgewATMRVACZUq3YBUkdZgpsS0=,0
pPsz5GH/QFD0hWYzNt2oGAajXUeA85CMtbGcSqPJ2lw=,0
8lyb2/Gwm+kUYoq1mz2Q1i0anw83OvMPeLMVFectmzg=,0
kTkg2EHay1/WOjev4/MfV0/GrvmiEXK1yrkdJ7jRod0=,1
BCZTsf7T6Sc8siwJD0cLDOZ/1EnrXQzu8rvsztW0LKg=,1
nZIFZ2CQKHNyrBHUNl8QKYYxJNLWoNaCjWr2RsoAQBI=,0
rJFoTH2k2QOJVeaf+JjtmUi0wIZRQDdE4nnKXEvLSKo=,0
zbv3LaMZ2qKuU7gYZzm4/5aiyzF76EcRYheVzBOHgf8=,0
MO7y+ZKlbFbnzMUvxda3iw6I+LYorynLOUelGVpSblY=,0
uHY4sIw5LMkRk9wWoZKeWZvweGlQ2pwnO/hEqNNN12A=,1
EIYTlOdUFVX/blWrezTJvHx7F8dfQHg0TTylgFEdcNM=,0
GhkvzXFaip2F14eENHsvpX6QT08HVhiFlgOHindNhNg=,0
/8iv7bUNWEg1o7CgRSVBhBCAV5SaPWjZJHRBG3Iyh44=,0
DuOCQCBShZZexzIAYHA/K9hR+s4OmZMjNVM6G68YLvo=,0
kf3fTw3TuuqZvjfK2ZuWXkpEQHdVrLjEUfnFQ9NcAL8=,0
2vubKyoGaUZQcTjYmnMnvjsBterDH1JPgwiYrXCotR8=,0
s+WdTBmMKyiq4c0+2C6nDnQQnQIFlsOjxv4/gHC7mUs=,0
i6wiPnq2GRKNEFCpeetRi47GR6RW6vcnKco2YuDm30Q=,0
RpEpOIoBzVwjwdshnvGt60oJxvfd8qU6EriR7zWr5wQ=,1
GV524qs4Mn5kyz8EddLwMtYiMbzUzftY1BEBg6PwiYg=,0
Tp/tYu8BtOvzKiTnHHH0G2QhPhrUYXk+zNBX4ehWPh8=,1
EGm3r7k+pCIJq0oRN4n42x0TH8hD2n/+l78/kn9kGGw=,0
6PerbQMGEbj5aMostWyhdd+2vQ6qkc9sRrcCzni9Gg8=,1
/mgcoaDamV1BF28yVrJtvFtfYPtcYp0BTr0X2Layyw4=,0
udW4MhilxqOdsTJXvfCWlCEDAd0q6VkOecZAS9Hnjx4=,0
hp5Nu3DqhzQ0/3BMlkbu3Mvh0NjteJ7YC8B/RcGP908=,0
aOct+WAT8HiQ/v+gwIK1Tw080FfiyMur0Sej5TQ9g/Q=,0
nfD5j+Z9G56DWZ0XlrhKXHh1+WBY2yA0o8iIymT7ZpM=,0
8oz9/pt1NBTc9scGJfOOeYJVRJzpMK/diorEl/qF+qM=,0
ITAf5v5+bO7oRCQut3hHl/dcmuadFa6CYyA2R1chFPk=,0
TdPvD2ISH/4Jg4gv2ah5UBcZ/1yfKgdWTPKwg+fwwhw=,0
U155VusAA957YDpHxIpHL+85ZnTaU8Li1ZLY/8yJVXk=,0
3RRHJlEEd/Ppdh7+FEiejFJlFB+SIO4fWSszmK88kuo=,0
9PQ6/MotV+evt8yaeh3NIC8UJDTE2uQuc9OE8M0dPOs=,0
9xYtyNwK8yWCSmmXyHZa+4HA5cri3SVGu+dHwE7Dcyk=,0
/EanEvioH47vbBTGjNnMz1iNdSXeUkYn6yi7Y5vBQ10=,0
aslyIGs2nZxuzCIXfXjzINCC3mBzA5baXIuSkhkoLe4=,0
jd0gSh3a7/WmsGnKCghxhQ6OJcPhKD8k9EuSY0Pstzc=,1
wh/ngLIQ+tgBQqSn1o9jNf6VgXWxC580mTCvHvnpcVc=,0
ZzZ1H0xE5Q22zLqVzIqNZX2pbReDoFNmkCJ/Jy+BsbI=,0
J90Gd3U+EIcrypRIOgMhYfVxWHhVXVA5g/YsvSFAsmo=,1
ERUqHkECZxn10KFxQJN2PlLg46aQ3t8tS+D5j55aiJY=,0
fn6J9GIXIRaFhsFPU/W1KFFbl9B6vNvGxTdIb2AG8dw=,0
Oz6JoBnSKOGfhrjLVyF980gQgrPc4kiOxDeRsUUFn3w=,0
eDhL3jkFx1A2EqM/5VeBJ7GDAtoeMgfkHFUmvkHGmp0=,0
AxzsolMSnuGSxvGohQmH9gmOo80TrYGwDe6soFum0SI=,1
AUOGtjJQuo5IurCJ4oH9aB4eJNKHNM99IR1YkwA+NLQ=,0
36ecuIC4HzogyuUt6Unx7zELkjZcTeQAqkhP8ULHXMs=,0
xyihQJLyC0AGZ8VXZkHzH9LPZwqCWQjVhHL1DdX+Kic=,0
40E4PivfbxsVsAX9efLU1iH5dDjKYrfQipDl5Tk4xxU=,1
3YWTpLu4DzsoSvNdJ/YQ8nz67LXg2ybO2TvKPg5xgoI=,1
aOWcHbBVAhP855xBOp5IZ4vHDhzM9fR9QAR6SuOLFqE=,0
16hZz6lyeo4CsrCWM4R7bw8Cff/ndBrJUF/rNy77RV8=,0
tSifmTLUxzcpXh4GtLSup9BuemGY6aXHi2GbtMRIyzI=,0
4lHgPIs1jyNts1usgk4Y1zXGNi6HETHpHuUX7aKtgRs=,0
Kg7VlefZF7XMzoawvgDz0vu75pR7jJcIWLHPZCTNc9o=,0
Z7RC3ynp2H4DzEPAXBCJXHxmzhcP7JDYpp20/IoV4PA=,1
FkAE0WwUUu2LqvJCd9pCd2iecmQ9f1SNcLGumPXnAAs=,0
2M7tnO7vL/TLFkyEyUjaf33XovmWj9Tbx7cA1r5MBuY=,0
MPlVw2Yvj/AoQ1Yu9ObSOf1PSWUtzn7bg1v8LW8wHoU=,0
jufgxIIewYCgFmOPDwjLW2xb8m3CBknKoYibUNXGE7A=,0
zzLS5m4/CO60cgBVzUcG0XaNFyvnZe1rqe1ZRSZ7uMs=,0
uhphxaUIOdRf0JdKW7yxCA2A37tdmVaV8hhG3ODCoY0=,0
/tcdH0qtOTvLX3zyfNZQL3TmgCLlo9wpEO8LXpFcszM=,1
2sXAPZXJ5+p7eb8BjdoO4y3zbtvJ4GHGHZCMxAYI0c4=,1
0SRi2Qjm75bkxvYKXtsg1fhwWZlfH0628XT/8jvRN/g=,0
hdzmZk7sVlXoIiLwxRR7T6fLuE6OvxC4Y3jsGxm6osM=,1
NE/UaeYRIg/N7zXd3aXsUWteq0qBfdlm5vkcbAoqRII=,0
DW8pZrKZCoSI6LwjjDz6PV1pRg4GjRCdJWW3kuMFQWc=,1
VU6NqqwrHoO58YRiJ+FsBrtgq/UxgjJNQA+CjRg39/E=,0
7/k2rLrHLIvttGXyLv4STW9TwBhWuW8IeXtKJzD0IrY=,0
qPwDYexufF4lYrOlMB9U7BXMTEwAa9GNmhyPMhTfnLU=,1
KWp9Yi9QINg83lcoWg4yBCH8pVoa8ajhwZKMRtz3RIY=,1
ZNmzoaDGfIAav74fmf4OgrPlzeuMQTWVrcGs/QZO7x4=,0
af2jiyZpG/oLwpiqXgkMiwz8rAluMYdWeX4zO7bscSg=,0
8enI7UtqU2FHfFEL6tlUWKKbWBGfCbcpGMeDgFzaP5I=,0
8+3XSDviGlWgH/nHw2Z1qp7yWH2hl8rMljGNl+c4VB4=,0
Gu0r1BzUeARAOLQnOjDQYHfHBL9ncnagxXHft35O+wg=,0
2vlp/fr/3Jy6REm5xVx3sC74X2DtFxsAg0erxxcR9Pc=,0
aWABHEZ2R2IA7lZV/yKnERnareuZIYGj3aoAY1Q9kZM=,0
bR4MDOA47rCG+6CiGxWjnm5fMFKhcUhXoUAE8WbzAoI=,0
6uiWGpySby9uehZ010SXhNaAEFHh4bhxSx3fHzLizzQ=,0
wwuqtADh0/vYypUjtYVVgy3IeiY+AU7atkubxc+1Bmk=,0
MZUwgS4mOFlOP7RGuChyQfIMiVAVcCyGSIPAQE0QXQ0=,0
otecs5g1szr/Lf5zUMc+od7ZALISIZ+muJunMt1Ggds=,0
9ymMuWHbZ6vkuKQ/In5WYMFZHfrntOfSYxUUtgSLXpE=,0
H5qTYlMyUocBPVR9iVZpB66NC35BLrFO/44PNnAgA7g=,0
X81Xh8iKFG/StoonGoTWn61P63nOB1A5dNnaT6+WYas=,0
yzL1cy0eLS7KcN1j3tUmUnpcfyZPpFbBjIlvPHJj/H4=,0
+omdB4WILn2kRjQCkI1gDYx3ML2WFrZx1Hlf6+mKCgw=,0
A8x1zO2ugexECRSp65i6/rMZxC+wRP+RJIZDM1kLpf8=,0
YElkNrC05SWRu/OOi6XuKsgDElhyJCnpVwFObtIctI4=,0
LsUJp1fCz1nONBl7adBvNq9rjNMgdC5khBsgYb6njmg=,0
ucv5czY2B3WWxJ+Rzau/sxWKpG9ted2pmOmPY9aV0jw=,0
Js/tPMsvq3DKxObVCzGixD/0YMpZ0q9A0RvEmMskwtU=,0
TmZ5IdAMsdfxaX4Be1R3bHGStSzhUjlFHcuelPNemx4=,0
1F1yjJkXGERtpnak19uE5sUsKG8H0FMGeVz4T2FNAE4=,0
KdSIzpYc9y54hasw32pT4LtDT1wbVl1PdLKrXJKkSHM=,0
sT4pNVMU2M5aWuMnPfJUw+FeKLLy1LXHl6K+A6GIsWo=,0
zzz1Dc3P9s53HAowRTrm3fNsWju5yeN4YBfNDq7Z99Q=,0
PSYHME54L5k0KIqJSMlwEZdMOIzjt5RQei3fh7mkfFI=,0
5UB7482OEsyPgMK8x028qLAJbk0oP7amL+EFxCpA5bc=,0
1jdLWzKTwxuy+Jnr2b4xyqEIZMygOT5BAwVON98zr9U=,0
x98YK1JLEBXHP0R2mteA5j1HA2yi0TEoq0F7Ezl6l+k=,0
K5bn29N/lrJHcrhJxhtWc+a40MV99AinhgXWAjsI6sk=,0
reUTEqI1e1TQcJ9J913UuHK2hMKgpbLbp9Ghgl7nbMs=,0
Aw3C2m5DsT/WkZGY4SmlMmyXCwANM0C8L9iyMW4fiJc=,0
tJ8h+DkrrvmHOSZegnvxQ3OiCLKYmEKsXDD97gjJEO0=,1
SrQb1Zd6kYki3ammd/qYmKnuQuOYvseMe8IdW7niits=,1
ZueZQYM4aA5fqvXRt5OoJBPBul1DYFv7OCGHpS6fgtg=,0
Lee5sRs/t6JzhN9+SliPVxJxqcDH7L5iay/koUIuFnw=,0
SJ5kfBRfAIFWIARymixpGhuZSTl4qXitXcqmalAl8bc=,0
KOsweBHTXVkQviwhu41ncsPofd+LykM0Yoh6aZdOMTE=,0
sIr48hdM1xbdGCyRbqmRhkn55OXvahMm3fI+TSEFtmw=,1
0CUcI14UFzybNLUIyzwyGcmcrB9667h+oFX5BJkRivE=,0
PCFAesBQJ4XIYxtsg8gvLX32lurt5uw92K7zlQJqIhk=,1
Y466VqGqH/Mh3FbscbqC/Oel5jefiA98M0n2qU8Dv/k=,0
p7PXuzK+jW73U09VBBWlBVU7F3Q6YzZjxm2c1nnXt8E=,0
AWfawr0gfgcq9XdWiFldfjev+TyfjSh86JGKfA/r0Xk=,0
3OlZJqfLnwf1BvxEO0Zzr7DnHzKG4khgTi0P+ENsrxo=,0
5NMBHweWICrp7sTwojL2+ZzMz1bVqthM4V9hRsiHuwE=,0
Xx+/iQ/mpmR/SgC7BrFtKS9+gFnUvG9Vey40mdJ9mbk=,0
AvL8936blAxfBOTDFaxB9g2RhKukxm4D09kg3EuCfGE=,0
noeMcXP/lu6QUrjsdxt1v/VwcwOf9zbSo+L6BA2I5ro=,0
1yDkZRhCkGcDFzBxi8Bb1mGM1zSLeFm7ueuoe+2+2yY=,0
oXI7JzeH/MkC/KBRPvoLbsEbMLZmQ4g4XzoPV+qvnKw=,0
gNPytCqomv7DZRxjdCoYnfqFunAHcmuOhbi+qt9KDZ0=,0
TFc7DCnglLsEW29w8Lpo7FCZBiJRJRhxHypprwU0CpA=,0
Z508TsykZ4NbhvJGf0qQGkevAuuwuYMgwYMWZer0NWY=,0
E0rZIdqSHG2Jx20uL/ATr94AtBa8thBwv0bcTrsEpJY=,0
R8dR7q9ZL0+0x7MK+dyD9fvd505TeS9dI8CvZt1wsgA=,0
SNpGEOIo+1G8+BnC5IuA248OABCzfxo1VAOvy4brKX0=,0
dpiwP9Qw8BxeFaC2iqtASWGzOm2j9rjJOqAkzzpjbxI=,0
PzTZOHJ58plshQ35xqL+a2w9oa0NxO0xRWwwwNmCwTY=,0
yKnp/tpdsrZN8kGkrslYROngU9PvLGR2Bk2Y3W1K4g0=,0
RyqmfKLkgH6fKXdO/TzoDJ0dqtrz3AuvvsRL40GLzv4=,0
tIO4Xxb2TcxDGmU7NHb6oaIaWSV9qlVvWlHUlNejaSs=,0
pGRP1Xe02m5ak671Spn0G9E5lu7HDH3PbMsopezYm/Y=,1
LIevPNiE05JgMCXaFFo8fybIU50ygnQbznTa8yxjQT0=,0
oyMMXjmmYVROIUoirDGrlbZI1N7Ac743MMcTY/sVYUU=,0
xQ147SGW3/OiArnRCPw950MP2C227cmzgLaZd8Pv0ek=,0
GnznVsIqC6ChVYvO/zaQPCKZSJgCQ5QD/onpH2ABSr8=,0
3AzHoCtZdZ4JcnktT2b/bVg30NTp1mDk2IZHWj8IMEk=,0
MyL8RCx4uana3e+g5tCZiWLYPjFf4nswHEh6m+SuEdY=,0
Hcr4YYuii/0W3ACk96x8sZCEgUjohyjVVE8Pov0OvYI=,0
OOroO7hNg18zKXbCfOrvnoGbATOyXimv0FSKJaIIn3s=,0
w11yKT0bbwCbr+IhtWcLmIHgZLOHYoswBZrg0A90JNM=,0
k0VWJaDctAAhO4EFZCUCoG8RIk3Lh7/8uafXJrxMc78=,0
wLuCoB8PD7p+O6bJ99+1Bp7Rk+sMnF4Gh3vHBJLUWRI=,0
cAaILg1DLhgCvinplbYlTR7HG3LLAwGwDtFCJxyUW5U=,0
FPaW72Z76faYHpp5uBUDLcfmGtgF3NZQklUSM2ezup0=,0
Y+LcIY+xh5fYnGA6BenyD4Uiyv1Wx9pW7mSA+AO6LbY=,0
gN0N65xBODANZA94g8ZpU08s5f8/cIVCv+FV5mWv4OM=,0
EDVrLgkgrNtsx/KuBIKDU8OohHQdWsqmJt/7/ZUfx3E=,0
V17k2xS8WKm7AzlrkKt7p/WZ7KD2DLk0i1etuM4LuKk=,0
vkdo+F1n7rmYiuSq1+yi55ivnw0wVPfKAKZpTgsEhZI=,0
ZAvfbVabkoH36ksn6By2LuqRZjcyeTkodikv7NW+3ps=,0
n4H6kqH6HZwBAt5fejPXuNoNo5SGsNgIVjQQ4zQ1lTk=,0
+faleaPlD1ggnPVq908tCODPK6kmBx0IFFbWTH0iH/Q=,0
K82aheI6GuZKXiuDDQ4uo5KHS2Pk+wqGIaS8S4eM1t8=,0
vy7Nxy5Xesw6Angb2uGr58t0wYRXP40NkedHIsx4UHo=,0
mWNBN6ZcrnqzCYRo88yQaq4ztnQ3jNm2H/SID1JzYeg=,0
w6pWJI4UA9RQEOJbh2wgg46igDELITReCdxkpSzvtoU=,0
V5yWRIhHjCFrFRHhMP0tNpYsE18F1QDDLlIAUpe8L/Q=,0
JrmqKEn1I7+LWIWXbVmxFvtKK3f8ZEMG+6wweXthiKs=,0
thu2y6M9TULTCsvWkK5+AVBdpkfuMbK/dG1d8c08kcc=,0
KdDuHWHra1q2Bi3SUNt76vZnAebkUv4yh7bWMSzEd9c=,0
g+beUwS6wZoLlH0htSdA234gBiADMLJC1QSowJPc9RQ=,0
RdnI548VKF0pYwCPj03DY6jVqlkpX/rdVasDY7R3nxo=,0
1REw+okO0YJV7XBn0ULTb8wSeohiJWyZHlyddhhPNJo=,0
RFjNE77CHfNWKm5lTQQFMfUU77tcM9Ae8Yg/rtMHfxA=,0
Y+0VPvNmwBh+JSO74Eir+nbGEgmNZyUOIGINpHons0A=,0
svo2iMQS/r1jSFftEbxZ1wtlTXeMWQ9+S70Odf2F79M=,0
blqtQAqjO0CMZkvB+ZRpVE8VkSsi3LoT+SXb/M5olKM=,0
mpOfUOYT8902+tqHWnt9/un3At1NJOVZVLjXxact4mI=,0
aTTxd8O1LJ1b2PFySX4ESJ0cH+jn0G15rI8oqCaNhKI=,0
vWGABuC2BVwZQZVDM8pT40sEEy+Wct1wMKE00GV6sPE=,0
Pi5oZIFKveZbDB/YBqxy9BkjPundnoJuRAmTiZRFCcw=,0
z37j1UFTUW86e3iZhQby8bfLB/dQREGBaB3CyO3zKMA=,0
h4P4fv9GECVUuWifhF96KnhkKcDAberMSX88b1goszc=,0
OBzE+vZOs1KghFb8TRHg54aSs7JfXyp7ERmWk2zOPJ8=,0
lft0U2mVxulpEKKJjlsyj2bdln8IbARWg/eWK9zSv4s=,0
/OiWF2vWWDQQU3USUJmxH9CmrFjHkAHdib2B1aM1NDk=,0
uccyzhDwjKQrH/Lwlu8p/di0hbQajwgrFUz5fjloNSI=,0
//dgmV2cL062cGgEsPa8DZw4wCE9exCK5K8r2pBIPd4=,0
raCZT21DRhf/PbNHncKilrPDOWYr1Trgeans+yFlCvA=,1
QUquU+CTBNviaqsfvSfCLmw3WSzNKv8PlyytMYUcywk=,0
ZVAn0OvkwohRlHVHaxKgf0I+nnqs446bAXFh+XqFKaQ=,0
N2QP/+5lhf59X7X45QikkEQ+Dm9InjRM0BHHI1ZVrGs=,0
zHtyRv+AWqJ45vRlhAR5nz/gd9oKuF33Rsg35TL7O38=,0
v4mJhv6H5ChzgVyVAaO8zT6ANC7Dlg0AeVqetU7SStI=,0
Zbksr/ZO7PttZ288bSkCNOLF0IjzAOOK4MORYyK6w7o=,0
FNEQLtTLn6ox7kvO2vpUmyvoH5vHWKSYRRGEYFgQ1V0=,0
U0H13ldqY+p3ILxbEihJ7ZyJoUmQHXD8B+B/LVZTWqE=,0
UcudtiD0DBcXVse/h38HEo39fQpTCBhrYPvxVh8qIVE=,0
UdZl8UYCsT2gasbEjq/yQMIyzZBD4+qScYRrSB0L2vQ=,0
GFXyTVDiwq8YZvIvdpVrmFtuv8/jusLSzz/Mqllxi9Y=,0
8dONj6a5tAH9RWxyjz8V3tvzrIgBg9zDyeJQW+KzlvY=,1
LB7O5gWu/qTWGpRgpNJ9fDgJHWyNkcnOsbMJ5WHrNaw=,0
J6Uo6ariybvYvnup+6Q2liH8VodowgnVHPc1yKiHZRY=,0
ScUlVg7ORhj/OTo3g9HEowk47YikS290OJ4tVSzqxN8=,0
36C80LgBTAv6dDaAtdqunOR/2bsCklOzWPoEO1ILCqU=,0
PoptjkJme9XA2Z65qQjebsOdOxJEM0PUXOHzzVugHi4=,0
5vWqt/ypbmFFP9TRRTuDehUXIkRKe6OvUSNeRsSHeO4=,0
LrmCNDtciWbC9vgAyZdQyDZSVes+n06t+efkqQLezXs=,0
24p2rFHAAxUo9H712n8FDHYIjTtITKROBve2x9JEqP8=,1
4MI+UxzBKeSGJd7ejx2eyJnO0NywW0PlXr5dqUwoGWs=,0
mN58Sr4HacukC46yr2ZlP9/BC/YB90ADC2vb6p4PqZQ=,0
ZyVsuD4SRNGxQeNlF9mzAz/v2obPIrSVikiw8MmO5qg=,0
NWiETjZX2HNlCk+/NNxwYukHsIoLA8zb21Mbap9oDH4=,0
+RbI/Gc7bBvjPIER4Pe/3HIe8PE54VyzdFYZK7RmhlY=,1
GChdNwIypw2Fpn9B6ck8AgFGs0BnOazbXf1aXaukGqg=,0
I9IKBZmjd6Ubb0a4SHFVtIIoUqzwxQLmQIabpNbzDVc=,0
Bo1c3ydnFYVV34v/YLhmJ9BVw0yOXF+GjmxY1Rt9UuA=,0
rq54COasmjaTabGcrZJpqp1U/080oCGciXYZyCuxIzA=,0
UYnpgQovZYKM6acHnZ0JQMzUjtS5llEwRH1iVTg7alg=,0
kOpKpfZ63HS/4nl/1AiXOlpRlhn1SosEGYCgPNkktAE=,0
BkGaD1ZLe/qOE4Pcy/G1tom+0tsX8Vcbq5ghfgmFIHU=,0
yX74X0Trhfrp8K27uUdCw9j14Aa2hRrUAE/CStsunws=,0
WqX6I7F5CgBPsXnzKXaIZZYPPw25RapNYzv1bU5xnPc=,1
dmyk3meaJD17sHryAkBB+fFDG+F/XAYtXMws0Nkxp14=,1
H2lSDumFNQgmKP8+lanSZk0jk3K6TwOfmdiVdSBEpNo=,0
69CRwBVpyJm6irtOg4YhwHqWdlvSAktVROke6Kte3jI=,1
nG4QuWYsJBGgaF5DheiCLQ9R/dVMK4Ma3B5ybtRuC2U=,0
PlBrUvFWK+B+3vtcq0LfRSJeoT0xeG7qMtb7b7/al5c=,0
cwDYOAsjqZ1z1Ekq0O+ekJBelPKK8lhBvK9X909WTNE=,0
9xOvYqXGMhUFFkzlWknRiWnZGk3SuWf7YAV/E78NH/M=,0
EyK+saSVQSGcFA4zBoA/HNU9PyYwTPnwG3pfnzWdxJU=,0
FRU03T6x5ppfHZkMEtbRr8oOGLhmp1KFmf0SM8h70uE=,0
Vhd8u9CgxZfVXlKsU06288aAJ1r6uFmYh2L2wD4Jir8=,0
+gQhfm0YmVRrwtb+CA6YMdyaqqAg3YcNUc4Ik2TlIEU=,0
Bg3DUvVdYuGiedkNYFqrVQeggCWGDxn8TC16pyjB3ss=,1
3uY4zvs7TFM3XSKfu57VxRU9Ru1yfiE9stGa4IC5UVU=,0
p37bwapDVGa7KB0Jm99+4oF+MwxS6fUzFtFyj/QN+qs=,0
izlwyh32Q8EJn4Xlb+sePSgQQIZ6wIylOMWDa0asZII=,0
0QxHO8CKq/gbKhpErgW/BqG+I1meuRxAK7McgihwCBE=,0
FBKnkne/p5nnaZd0ai/3lBboRoGvIh4KSoHCXQBHU9c=,0
gFuvIifUB7h6QNwdPnIgQx+0ilmCPvIdxDZ2I5w0aE8=,0
f3a6WaHm9agZb/aKkXUTf8Psdm8dY1gnRLPY6T+IT5w=,0
0kaE8WGKOzY3HI0QalKmAjn158WPqgCdYsieFQrL17k=,0
aIOwYz2Dx+1QKdrIbPIQEIhA++kIR2FkotyaRpHhZ9Q=,1
mTqbHui/g774xREToSaW/9z7NaB4PShLjiTSpgJG6Mw=,0
c6ofKfkOwUglH1HEJ89i+Hr+/TCA7nW2utzwgaTvmXg=,0
V7tSZJ2P6Ricl0Ezuw+/sgPbO2kTCKSHbnCKGC1ncQg=,0
veW1E8N5L1NhXkVVvTLeEq2KzNUraKMbJ96K3RGt75w=,0
7jvcnnihxkpPrnjjPjvpUT+1nQ2v1DTmA0+pRYY1WYs=,0
npyFVBNupypp0pbRTkm91RMnjFED8KmdOe6N+0ofkw4=,0
JSNsiyq1cJg2y5urqbH3vQdQEFKCueTEMWXD22DMELY=,0
An9VTTAs0ip4BFLC8EJf/h+9931s2/u33+pEO2JhdJE=,1
FX6gBd1W0Lf5ho2FB7civWNZZ59lUfWMQEBsOFkxg5k=,0
fxsJQSZ/nNtG2HQeqpILLBCi7646mo6lvJLmf5mNHDM=,0
FYFB2eMf6h5nv+OAL4UPubSNYfKBs4+AaknARYkYFiQ=,0
wQmzsSU5Kmvcmo2xaT3mHwYX1cD9OhC/pYxn09pTu9c=,0
tkFQsGvPI0q6UvDUCng/U6BJz3TcabM864BGKDdjlpw=,0
ZoxjQIeWkKJAN17dYm9WRzaEq2K46tLyatwG4nmPsn0=,0
DqTD8H329qPejfm+KUW9DPNeytbrODy9g4VJbUe9sVU=,0
YycMwUqBMA/iICanRht6yA6cFvtRTRm896cqk4Ai8Rw=,0
xriA+up2EtNGypDmFca8tNRJiVcjrTvN6wUapb+FImU=,1
eXiPZ84rOVwE/QhtNcbtSX2m+s6zitEefiF2d5Rt8u8=,0
8iSm3oAlUx7JtrHnoYYWXpKcayNAt9RHeAMNaq3qAmY=,0
knKV3F++MzJXIo0MalAqTbjFbw03rOXI5Z84hgeNoCo=,0
GmuRmMCM68elwbGpHiAvdBTLIluH/kJV+yWR9E39xhU=,1
w2T5rY8wwu/IVeHCZIlDg+YsiW8k0zuAwnx1yTk0uDY=,0
zXzlJEU6vFHlOcC8M2Jcq5HiyNHwVKscr59sJ24ep+4=,1
3ayg/ntm703XR+1q3UWdx9XiFiXMUZN2fmpbhonjAeQ=,0
t8JYAIL8ilxCHb7qmmsOpY/wAYEMEpdVdgwL8Fw+bWM=,0
Rlti0RUjG0475gZdwevrd5h2hn9SLAbUcgNfgHwO5jU=,0
1Yz2ITpLq0OmhB73HpDZ7A6uN3STa/fLKL68zUCqBU0=,0
rQE88ccQe9V/iglRnx67hx/Df+fMWmSv3mh5sFfGjR8=,0
PnEkpfpCyuD0Avxajo5dTsNocukXEm9QWgP/3C4KPsk=,0
6LHkzLdUg4xW7+y1epYSjfhHsEqwwG1azuG5c6ZaT3Q=,0
rWjck6R4Ft6Xc4ZM0JcHRJ9t3mEKEDHuUyfrFcsD1Wc=,0
z9mH6yYJmw9rWsCaaPTHPZr0TqVub7A+UU8YE+uTAvw=,0
kfYd+cbR27zyo0fscOM4RveruvYypgcmO8OxszPZKMU=,0
j2tcYmULO3gprdbL/gz63L1UkVBAM3vPQv/dBtIucD4=,0
UexvJW5ljpB2uw51ZOg9/m3nQ6F4deT8Q/zijumj3ok=,1
j9UogJIo/Ub+Xe2ad8/F3r0QOqEPKR9xZ3jOoR5ks6g=,0
sCH6cSI5BuJ9JVbw6YyVn0U7M/4a3i7JSt8tcUZNTOo=,1
aIQB5pGHnOU4FlE0gvK/XJvHcSFV9JU3psd5760EqgY=,0
VSL98wFoQ5VomdznlnYpK60tVp5ZUFIZbYg68/MciDc=,0
bmpbK9tCfQ3P1gVW56Ha3Eknau0WJyKnmBpZCk37s4M=,0
Gq0Q/bAIK52mAj8sUCjd1Y6nLYHxi1yowbFVHALsb58=,0
rAmP70XuuYPzVcdbfjWOcVR9pTEceYm1zK5PO+eYL/Y=,0
93U4RFd0b596hC6e6wBiZfBuaRK2oa5FhPX23IAdp3I=,1
CDF1qAMVPCkbHLaKVjKqWFABPq2kgJfKOcMWWkOWXlQ=,0
fFWTRu5iLezAy4zlf1Gcf0zj3nhDPdyejpECSjeXG60=,0
zgH97LnPfQTDovzXLdXGBxwFRp2E3TH2SLZ1tbMR+HM=,0
QO5cxT5BL8/GZLICRUJ9fC55SYW5wj4pj1ApYbNRQQc=,0
HpYK90+wJAvohEiWs5E+7z+10sRIYU+qkiUter9T5ZM=,0
W8ej4dsw8vSMuGHlvHh3D3x61IGrdN1ztJX/KLVCtHs=,0
dm+eHJeU3iANnOQEsh/GmMjlcB6/Qn4OoiuWq1PdQAA=,0
12dAsBod08mp8WsAllvPAoXDMKUn9jyCARIi/CiFomQ=,0
LPn9OzJmKDBquIPCG0vlkSgtT0lDaK8aCnxlE9SHs2M=,0
GTCJasDfW8Zu1goKp9eLJqjKNYYyAM9Po6Ck4GyPRfE=,0
SRTq1P6l2EAQhXzaTXJzxB8tYGxl4uuqqgLAscIxkAo=,0
5BHrdTylhfbd5yxHvSdwtJhjFrqlGLRPV+i8ho3E3hs=,0
wolXlSrwyDpMABpQXQOUmIgN89cAv7CFLRpceMG6Kzk=,0
rm9bDX1DCLMhvZ4XIVzS3ROAcKKJcf5qbpw64X9FAJQ=,0
WiCFyrmGJST/x1fLigDRUjC3K7H8xXOqFbiBM/iy/nE=,0
cB+fyCYgHUhKpx/zwN5cFAuhmCFQIjcXQOiCtUgSpvg=,1
pJwVGTcFRMqw6z++MqKWTdxONTk8OmropIxVqPRe79c=,0
hhj4ga4T6b6u3pVsOzQfTimYT93ue/YvliqLqTJhgdc=,0
nBPfZsb2kUe6z0KX9TREmtdIetm5SogzNlPYHQXALVA=,1
ODJbJbpbiFWcD/o+M3DANQDV81OxHypGRDph76mFcxQ=,0
SuXWVM0kqkGLANGNYhEt6F+yB8iOccRx0opmrjJvS7s=,0
5BL21rmcZBSEegKisBsZsH10b4EGnuYjXjf4YVKYIrc=,0
x7aU11yONgbV+DqHNZ2Id+OaV1rqXatlMq9Rq9WN6Bo=,0
SxLp0JTHbHsrBYv/6VJgEU4cse9Gf7UMqF6aFYab5XQ=,0
4unciXh9x30xtP85xjgtVwTH6f91OEDxS8y5V1e55Eg=,1
a1shzURtDXiApzES798zSHNpDkzpzDogbsVMe4xTHtE=,0
hq8+AdINn6QtXr9Knk2rEXTN/P2BjgiCp6z5HH8cUgA=,0
D0PWPRw9gK0kLoz2ENRZjS1fF0tHYKTthG6bThRvnQA=,0
Hf0do2cFkQdZTyilyn93hBDvZpl26qw2Hzm5Oz21Cdo=,0
dzA8JztL4VYmQFuMo1qY2HHFlNQIeiyphpMUYf4qJyQ=,0
YPIpDFqEtHzWtV/bL7CD8AyZDL6iAch9IaCIt3347KM=,0
YvQOVZiUCl7EWq6Qu9y41ZjxYSPkGX98phWxLT1/2qg=,0
SXxQ00/Ld29lk8maiyrWhUlxCfAKKOfh77GzFGZ8gGk=,0
aKQTrJpEvcpwTL3xIGaGX9cgHMbDfK6qQlqibHlMp6s=,0
i3xG+8X3PJ9ix51lTzeUW8RMFQIk/tdkput9yrJmZ0s=,1
Luaqj6lHbjVj8ZKTa4jdzqIYz7TPgRRR8kGHfAaP8jo=,0
+hI6V0Mj5tJZPCdXXo4aE5KZLmkY2/rM3W3nMhuLmwE=,0
e/dHSTp/L2nAh8CH4sAWAtV91BJTRwBgq3T1PqQysy0=,0
Ch4RothjnmPFzEE2wxps97HvkhO4FLLAY1i/0/3pkHw=,0
cSppc9uuSIv2HF0V4kS+tXcYW7VcwGKRE/nnkacPMRs=,0
/aV9xK1/OM73Abw/smh12m8y+QxdJS5Q717JdFdFa0g=,0
AvmtnRQJY3AnykubZYaX/7/I2+kvPZ9N0RjfwuQcsEw=,1
umgGhsbo9h6W5FknbrnLSzRsOSEXjS59GylBat30N3Y=,0
Ew0ChnWkl9QW7X4IR/SOLwye0iJtDEDrtPF06+8ufV8=,0
YnMlu21Q3GcH0cFlYuQF8Ck7d4E9DiUeur/OF5T/tMI=,1
EzNxFjgjkAOYXgAw15SR9IWE2HRFJYnTPnQwCUcm494=,0
QuDl2/oNlIFMaMNdZZ44pxk1u0zMntPfTOh7MVr3iNU=,1
+k6UpFVFkOHy28y9wzUZ+AmQ6FYtxeYGHBEGTEU9FY8=,0
xayXWe6ukqGoS57lNISkX3X8V1rSGnBew3NFlsj67pQ=,0
qUfk9o2zsWud9/zhD487GuhXY5XxHPStnutUY48fgVc=,0
wGj5X6p9Pn4jMfbpG8nKU7Yt2fGPDeY0H21qMkgo/JQ=,0
09j//AmPe/p/sYHhD9Vz83h39KzXqx2IgOYzep27yW0=,0
fk8DejNVmahNBb2epYtf0i1T/OTkOGtivnTvjVVV2L0=,0
Xt11q7ol73w2YOH92gbN0038VbHVrHvJZQ7kvxjjkE8=,0
kFSulwVnjlYY/PK0Mbm4fYopQOinvkuoMpkvYMVcn1o=,0
heDm7jdfBhT7JF+y/kWSzAXZ1LH+Vuw1oOfQTiTAmVk=,0
6GSzqm6b9Xuu632ZgMDAvEtG2/A91X6QZh1jt/6reD0=,0
6GjmU4E5L4hxy/sxwtgKF/1wjx47j37YCDyflpc+EAY=,0
5FFkBnExdFNBx07z7sZ31IcyomO/gXSpzAXr5oCN3OM=,0
b6NWHVq0l642196NRW31GCW7Uo5UtljCyjgODJ2qm/0=,0
lx/3D2s8dRC+mu4KpERpDhaxBKtA2yWjEVm0KEPt/TA=,0
DgmUVkzfy43oOIf6jWoBWNl8RR9JEmj92S4gSjg1K3w=,0
0ztAFL4Yux9kBBuPPWzwkDDgfPn0Ya7dF6lXRXRtly8=,0
8gzdTy7iV616JcpWuQxM6l68SQm+eu6HmdVn9rI70Bw=,0
afMn5xIJl/a52VxiF8rCx4W/fZcCRWZZgwGIO/ZoJIg=,0
X1uXSxK1myjOEpY8S5/3mvqEgLF7SjkppKoPufMXbks=,0
lKXtrN9EE/b4FM8NyVWo5xnNGxRbm9rklwAM/WtUk5E=,0
sJyRY3Mj79Hjf2ognFtCoOHzfMz3kk3+4vpRIt8LxhQ=,0
i+pHodQERtqofJxIcUqWAp8R2e2em7A5Fpvfry990N8=,0
fpRAo6iocxFi6Z1OdIPudKQ4pqMI3l9Dt+L7PvtwXP8=,0
CLK02tSoNCegDbpiR3C9eP4KD5NpwZjOL72RXutno0I=,0
3XmAmZMSVLBftgmUuDw344Wa6bGC+LxjmBCS872zFrE=,0
+L3KDldNV0VEo4bbcU5YUaUP3yFxio/WrApA8PDOlhA=,0
c1ATL43DYWzkgv/uJ2LCtqWkOa7M0dEGCj8c5xY/w1c=,1
zVvUIIub1KPSrWwMr3t9sn5ujldNubUywHMaREI/vGI=,0
CmPDT76i+XhWG18bfmcNBXVk43uqvgY1TtabkUBg+s4=,0
epRlLm7LgPw6B3liZte3r0N6l+zGtLN5IyvnQDXL35g=,1
IwW5NgO9Pw9/a1btG3Fucn+XE4hTJzYsX3lTUDpj8TM=,0
CNPJqV7uBd8jq3064kvnx1BC/sHRmgaG3HfGE/Ky1o8=,0
WDFB5M/J6A++F1q3YEqbjoHdLOyDEd2P9x13Niub4qk=,0
ADvcXSwFItKrfcZ8YwIMzaZuea8j7n8tX3Xkk3m6EHs=,1
B+kdH/qulCd547J/mOqvFg0i//+a2aHw7SOqNOHCl8Y=,0
J8jG24VeSdtXDj5TmN7tfp+6MQKFmOkRKFurG5A+2Qs=,1
Xeau7gTN5RhMs7tzYV1F7v34OCP4O3jYXVqOzTYHLTk=,0
b/qh17m/7bUl4ei7DTEKvoxcDFsb3ojpPsL8DgFneDU=,0
WH6+EcjQi4N1xlOdNGkv0gYTn5XIf5eyF9w8Zn8VKXM=,0
kLo1gk2WMzoxzboy6upfe48nJ52q/ZKLrj2d474auhw=,0
jgSYCf5rnLEJDdDjMwyD3Bt5byVJzT7Ywpq5opLy8QA=,0
EP2nZavJjNzLFlCLGAv86UUy6VLas+fxcoCFClu2ZCA=,0
r+9hj0aETix91hWFq4vFdQKgzeA713T6ZZdp2RwgBIM=,0
VvZyku6WtXEPptfLfDp9arnt1gBg2QrnQLM1HRQy7c4=,0
sdn0U8UtSiDLnEr8Tv7tJOREGV1uKTyRB1DO9cibZpw=,1
yiP0OUoKiMS86D5AjRgwa938tbwHWWyY2zWRmMDJXaw=,0
s/z82StVNLRSBFP7KZEPmbyxnL6rxpU+UBJDGhsR9WE=,0
II7VMdBtRamdTmdzBQKHSIC+0Ai9a+BvXT+rP9jVUls=,0
nnILu6w4ndSbedI0bSrKdL8ju4zOWaWKfCS8T1uMoek=,0
dmH3wkTC4ESMSWm0h5GdFz6gtxS9rtuCdGxJHddNVg0=,0
/YiLgFODrZsXdPDjlEgZbXqyZMuVJj1GEqFV7v1KpQI=,0
fvKJe48pn4pGoObWaFjDzIcbFym+b6PzuSIX8EhTsws=,0
mAogTfG3WWI+JkuhuVL1yWi9r2R3Bgy/NQoZb17NHSU=,0
tJbuqM3zrYyq4mjHnUV0My+oU/GffcFTZlY6ebbJ4mk=,0
uYwEpI/aNuOa0GVFlHerpUcv4EL6eyv4TgaklFC9SeA=,0
8lypPZYhP/vg1AaB6+vXW6twrmyAds/LXxgE4okqYYw=,0
8v9g31mGbPb92fIeS/JofwLC2ZOTcxJb6iaQcamIAFA=,0
UGchzBrgD1P+cQoE5SziAJ2EnFlo5hAb1R340OppRC8=,0
zTcexBh1LsPaEGlDz7lXOltdYd2FIpnO9+lVkRBD/Uk=,0
6u8XFzFGxiBwI80y75xoA1tML8I6Q2/4ptr8OF/xWXY=,0
n23nLHA0FyG9uKnj5X+ECFGAOi6lGzZXfCezvWKJ3+E=,0
8+CqYl/m9Pdztol7kU6iebZ06nP8LqNFpTHLGXvdyEU=,0
gLedoUihCzoEDKQW0BITbXAB1iBKz3T2qAQvm5Lwf6Q=,0
ZIaYQpdYxcCEyo88Y3TudVWwQ5HLuyZXppPLkmEzR7I=,0
YmUKMcbKcMXzeR+wZzvIfVYBPV3vZZ0Gbnm+yCPkFTQ=,0
EXesbC+qrQLOr+Q+1ir14x7rWK7tBEJ2XSvGbS6nL/4=,0
q/JaJL41h9Y31j2V6h2MqbeDg2RyBmi3f1w9hUf+gqU=,0
y2YY99bloJbmb4RaYVJ3+pG43b5OQhYXP3yshuQ2tis=,1
0RZ5ZGL6q0dCjMCgS4M1IXPL1wz707gmGlm+Ke3or4s=,0
3gZbBCEI6O1SZC40aiOi9jl2kt6W9yDDVgk3qnJNir8=,0
hOWOpZOXk2ciyrzESw2LKCwDHU2In49KFYer3vKGLzQ=,1
xC4VeSWLnfyjDIfKR+WBUERfM1Py0z/2n0CFgsUeM6I=,0
/NTrCuqmxy0uCUPzj/tYiwJWvpMRKFD+a6mJgO0wtoU=,0
+yoA18j+lUcAQtyHVPd1R5eYOyg5dR6r7NFlYHVyK84=,0
qKBeDoncpOi6tp2HzjJqNSR49NdeHyB+E6ElqUWTbyE=,0
WaQCUAuFfnRwZejcNLMZ6LJaPv3vcK1mkZ1JcKGsFyY=,0
0qg6FWX0WQuLHRWxqZv5qC+orqC6ErbVSfQMMwxcOTA=,0
5liD5wkkegkjwDb85xDdOF4+hBK6RyN0HIiqyrd/uWg=,0
HoNzgZEdbBP7lr6JYZwr5Wspmwjq/fJySkMSuFibPfs=,1
sOcG2F3BvUFXdVyGegEx5HirTA5eYwb7g/uLWbe8Qr0=,0
LgqvWgPEIYqzIJ3dR3z0pu4WkijpIQl2PRAJIljXCmc=,0
6GHnGRaYYGjjo64uRLfHhUUYU563vJ6kAvic04nKuK4=,0
P0FpBR/rF0XjgvaMfKhOicKgtT3mKFqFCciQRXWAzzk=,0
4WINCkwT12fpVFCJysAUPwXilG+RZ/GR17u2MFm5a24=,0
X1RstQ8/nMv/VZbHXd1jXLLY8yDAajbYwiZ9lPIySpI=,0
I6q9/6N7gnX7taokANDr1UTGF80je0OuPNR0QKUBhRE=,0
dFyUm0x4NThEfaaSVjuHQJbSW9+oQ70Csyun6ZjRrSQ=,0
RFcuo5bzR1RLNIb3XRp6evQ+cv9ZNZkjPb/6P8svwjE=,0
L/pb2DXVSLFP0Cv95Pa5iQUX5p3zyNN5rtn9YB3E2Ik=,0
aqxJcKGmcuAlQXEfl4SZcBZtmRGN30ii7WbE9Pq/6Fs=,1
gd0StlBWNVv2JtMA0uWpnNKMYr3kiJn2SrKH0OFBR7c=,1
YeIMutFwoVGgY5i8Za+U2bnNSAq5IWCnzNBsk3ZLq9w=,0
xjBs6hMl7Bj+AfVbzn0IPud14W9/7Drg9PuAlgbdmHQ=,0
M+RTd6BYqbAmVcRzHg2FQJYMMKrqlFwl6o3WtTMoPGw=,1
Y+wiamqYXW+2TGpX0S9ze2Ln/KyS04cq9Y34RzpO7HY=,0
Gn7QRWZVPELnfww5UKUe3yku/evsFrI3ODDvkF2tVe0=,0
zujnAYzBu3Q70so63kvNWTNBeNqhxMri6jmqI+S06pg=,0
UMsfCJCXxLnXSkCIn52fTkYnkuMlX4himk2JN+w+Xdg=,0
jgBlmDaX8bXLU4nQua+bnWV9PpFzEPNfqlNeWRQ8B7U=,0
ZMdUs7BtRrkDu003e3sdqDKdpka94w2kxd/P6ScPtZk=,0
l3w0QBbSdM7vW9vKiC1vCwgI6u5ldsyguGflYjAK8yo=,0
vBfpYMcCObu/71UH+cG19sZJbziSR2p+u8RLUXie/gs=,0
0s5EmxLGKlSsuNg6cNJAJCYZK6gjGSqU1Gr0M2lM3No=,0
exOmlQbqq1JvsgWiCPD/PdyBSlYYl1g+W1ilxmCthIA=,0
atjeTHNLcr8eWXIDidM48zI0or402tpj7tGgdxiqzsc=,0
AXesDump7FXmVEE3nYzk4E9/1r9p2+956/VWYyOQUgU=,0
hxB2enlrokxOAmHhrKlB3YDQFVu2krP2wY0qIi/wA/o=,0
+Cpf/WPNrllKSIxxhnM3X/0hyN5HZKCr8CIPedMVp3g=,0
gWRR+J7OHoolx+r8EO/fD1fIO8cH76mc0Z7WCTmA0Oc=,0
o18B8ezAjgJcsRrggMSXBiCNUECJ+turA3F86zLfds0=,0
ESq6jLWu93VYdR02L1YGgu+z4Z2lCRhNph5VQx8cQmg=,0
ZDlIpNH630GCK+6LCWVprtH4Hr8C0UKePWFNONg65mg=,0
NFE4cHfAThNFsP7AMD5/4+7XBxjIHTb+WVM+8ZApWWw=,0
+VNYPveqlrSQaxEiNWmH7L3i0Q7J6l19oqMtrNPDc54=,1
+IwiKn3vqDvq81nrKMLdqnnPrFOGvjHPLU+YgE5Frac=,0
axefhOmGxgDiWlwcFTgOV6oHX6V2UlsvI2OWvpKdAdM=,0
Nnup4IhXCVU0z5kyxT+FRzJqXSOQoRrpNspF3LtYtMU=,0
euTJ+ng11f9jXJUF0cBHxB8TIzkHtMYBBYbdC8YfBM0=,0
j0HvMPHwOy2UmdMNZvoiu033flR7qzLza4lvJXszf9M=,0
0/UAHP8sBENljmBAUIgUk03DjACUq/l/ezFzTPHH/9M=,0
GSa9pijcnRDy/q8VwhyDe4PxyS6UIvvJdkOGIp+82IQ=,0
XtrAH7+lF2a8ow3eqLkYCx1pQzw1MKRBAiD67Z1/dJs=,1
73EQRdZq2jA8b2iYasBISAYou1CT27bxJEXNPReyM4k=,1
lRpWgTK8BngtLCLls1mfyaIdL1hgjocLvmMf1D1WBAE=,0
lx9Uwh2z55QmWFm0m6WbFC6sEM8mj8SgyeRYPB+NFzg=,0
1WUmQNlUtATnsrN1cSCRmYCWnSBmfOQgs2HROpDXb3I=,0
+aKwc2QIqADu07y87I0IFEyC423l/+LGDSZyo+fkFv0=,0
YYOO3A+knYN/icg+/jA+kcpnzjo/5eUgB6z77nl8oio=,0
nNH3/SwkYph4fDgKwrbMAju/koSuUWTNql8yqrobfqM=,0
6EXkTpfek8QO/gISDhP7IAmh4Jre8EB1J2Y27FpHHo4=,0
D7ZJnfqtQIw81oTkLa5KSL8EPgeUDZiEA4lyUbqnUCg=,0
nrDucUHgNJD4CmnCIvmHj0bL9Ygk2iiIB2w5UuyzYUk=,0
35WVm9a3UwWkUAcWS9fOqzV6Sp/J8BA9AMAZt+9w8ZA=,0
sj/NW43JAD23+XECAbe8LRhsAbsanGdc99CTgJSngIA=,0
XiRh0v0ZT55qQioRfegMtqUWqCyeKkcd66LsITbqTBI=,0
+QRcxStU4FkJ3TDN/F6w84qOEeDwAtJmzSASL8wtdl8=,0
GVnB86ncS85q/Ow2jGYGG9g+xfjY207rOLUNZzCQRoA=,0
Ew7xYXKTa3uT/CbN0qEyeki//jT+0/2/jkOtY0dEOvc=,0
Pm+LK2j7TCCsFX7Yr6qgmB5ndESc5ha2EjoNHPN/Bw8=,0
tDqkcbBKoZ0EhxrjXyT+CD8ZYCY+EShzrwqcr3v2LoQ=,0
em6VskSezC1sLp2MtNAyiueEgzSz8MQpsU5TUeOXW9Y=,0
5B+sE/N5wzkv1RbM8g6T0hrqP109osEVjTDCXYrGy3g=,0
TKTR5NGYdIMC/cV6yWTVbZNv67qdFliPgFEGs+uJPAs=,0
KAfBZAHkvoSbMGCXMy2gzd6NU/Ayty0kNMKQbK0GKto=,0
vGC2O6Pm/UN+Scu0yCQO9+M0SSEPIUcC1W2pRPhesbg=,0
1ClWYHT3Y5FaV2Rn2glbzW8tTFmFpu4Vs0O6Q281xQQ=,1
XXaOlhA3M6OS50//qE72Csq+Mc0zZiYoPl6Q6PTFufc=,0
6wf1n0WqcGkwz6ycPDaKYNCJnn6W3AFwU1MztqWO7eI=,0
Vx4rke+ALOg8fOLTvkh2TM0f0WJvqu5AMwKRAOwHSIY=,0
aWQrhQA2P0sjRJ4WGRDVaqvCPiCSVu0wZFTWsVVs9tE=,0
k56ru2E34btOP1Gr+z7Q4bKeAHBs9Uk9LMxK7jHR2Q0=,0
eDGlnQ81H3mFZ/jvypKV5sDHedevRxfKHgi8ZIe424E=,1
JhMuboVY3DPCacrRvUtDQljinUOcvb8/v5CsaTH/jF8=,0
36dOtNtfmhIzB7aCUB3DiCjWdkwHQmp3NjLwvZQzVKw=,0
9EM8CqVP5r42sK+4ZPhkur3uUqqx9oB/OOrYiyHLSQw=,1
k7c8IDfPPnJolhi8b/qrVW6jB4+33ThIPTLpyI9R3dE=,0
y1QPYIaOM/cVIRtLEP8K7yh7rPUBCHETnyrmJcXTTLw=,0
4q6+hyPSSZRJtcAfR0+Lw/3GU1ej+5d0D3UTOwLDq1s=,0
6TPGK7NWnF76Yn2eooxSc/6nifs4WLJupPdHCor1uAI=,1
ConutsUGbJtV3xmoB53WI/4bazrK2lX4LNcHJaye47E=,0
Y7EaFF4l63ywXUeiNBwZ1EkRe7lYwbyEH50A2YlwKBc=,0
czNx4B9JwkBKrodKxJ+rEHp03KIizMklStM2ZIrzOyc=,0
SeHrqNWIxeDmVBsLu68GkwXlPnw3Qvg00KvQFJMihnY=,0
ddFfrLIiLHq/dCghIK7g5zkz1d45jnKcXkqVG51lLsU=,0
8bxLZw7PuoBhiy91JEyTH1QZy/Tx1gmtky0D4OlH3WM=,0
7ANo70RWwzqidvX/ncTCgq9XhJwjQooMzwI6wAjzbwE=,1
4nMvsa/lns1Aqu0qk9pCyqODiURlR5WreJfAW3nM64I=,0
tpjzp37INs+miahmDfkhf4wAak9szvdkXpd6wBoOzFg=,0
ROSYYhtTL7gjmGJfkh3zn7vDQJlbs+9CxrIknfTW8y0=,0
j/vW5ffGeaWc5n8fo8tqAwKrvXrHt009OtSNQEtJN50=,0
WfQ72xd3k0VAvo3hcZf6bf3TzAuXk0eSbNlUnFZPfbw=,0
o+oucBp5+L+BmYAdkfha9PKMxyx3DNQKaGL98i+t2T0=,0
6PAuyqrmjt5Tgpc4HhiQuYK2ovKJo4+d/o6aeBM3Pt0=,0
2H8p+XKSjN61s/u+53qvQrxN7EUR74lSrpEt1kL/S1Q=,0
wnlmaZhMs+a48dZNcDzQGBHGAz0XN2V7jHTdX4FvtUE=,0
hBrwwYcpbwl+CHiU8IA0gY2dHQzcORS4cKbsf9Mb7go=,0
xA+sC6Ur6DeJ/48tn3Fr+U2CacEIaKBozGqpCpFrKgY=,0
rtfDmtGsNvurq07NVv6Inccc2u04mucVLP2ucAZ1PQc=,1
WJw9oGWdzNHAJqzx4MsnS0BI0YBfyzFWYF9TtFffgfY=,0
CPAWbMiIF9IBD/958xRYrkcrP4BfkZ+kozj62UuQ2j8=,0
ZOoUcWbNe9lLl8iYnTQw48P42a+dIa5KTsrbsFl1tq0=,1
LH9EAIvZTJRDHKp8gWztqMQeoLXiig+cAQ/0jOvzdrc=,0
aUYPcNJfi1nVtGXJ5NHEyBxB1GbIS/UVFw7yx+XUl1E=,0
N+VOwdwWknROvxvCryO4ruJWtuDVFkA6qxn/s32A08o=,0
B0ETKUrZV5msty2cqfjrWokcCA2DzoogwBqQO98kucY=,0
MGU5E/f2UPPYJ5IcsONtRu3CTppgF7iyC1bobhBYmEc=,0
+jw4n9T2sLMB2pAGT7y+pfzh4xZlO+lXEXodAgBr9eM=,0
1olJqIOTspeeAooJExKRvE828Fr0raSe8Yt7OoOTAXQ=,0
N4qVP+UiUX6mgK2/JAhErYUdUDiNSSdKkzID8bP4Li8=,0
XnMXk01nSOvN+b3Dy3xHICQVPtlh0/0DzMO8jBDxrNc=,0
an5OQFE94N+Z+huS9nhxcloJT8fj2b1fndIzlpe71RU=,0
WxiLFrR+9XtwHVVZlUoEHMgO5Lwxa2MDcviWA5WzBSc=,0
BsG38eVt/3T88SIy6SG5xlqD2XX/mVP/0nXTVlKHmT0=,0
Iv1Qb3hehNZl3quItJf0JhOE7LNImpxEUXQuyb03I0Q=,0
LgwW6EemIMGPDd5EoTuT9xXb9WcCUCLjFYQu8gTiX1s=,0
9FC58yy/HutD0drFPGyeqsN19UXHK6M+PgXbirt4krE=,0
cnbsReW5OkzHmJF5KO3rZDtIk5JGqNSkvYXXzOF6zV0=,0
0k0/KgpOADKY3lDG+9me2JNlYVaJ2OgvOhVf5rMqo44=,0
/3ouuOIAsUHZbC1zGvrN4CFVPI4/uuoursZNFi9k3ek=,0
6M+hW6XVteVCZO+ps4+g3QXnO4KRnkOc8KW6nkXAj3Y=,1
6I9HxB9mobvuwhxWK/bHGh/2vhjuMdn3U7cbNFFcNC8=,0
tRLwIP95GIxE/RMmw3IBv139SYykyxvEb4RBlR3jwwA=,0
isurI8hUNRB8fb1DYCPPYNR4VCQGw/lCehmpy5s6nK8=,0
1Q36CvRSCLKXv4gMJ8gLRlh8oRYw9l/22fL0izCve9M=,0
v0+okP0rgNHOBfMhDHkM2J/jl6splFvKAMAsHsL84uc=,0
+8epkUbhZw3UFDrQKjfGzVRGOAWjb5CcAHkZvbawlLU=,0
Ep+p9/OMCVNkuUZihh0ZLh6LwozINDuqxwmj4yqSrgw=,0
74roBF5YodWgpTzWzojBZqabIElvta1r/IfE+dbXOyE=,0
Z1ct0qCJwWg2fK0xxoT/rNF0d2RMxAXcKiveILTYEh8=,0
dhlSXNYdxoGEQmdJ2x7bOEPKBdw2VZd7OiSY8edrG24=,0
s5/9Ah2uQwJFf6mR1uOYiMfqS2ZaLyx2K08F9g3aiMs=,0
Ai3khk36+v9mECiu5UJQSAiba0+y/60KLGj49wYLGkU=,0
Ul3/nqPWxJlDyMCbnk0kfFR4msYsY/4Qz0Zx2f1mX1Y=,0
GIdQ6p0Dm3cTD3DsxEHR3qIg9UGYc0X26zl0p4nkNdE=,0
jpKxUoOQM8JW6TTDKMHoZ6q1vH1TimXZQvsFH2z/Irs=,0
GLqXaCuzLUCU0bpDNwO5gp8udNIOdoHC6thb197ixlw=,0
84/5LxGDxx9klcCqKVkVmzWa+TVK15V3c78XOhkO0qY=,0
mnp8ispSpUlSQqqgS8IUX2NGnqR2JDTnFYLY8hKE4K0=,0
oav0aLoDNhG/Necn3IPzx0HAD/fGpE0vczQLjYB8Ylo=,0
fMjYcfzRE/B4wlSY2YPNdg5hry8XdRkZG3QxnZnh8pY=,1
RoXgVN1VvkLn5Yj9a9pwCxv+o1iV5zMdLm/kDdunmx8=,0
20JixhXHv+sYHyT1sxmjhp5MaPOtLhX+KYCdD1QtlzI=,0
VSqkyfTyAFDRWFB8o1YoqkpFrnDV+4bIR3XS1+gf0Ys=,0
YI0ryhHWui9Mv97DSK2sdjvQCJRJfoOhDjAid+qwz5k=,1
jiQrsj/ywB0HG0sZNqFlkceN41SBYA8ywqbkIMVTYbo=,0
9uaHjDPJNuHk/oEqeq2I/AbsQtKCwrpw2nYJySs0j5Y=,1
GbGU9VZJs0b1cu8S5D43+ZaXB/du5viE9/g+jNTw/M4=,0
HlPEcTyaFynwn+yn229c5g0vLsUP5vM7nvAQChBaYlM=,0
vmJoWYOqiAtmtxr/EYUUBuEFm24Vuv7e5Ed3T/rNwsU=,0
ZH3Fc/z3m3yaYUxwDOYtyX7rTK3MMxABlxl6ShDGywk=,0
K37yqKJiVJAVFC5uM97r0JzDqBCx+Jdxnvdkx1qEqm4=,0
oneUekU/HEsfTfRdDiue5dzFCj0ZVLbgC5j24MOAgWU=,0
XoYJ5/N8li44NQ/Fyzw63VP1cwUlVe5VZjcJZQlXL/E=,1
nUYGvxGUfRw6omZ0kKWJD2LG2fP8KXcxW75mCHcuRhY=,0
gc4QAGbATczq+5DY/Dy6UxOYflHmWPGrJXZm5PRZhY8=,0
Ck+crPOhAoCXi5uAWe0CcfoPJ1rLG73mpXfd36waajg=,0
+9ycV8EzY1LM4tUcFqMeh3iewIkNsBTgED56FyZxNug=,0
GjEtZ8jLRvEIhKKSbR6EkpA/u4MDGRu0pX8wwee7pDI=,0
vXPuGap0iMmzI1/lmOtLTcyWXwNfMOHzodCXmJmH/T0=,0
LWUo5oeWpxV3nsKx/VGtFjGmdinfYc1l1AAoMQtsY3Q=,0
n6zPfOMoNnxG4Nu5ru46FgcsumqGDrUOO3AzB2qwFbg=,1
mfUWkW6EgwhZ3c8MNt/7L4bWN3b92QxZ53qOpjKGkpQ=,0
FYwLKXkq0CLUNSzFHBIEGLMOv3eVXaouPnUYehdKA0E=,1
sFRoG5qX1gEA/0oip6mp5iLB49jBbc3DhmtUa2vcHcc=,0
r7iamfxNXxEIY1vI24l3mEFFxr2qyo5mlh5VvHgGn0o=,1
8pK3sRtlH1D7FCGMq3uahynv+nzAWLsI6L6Q1R1UEaM=,0
T6xzza5vNgSQ/u5Ld6inbvSXl8w9PwWr+wRaXhg7owc=,0
k9mHPnsFhCLx3HLJV86JnnJuZNQfjWDbWFqtyPTTjcc=,0
S+9zuKhForR+i96E0eda0chVAF+m2WzPnPhJOdHp/+g=,0
f7TBw0ZcPuBEidCKuq54qcSazzyUovsbUyKGBA9Vd1Q=,0
FF20lKZUHcYhZW+GXV+9a9OAukK5vA4I96tzx7vQt9Q=,0
iNOvaUQywU+SfDjubMB7DVaVrWpyY4Ye34nfw1B0eW8=,1
v33ftJ9kLRJNPjWp251YnfcXLzXgXhZ6P+aRvxfGNYI=,0
IG2ENLn2EYWtQxuQHg9wPypt7TVvptJEUCgtcqG9byk=,0
h/TVbP2chkL2VP64+3NqMVHrW3AdoF0cIJpPRI0XKAU=,0
PPPk9jDZlvPr3y0FASOGkNh5Nejv0I7K5uNizZDcSF4=,0
xThXIPKyC2JZkDYekMaipVc8t77rO9o1zASyebuc5OU=,0
Mkuonwabi1+T3l72hs3SFlCAxYydaDkWKb8545cwcCI=,1
7EtARIEGVr46jbyXJJXAzfCwXLhNUEjT2GiLqxgVL+A=,0
bRe77+JHU3hzD6z11okU+D8m2gYUPQ9/np5bCuLdwfk=,0
ikgQksHg/hjeP8XzXsFVzNGCWYsC4NxhVBuFvBq4og0=,0
vsngtLu66RQsDFqVph8wIq7otxuQ5ScdZkymqhdx97o=,0
CsTp3NTB5o43roXZwXm+L+oVc+8S9nwKrg3hTmv+258=,0
xtqx8bJG/ITjsNVTiMjV9s8kQZOAIcFsBoQfYL3QYWE=,0
ndXm3ldgdyKX6QXn18ID4bNZ77o1Hx6YSk82p9xvGz8=,1
zH9NRvhFlXRqOygdkZJngr3cKlTmRE9uikjhWMvsqqM=,0
Dt/8EuiUffzsLHAkL8iWgmFOt6jEZTPukrG3j9ZBpoQ=,0
9VgeXtUA1WhOWaA0ylgLJnbqQa+7KiB5BJxTQV9u7dw=,0
otl9gtRTtrW1bjFG7UE9Vd2TqmYLS/rJQlHehrRI2Fo=,0
wisFzflkIO7p6QEgCqPRp61ieUrMZ7REd5Tx68QtXFQ=,0
KBHU7rS0L0/hY9DCPHGkgiqTfi7SkxcXaNHGeROHvmA=,0
Xfe0NLov1EFEMMO9y613Yq197kD/UboHsoQew4rav64=,0
ms3pumNtlmjmVItUCQdV8WnoCRekkl1mSMbLEAoDDG8=,0
ptLwziiuZ68UNl9Ze48XqI6EqCLXjH6TlkYnSDWE1RA=,0
hYZTCfCHZU0de00N7w1wvgf1phhjW4U17hds69DFhG4=,0
LcnVwbt/lVSx8D/So0OWVgiRGaxYhSeu5W35GD5kL7g=,0
CwrzY5pN6PCmLAOae5ay0iD4xwsMSUffxO5LE4wF/gE=,0
cqPVQV7ztkl3FK7lzH1A2mTNaHvb7E2Qk2FHLOkjdsI=,0
83FsRrqmYtwDdnfLkK0UY8IZWlww4rRAGW9oNWP6DtE=,1
YUTF5Fp6JoX45TYRQEp2D94zbtgp1cfjkNF2C5Jl3eU=,0
6cTBOPwVAW3vmAjjUrDO+7uNfdWaCZJ1u07b6TFSX+4=,0
3E0FAfpLsCl0MHQ/d7MECcVNzQS8YHXSWAvKw0YauQw=,0
O6cmcavFpTlX0oU/WxJrYGxLIvR22dVpHz/VJxylp8g=,0
3cCFnaH9wiNzN6qAAaZ1jizL40Zj3EdkDO1nf7RCSYw=,0
TAn0ORYx7c7kqXeMheZ9yJ+a4XBHh8892blDqq/X/xU=,0
WyHTdNMV9gVzBX8KyzKaXuV2alGChMNdOyfrajWNlEM=,0
JilSF64+dpfDoJma8BWLF7aZ2mAVrfIbDzOqIVDn71g=,0
ftUbA+/Dfk3vtcQHHjtHZT70+tMeTt0GuB2JehGAONE=,0
UumJFlFAlOB6m8qbpPY4/Wee3DuVNx76MNZlBYT9f5M=,0
Sh95/5L7g1jMbwjKGXnrZQmDhm3ev5LUSYAe7ORKQLQ=,0
NcYJx1LN6+7Nbk+KUvL2N4efkSi+o13p2333WjdpPrU=,0
0lhGJHvP8HqlmLCJm5+i3uy7d/VCt0TtzrALwzk5P2w=,0
Qe9MSUSUt8qhFlQC0wXvrfSyYXX4mzvVRUCiQ7wfWNI=,0
cSuRCHbqpXWqWzM2/l1weUXd20VYsUhZGs9IhyUYBz4=,0
xWuasimeIJcWTDesutGahKbPlAbn+yvuGLAnIDmjGcY=,1
MmaJL+R5ZFVLiE3nfCUdW20VDpCQSrfPc6TnWithaWM=,0
XhNGl+PqVCEhpPhPbFpI660woyIB+Tru6Dg6bmlouMQ=,0
EBadzxvbmyQHyWL3GSc8MU4KNoFOiBF8yU2yy/dCd6s=,0
3EwwZZdPO9c9V3h8/uxLJRd81RfSX3GWgREXHiK4n6k=,0
p5ljft9aSh8LnBXI7L3JicypTamQpydJx9NTFQ+sJ/Y=,0
/CdCMbTUfb4WrWfYYGa32gvn15EGoTtFFyO66E7nSlI=,0
rabmEyhg99TSkPdj12scZYBZUtHmtgrAA3RE6H1jSAI=,1
890dH3jS8DdUt1iyltRTsQ9diGiG8GkIaOEsCneMjoU=,0
waWzDFVBe+TSWQXPlAEqmROUz1eAAEFjb5t2nuTGiFs=,0
tlpM/PAFVS3TGa9EkpiZfam4GQ4xOWBlPebFgRhs0Ss=,0
X4ZF8DM/FJ6QjrVmwPyy+ikrcy3VP8QeAEoshPctq6g=,1
x25l0G76r/eoau8rDyYy29n9RWcrkmt0IzJFvZ0c9dc=,0
jX5wAHo5pp/4UpoaLgvD0t4BUU0znt4/XI1PzACv99c=,0
DnM6DxjX3KNlDuVZ7CLD6r+o0XRMBtrqdC0Nd5lFP5Q=,0
y64xifJLxbT8KqYeySvxFTreoEXCu75xOh0rfb4Jihw=,0
hcw8ujMCxHx57WltcjfY2pqEqSD14ZxLGd9RPWrumtM=,0
Ujxbs+vUsWBPy+tcrRVV34quD+gmCu6GjHWVkOB2nkk=,0
qUsRfgHASQv3jJC9RACLx7gabkaQskfRcmVAGeK+LFY=,0
TngSOkW+Uz6Xaq5EsdZNkkhlM1XoR+49SP+D6hEgroc=,1
Vd193abYPaDXYxUrTevVzIu3NHBqn7J9pJtCqKUxsxU=,0
JtI+v8X34utZf3zlu67ARGAnhYzS7ntdlRCMm/PswTk=,0
58w+lhMSZaef6UYJu0LEH+6kT7HP1NyeB1OWcTXKw3s=,0
DeDAEDQh/prpkKNkbkmubToZ1b+tlzqz2dKS2NO0tTc=,0
t69inUKB15oWJRMx1HTcxYki2/ZQUXhX7MzRjGdqOq0=,0
6t+XNPSLfHmI5eiEPlz/pQ1zw6P+HXZ6oqvXrAuI2lM=,1
GfwBT7to+ZDr1YKTh901MUyaLU7SME3M73HE6yTtzTc=,0
B8Yu7VOf4lbtZWflIv+itOC95F83Vo6x0oP/jdHWI8w=,0
1iD7mWI61MP2KgtlcmcQrwfHAa2JOAx5zUWh99gZ3BA=,0
BoTU1V+aEWpOtqp9pb6hWOtoTfFvezSmJAg/LfYzlw8=,0
L0e7/buLEggpipc8a0CDxLt9dpVYUQ0kgmBdsexCHak=,0
9OLkXueqstqTgzRnSa3Kd9rOvrRDolp+edIDkKvNPq4=,0
46VwGjeGywQFcAwTcVfaCN5fPL38kUqHztL2rcIxq6s=,0
MW38q4DZaea9OrHgYVgSrKsRYR5p250kQ/EeZZ24DJY=,0
JXsimlAfKPbNAkjQO66ZciNyJlRGcIsR/oXTIuo9ShU=,0
sh11Neg1JhCm1sngDi+MfHc9ZZgAq4/2on2wPRd0MJs=,0
RjBPpswGmqk4xm0+uVCzY+S8dppOc3iFA81xoGTPTkw=,0
frfit95Bm8zXdzxLrACd/epjZR6cnyilnG6RZS4S8VQ=,0
TxEC6sW6XGPGzw68ZEy2FXzwxAMfSxkLHm+86gUjqLQ=,0
5L+QmidGicZI8/2tM19ZujqVq07EEYMHSHfTNtIV3fs=,0
/NIdw6gIXM0e5Cv/Nb4sI0Wv3jEytCjCbzwbnGg1oU0=,0
9bG7CumdyhCJZ6VvGh6UPuT/qru1Kj+gdybIMEFVK6w=,0
PCMjxoG22Q7fLU4255wEzPA2NbcOcQ4IfhuoJEdkybE=,0
4xCp4W+uVQtDK+YLd19pxClheSugwP0j24VCtlerhDU=,0
RtWbA2twcbjh3il6cPyZiu8xKuMqwqE76Fj0UKT4trw=,0
M3b6HvYC3cQ4nuDN+NKSxlkMi5yF4awlERDDHH7N0LY=,0
LBKHL/tUOKuhZMj6cs5HCUPbWmcYRSUBikIEL9UVTH8=,0
i1gZjrkRVLzUY89kfg0nzQUE9gA50o2ynR41i7/0r48=,0
gjB4Wnl1x/b7A40PwRklzOCnV+vPIO9fvIbbiNWhUv8=,0
uRIGZEE2hXPo/p4wfk59lhOLCasOu0bqSacBowEI9+c=,0
LdjTJPEaELKfrl3Y4rpEFX8rcxpTAnx+V2LDMEAPHHc=,0
7GrcYGPlWcUNo3sWB9sIeKZ/OObXDO1BdtQn6m7ObDQ=,0
3sut2iT0QmB+dOF/HMChEI5VFjM9qhXcQncSn/JKa5M=,0
pZMvkZUovmMTRJ9tPq3XnewoUPkBkfzsBMrvG05xyvY=,1
7k1zhOj5H81N1toQIFnmXZWNKzZFM66JN/lZ4TrNmZw=,0
dRNfl39nyh4Zm36lrnuTdqis/sIpJSssuPj41L0UsEA=,0
5mXQL/QNZqxS6eDEZjLdBsD2+YW5xCtJOkWl4vcMp44=,0
Btkpkduzz32OBBEpo+joXz4V48PFHNLRyLmvDyf02JI=,0
a0MhdlLc0YEgo6UwEHC5aaG/JdIrN/5tNak7J2mu6Cc=,0
BoYzdUw9KezqrD5pGEOpqNEJ6IsFJyBp4EW0jQEbb1w=,0
CD4tZwhDzGPI8Tmff85orGBQSlA/meRaTZaDKDFSomE=,0
osu+QVPF66wXWrjT+XYMGBrhTGLvXS4EGgrc1mLcq/4=,0
OR/vtiPnIKsE1OG9Dj9+K0pSt6GbN8nT8bHhwEj2/Cg=,0
4ybrETiOtyB2KWfaeO0zkHCcIrRNj9ZEreb95fgHzRU=,0
CpQrwg7Ao9/A5kBpajttkjWaYH67Fxxl8/lXDp8DJ7o=,0
aMej6rhUs4orqED2z5X9RxJyMQPjXZ500xh0TvPGcaI=,0
sJGJ27BQr9vV9bY3Ll2RnC4dVkBDZScnmAq0o9kDjH0=,0
qGsRMF0Xe8Cq+XnPvcxRid+rJNeyBl79Dfa+BPeFeXc=,0
not63xMOAReD1Y6vhayLKZmbUKScP/qq46CtZc2Wp+I=,1
ggjicJI6BTFD2nj4br5k6dYuYtlLSu3w8MBsvcXoKfo=,0
fOgYch4G76EbVdW18ZcsFdlENZRVO+Uci0stxsIu1kI=,0
QhXYravuLZm1H8jgK7ssbCGp8go1ut0AeA2Kz964qA0=,0
xfQmyou6xsu97tQQtqk52irUBVHgw7vC3XdiOSAZj40=,0
6PYuOR4CW9m/xtxyO6ykxpV0VG2/x5bcgULwW+bxiWs=,0
C9081tkdbmlYv2ycF8ydGXe+QtgQovbaZSVDgyAs2es=,0
muRGKuE2+3PDxHUbYAuxNyoAI+Fgi2IJwP3+95yPDoE=,1
TJlIo1vVRzIiVOHt8j0fR4Bex0Pe7IynL+WhdZ555qo=,0
6TI4lMGuwfVKsuBlmgorIRxKiT40Aho572tdFfC0WdQ=,0
DqFX/3sRLH21ulOEmlqhJuLxGeWPotzFg6+FwIrhZTg=,0
QQvAeoaXLqC/64YjrlF80dPRsKkEt6RqDQlHxDE6pJA=,0
HElw2XOdaFipbsKaNmMr2wJijLyStLozzZGCkCAyZQs=,0
CQFoUKPJJyNcNodRiybOH3rHWmfRcKa0DYD5idBh6YE=,0
nNs1335oxgDYaQt7L7YW0wQwhbpw/HCSSsSHUJncTjc=,0
vlck9/fyEwU8XdoO9VfTBScNrTvMUfZNoA1CGJn9GXw=,0
2gB6PuqCL7MLhYuNPTxjFlLZSWq7sauWPZR7Mra/NSU=,0
j7BavG5CZcvTLyctU8RlEPh2wmKd0d2/Jvu0Kktl3+c=,0
mj4RTjuOsuNlFnXJLvFAQER58LW+FtmziwiPWHHFzrs=,0
KUer47TEN9zoWQ4rwyyyHrolYhfePAzcCpb+FiLu6+o=,1
IXfdFff3Exi3DdAJeb6Bssq6aXdC9l4DAhcLVdblqrg=,0
ZIY2Iw9f+XrJKS+G+hhTaCM+Vsa4sav1qGolnRUFcgM=,0
6YpF7/1rupeXm5RsZ9AK/K9bg9K4WflTL6O2Vjrzg+A=,0
N9Wtt+6n1XjJmzVjAXqz5FVbym5W38DagVeCBrTR1nI=,0
Wa0sNuZzs48AyJo4THD4lM/vdiQHAtDV0hG5BuTUwtE=,0
SXqe3FveCTNrOnK0U6lHA+wR/IHyRAZ+GwNlRt9gbUw=,0
g4Xs5QNgXn1/q6UnvlQCfLTIRXYFklg8I1rUzB3AVnY=,0
+m4nHNBmNlwYA4AwvkH5Nfoazm1MmQZxZVKL6MP7TQI=,0
LfdoTcD9I5qoMysVUn+nM3srH3TIPy/dSnnU6ar1Whk=,0
cbOraLU6SzoDSgh7FKfbMKAMQaR05VOBl9dxCnlFc6Y=,1
28wIOvcCxEQ2NGCCwF4894ktifbcxRRehEwZ4AzZizM=,0
s7vSX7iikl+P1d4UteuuAzvuA6s3DPmZYfEVGXnC51k=,1
Yrzi78budOw1WHFDTrXZHUkpMtho/o4+vi/pYkVPB7I=,0
BJVBnQFOYEERh1D1z64567Fi/nc0xr5iEbvvX2sKwMU=,0
qO9pT29+0yvLNlFYtLoV0ma2HCbXEC+4Cd6d7q93Ebg=,0
NgAxI8vC1g681uQebczZKEKpVI3+u4Q4bam7uR968m0=,0
9/jyh1T+BuVkwrqj84KSiiI6yWUbjdvhC0Kr4h0csic=,0
ybO4skogaONgh32BMxiAfD4LuOPFSU5D2oda/ybkQpk=,0
peqbL7ITp7wSL7iUkkeBoSt7BXP4JoxI5q5TG1C0i8c=,0
GVaWfMJXaztiJ8XyGTIorJR2hh6TzaIZK04PicFV0SY=,0
tcr3CN5D8s0Bj+g3059NZZfYz6arWVmXluD9aqmnI+M=,0
HdfVA3F+qDypCtR/l3wrlsWKDJvtJl7vxhnutIhmrBw=,0
lXzodqnyDHgA/1r2ESr4SvqcSJIbJaJhTPJ35qlQMK0=,0
q8qHQEC6wX77S8W7KTY0fBzT+Va7MwQhhIU/NN0aJu8=,0
cE2WSy4oeguALlBt4MpNz+4lT3d9TNBXH+z50Omfdc8=,0
LAlGyesRh8jEc6IapipLhr3vrZLFQnBmWaSx7sek4KU=,0
+CH6UkpbhiUb9K1ZWzJkPtwVUbfzJU1pxQtAppm8Cy0=,0
YUCgT3Q8qLNFhS5kgR7aKSohNkuLjkkVz9XyYnZE/HY=,0
JQVZm3RHpA9gjGJHCm9EtvdKr35FBvpA1yq9g7rh4Ww=,1
cnPI4EF3DTirOvv62RynhX8xVGHjyxHemMEzQvibnuw=,0
fjOqh2brALTo1QbLgBtiEIeS5bd/27cvd9YvnGVQ/yA=,0
e3CJtQSi7t0TYNxK2AIsHdW8HixaMH4yOD890UrMupA=,1
IrgscBU5EHXtjbF7l0Ptu2wyHE/9yK0RZLNLpSVY5Jc=,0
hzkBDAqVr71xFtS5JJcWoyOWUVxXlo8PJYpuQNwEnuQ=,1
4z1sY/0HYg+uXzMcGu7gQnjFIbKmNaP+r3pnWZLCusM=,0
LJA+Ufq+fSUImzXo1EH6Rk5r2q9iY8K3rhv3sW0of8U=,0
+PjIkUqn1Q6kuljLxfm/vhVI9PwSZW9t0ahHYFQt4Wg=,0
t+btOhpq1LoNDEkmUe8gEhXSiQEwyE1zjDT8WSwaKDg=,0
T/YvSAgDFjSshsretqBGZcS5FErBb7kDxES8Hfc265A=,0
EtS27s94b0FuNVj0YbfN7JAfezf5QGTTBJALU/x69e0=,0
iXss/6ZNZva6UbKThTIknsTh92eZsqVFeA975IlSruw=,0
BZlbR1xukDtfuAEkFBfy1ei9r09xk4Mmx3QzzYSFDIY=,0
u6siA6XP/Yv//6VClW7nUKebKOvxjVwAD509RKy6DjQ=,0
WJwINSoTd3VkaX++hUMIyQXsWlksThoq9yzX5CqhWHU=,0
Ppl2yoi0OyB9arAA4kS26+2ike14aIPPNyifATQ5lAc=,0
ptJSGFc8fN3YX6IwVNj2zvBHF9nf9GArE1KzBOmN1v8=,0
m/FwvTQF1BCezwF10VBXvsySKC9ABGOJp7QOcD/aTXs=,0
uODnKsWrA37el8D5H3vRIv/4STZusibJ36+Q8A6iESc=,0
wSTgt0KJYM/3WPuVYQxi7fHvaKml/BtjW1+kKh31OCU=,0
FabegQ3V9h0OFU4gaEKWsf+vpyCcHCXhkK9+kCLO6Ns=,0
UyE526BkD0eBCk4g3H1YVnCarcf6e30oTcSQjagLndw=,0
HvrAvtmvpTrzH0MjXKk+MPz8JBp50lUyHxDdNM8a7F0=,0
lBjg8QrAtDl0LdC6HnMMjh+ENwtOD3O4Tf8S/4MNaMk=,0
9SwxD0ob5xCRLL3fiAcbEaabkmZG75yr5522uAJA5uI=,0
TUPuInMja0m5BTnKjg+1JWwGJ88XH+Y//7TqZRv+pDc=,1
j4+P0AdDy8twp/cDU7VrKnCpNpXuOKwdOLEpQfZO/E4=,0
4gfGM62yUp+mkKD4BC1oaBXQFh/sP8cRcTcgtNiVoq0=,0
AlcNw7gXiD1n94ZxXLFupe6ZngrgiV7N7M8Wv+AXO9I=,0
qqEkuGvzEPHxywqVPADmWkHQqRPIjDdJYo7aKPW5uGo=,0
PKA4qtPSZE7ElRQ6BFnPwb6XZALg8NzxEYCgFNVZmnQ=,0
yRGPz/JdFwil1fDhUkewSdmwEbzz2JTuLOU3jRZVFVM=,0
SzGsFBCmgMOX5Y4R5Z8XMtis1CEhLpORrnedeg3JpD8=,1
fXPvKqwmtsQJnnAQFdrMS7MMFfxICom+i5XRBj3VvZI=,0
Jeat4XsreiMIKG7G3i2M0x49KBAG82USw3Q3LG5Y9ZM=,0
zmicEZ/0XTvCnFShZjjz7fZawsA2QefI7QBKhBnGtfU=,1
ImkBZYAXRbBGlHLwq3ePrHOFaCoJYmXxKtWQ2U3hLOk=,0
OLexf8qPNH8ceW5YaE1S3vSkofM2lxzF/HaCWREllOY=,0
NUzu1h9yd+Ig8N8xyKp3YxZIrkWMncmwjgACCOYyVOU=,0
FZ8S/qDdx6rDgSzMubQCaI3PaTBcwjUr4FdBr8yCURU=,0
NWGrXF3OO5oNw79EGYJ7mLNKJrAmkpghOEIJzNvVe70=,0
HFKjU8MqjfbjVlaruoKU+ixX0ljmp6PUttFp+Hy7muw=,0
wrhI2+cV+V6RLSow635DDpD7WALivzQKGCvvMeFUPd4=,0
vpq7nyDjcI90axnF3+Hl5fn4zo/iZTTYNkj9o7y5e4U=,0
YKGFe5fQtxt8yQ6aZxsQ5b//0wL73YSkyZRSh5jCuoQ=,1
ElZQUcMrm75YTOpIfA3YBLQr6pC46UsZteZwIEs2I8w=,0
g08sWPz0E4CvMEoPgzTF+qjuZO/SsetDNKvMJloumN4=,0
B7x2AlhT3+48c93e9GFe+nQRH4Ga6r4CYo+OEPm6kqw=,0
VugtgSoy74a3yZZuHFLuWYel0f5nd2pqyp6xujo/UsE=,1
1mrAemsylm12zhOEKhJmx+YgX/NmbNPhfuKi2evpQ88=,0
3mTVWvJwsHiO71dXgGUyRimWlwsaepJbJgPE7R87CeA=,0
WnLWG9bFsU6FAtgpvyD1S5Xw1CT6a9yZXmlXzpZzxFk=,0
gXmHroil4i3uuyPYpr1hGUqhNzq5cQt6IdaNiwMZrzY=,0
WZ3VUlu4IGTyysDkrY03HbmUo6if2jmDEr2gFeKz+XM=,0
W5IlQrLdGxIbWDh/ZfuDyFxSlwt/KavsObcNv2tsiK4=,0
IgiMIJvi9SasPaXLErNeWMAQ+osm/AEYg7/G9QFuzEY=,0
wzkreEh4seZFZUE+vX+IWB+gU6p0fwxLFTyimNlIB3o=,0
bW/xcJ9mZVmv/REVANWf3GbrlU46Ey3hGkYDk5p0y20=,0
ELfBe/Fs0zuk/dA1Xp0vz3AfC6dKL2gL2uOqVqRjWvw=,0
xnTZnJqI1mmA8Mcm4bX0El8aqw7AOMPm75DMz8qqqxA=,1
ypZvZp3UiQ+Tp+e9ZRnQiK5LLQa06d8l2Qh6fvD6fT4=,0
wjtbZKHWAy0ZK8ODND1VI/GBmXhN4uHlg2LpNT1OhLM=,0
AJoETwFIWiS8iARhcRH1fHh7pSq1TEzVk8X8jYnKQg0=,0
9DLXatpc9vOTCvokaRw4oCL87c09tZaloT3RKRU8aSo=,0
MyPDP/zKpVNJ4GZOom3yW07fBTXKSjITL8j0du3RdLQ=,0
eZgfphVaX7uhg6UPRJs+iSfa0SacA48yXTJk2fef8uk=,0
oI107yNMvu4kCvqYKKkr56gxwpFOVBS+xrp2UCo2ms8=,0
dXcD+N5pvE/JWCxspE6JTjCLmgPoLpGfvvpNMX3HFZ0=,0
FvEESPkPIViVQ2KU1VdbiJ0P2KGn7v/tUbfT8dkMgjY=,0
qhYWZSHRuUgGlYMBdJEdnnDXiw2wT27T+ISu3O61Q9o=,0
dxIvFCiQL9k7HH5Pp/Dre5JfxMPe9eRuTduiGX1ojPc=,0
S1g43flBbJdlvBNxa52rPKnyjwCz2KujyLlxVf9E55A=,1
hC2i1YbUQtp8A5T9pfTo1HWi2MjMs3G51h40F3axhfE=,0
tXu29k8eN0UJgTul7g7KjnhBqBEUDYzcLU3AnagRXNY=,0
/CbY8YdWcx9wmPHxiIqM3r5EmZWyJxhW1FSpW0qoieI=,1
xx2ILncJELrAZkEFUV6he9KWJYDaqfG8H2j/NaaaniQ=,0
3yOPLa5iYSqrfkSjePAx0hKUFEeiTJ/b6NzVY0C6RPE=,1
5MLKca2gz+3oYTJlwHK2hSP9zXnta/dxLflAB3Rw3HI=,0
7t99+F0pIiqxalkySOkQ9bzHNvaWkDcIClXuBhlAp94=,0
+qINdaIyd4iRpZSJiEs2SUzYIvVe07TDxm/+X/4qWYM=,0
Gv5C8rm7sSUSynELVCXZbIFlHNAj4A47R75aoiUwc3g=,0
+RhE+PlubHJS7ABcXeLZv1A0B15yZBNX47iWIBTQb3Y=,0
xpVEyPAfZLkJoJSI5v4rR0dwiwt8Nlx8rv3n8TaS2/s=,0
9UslsAEg95ImB7sA8VDXWMFeADTjnCRppNjNgPns+YM=,0
yRK74xvNTuQ67R6NhZJ+2rQttKJpxWdlX75zHr8j9g0=,1
qItJkaMTc4dtBDF9NUzF5glWqxsdElJeXAAnzsW7pb0=,0
lO1j/IjuKPM/tumfFfRaI44BPRxyZAxAt6j7JCiiD/k=,0
kftPPJImsHnas5PhMq9VitMwSYhOZS66XIePIOSSGL0=,0
C36PAEs1bhjxJNcHJbr6h0XR0SFC/en5UWCwlb/tg7I=,0
sjpnafGcns3SLyhnOoh9aKLaZFiXfQBAk2YFXFmGiNU=,0
sMEglw3lXRucoi8j/dzf39h0TkmEOPQ9Zcs4gQnkCd8=,0
nhVQmWFNUWK29rADdNs9DHm0S2qMVr0jFqeEqF7FLGE=,0
SUO2az25A1IOSFPXJj97S4G5PnTJRvniY8ZhY7NAwig=,0
YtdhNY5TqW0suX+fBQCVLmKJu9GscaSVoadx5wCozbY=,0
aVtnQUev1Bpmo+xhPKnZqvbNOpVHTnRBMSi41TUXPUk=,0
x1UFdHtSAsB+ZJPQR/WiicOm8TDovmH/lB6RUzmI388=,0
6/mwwKbkSMc2tmB6GUMQutXStC5qKvhnHUxlewhLkh0=,0
iXKhUXtpHB3nRrbDm56TQtOOJN00cn/oUHoaZ6Hf+3k=,1
L6s+pRSQPhnAGbUp94fnpku2E4CbViyPiLsNkNBryyc=,1
5hQGQZqXb7kXNfToWZOCW/eRXmNaU/7MuId0pLLuslM=,0
dnbfEMoRGeQ/r3qzWVVmQRR2FVJdQ81feWTdsA13DEY=,0
3mBOtZ6fJBQEFHHvxj/LAhuonTasRPDcQUTKdeCNclU=,0
Pg5qawctOwajQTltejeK7BCIkTChnRQ/qYP4QepYPjs=,0
ssOrCDyjuvsM5dBcTYVjxljXsvlLDUTn812Q1hBgeqA=,0
p9Q6QkEYVyTIa1eUiELeTF3Y3blFyXDqxeA7OdUtYgg=,0
pV8cWLg/dU5C+bqBVeK4SEkadEyeYGkLhUMaQpgN/ko=,0
LE8yRf10TimuBeMdhhLxlxQcIbeHPdotVLN/YPS6pMo=,0
9RGHXrCna/hnal8h+wgzEDIGOmtLueKljyzAwyzeotE=,0
rZhISsXno61DBeQnVZ0B8rOIEjKEvlmbvUOGmIO4OFs=,0
7IrkOmuenJlqFMWl0TEnHlnX4jLYQXgcJJ7ugwup2Dk=,1
IIwdDBc9LHSXyNKI0Nr/OcoHX867AbL1d8+UK9ezBDM=,0
moz7vszXWv4NR9kmTLI4cciWOyRMhLgVvVeXQQf5uu8=,0
crQqIL81jGUB/ZyX0+9PfyeL/C3iWMXDlGBTaQtARUg=,0
2uQ3ekibAQUBIoIK4vnuuoG6MH6d7KOe5MUZbeBONK4=,0
JPrwGPxP0fvfaEcwzp8odQqSVp4Jnl0Z00k2oaBy4Xs=,0
g6npz9lpQa+8aWkvJyumFm2yyEa16ZwesXWu4H7N+Ps=,0
tndxvGwYSqx86NIWUN2IqCI2GHzoMVE3biTQNMJ+MX8=,0
a+M8UkMBzy46zl2YJV9gjZ1SZZihnRuXuaEyTji2k9A=,0
nDvuZvBTfHuCRqwN7P66KuPtfbVQHhyg4YzRr6IDfeY=,0
ag741tvW6V+4XpEcQemJZmeh7brT5fcgyqo8CA8YUOw=,0
1pAdofkUtBrVTw71WPAbvkvvQIFaDnMw7tVef0YTC5o=,0
mAoFxPDNjf9AOUNcVCiLogWJElM38gxaTmvf7sZDonk=,0
6VVnqxID2SPbM3bWlTWtH5j/kcK8dryfRwTFK4OjW24=,0
8HrqEoy/l5E436mKrFYZcihnNw4WxkhJKBGQjLNiCQw=,0
+u34qysllmcze3B0f624qq9/2CNfUm8qKYnOZnkVY7s=,0
WKP2roXmtGIK/eOd8Fadjtx3i/caVceBcnhrnnXQP2A=,0
Gqslkzc8tNrw/K33fkCDvKeYe/LWRbIqThvqdEz55go=,0
NoyLC3ahPlMbLiAN4sLPZTmWRrxEgXIPp5btRKgdPlY=,0
Mgbupq0/rbllJgdpI+cgyoCMb4ZMubR++lW6E6eVK/4=,0
4Qhv6A5w7k2QxwMfP6ohlahEVSgnuBseXrvGu8GxY6Q=,1
qIUVeqbnjHF7ZiJuST061JiUNz92wobJvHmLBpdJqsQ=,0
Ixm0m5FZlYtjqX/mOb6y1T1QFMzZYX0t90AMK7yXB2s=,0
IjvTHU1tPbMZ/9G5JxgBVWKCbHxtoWHj1H+oU6kogf4=,0
ncJFqfag27ScTn7DtjdKVLpf6j0aMrSUH+0sC2kdZ3k=,0
7mFlHIjsXHUVlTaWiCy2J+ulnoA8b7cWxrMuMOcGSSM=,0
3NuPUNXnRUi2DdOXJdlsWYoNPPb7jtO10WNepFnF+w4=,0
+kFailSQc9HoRe3f5AFiNHCGfKJI+D2WagGaY6es1Lc=,1
SzETO/L9zMtMsW28I7AyQiwDGU+V/LZfDty9kQwzYsU=,0
xC9qSYwsN76AQjdF5sZC7c1ZUXsv2y1I4RBOO0gK82A=,0
64y9EIx5LSWPBQOgZUEdDXvbecQDZJ4QMg0TZpBVQyY=,0
JnYO7h4Xts28y+55hV06KILpFp14s59sBtvkfLh0xzY=,0
YcijPkx30mwILBVZCK3bXP5w/VheiegvQ9TgcHA5BcE=,0
0x8nbaSt9KLE6Ck04wF8MVznR3RYOKTsE6Lu+2Ae9Yc=,1
YGIKZ3SJ6F3HrdRaIyuWI5v5FSnAM/pOokg0nTMysTE=,0
K43e1jUJORn94uXHT5iYiFumTU5SuiwKBCucO5rF04Q=,1
bQN/a++yuDy4pFiXJQLE0HxRSLX8x3SNI6PlN2d/jrM=,0
MG+O1g6tb1EpDyTGRrbNXNNNRL7xs5HaS8p6vrt4laI=,1
juE3HSbzM1jtN/AhqWJhoUvvoSdmqyKq0m8zCa2zHLc=,0
fATi7TYYP5PkbEWfcdg3ypaWcfmHr2tFwI4DqbMJIWc=,1
kHCxohoqPq4uvRQT1AsiIdRP0CJmATnOyH178FjukPQ=,1
SXalraNsEO07gblT9/I80OBtxYMcohMOJX4lPTD/2No=,0
fKKJgeL2AREoOYQsy1CX0kq9kYxTrJnkeJD4ykb6ckU=,0
BjtGKnwZrSZHDCA+EeB9LX2u50rqAvY9Hj4EhewcLKE=,1
DS0hgL6DZWW3lKsE6ifFhvdXYxQRKZXHP3ZnsbaoPKY=,0
x20CcduvXZsa3ySS7bTtvMRILuOieNSgrv+LkDZiDAQ=,0
uK7dUUR13iTRQNED3qRbsCGXtRSVwMRfcIEiq7YRC8Q=,0
4vT8gP4jKLvDjCojUv7Le+meFXj7RVwlsAT5nstr7hI=,0
vWtFEN4Dz+uxIu8kIYmyInRsgJnzY3lQTGJRSJ620Jk=,0
h+X7FbGQ3HxERdTsz/xRAyjj7rIKQilRqna4yPlHOsA=,0
fO7juyPmMo9j/kP7jcZC1+NuuAB01dW0UwRcAN5k8XE=,0
eTIpbAXwITFQwl/jRzE0doOhqW4FqNk9g7pgrbl2Xvo=,0
xmxO9WIiaYYrBtGW3+oYzbgoDBVFpqulh+AmBISgYdI=,0
WYXehWkwluh4suREN68gzWuRHsc7ZbQkj+uCmz5/6gQ=,0
1d6Cj68Ati6TqhFYh9aR2JZTDk0udPSgr0BeEVCd+SQ=,0
Myoco7NhXtIPCabGweup2j4Wizf15MILH6t10t/tPhw=,0
k6yJ15TIwwLOmZ7i5o1/qnc1slrjHGYmfm7yc91bUfM=,0
zD9YLUoMpJk1EdcDANEfUcOvIpkaFvtienaosHYVG/g=,0
YwC21eRt7l2dCZQtUGhoSf4p4w6kfDS7jA96mSseopk=,0
jVpGXtr9Y4FkLzoqQ4YW+08ByGxXgRAAa1KLM/0rGpg=,0
/XXjqFTNDHCixski0OQ/NcLPBu5YL07L68+k6FoGmDI=,0
LCZf/UJ0Du+ysbksyiw6D0kf9pux3gvWDetJYIGUkC8=,0
/PlpwDku5UXYWzf+61KKz5jQB2es1BfEqjsBzubddfo=,0
7VuPEeWi8Qz9oJLbOxuo1l7HsJmaW3VMYTYUj+r3TBs=,0
CYF4AIndznUGqDqPcdr7mKgd4AqH5iqXwWUxSYZvxMM=,0
bZxQVS1C1SnaNaVGniy5wIMIwkAY4+qW6kc3vRdoFsA=,0
w0iPSU3Wd6xcc/cMS2GU+m9IXRZk4FHXinhtA0k7Ojg=,0
rX7eZ8XIwW7cFubySwyCgohuJplxpfT8whyNjuRr/P4=,0
cvpYYjbDkImfrP7fm0NxaaYk00HAZ6+iOez+uM6vVl0=,0
g2vjfAZEEVmyev/bRipHpwNLssjl+8VaqrsIwRvYUWw=,0
hycVHLQGeweGjUP37i7KyLKeY8BxSymdsptrwgZ9+UE=,0
FWYHyZq4iwfNkB0ZzpoRFBFM3L00FzERBxWWrbXPpAk=,0
zq+9fOEVffpQPWIhGfnQFkoWIteH5o5xhqAOLIayQus=,0
WyO8L9wfUA2ozSt/UZUE2gDJ6C1bgLVpw4roXGiVS1A=,0
HV6iNClZHp2Rb0xiGXa2k/fp3DuV7TDtnO7lDG5WW5w=,0
SX92j80SgRK8CIsL27jLxY3kLvn4/7WogY/sA4oPxLU=,0
lhdZsTNPAj3xOlXhuP6UiuzMyv7MCOhXXVVsonivlX8=,0
bxmkzuKKDVsjT8CDOY0AyqyAhaL6EZegEfYBRHRV9IQ=,0
iR/y39zslvEXH9uV5tY18B6jshZlXYqsyBg4s2YBVe8=,0
wAWAaL1SXw0ysF/b1kWtNqLKx8+Y/6QoO+tjq8wPBXE=,0
5RtoVu2OJOSEi4bE4dMzqy7AZt8IbSwikRWNhBAa8oo=,0
iS9dHab7M8FbRwQTtMN6ag3HK2XX1pwpWLjPYES95oA=,1
QMqaFpnhQzBaWUcE6AIJwrc9FDeqxcdgoaqrv9/0p74=,1
zetzjePFORmyVqmO0TrnkE7/nImH6gxWxr6CRg/dteE=,0
g2s1+JEOl+LMoSps7toWUsoqRATSd74mzAojMJph4XU=,0
yTudat3jM5CPJPkKnfKJrTOk2sHv7dkhSGd4tGruqiw=,0
zIsDvL9jMSEX4MsRuOeN6g/XhUnhPV1SXLt1unzM3QE=,0
WTKApOeEYZXRq01ZUm84E2gmIxj9k05WXfT82IGg1U8=,0
SGCXs2KlgoiUr2Zda6CJ0fzs6erCi6L/yNVOjmRWyw0=,0
ToTMlhwvIOM/jpjaD+A6jCWATWUzdiH/WzouCaiodOY=,0
vVWClrD4WBYOWanFXsl2GjtNEIA4Rf07RRu88Phwc5s=,0
bdyKyKF/jSQvLwg7WQoAv1Au/TbkUvSrr8vxV8yQJn8=,0
3oZTZE7ukfMA65IkRKByoI81OBqXun74++mzvd+/0nE=,1
jC9cDemSb7my6UTlZh3SMSPfwV2PIXUcPUuu9YxqFlM=,0
6jrjlcszoLvl+Ycq2NPrTtTxvWZ7ayPWTKlTdBYh45s=,1
OyoKFpmdXP/J8b4+0HDElcs8etUjbe2IUiJuwxAxVco=,0
1g1geUVCTR101D9VH+fcNl1RCNxZo2rYO3OElVgVFhc=,0
nnciIhjGs9UxH4Xp75zWnqqr1oKVc8JWOjTaUpxH0TU=,0
UesLWAiTqkoZn/WiSKMXlSgJHlisw9IzUTNl5lo2Zjg=,0
JqBXrpF+gI2bKmOgIbhRf5UYYMH8gKixNLBTmgEyUlY=,0
6SueBBPbr48eNssWmdM24/RRoUVF8ekXKfVFmttwdo8=,0
V3bqP457H5qF8B0yhrRjo/qKE2xZOqAhXbBb9KHA1Ag=,0
qm15+e1XloBj3tQ7ocKO9D2oMpTuQPqSEkneyNGA+e4=,0
oJkAsG1B2+OJfTfmCvzQFRH7vO7eAAsMGEoOff+kkzk=,0
uu3njV1YSywaUQytDvQzAmW1jstoOlDljeX59QlE4ps=,0
RnKyVD9LUtV9fW/q4782KmY9AQf1X1ZLl1M3rROFYVE=,0
hFrVbJaz5v/ge0jEEIh0dwzcTaaIYWLD9yXKsqYf1BY=,1
7Z/etWm5Ib5diAHK51oEQKGQI88kWqiz+cBBjZJjvL4=,0
hHd+g6UxB/YbnbtMt2u/SwFJJATsCJ/2B7DadqJ5InQ=,0
0kRYdYXlcv6Wc5rQnJlpI4YIdoGaht1Qkf1N5z+t7sc=,0
4rP/FPaHDi5TziCcNvPi7OMW9F3R57b1We9fdQzD6fM=,0
6Szb1IZzMgaZwtUCGznxZLgtfl0KGZoDfthuqv83Iuc=,0
2iYK6Ltok73b76fCLyQVCFrPBwrhgSxfpc+c7gc7Wtg=,0
8y0D4+ttSCrxOVQrjAfe8jMjbK6ejQqSeWh+ep0Wt3A=,0
iWmyduqSEAIX+Mv01u9MfRY5dC3UF1s2PuFFqfgNGJQ=,0
1CiKjF+HuvgB52hEhaRYkJWNff0MjAVZpu4cIPsBiYc=,0
kRqOMhfigGZ1H6yqsJ6nI9PnD+43QrOHQ/y2+zVUQOg=,1
C23qaCIU4CVaSzyadUL+b3NkfZ1icfpI2/0RVucUd7o=,0
7RE2orXb2Jgz8ltgWnQSCsxSFid9v/OMVvhcRS/TX8w=,0
Mib9u6gUbzBVJ3q+NwDzmEQoB2XLjtTV1YuuwdbO/e0=,0
RIr5jcTmdobbJCFbkUWH7NXTDMohWB0/ISJW528DIfA=,0
EloMdmHazBqvJg039r7IVlWN+0XC9gBmbuSdM/R/J2c=,0
X5gKOCVZjCjvZ6CzNAw1yp/RW/jWk4/ata3lPpLAl+8=,1
iyuJ07yGYpHdt2KAQBnpofezgPVboewR47JWGZ2GxC4=,1
3/kRWGGnEd5VwBHpwuf4mkasAf+ufsBI1jboO8bYAsE=,1
aSs4yAqy1v6TI4Y4V4y/bCV3TORf6XdtWBsbR4p5/A4=,0
imS+Ja1sneVLMd1YjGReGTh1vtvLzip7eZRX1aYiMFU=,0
2QKKYdTtxrL+2C0qrbGoVZt9qV8mUSLHGVDnuJ/G/S4=,0
JVztBR+HzJDYmIrS2nWlXaXNNbAnIfTqClh6EeEG21Y=,1
Th6/9bSThpcfdLDQSmhe+QpjXxioC/K/oQYjGjrb5So=,0
fH/qwDFQWzsQBr4sonuVmXqoLrP7GkpGXzeE1IoEWw0=,0
dcTUK2glJaaSG8JM5rm7S+ApD4eIrDMzhEi4lRfXqAE=,0
k0fJ8qXUeC2xTnayTFN4gXlsZTze1ZY2xzzgirIQaYo=,0
sZN9ET5MdQttP2AiTkGPjjqHlodJlPiMAn6EkS6uRl0=,0
1ZX7MQnyuux4OKO+7CQbYXnqMwNTAcbfwnMCyVnHaPw=,0
VRbeSyxjP8nWaeARJ+nbOqLz+9FSQA3LQeq+Q5lnUDQ=,0
n62Vevjg2EF4QZcC30mAvPFK4E3slwYgMpPJAyVK0d8=,0
zpj1gyB5nCu8SBYIzviLoLjpXrZM2R1SiMb+rHdc/Qc=,0
GzutE4hG30xBYjmTV3NpfzuuB7xoQ2fNZu3xmIazqTY=,0
g81iWX/C3cqpWg6m5PLKfp/duNE8bQuEUcgsGTrZuy4=,0
dxQdUZnbIe24o119ZxGcA6jySlpwy8Nq15tGBYHDkGo=,0
UGYikRJZ6Q423Pp+yWVQIjsbBR/8/JtbUO9u6RkE4/s=,1
EY3P1BsSSbfKxCmA5FC0MjtyScW+cT29gESywysJuiM=,1
xEikfOHiHTFgYwkUfSqfQTXTMQo1yegdwvRsFehmYW4=,0
5fD4qdHcEAVsewQr04/Y8b00ObeGay6p5qfWm0UzNTw=,0
0Hq5PTr97ccXZlt8rAqR2rq1a8i/fxjsXwzKV4D92Es=,1
ZX9NZd2924a+/Ed88cHxQiPuaM8PBHRTkXvmO23Ns64=,0
1+c+kXRPXoqaU1pNSklQdcO+VZigZIojntoElkjAwYM=,0
WQxDsBrYUYpYjR9PUUPRUuZEMOospJsXfO5DdLgz3eM=,0
eoAgD/V+s4IcozhJIOezCvOGegle9TJU1Ant5tS4VCA=,0
DcmrsLgA+McTT1f4sGLB+NeVwgXBSdSQNSg4WhdWwrc=,1
LLa+hfCYP1GL0P3Zjt0aqRkV+0tqx5/ri1KwP//c7S0=,0
SMvUYMCP4rM+GWyIzMgum6gBVBtEid/DDWlL/lOQKj0=,0
Lq3kgFyraNq4fEEBiKrkQPtAbVSPh6AOjOoghnKwyIo=,0
/UZwxLagOaLqsFLvSGiDfhj2QJVdWmhzmhM1BpaqO3g=,0
1o7qtZrXFfo71lS+CHMi6CRTA/jPa+EL7MjGP5dR980=,0
MS5VxY0iIkPnQ7UrhK1Ulm6Ac1JK+sWZACnfOt8NvrQ=,0
5cBra1vLBR8FAB0qbI47N4lQxt8yfA/tIyzDgpL+isM=,0
BWoEFOWMlBFpRX7Pk3TMG6IVasmR4XGmY9MkGqT6Rc4=,0
GBsqDkfCliphRWbfcIXNx4p80P3qWrwbpmRFl1N/LgM=,0
y/dVzw5TSSyfvSh+qDgqvtuv8fy3Fvj8HAFpOpfVI+Q=,0
4jpFaUCFs+JZKokcVM5RCrKvlsnWXSGp+8L4wgug2tM=,0
eg605SVhNAPV8M1YMQD1rb/nkU2wIVuJIoHaubKjTEg=,0
dQnUdgawcDibiOq9kFXsmBCLcdOGv8oK6UL2vw4eArQ=,0
Nh/Wq29r1yAoDfaWj+P6z4KLuDOpchRSRsXvVNDignk=,0
QOpvTLbHbBc64l/0WW+NyeO6OODlgfvnnV83eRH8dpY=,0
g8zFJ42lA0j4ucaboT6mvqwpT6AUFqJYXZnRPwrUdnM=,1
p/uyJx+2W5ZhLiJTXxqu+D6vk/QpQxkIi0THor8e0JQ=,0
CsPGK3gurXGuok7YXYRUOuOvbF+uxfEsXf+n8LLR2Uo=,0
wIa6BPKbfRZ7Ysa0V7nHMUQ9ViECikd3Xa6pj+IfwqI=,0
AAcOMiN16EReE97Gr0BCKPlTnvisoZnXIbpU9muzbho=,0
f4LEYZdpKw45tE0qD+dVzqDs5boIx9CA/xZ8wbSsGVo=,1
U+Wx+SBByrSQN5sbUK9/bCFnAWZdrReMJ6So49KiL8s=,0
sKi8h2w44VD4MeN2/0fkrjbYB/UPK39bD8Zm5nlQJF0=,0
6iI+YL+hmMLJebISEjBq0IV4UK2l0ai+8tYjsJfzirQ=,0
mnue4hP8rcBR8r6DD1PRNxOe362PIzat88r7wzwseeQ=,0
NGwqsyWgTUai6ZN2rDrZofCMPdO/P9ZfS7PyDego1wU=,0
bU6CTupRA/Tbqrdcy9PMLt5YLz41NWEF9gYdhXb0lMY=,0
TBdtLq0AC8Ko7gV35x3D/Uak59eIISjz5x5gNnXx5oY=,0
clZDREDB3qoYsgc44wyqVmVXSVL8vuhqLXazpGvWaCk=,0
bdKMn3QJFzTbU76sJORi6T0gtaA6SydjR4I70XyAHm8=,0
cFcs5BAvf3WoTrVh1PzejGUA+JL1kqPgge7hcyplM74=,0
UK3IFivyIvhUYMwYHSctjpskcKQHmpWfoJ4mrklbDI4=,0
feFWD5HStshSB52aRuForFKOPU6YORdbUmGn5xdxedQ=,1
oScofmuRvLQ8xWsG72uxjTuttl8oTe5kYWJy6W8yssA=,0
q9wbjSQYApuzvsK1+ZaUaH9eWAgribmNalvPDK89f8s=,0
JcPjdp646nfZ2QLdY5k+tKdcuaGFpR/5fjLNhdhxY7U=,0
osBzzzSCUEfzjFe92DPZmOePlyA0g5BRZirtkAKfRAk=,0
+AE1k6UH2ymlR/0MOWQxtReyEI7Q8QgIMXXJvAA6hhw=,0
9BqCInGSmbSNT1LcJ7+eYRXyVLs0QjKO/Z7Lr0xex+0=,0
o/VWFt4/+ZTaVHhRIvP8MdwZumcPQxt3KvxkpyZBiyM=,0
xFoKRPF5cWnJAim/T9fS+OI4M57Ru04JEhp0aVHq6KY=,0
vNyYfm/XOZley4eX+XA4aCrOf7xHEFaTAjcH839RHwU=,0
HhjB21+NIFNSzPydRzDaOhkYQGfNnb9bgYdl+KKTqLs=,1
TqGJHW3j3uZJH7QM83hVIDWg7s2dbBtZA3mnrFRtcPc=,0
zC3o6DOQmvGB51a6IL2KgTMb9FOBKHSgb84h2FVKyuw=,0
A5J3ob0+jskKuClsHoBWIOLdNHr4dvostT6PE8M0yoI=,0
fmoqt34OpDgNP/jjMPJ06A5MvWlhtkx9J/azgRCVty4=,0
Gj/SRJIhh0zcEwWsl+V29+Wq5j5WLQUuWMFwMskaMw0=,0
/Z+M1wDH6f56DsXEUQrIj6n9HwGqqn5S005mUA8C2es=,0
WJ0UVKVHqLVFCI6KYvpQnhcotmuz74pIsQkN/IqeH2c=,1
4a1LDcTz2bck1DGcj6tpjmO11e/A7NUx6AY9KeEJJjo=,0
/fgubeEvQlnvY4K4U5wfI/iXFTGhiqC3Dq7ozYvuTOc=,0
mFuKmUWBW/OTiDvao/Jb0RMw1q5thMUhG93IbsI7DEs=,0
q3aR9naBYqRnpgRvC+cYXMSUu7aLGIdz5LtQj3HNyOk=,0
SzsbHpZDyMhz7Q+njH+FM37GmDSbhFSgZm/w4hWNWrg=,1
RTIkmzn69DI3fQV+G9Nzhv7XRRQgqXWZty34LiHprLg=,0
rNJWIl2uvL2o+m5xP6Wbu4Pzokslrb2eQlGYe82r7fA=,0
amqIo1lu2ouxQ6+i4YBZDX6YCUZiFH2NGVGgEeN60/s=,0
Bq/qlDBUTUR1NQCVattG4T7D/xe/CkD/O9Usaxnmj3s=,0
KYBMxm4qi3Iwf2gQpeGBG0+6hsm7qYI2Qlyc9cGYDu8=,0
Kys5sK5Xv+tBv3n1S12WB+1smEgBRtOUYoDMJpZ6bnQ=,0
e+icBHij/m1Yjaii0M1nnYPUvU36sP3pI8iGm+E0VMY=,0
L4I4HAErgJf9DDdEkFByhp7hjBIodEPwwcCt0iy8mMk=,0
R6wpQ5/86taFkWlGZfVe2OuZGyLUxaN4yHMom931SaM=,0
9ja+4gTIZE0DCfZZB5VOKCFrxceeh91/Ze7HG0DuqY8=,1
upRWdjmIUINyrSkey8dnNkWxfPxOEUVPuqz+0AEc/l0=,0
XF3gvmGRQS+ziLikGk+8GDjloaop6PawIT84wWxs+3w=,0
LejN+6R9yTttdZU8KAIVvN2zCOslv/IkzjUosaKVlGA=,0
34Hxc/JgWKtJaxr7vb6uE0cE+IUXnR9ncmQ8wX0+nWo=,0
SuvwvRZJ0QnZQjhWhQwe9omq6rBc+HNh4I0VIzpte1A=,0
5nR+jR9sxcnV6BiNh+LOk54+kS7vP1Cojxw/64OguJw=,0
hCBXjMI4F/ZdPf4/+GE3skEnYrUQwqWPNNnDNDZ7c2k=,0
ogBGMM4oycN/PshzLHxqrM3ycyFvR9cstUsEuKzh5UI=,0
PiMTuSSlcFWo+fxte8/G2QF30XPPT4jNinPNWCbGCXI=,0
7EWo/mLX7dXgDNCT1TVoI32jceqcTFUqLajxF9Xmazo=,0
VCnQF1qfKwd0nnaWFWcSkEnEjHl7/FPeXaR4xPfX/04=,0
ZjPkAHsN/l1gENK8o+Gk1TSOaa6aMF6qn5Ve4SqtCzo=,0
YuYKqBsa4GQFvUb3z91G+vw81j7fbkCWhkezQQ3gKgE=,0
Nz1CEyrEm6FLJoAvNCQurkhRGn27gEZpgd6Jx/KZJFo=,0
2asYvNq48UKzNzO4iWi7fvrFVzvS5hVFISXsVIDDB/k=,0
nIUFryTZ5XM2NOA5cMisPw+rDKj0cax8ZCzFJK/US2o=,0
SQ5wdFKetkgK5DA6MLZEZJ03PFmEdgt7McDwf+PP3eM=,0
+3RfkckBHS0oQrrjJj7p69bdwJak+qzKq0fhFaeXUxA=,0
zLo9f73nGGT1p21ltZC3ChiRnAVvgibMyazbCxvWPcg=,1
JoESlxHCpi+QXaCOK59I50EnU1dAYnL8penNrDWe294=,0
WvzWMqb1m+tqhPzu2s3xgIOvIphQckGwnZOtd6fuvGM=,0
6Kf0CjujAtR77MAHjJvlqXLem0q5I9C249uJVBDMnio=,1
ZdkWA0r7QbN6FsdrbtXzZHsyDq46tmaqcsrdRvx8M7Q=,1
SiREihkMaJ9+c03/hYcpHeCo40rlMmpQ+h/eGryGrXw=,0
nuKKAOfPRLctqYik2uZsVMuA89rr6PW2Ngs1WNqQqao=,0
FlmzQtwO9h24iS0UW3q4aS8nZHlD6nenxAMFFxYmIHY=,0
qwon87qRFuz7T/5/5TZuqV0Inz9p2eRw1DQSi3OOofs=,0
7GoIEiFIFnvZ9GxCc3WEGFe3dDOGRk2THm6KtAIHf7Q=,0
/Gl3PtqumUnsvhmg3uUAskGdXrys7312RxfoXQInfXM=,1
eKHK9a9K3tJRXrr2VFZp3P8OxjpnzOm6BHpN4NnVY58=,0
/++JZN0FB0rJou1LOXL2d2deUr8nD1rSB3paeUo69UI=,0
NEzW5x/OLkZIpY1KfCBGJZXqmu9FAzPqDUW7jy3tN3Y=,0
DSv4aUxr/tJsu11B26QkgSk6FVMltOr63NGoolP1yqQ=,0
PuDg84mwDgoP+//Yv9DfwIadtJQzzC0GndB3XeKa5Ao=,0
nYQGQvLqgQDqQbL4Z16P/tiQFPSZcDXtYVCBhYTg2Ts=,0
EE3DUVGt1QI5pMDd7BHA3pzmzGZUG7eiQoxzGJc8mWE=,0
oEGYuG1MtrUlp+BrCmV2AFoagreBZ/SL6rH9uEOHXSI=,0
bbebY3xNiPgdDf1Pf39oz6oayH5veIYFuAnvFExcuMk=,0
aYA4/GC5RIY2OhvmtYMWEHGxJ85Bn24tc9IlQ0LCX+c=,0
OzYDzyMIMiytu9ogZ9L2sdPH1Ygf0G8s0BgmJqM0hNU=,0
y2ep4xkrp8wT5z5MEQJLDMtCULq8/afUDeSaxTcAcvU=,0
gc4CbMGrA5xFLcqCjm+ievJDxcVWkOQwnLLFEP0XnvQ=,0
YSirns4kN44D8E52XRVyvLSnnbwrNrUTC9vYm1dyE2I=,0
6tx5KAi/MfhlWaNE+xEuwfWzSMB94c8eFSUfkjDsrS0=,0
zfy2PjpG2QboVchUgqldQV+/n6lfXOBXUeQHdwYGa3M=,0
9tXlvV+NMN+kF+hsO/DtJy9wnhYmoo7YxYpdk6ya3no=,0
muxD/BFEiqCJtKs2+URBDP5s1B/I56e37xH0PpOwxIE=,0
LsblF6Gvcx9uS9cMceAA8YJJ38iL5h+dVInKPdiUIa4=,0
Iv4pvwE+fjtJmO81D2XcUdJDFpG4p59zb21qXrliThs=,0
9MitSGjuPjCfdqZuQ6nSrD4Y/jNDf5uLX4mZ5/spra4=,0
VOZqkQANXVJSjnmCZqOAMmT0AToB47vuaEnMoUQC70s=,1
RuDFymOlIHcMmGsqg1djFwpQpDI3SyaqaSpKl5V1eZ8=,0
fQoPlAxFihqvRGPKw1k46n8WFVEGVPi/fL/VBkeKsnE=,0
PamTVI0row0lixKn7q8YVpiwEo4Zv7uCzCbRfEj3sms=,0
5ZyTUbiiT94mjRd3Av0+Had5mFCy+8DshDVulsh22jM=,1
t7P1LhtVZCDw+Mh0vKFrUqtBtnpoulmqL0qfz5WjtRg=,0
bgu/qaKwMRWus3/JBLfdIVxfYIfV8KliB4yHWUor2rM=,0
pdKh4GfcAUOI/G9dPtRxp6wC6jH9qEz1mENlHRYJflk=,0
eCvVtmx2ed3oONDBm4RcQ+E2J4TTDbNGR2TpopiTZpk=,0
8vj192HRLj2J52mnH3nlnbXAguCyRdBl9dIsTM/6y3c=,1
capdrsj2cmqVQQ+z22/zSzYt2y0NNGYsslEuEtu4Ivg=,0
P6BVsGuu9xYgtyGwCKaf/oPsUMLDiDQki1m4KJp2roQ=,0
kW3shyQETwGIOC5r19ZwFqzgaGsOHtl2MSbivyzDHu4=,0
3d8tCjn4K/tpdxXQNj3lMW+JJN+B/bR8Z5TBpcxlnuw=,0
Cp84y/kkg3CvfuVxLEhXBa0lKVYh0BauXIF0LoF0ftY=,0
tkVJ/r/eKjzXumFu7Qv59Xfmwu2hrz/IttMEOgb132k=,0
p0TB30XyDw6OcLQS1Y81W3x/ud3R4Pd7u1ou9OCvsVE=,0
foUUdbyq5RNwS/14jf6fD6YkTlP2yax4N3N0PXCNNW0=,0
lzwVmlalXVCJRPjgYdIB5qwM6GVrZT6fJ0x5cc3x7SI=,0
Cs698Pus9+Azvwaao7Htye5ikFsu3D9B9HsP7B2WRuM=,0
jsWdvZxdgfX+Q2r5SdbZQWkWpuCS+7P0hur9/S5034U=,0
j+rqHy60ENkuYe6w7V7m0FCVrGsBFLfrN3XUAOpdhBk=,0
Cj6Rf4ExOxvacZB59THuBBwVVHrghQEnUnl8eYk75JA=,1
GmvI8TXxHvRLfVK7MdmamrpL+dgYj/CtG+awAujBWY0=,0
EBI/QSvwPgI258G0vYWXEliKXPBmdOPIgmb/ojJsm2s=,0
H5/qJM9hDqs7G/5krFKFNmX5CNoPpGiuj7i3zMnIwj8=,1
E7xWJE0tCIpCariS/vWx3Jg08IjtfzONkzq+2AJz7FY=,0
/aoXP1D39vcltzzln4hWu344eIY8HF3a+9tCM7Me9Ag=,1
YDGWbJtaeLVto1gr2Xmj80Cu27U1/2xpbfVusNDNAko=,0
ggs0063qUb0xE7BWHUASHnAchn8fZwxS+TQxc6GPnC0=,0
FX0JIuYw4gQEkVbhTwxSSO8Uk5jUh4UulgVLfZrj+HY=,0
qBRaHbtnua+ZighHSKuXAg70PQ9elAmvf4YeET+5EW4=,0
d8LiYCgauBFfy5+3PtjESUx6YSFdId7HLUBdF+mzUZk=,0
MkRNDdrHpSJ4RDB5LqPqiLyifMr08usq/C588cDI1s8=,0
021al1b2qymZvPYDrCaiM0qfp4T0lIo/lrgZxFdYQ4w=,0
0KQjWMwD3kNol51gmew9U4BT4TeibWk3RpZaqSdGPes=,0
hUfVfT3dzZF8z6M+ylwRs4e9A1JFvlberOje8Vdf4Zo=,0
eXgPgCWVpL7E/aWTi8/MCE36lw56JNdU+zQw+T4SlAk=,0
6CSfcfb7GAoTreS/CkjeDKMtSBCiqxjkp9oHr+OmJnw=,0
4CJxikgPsah7Cj6Sdv+1GNr+zCmdhVvc8KTyMzEYKxU=,0
AfKWLaC9wOXx0z8IT0yMxFUWnwL9UMNw6G5vquUsvCY=,1
qW+k93/tx/GpCez7rtq5mAU1urqt/TlY3MFqi5L7HUA=,1
mwj25kgGevLsmgeC5dWrwWaYCMR9n9Zo2ljMjTXMy40=,0
g/MUQ1DhVYxF3KAHTlxaQEwmPzQQNuS0+B4ZwZf339k=,0
1cJHLmJilPxdjS4uAIv+TXYlUGoVqxBOVLWK+Qgm/EA=,0
vty3iukbYYEL+W2FW7wvuhnsTKIdDpK8rHR8Ib35+JU=,0
Bl+2cxalaLMnrJNa3x2XW1cZExyUkuy84arn3HpgZNk=,0
0DcoTVtLfx2CoxFBjsiRJVwW7LaH5TBueSBvBE9g2u8=,0
XSocPDtGcLrpidUFudgx8rp2hHtu8G0uJENtR2o81zg=,0
AkBw5+NFiTkCpLP7OLLXoDBgvfPp0znWHCDizl5bzFo=,0
p7yTD2Y3O6BfoREuO69IcU+9PUIwhMMDn48UXMYfuMg=,0
RUgABEyGjlnOJnCQkYJia0Ni0DkyTiKvHIOVcudQvfc=,0
ESLJs+RrHzcn224TAyUomX1x8RuE0wa57F3Gw1W7i9Y=,0
4jufX4wMkRMrkWLu2K8EiRd0/fMQUD1PLbnISk2NzQI=,0
jeWIboJLAwN3eOc3hKmz3A7NeoK5za5FHaG0X49szvw=,1
0scihP8sU3NU33Od6M2U5Qk/3slFFasEqsW93VEJfKM=,0
H+aCZfVgbPu8m8txsICI+BWoJVEBPTqtR5c3NCfC91U=,0
XjPSbTNG5fq2Bfk/njjK34BAxaeMgdx0XuOrL1PFga8=,0
NRn/tMhkBorjb5G11ZjktKn/kaV5cNMpE9gBmkUH7Is=,1
pTlgjpAjGg6b3UyEcKYW2TXYdXsuPDAqmBlR7C5A3tw=,0
OR/E/MD7oNho60Jvh7zJlwsW+OoQGWECpu3ig/NQsmM=,0
K1y/ZDMW2ihRyv3YYxAYmuwsQw1sL03QV2VXx0Mcg/g=,0
X1fzQ2UMBv+Nbzw1VWv0pDZIMjgJHO+0GvHYSrSueHs=,0
B7m7fzVskdFty3lsb5wdLrA0iBBCd1RCQzMu9kRvF+0=,0
jnDUTOmToTozeBPVuuBSs0zVKGtB+FUIuRw5p25KeT0=,0
njzkAk0pjTlNqi+RtNwQ9Ldj8eB0fr++lfv0se+XQoM=,0
JR3rl+PzenolVs4k52a3yXd4irc7JAp5ogsSr7uPomk=,1
DIYoh7jqqZzg7AugY5zZhu6PLusoVzB5+VUOGCJPCz4=,1
35nVKBCJy3lJlkT6F/RaMyLHgogmDHpU4wK4gBPc3Lk=,0
eVLtuVG2yzteaqq869iSp+mV/jtPqeGfZTRhFNFJrD0=,0
b8AX2eVynol2ra3egdRBfBniG0eQT2NuLUSQiVhsFTo=,0
Cr64uhoxSsi30fVjFR8UeOzJ6FMg3bYTvit0/b82v+Y=,0
fT+uzB07kvtYrfn3vynuCu9wwFjtpo05y+4uJkRaCDY=,1
2J2O0UYFGs5q4YaUrkY9Hk67a90yy2qkD9LUxg4GZOg=,0
cWTe1k/6O0mjFwSKDZibOVVA67psHX8yloymIvgzzEw=,0
/uTgHz2vtFnNdZSX19E/EyF5FcAHNmeFxYdC1KqHgds=,0
DWqpYruZDqHAZvqJoD+Bzyal2ntVF50X4ILXsaMrfc4=,0
e80l3gvOO2up77/kQ0m25LA/TMEkAFQ99BKx/5Q6sBo=,0
lrFW3KUvb94GXdfGtzBznmTiJD1NhlKlMo6FOy3ydE0=,0
U6jsrG6S/QGJxc/dVHOhoTRkFaJsEFY14gE4ZlUgdHY=,0
8Ulaf6M9t/swz3D78EELvmkXnUHbjnonwe2A7sSswcY=,0
f6DPx5vLIETgEoUwE2GLgg7ap4JKJcFtddTu7phsdhk=,0
wjSGyZ9D+J5FcMKx4su/uS0Hm5ugZqkMrNKOl5ykmYM=,0
/pFR/+qLfJ5jSunStZ/UnQx9OHtG7AjLC/akmFpj4nQ=,0
znQ7QK/O3FZiB3QUKoQh4dKoZbW8GWjKBeJqF9m4ONQ=,0
tmjIhGPJ6RG94s5W2WpLPJhsziq+lvJZ+0qHd1Oj1Vw=,0
W7FS6mmhSZVE9dk8zYmGFV+HdbX4ajSI7eIOSudOLoI=,0
a/UgXbQMIzt48CXFyTSXVVQ/AZAN15MldFsDpqx4LFc=,0
xCzXLhtrBzvH1XTzcnyc0yu4QsqwP0XqRPKa4UxAISM=,0
mRPCnEhavF+58Yftxge4Eaf/mLZNUQ/CXRelEeUHqAY=,0
YRBikTKpibFcOFLZ6qVHpQuE1cp1pwJDspM4hUIOhic=,0
0thLB3t1HxeEXXMtoqigvs5NvIzItwkFLduv2VAoamA=,0
WYqL1Be1f1SLRnzH1+FKcm/A+D/gdOJUMXq8pS2aA0Y=,0
M9iDITIqKfzYjGaVgdA8sKycVmvR/gX4kc3TU2QJv44=,0
CKdvt0Vf82WH5f9wCTgfX9zUvoOayKbJf4OnrMwcBuo=,0
WsV/9oCjroKJPL95QEbXjvkjS0E4+fn93j3b/B/RACA=,0
ePRc2ObtAl3iAAfS0K6F+x0oGBmneqsF2jYMdKgvMBo=,1
dwML0zy+k5ESCfngijmW/+GO/2apLZX3MnQQsXV1eZc=,0
cKG/v5R1iprQU7P4DhNB7KLrSyOKjKTRpw/bWOlR6Ts=,0
tbADVBp3kw+omennXbSxQ3WHzmLJoR7Zr2we8Vp4i5M=,0
l98KcCQnjaKs86v5beg+iSMKyA9qNdpib4D1I90SjEg=,0
Eug80hAAD2E8l+5MrkLLA2rfeG98xgPrX/6BvMt/CBo=,0
rI1VU2qcyBP5RX7ffjc2YNc62MoK1gsPNNPxy6fhmU8=,0
3DQleetbVnq98HiEg8l/Z3eEAwEpi9KZ2l6wbBADWR8=,1
MAAh3GgHNnjMu5MKV6PqVlhQCXeHvcdRtIXDhsOxyno=,0
bgpAThYIVAAE4TPgkAWdWOSBeOS37VuqlJNpgCugLnE=,1
kX2bLb/UknS/S/M7/D/g6O0kkHqx4YG9WcN7nJwvOkY=,0
1M0hPc21tVyk7augBTlBADw0CbBsI7l6xq9FQGo7r+I=,0
hXvTRugGLhIRaLkR8hxG7Qjr4Do2vCocY+8rN6GXmJI=,0
P9RqsHHVONnj4nH34+bHnAWyGPt68xLYokv7CsvHb34=,0
H0edk3Dm57vLW3sGKiqqd/WwO1Gvm8ePdrLSL8UWtig=,1
5wFf7YAYjT4olspJHz06AWaHc48CLOzlPwCsUfvvkPw=,0
rnakbtArDPtazioxsNkmDvm0nes4C9Dd+CtBtyiydzI=,1
iZn07/dqYZkP3El5ELARW84V2rQmdbZCj9yRj2GUmtQ=,0
d6J2D+7LhXCyjsJhWjjc6g/6KCFffy8sXRikWOdNFKI=,0
egQjG1N3x+f3camdNcQTwPEe9jLcMYmc+xLIW60Y6Wg=,0
iKtxWySqPveSnpV0ZqGiMVXKLKOW9+/gt2gN9q3sR9U=,0
m6ZkgY+n96aW1ZRWSndF9xWK5jfgKVN+7Hse88lGQM8=,0
zRohaa9eQX1rrd6qQLor5G0tsUPRscxJDXPbt+GjIa4=,1
NAKjIRHTD+mCy8BguleqnWkWMv2VNMt6ooReHHjefHU=,0
A2+VDZYHB64/IBHvgXbKoI4flMPBoWTNbk+8D0tozQk=,0
OXdYzTWemLh66Y1EhKOtP+/wrYHdjfrvoiaeQcfKi/0=,0
/CnJFYl7PKGoDVPb4KSCNW1W44umWqo/UWVZvQPdSeY=,0
d7Hdvp38ewwyoUDjIcqMOoXMNDXiMzEq4PaZL4jgKfI=,0
ruxRKEW9Lb1vmNKbPpD7W8NAofUMyC6PYaL6LveNibQ=,0
DzVVC/3g+yrChL/npmS14t/FayU6yfNkhzwlrZIMwao=,0
96e+M4lSicmRvbi05SJY7Pq9iYzB6ZQ74O/3vmDW81M=,1
8vdGeLcStMvMJTBFB1VawhrH+vC9s5LByMw8pg+fq9E=,0
RaJl2xAn5Vd46S/k3qjo8Bd8pgfgJ6l1OJtvt+KNgxA=,0
DnWOYihLHJjWCtRW3uGnPS79WvwuuTJfkuPg+xEqgA8=,0
utEcA9ExtGVmIqLVegqHjVmMxi1zgO1gVBK6qHrYV9s=,0
GqfJgDEUMk+I2pDZYI6sPt6lK/Zd32e0zc4NEl4+ovc=,0
fELm4k2DtdMu+uidOUlFjXF5Cgd635OgifBgRvgTIdc=,0
Ip9WMfvqzmPTHcOWz2q8nLPVZUgh45O+mw3MhdhV/6M=,0
471IjPMsoNji/cuFbO1JPRtsUNREcLsHKIZrsRtUBzQ=,0
3TggGOP0kIoDYt2cjweWzkJ2lOX6ULTz3hJ8fg9qYIg=,0
JDlJQKpHaOPVM/IQG3JC1C+GS4LM6ndpkXqmLrODng0=,0
gYIf7AGEq405CQmKhA+QWyADQGIIJJfindOFQ1VBNjY=,0
d8A0DwLAIe5aHhjtlPZYUeNCr/HLDjdc2d8ooNHhB+Y=,0
kHbTrjT3NEBkIHpXkAS2SQifu8irUqBoY34y9qC6SFA=,0
APhJXM2fnL0kHxsVX3p0/bG9YFnqKq9Ip7kIepGxRKo=,0
lrV906t6Wsr57pLdH9/ZrBTiRiYh/rpNBm5tErwcX8Q=,0
KrbtzmUxCJ61S/OfUFGdJpoSwHvsFu/5huU1iRIsBlU=,0
thESFO+ira4OYDZZh12YqUXh5FVFBoRvCL2WvTZ6YMk=,0
kVS2/Ttp1Bc88RE+xY1rMgNEl0vhjWMLEcqU0fOipAQ=,1
Yk3FCgR9g48Z3e054o/4DDHYqvMFEnZyZNBWcM8rtsk=,0
XRsbyOFUgjs9eEJd/A+Ks2c+gEdFUrJBC4PreSyXf/s=,0
dLfmxrIOaOcosy+qO4pa0dA3jr7XxMox8BIx2r7xMhM=,0
3Eym1DEOzGELHFnnQBO/Yu9cI23B7cxdOuMw7wQ/AbY=,0
fVobgU7cXheoLEThRfma4Dp4HEYpAca0oDWUBv22ksw=,0
W+58sej0/ghoRzvPkbXj9AHf7GulbOXyeQACkAhVXvc=,0
10Pg6IessUnJtHYirnMTFX8z5K/jfdzfZ9Hoeae3/nw=,0
u6mxr/bzYaWvgvli5csq0YH//NaLtptL/zJdoBFmO+g=,0
2ua5HryS2TTXTqA3Pg+5lGGq8hQBG9Gd3qnQbShB1Z4=,0
jN/iZ9Rs25BSRTe27msi1jqxZxW8j5FvPl2/iAa6rVc=,1
co4ume2FPuWdvy5y1lJ02INq5M6pKgMBcqFenciEwTU=,0
F6B4JeVjbvPdxyN6XzwfP6115q5XGJjpjPw4pMekm9g=,0
97wXxugaFdloMMKiq83d4gtK18lbp2K5+R6SfR5KYFI=,0
JPlyB5myj9UuMlOKUzEYEcPnGwo9DlhavYXMCplrk/o=,0
sk+BOcEeawniyesRnHMRk778BZt/rHHgmo715EyKzms=,0
iXSp/kWzt6Sz3qeO8TKbB8JyK/ZkzIpu3u6cFESqjgI=,0
kkaQhp+aLF62z6WfV9ejMCJ1hIKvi3cWDrVc1hp0QW4=,1
8EDPcLS4jvuCnvF/FFXoSq2PWUvMlIa6AlGOdj6+aDA=,1
lASlvZiItsDt1h4ykrRMlvjRhQ/cZBjvYX6erC4yNRY=,0
Io8W1KRA1Z//+wsGirVmHHoM7xEcdskIe5rc4GNUzmE=,0
C1RqkhoTNe8zmGYx5E2E+5O9rbCpwIYfinoXHRp7H98=,0
E+xbwBbPtrGLpkLVnb3dZFiaOOes0OsQsfaxf1ssEZI=,0
FYm2PLhVbQhEPnrhF5m4t3GXs4swXwEUwCwDPRQlHN0=,0
mZ2oyVo2+0FlcoZl4VUr6zXwVZntXARQN+rrxqQihCE=,0
Kk0SaEflW6gjlds/Y3Vlymfj5Cekc7cq2leB/W/j5sI=,0
Op56wXd2FeDWuF2S4nEvfHFvhH5Lrr9q/bbith2Si2Y=,0
oo7HAjw9cdiGeRjYafoDYEALW0SmNDUBWh9IFU9WQnY=,0
xKET9GXSofmZ6eXkwi/LPuQn6Ufu2zGnS/9yDkiqxPM=,0
aXE1tkL1W+OCd7+yvZ4tIbC1oSWRw9yeJDJurH8k05M=,0
lrC0e1B96EAC7SICrmvo/C1gJJAPFgnXyQ5qpWU/2TQ=,0
QeWSMDaPEwqQQgCzJPT97Pjvzi0ZJ1Oug59cauMABTE=,0
Y8iuEDy+hOdn6kB43eaSP2zW4e+WTdXGrUl2w5bFmbc=,1
Sj26WhpibuZJGceVsBRbv42iADlwoG4EkpdD88sBz8c=,0
C26ly5IHl3BUO71boYAxetFRlJcGAgVvqfXP1OpTyx8=,0
yu3EIHNYiifSclbhLuAgjNGSKGRkJLj1tc8V2Rs0OJ0=,0
h8xec2yNSRupBlneB0nfAiZtZrbakIMWFUsjL7urZIs=,1
C8ltXkJGLO7qRYeCIYleS9BUdolyM1ihGerVewZ2VC8=,0
MVIBegmzAXGpmnRozXiAFfJD3TZmh4TPdBGlEd8BVs4=,1
/JEXi2Z9tIexfhznlLaiTnExTX7Lby8/ODyWDU9H7VA=,0
QxX4a2cIngy4crhDqcRJDgShveqI/J6pEVH7eesh9lI=,0
4wrzNwn2lxZh5x2pGWAfu++qxRnE2DVbOMngxM8HIeE=,1
VAlcrGBA6gjzIohIuLiLOvRp9s4WHX4eqCbp/J59d00=,0
JfHpDzH9AiKN0yIZlqwCawgDsRHYLBTh9X4cDjUCPzs=,0
bCbzZXb+9T6CClQLXMijtUggfhZhhzJFXDW8a4+7jyQ=,0
0WmhR2DOoWPgXae5vLlNPbFtYEoq2zbsvLnRYXn74go=,1
2odpNwDzR+j4nsp1DKy+xp3V6IQVznVFuYjRr6mdt0Q=,0
Chb4Ur0h1nTVMjTnHgX+ZQiAp1iNbZze413xTwTkLao=,0
qoVXFH1tKeUFzDRYRpGrzz00Kbpl494Qa40SrE49Phw=,0
GdZYbmfobNrkFftwv3pKfYdkgC+hBUgux7uVbvnXXEU=,0
RYsFb0RR1iCSQ/IRI075Ci22qowV7VcW7f5hwFcGTkA=,1
SXhcOZyMOYlbduAot2EVJAsOv2AYXoy8M4+30sriLzA=,0
RANQmUd2fCfpkxw7sHSQhlmlrJT7ndHNkY9nT4j1bSM=,1
JHR/JRjfs2b9rjzgpswCCbH95G0lu9EQqXgMs3eMSn4=,0
bJB/TwhQv8xJQ7MfGos0VGIhl/tus4NEJSNmKHeXMCE=,0
8vqYFzltSemo1u/IQUsqLUXt2ItQiyjII/6Cx9BBFLE=,0
URsubfF1Nch8QBJk/RYp7WeDFlBNwaWAwtobYoHmP0c=,0
1P109u3cfhRDUmEdedYf/ZZuCeyWCKIlWwwazQDTicU=,0
Ichuoz2J4IaXcwY/hAC45kon0PEMiYorTksSfDjwwVs=,0
35Qyc2QZ5YfUpnBky+rfeqQktdUUe247LhFEzugIVfw=,0
4QEBPcweOF9OEt+opwezCn8zMBjGI83lKYxsSU7uUbs=,1
h1ribMuzdz97UJ5WnnoS7hfML6rNINm+c9f3U4eDUZc=,0
LxBrIK4cvkzE6W30kBTXunLRSFG1tmkg3Gs63+7udBg=,0
paLsmYlMlh3A/PD/FdNiZmt7l+zcLOX19MpDzLH6A+w=,0
tlBTQ0ScAl1hxsmQuGfjPOBRIyUCtbHQZjjz7HNXHa4=,0
ljQmzVWPPjCupRvA107VkGZkHJmEsZ+cdDQCz7wgOD8=,0
8Kion9XFybW166NV8MZH6JAFyQlrD5qizCNtPMmdbKQ=,0
VB8EmcuNYVBR9vQzMY78pg4x4wZJVP/6Xfh+KM0I9AM=,0
2c0XcYH3wRHM+XGALqO7pK7VMCq7i6v84oBtHUNtQCA=,0
DUw/D1rcHAiiYwVKkCinDhKErrguouMTrYZu88fIhSI=,0
x4goDb97xZsz6bFox53vBrQnGIU703b13A6fT1oGsfA=,0
vG5GI6giQTSUGnd7aeDtUTy9bcsuFpf/qgTEre1IHkQ=,0
XnUFmaChrEj81hDbDnE29eh6OiirdpLE3np9ArHueus=,0
7G91LKYB0BegzFCNCbiYovdFAL3W0ig5Izv6I131JKQ=,0
lxO04ZTEX065p2MMBya2mjngwmqWkx9jxv6SEnTTQNA=,0
kWQ/729uTQGw2dZx7r01zUDqmJHbs+xQzuEWfyksdvg=,0
VYh6VDz6A14V75Fd6LU0th+b7JOyQortCIFBMfuUrCg=,0
VqGNo497FHarWzHB6IeNPHzygi39aQsi6OpHZAncBB0=,0
53CmSy6XMri5RqG4McJhUnQnXE3ESasXFqa0MfiTJ6c=,0
TNO3eWhZDDl0rkEEOOktrymlJFY+3rLEuaTLfym6T10=,0
y2TPgHlv6vJ/iWYrBXiB25csA5vGGtVU579wA+2GUA8=,0
8bgN2UrfZcAnhqcVhWuIlQxi4p2qgfZWYGR8DO6nV5o=,0
Lwxcn5eGIFcLlTDptnmi5ZcQIEncQ2q1rDk17u58q7U=,1
vZqfu3IA50ZeCEJPXflAXJnp72JSSersmlavnJ6/al8=,0
vD8CqgUzAdmnR1tSy0oQq4FuACUiZovT+LYTXOqN3rA=,0
SGWMHjPomTHzynfPy28TveHSN10a6AKKIIVYr5Xg6zE=,0
GgEyugCp3bJO1pkdU4Hu466x7iN60v1BZ8AgNj9pDSU=,0
QaSNrU6pJAZj/iiXieJqJ2Q5/s2g2Z+Z1jou75emH5E=,0
AQmi/FNwmKRX7Jxx7PJd+JJDWtX1GrO6JMhwywA5xYU=,1
PJINIotGlpnwrhi8L+s3KjSzJDCXrZ7fq7dEmjpj3wI=,0
Qht7EmzPsnAoAc4cuVDyYD4ZYgA/lwaWFlB5Wf3T+QQ=,1
agMHWR0k0gcl3zSvEUg91Awa8mDkCCYAiVxoj69nUOk=,0
9BzZ+olK5nAbC21AiH4nKkF86oiNK4rYfz7SH/Ro884=,0
4uXBzD4pH2yPDDh+QwTvq9F9ulldZXQyFNjAQ3CSDIY=,0
KuQlsBB0ELxfq1oXRWG6WBtOd+KwlR356eAjbPDsRjI=,0
woNDYMkSp7SRq7vB7N5XznTa7tScAKmukszOFeQUuak=,1
hCTQNlMYnatLrd2b//G2KUWsrUqtaVcPrSQHaXZSWt8=,1
J4hOlZSkowl0CTKOePZR3lL1T74KJRAmIk3RrD3naaA=,0
3yG0z0tP4oW+1TAtZEEdW6U3T1ksV2lEfwZsfiEiFCk=,0
a/PkLuP+mUFDgpxVwj8ihPLv7+nGF0jRMqK8SR4AOWI=,0
q05gMTQiIyVywwfKfPU/GheOx8VUWcnqzfUIG1vInoQ=,0
1cSvBJ3jl1uQ3D69RTcJVV5cTlSOauuYNypnrcxysM4=,0
+Z0MmdxOrscfKnJefX/gLAyt2fabZy89De2qvbRDU2w=,0
JCvy+U778uwjMDNx1NaU+6pJPI7lrmg+Hj+Dvvy5b5Y=,0
hOlGbdgtfiL44rqxkYPiHuEEvRsgCYxkZRhA+Oz9+bQ=,1
AIqUXkVxf1Ddkvi19DKR507K4ynlyteCKwBLORRKqW4=,0
IN4iFj1u1SZB9DB3DDjbPDEpP+Z/ZQwRI9EMpvM41N8=,0
rZ7dQ/7IV9I8mJFLEHM+3JeLMa0VR0HCmFmH+Cz+yN4=,0
F3aPESFcYdjTGJahmLTqbDhXgOAr80fFIYvmt+LiQak=,0
vN/4aH9j3KEv3gH8vN7n23/jeohzQBKg0XQRBAcVNU4=,0
iFIGUnrd+xjUcr73xwmUPt1+xmIClIO2w32jt72q62k=,0
Zmquj8p9+iw5fvqSBy7BvWHSLV6V6fpr7xPJLPCEFis=,0
Zdhg7oTeAmZhgCi+BKwKBrtG29hGfnPIcFdzFzplHPY=,0
95u08OeyzPPIzd8vycSR/yGSYf+7e+WX9dFu700izok=,0
sDaupxdH4P2Lz54gFreavWJZ/odEULu99deM1TPkz1s=,1
lBWAuUQ3FNGX9yKTHV8/VD13nHZiiz1aWF7RYi+qhxM=,1
lpHmhOrTFlLXPEt4Qe3La2Toai38xs6YNZ8JI6Pvu18=,0
Zk9AXYP+TD6hDhPbc0THu8M0jLzEx+Sfr7/xQ7RhCBg=,0
BCdwRTvjOv0KOaAHfPnas8UmlXafJ67b59MYP04OCcg=,0
w8872AkJoZ5LkI+8x4oYWF70KIxI9OJrCclsGPhcTeg=,0
gyKIbIaWewmEY90uSsIUSY8RNhdx7SuT/OMYYJ8S4WA=,0
xXJTRNT9De8WtHxtvaMGIx9xaRXoZA82rayuKgrwJvk=,0
woa7I+hnxoi97ShjtaDU/ZdtHVvlazvN4U2sXNCPHY8=,0
9HvOBgdPNh8an8R8u2qnx/rj9SObaUyI5LVDIipxhMk=,0
9pHOzZaVsX0LJyXfgNQ1pdwgRJZ/YOOblU0ZsuBNocg=,0
t/eT+Njq3Vv/xqjzzmFo6YbrX/BrG/I3rjhiZzK36Ik=,1
/HDpo3LADvRgeurvJKkv/eYbFfMiAHSjD8OTRC3xD58=,0
96Zood3ZtkxX+/cTeCUoyDCTe/e8EOWPjSxbi4yMF0A=,1
Lc9US5cXEoyBbnepPJZV8pMAWl5SN+rt30dB2HcMkwc=,0
4Wv0rPa633yXYVl7CA8ePJOc4Dd04PYOksBtO/QT7Rc=,0
qGT2xHIZWPp5VQ5SZqI+wBkQhnJ9JrHht2lHz/2c/+c=,0
EWWe9IyQnqUVjduU5txlsThtdniBNpKJt9EsDdAEDBY=,0
52ENj4t9kgGeeOvUtZCc8w5WghlRpWFUieg1IqUUp4E=,0
TO+FicDXmad/aKmwBhD2+j3kVfQaDG3CRJ59aNb5f28=,0
PURrflVDpYv+YhuYJgeA7/jUGacSKkg1pPkFSoV+gPQ=,0
2vxMS+4VupszGGUe6gukwGjR+siaXxQTk81ZcGlu1YM=,1
gWIAbF2T9zSpvodkRVlo8JnNyefS4usKj061HiXFr3o=,0
wVybfUPSFyZGvqpHlHpmrgzraiB7nDBYKnygqYYCMU4=,0
WLCvSdYEkzcySq12UtpxKr4a6d9+aX8rgGSVum3uk6Q=,1
XMME9cX+Q3Kis6wW9NMtJwoeUTnfL2DBJUl7GBppo6M=,0
An1Sqm6RRY/AKvAtj7ScoC4xICTbUdyEX/GR9aVm4uY=,0
+EVpAHt3XaksBNcOnPGr9uD2MUzq1s8EO85yIOctx+I=,0
3HFn9mCaSH31h8N778NqjfxfoxQlTm/WxX4R7PDmHyM=,0
+ONSEE/KxtncZWQ1zJcu2uNKreh7XjuUeGx6KnEm1gE=,0
eGZQsL/iaUo9vI6NYurKq8n89IkyCWk90kQbCq9ppj0=,0
gjAFG0wIB3a0qPKeCKhZ5BM+ITa9+qQb2FeFdpFFiWs=,0
edQL/KTxJrzgWJJpzEaH53KdUoh5lDT7egAcHI4DmCM=,0
3ffT7Tg+wbx03KLBJxu5LfipkHksdQOSbqScaAnL00Y=,0
YG1bmfeuAIkM/lGTD4/jjgYE/c4l5D2GJD3mkqfYpL8=,0
xYWrgBPeWwQTu6YJyGlALtKBkFGv6bXw5GhZ8PcwUpE=,0
Vav2LhWfN8ybhhtIltHsBvuk0/ljFwO024K+AxRmwOY=,0
bvkErrBJCMkplSrBL6M5gF4aSEvk4CC/FUjo4Dt1TnQ=,0
9l+jfA8AvWch1TUrc7ypx/hq+TNQy/za9hmt/PZdZdU=,0
J6nOnWCIOpVqMZue7/fZzijN3Tf/rW619JYUUqBN0rg=,0
6rp0OkSLmHucQyuJ7emSNr4x4Uuf8bJuFKAvQOdZfjE=,0
H9zzoUtEHux5oXgiNpYOIhmTopbUXWzebCFASPhFlxA=,0
eABY99fhKk5IYcg3leHXb26KzmCEojCpKp9rSVggHgg=,0
5W2dAWBhXvSwotXODbAZZfLX3KrsZXG0MH4p9a3T+ks=,0
EWVBFH7TCwTYGz+Bu+jiX3DftAk0oSuV1CdQjpqSfog=,0
qBY5nQwOms909a1VQp8vsqKR7tthkCz8RQpIh8gkJMg=,0
tjFAK686L+XbRASiBww8sEVzieEY5IjdG8hzow0cGhk=,0
Tl70TJQW3GmLWy5J9h9uozLrQ85m9MOUHuSDEtOwOhA=,0
kzDV+UESuWA64hn7iFMh6JhpPo7as7lrjCIGeYq6T+4=,1
QJ9CySwCo+iomREZt4ZMItswwQ89yeizbBwsBIwF3To=,0
tZhu18Fer4n/dfz9dmEQ2EAx6UTfnoJQT6gWY7AYQI4=,1
Be2ecbyhvP+THln1mIojWIkCc/boUvO4pZyIb6dy7Og=,0
E6v4vWCCVs49wuwdt5qXMyhf9SGQvf3yJV1vWQxjZoI=,0
zw30zrUQUtiWnOYVEj4aMnLb13ENvOYtnnWq3bS9Yl0=,0
ZnJ6JsOaj1cPEhO2UR8IvROMQsCBNeMmthUnS/IAUXA=,0
gcFRfUuJ8IA6jHeXuOusk6ip0751RYOonpfPe15D3vg=,0
hEqIL8HWkM6An5YRjTUvz3QUI5mWOve8lWAFojrDk0A=,0
ObnrqrPvMrF3eZpxjRF/F1yQD5OCm7GpoFMihY+3tug=,0
Gg0k+Y+tU6EPav80SZIz+CK3sYVXc4zDWLC4moGMLb0=,0
hO/S4jHiHns44kDAqEQkgMZU7YF5oO61tgKZvZR2FSQ=,0
XqKf1xcJqQimLC1FfQcg1S4mjgjS7qDV2y0tmcmrV1s=,0
3+lkCudJOnRDbCJkeCqPn2DaFfHC+oXbYITaNvxC6sc=,0
BbfnM23z827SHpFvjerUe5NH1EgvVUFZLkJH1s+YbFE=,0
AcylUPbdfbRKBl3tJMFQNEZMs/tWKipvdobdtgvqmDA=,0
w4wQZxNlGqojocCYb4eq0gdzWs/X1tku9a3RB2W9+WQ=,0
esgDQEQ0W6k9x8ciIWNl43JYfss6WIw5F22xp38x4p4=,0
BLP7hkAibJqq7+ANZiEHKQkfiAZ4CHGNWnxNt8Au3ts=,0
Qdzyt7XScr4e407dXDgDr7DTJ3aqS2BrHd3eUwTqYy8=,0
LtErgtrCU01WBEyTcls2IFOKk4EoMDwyO9mscOE9zoU=,0
fnZZsrozsxaIoum87JPMYRT6noAokEaQITR5O5lEtTU=,0
/lMz2BYHyd23eB09ocuwu1unDXs2FEw1OM5XLesYAYE=,1
KMlEJsz7oYrcz6Iqj8U3CjTIy6XY4UEBaBeeWJcYriA=,0
droVCwHrJo8APbrIGc/ISdAlOWirnLjkxbDHQfmr5sg=,0
5fpjRjtGXHK0XHzMv0D/GlhddMCGTWav+DPeSlH6438=,0
bOdTl+pDIcyvyZBTNQhh+G8SZ9yqdrZsIow4MV7C7TQ=,1
LGttZoGAw8mbhV2IfSm7aMKAs3ki5U6IICkn9NnLD/A=,0
NFn68611FkCKA3u5BeVia0yNkxbRwakjKIf9xU6SOT4=,0
H/oMOzWPycfBVrkhmeXciwrAA17xggPxEroRgLM2o5Q=,0
YhT/YLNPaEw11soSCt96H4hmqC+ZJdhyGgUOCws3LNw=,0
Xs2N0x9SdL+vSIFF573TFi5bOhVD1JonjNB0fzvl8Xg=,0
8+WMhVEtpw/ZiMdVMfAHc3OMmtAzl/pszMfUtwluNJ4=,0
tNm6GbKtfB5s4/P8GeMYT5FvA8y9eD9Mf+xFX69vQ58=,0
HhXzpqzfxK7EU/FLXFH8EMhvSoSwcKnlRy6p7OJMkZY=,0
anX9d7WxGpLxvVHBvdhO9NXEVJREgT5CxdO/7woHm/E=,1
k78HCu3fYKlKJxBeZzpC1BEpM+l0R2gJdz9QjGA1+Kw=,0
C5Dinjkpq6qOQ2V6QDtuJUYUDEwqENBZYUanw3nfv7U=,0
dmTDovGPDRKu05NXVlhxBXUaoE8cYO+tIxEZFFWxi/A=,0
eS8ya1AsmyVkfW/yzdAqA069JWyES5YULZemVPAAIqk=,0
BZtPI8tGdkERvPm7auid8EGL0FRH/+G9Gq1JBpZjk5M=,0
gNhSxmGYTr7di9gvqDORrKeRpClbRYgMUcAoy47LEug=,0
KUi8irrUgqRir/8f9u8n16yPa+LvRiL9zkDLM728P98=,0
f/6jSqNNjAMdsD68YN2EwPR1ng9Z255qdx1kCdQWN5w=,0
Pg5ywc5juseMJSaMn8cMJK9U/6SZw/C3kWeEF1egUaY=,0
qe0JxVpjVU0HZdwMvWlSaPKdbceMZiSZi67LlyJlhkA=,1
dk1aOrLfkjKWALxf3yf2vrgHgYbqd/1dewF/nFonu0o=,0
PUgKVQ7ItaCu5L7fFMucPM2S1wIGE6mF8P3u/HhUzfM=,0
TrVECnG4mfHB+Ja/YlPrvs95o2uOtSCnOtd73/1AwcE=,0
cYXn2p+yIP3vBHzVQy9bebB5xNad0Ze0DIJRvCLOEqg=,0
QvhxlD6oDRwB6L79fwwF6Q2N9ylKfa6q2XOHsuMQgPU=,0
qlsDgpZngn2F+k3SXGAsr7S9nh6UnT897dop02lZpKM=,0
BkLuZj+9qo4wovYn11Ezhb46OW3i8Vwlb78k/5qGSc4=,0
0R6Q9v65LAPBg3sAoxXlqlAbxtKY51IktqMfZl3pnes=,0
Zx/31SsqWEzt/3j2Z9CcX3UhcE7uR5wvNaDiJk/8S/w=,0
QkuDpulIF3ii6DUIHuDvA71MvS2XL17PCEFOkid1amI=,0
vd7CVKPQvIvWUuBDzKiiLaEbz18fqezvhMv5fSjkFb8=,1
H2n7rcdszCHIhLxKjMB2NyFl2lnV/JCprorukm6nahk=,0
fpLunxRAlY6V+3WFmJATrWc5r/dMIXP3eIBpYyiiVwY=,0
r1XCaaoqkXOOvvDJmE1dDvym8F1Z89Dhqj46e0U7l9s=,1
s6e9V87G51MmE7Dm/omA7DO2P+z1ag6O/j5aQCZWUh4=,0
05krNHQyov3b48122VGTyrlydwqueFHwhNIYuPUiGX8=,0
/VUechpdR901EUmthMWXFJnOp9LQGs9u8A0j5pirtWU=,0
Zs42RcKaQlbXvjqZ0Pf3kxxm5uTuMRCkOznAVv1nQ30=,0
Lcm8lANBiUiWtiPw9H9+dwENJerRBrvgWmhBl8DjoZE=,0
BERXXOq0F2DxI4tGAsaAWnO2qogV5+LNSCnTLQRhYIY=,0
e7ZwzQ29TRQp2Rq/lMd+zl8MFvMnMo9HgOpvgGITtlA=,0
wZ1JR8chs3xlcfcaaQ/QhaTC0BBu88DZ6juwctD5xs8=,0
QBahLagkpQkBy8tKEV2MfeIKP5QIPjAgRaqBCMfznSg=,0
9I3QJZUuD/bRm+pvFOTQ7vwPhFviOdPIIGEx+brERuw=,1
Zhgx5EoZ0/gqwv+/kpOHOnmWuYxTjmVkfQwfMK/1ICI=,0
ZHQyYEJSB0hgEjC75uVLq9aWaaQq4cDaZlLGkC3CSvk=,0
y484ExcBhEwzl2PZokC4w+paW1B85I8h/Q4gfzarfSA=,0
/3VKmuNmR0eA+4LVYE45XYycnYnoMgqVkpFAmREC3gY=,1
chpmMpjn/1O31iAo8VN+YzeAiXijTQNf4tTZr6O6LRI=,1
4SZBmxLz3PVAaViPNVnj4WoMobEjbRyZqXERh9eTuVc=,0
vq7V6ZnM+fJybuA0/ZJBgCxLC6ZV3ccEZzky2xlwnPA=,0
kVuPSlB2dcmzRnjDVQdkJC5OF1kgSekghLoFHG4udRc=,0
Y0wz8bBSlh7vb8HnXJNX91cd0XXwKKCrB6K/LUm6gfo=,0
Asg8rnuKMW+36fRJkde0GW97JoEXgqig1Q41Dk0Y1C4=,0
rqXEfU9zRTlUxq8iptD9WA0TWkTx4pSq2Zz2ej00abk=,0
dTkbFXk5B0Kzumjf4eSA56qKH7uyGCTPpby1OfbmVWk=,0
pck1FWzI5oBILb9Nx3JUN6coIYvROLcbeBWtZLsGj+I=,0
pX++JZp0zz1laCl9zy6qp0CbAXA6AQeOLVHnbAbV6f0=,0
+oNo/QDeCJJ57bLaNJ5TE9qZpBk3Ue/gFvIAp194S/4=,0
2zN9D1pqXD2wBQJ+6LrpRb+0QdLLjaBvaAnYkx3J/yw=,0
uu3VshAyJ82Vgp+zbquatU8+aKlxfbsbm5xzII8ZWjk=,0
oza4ewI1I8RKJetPOVCH4bW1ssM964TBc0XwM3cBZfk=,0
OAkJF7RPTHazWAEvnueFn6lfO6ySzvtwV7h6OHfJDhA=,1
gw3JiS5l6biPIx1s/hvZGKReVbuyx6Mxt7jw+SJP/To=,0
RYDAMccfLOROgPvNuslLutcHK4vdlDCniUmSmUT8bEI=,0
w1GEnSjUu8xk9QbDC7/Vjo6HIYXzeHOEpyCxK26Dr2c=,0
rurYOPI3vBzuhixQePJYcO5TyjAvb0sP0P3wfs19QFo=,0
qlJcQhNNCpXnI+B4/476tYL0tIik1biWnEPvA+LKiAA=,0
Tbo0e0zKBASFgGNyEY/ErfiMMMA80D+2dQID0zhm3E0=,0
03oWeoFlb+MSqLcEMm/+FGofMAgrqr64wGFnyCUolOI=,0
VuHkjCoKuAQ2rGHz3JTOxhm7VCpCEiXcnxBo8kvglw0=,0
g6xUlubKKO5KuT/wdNC3aLdfa0DwJnLtTYTdF+TTSP8=,0
XluKcJRxs0RHNJ32r3mj714pb6Q2FQ+o43lurzRmpu4=,0
ldxDL7K9tU7L3k1ZzW6J14+sOXIQg88sMF5dxq2Qnm8=,1
pYI8GLGo6+EkiahBHwEbs6UR6kRlkefY65kJEkjX/Yg=,0
AQG32sCHmU2yq71EhL8N4v6kpE/8bLjpNBTRuPVTasY=,0
0h4jv36m+C3g4bpNOmtgGeoZxIy1e3e/B7+QVBbNIBs=,0
2vYahfCUvD7e/FRKQ/hDxJpsNdK7fsSZq+1iA8ircMc=,0
czzOdYVmSIzZSa4Ov1ek3OHasTk0xjvDYSncSfqqpAk=,0
czjL5mvgbFIE8UN+DPc//4x8eY6pLp2EGMQSM9RBhp8=,0
sihr929xfO3YzbiaT2SQhcG/2qO/TcXtGFcVK5wVPxU=,0
LkN3VN0MaFmTnSX5Abs9Y5tlJbTXjZ9XQga7xLHksg0=,0
x3VVzKEvQ7yWVXxwKi0GyT5NhneBc8oPQJbK3MqQt2s=,0
5nu3GhyYOuttwL67gu2fPEQII0IeE8uuPwqNG+PN1jY=,0
joicZfx2564Zazs5/ZUxEKt3ivWhQzoYJFCIRVdXmbA=,0
02TIBV07DEalRmHy30cZqXtsrWXblAsFrCdfAWzteKs=,1
4lD91D0jVLFvYpRCW74EQ7N9FhmN4ED3E3LFK2t2VAk=,1
UCe/JflPmV7msJM1kCM/maPicvidR0zORADn8HZp7z4=,0
DU+nLtvZGJ8Ch8aytG6mqbOn4y9p4+7DaGEaigCDlRc=,0
jJcSIz51DA1QZ5Wiy2FjTvHGs03QyVrC7OT+HYZYE14=,0
P7zj00xSmh7kheJhb6awZ8RAs/wk2kuyIMo/GWfF0uE=,0
zKZRdwiFT7m6en0m5oH6Cbv9A2dQf3EZzAtC2EqCjtQ=,0
F4w4czWuJpbCguixExTetdxa6s/eO8ZiZ6YaORAMNe4=,0
YNVEWXHTF2LnLcO2aQtCdv0+r3Wqn8lJXUO8kXNV0Zs=,0
SiVCljdSFXa29mzhoPn4Qaa3FsjnRe2cQh+LYb0BcOg=,0
bW+O6STxD2B5oFpjISd16Es+WK9GqF2hM6NGiOf5810=,0
polf+0QE7s+Iy1oSDvjFu0KYWXg2KHnqA/JBZSxP/us=,0
MsvNPZFDZYB661tYQUz0jejaU+ksBQMPWtvWZEn4qg0=,0
41oKaQQ2+iRATT3wSAYlvDdnowx3h0NL25DboDji1Dw=,0
ioDxj/xBSxqhlEbeBS2H3XU1r+1MUCHPDm9zug3yHZs=,0
cqdCsgJaxPecCPTCvGl2LnXq+6h2oIfYq1TnuPfwzT4=,0
pFgm7o8+IMo72CGUyA56H8PqfTpdW+Wx8CCjZB3Rp2Q=,0
oQ9zY1uMYpsHMYylAtBfIfQZPRa6vGj9j7k+YUx2+00=,0
2jqJbuzoQT5lsJ5fu908Nh18iaMdQYtz6bhhmbDq9kw=,0
FrvzbgAzQUnxQQUQOl7I0bfhVtPIvFHaQQeMjsqWZkM=,0
pPvbJc6rDMF3VKccPpCel9q2HfLz9O5TPRDnWyJDILQ=,0
omMsFIuoCTWoQ0zVauXYzLrSb0XuV1lxBfH7BbgyP2o=,0
ajeAMPSGRe0UpXcwagk5GNXkyInrSnlpaQ3s1OMRZA0=,0
fEahVjmJcb7+gV+RgahErCNCB+lVqd1zNZtZ7dwAJ90=,0
tUX+Z293NZX0m6Jh+WVIyLMXvvhtfsyjaPEKzElYo4s=,0
ei6N2yLVrWeRHMsZtdecO5+7DetNfGEPtXu4PrpK6k8=,0
rlH0HZE6uYDF2pMR9vKLeEH9BTtO/P/cBYLYkxPCe+M=,0
UYFnTE44DIm7Dbxpu/Rn1U2Ge9GkqglQK3G5whkAioU=,0
o9Mk4g7rGKv0I143GjylB52MKuvJqRykWX5MGbnsP9o=,0
ttZZGG+aEYR14gGVOssPvuBChzYnfaLWN9AGvzfVix0=,0
OZo7sZOyRN37ZZ4BBV2kQFIDi3uI4A36gDcyacm33bM=,0
J4w8qR2h67QvL0eEgXhCBX57cLhzAPnp2+NqUVtVf+4=,0
6i9uwvyRN/pfPp+O5m99ABsjNPkUGC5t8UYG91xedx4=,0
v1rj3Egs9IM+Oe8LU8IqWhIA+1goUyH+uhVvGcILx8g=,0
3EGWc1RWKOo5CJQj/y2H4d6Szbn+vh8vPjNVXfFZ3mc=,0
ufPXKSbosD60p5bvXaBmZWR7fIs4Pkjg5DHr422FNkI=,0
z/J2z6DM/rbZhsbHTICKJvuqAgPTyyI5PwqGPJjY1DM=,0
XUAEwwA16lp34IatOzNFbwBo3nH1AkXxXcKruc80meQ=,0
+Y9BqpzlJSAMkAwGJd7F7ZfVyHeQo20W6eLlnlopAMs=,1
HVSVMVi7iB0zU452wxSJ/6XY9swLecxZdn4mnty6Wsw=,0
kn/crVxikWVOKhiKN5xOyRXZQozpi2C0vHETxSVjiY4=,0
NCLy7tBHXbIOd9o62zRYFthnhlXhGCYIVwSwN4iYulc=,1
vWN482fwEB0Qcvl+dZmXElHXomsyxtnN6d1HafsX1bM=,0
p8NPNDVHxUNST9llasEgGRggLcG5QrsTjLDaAnL/W0w=,0
KTcQjn1wDkU+TdN7Cpw4x5IPQkpXq8KYMHGAJP8EckY=,0
kx9oabi3Sj67mwETvPsw6vxyT0BJECBmOFuMFcOm44Q=,0
1G5C8a6wfyvwASex6Plgje1DiGKI3QPgVm1QDhy/b3M=,0
EY2gW79dNNlIR4VJ70Gm3MQ94ga4T70njUwKxjNGQvQ=,0
QgaHXlkGloQbRuKAN88Exzv/r/V7aH+CIXkBl3IxglM=,0
Q77MPYx6CPmT2+iPI9tepFi54O+iAO0IYFMspRh2g5A=,1
DFHFEtNJ6EsuDM8LMEsUG3xRHeN9TZ1FEIQXzfmO5wE=,1
oRvnQyY5FTERN0FXuLvRUwjSejKtE3JMIEusVDbpRnQ=,0
rMPw/33awRQLo+TU9XROHYhDiMx2+jrEgCsd4D3D5gQ=,0
4YFwVoEk82tCa7ONb2LoTcGBtRDu1ffQ2tk7D6peKsw=,1
KdkWwZCwNAZKmXx15ujmkWAbR+ArVZepQ7bEr7RRm80=,0
6SyEBWHUN6pfO/8B34wZHIppcoGgyQ9lO2mmCP8pmFc=,0
XBlF4WtunoBq0PUCozlZcdeCqeOiVUelhf1f2+vhoKM=,0
JCtz3hXZfORaBzQzO7uLJO0fOIaisGbo/7ESshkxoJ8=,0
+dWbdvsdHkluXno31L5fnnM5rEYbDrzVmZ/YBCi91zo=,0
BrHucH+BW7EP6c0C0RJJkny8/54pmku8W/LB35678QQ=,0
GaEUmWJwStKdKwo+ToeNC7+8aZiJG938VFieusqyInc=,0
iEOB5i0FpQxdQemBRSnItiu/OGZWi0EEFji0RBBBoLc=,0
CwjozLKFIFqPv8YLFl4hlqUfbGrKOL1Yo2rrxNG/Irs=,0
30clVDuVNxQxcrGxDmernES2T1zHTkxZIZaCbSpTMYI=,0
cXJLAwLoHRlJFfw2+qeKk4918nzJSc0FtJ7x3AU8YPA=,0
sy9XR5PT+AO9g1ZQ651/igSVbqoFM33tZbmCoHKDUd8=,1
nzeOrZzvJMHGTh3+vhJz7sTPasAoumnerNS7KqsBYbE=,1
j1CTOWdIym7YcZPRCPBmkVa7lp9PIFIyNYmh4Z0ue0Y=,0
EPl3wFCgpnxzuyJ0Fe6q+gSc5ZA0MNkpcWVqVmsqRZw=,0
rgyE/j2Opl4uJDZkoAySEMAkTfbIxLkxyAr6hLmTCto=,0
jYIa2BmAl456Bzsj231EyDJhH+pwBOqK/w3FMF7/8Hw=,0
5WaZ2PTPsb2a+V9eXzqRv/vcrFiAuFoxPEnERw5+AbA=,0
1Jyj72CveKsb018N8yRAITFYdAXLidAvu3jmFuOU1aQ=,1
qNBrbPpAyntlnyYIQ9YjTmiRyIQP2YwnNbmPbD72T1I=,0
FsjI0gw0RdhFgCTW4DZXIYlvWD/0yQoQRFY/qQRGCOU=,0
byTcOm21GA5W+pToGhLUtz/NWIsdYTxW7KTw6yDoKVM=,0
AZ7TAzQr6p/+pZZpKppvEMh4v0VIQuBdvRY0p2YTyG8=,0
2jCu9Mib4U1rhiFy1REZVlYrsU8BOZaNkRBMPc4lSDE=,0
wbZM0VmvfF54+xAGGlXul49JhWWsc9MkEbMfU+bQd5c=,0
GvRw7iX0wZv3h1nyiF3IAoT5Nazck0/OcP9XjGJZb34=,0
6+WCsmIk/IfkiDaNHJvRVofX4nmfL3LxpWVgavZGnZc=,0
3UTJYIYGOARJxSdogrq7bRHYebl5NqmrhRxbGA9Ev1k=,0
KgjMU60+F/ahiFQBuBcud0CbnHp4XBj8R2nrwHKtOz4=,1
7PSVa6etSEnDme9L4A8FIFderIEFbohd0AwWL/WFptA=,0
2S5y7y6pVcW2X4cSjxBbbfrZGbWy58AJESh8PF87wDw=,0
O0EbngwjVPUpTiYjSrHRQsDpojsiVa/roZ1MEuhQHIA=,0
eOVUmkGUbn+3Tbxkr0mPiJZJdn2lXMWR19A8d1k37LM=,0
2jbZ19AMgD4S8i2973Ln2lpMMepo9112mRYs/FhzO/U=,1
4I7LdtoHTmN7x/Xg+1Y/DH8j5sbXgqExlHA/fM2cxM4=,0
HH8Nfplhk+n4zuvglyA2AfyCDBfXdQOX8n2dL6sZzYI=,0
UEMZ/1INRA2uZwZ3u2WxAbCBwHa6fINqNmX0BN/kEjM=,0
7SxoP2dqXaXSS3YbtUcweFbQHtmBKcrQkDIo9niPvCk=,0
VUjqEIrTGRFLBg+nPQQ9rFWGg8Mn21hVbxgbKUnnc8g=,0
zdp3vL0xWAFXuT8hEMYG5joNoJy9CTZvH4dUXgFpwD0=,0
DvCe2B2zGFRvbY6KeQDmokAvV5yIfQ3x4bL0aReziws=,0
RDzfAQQnyWZB/Q263Fyqm7o3q2RvnZyaxQGcG6fG+BI=,0
I+bmaKMGsjNdcHvjFkNdKuDlg4JVVvslh60pNe8Vw4s=,0
82S5bo7VnU0mxzNz5dIlHcABNwgk3F7tnfngJKD41C8=,0
F2wH+37HShXgEsOa6XITP4F1MyZhFzvzJ82KLPZGKnA=,0
G9CWWXzlQc6sVJYj29yJoAyJ87upfxEcILCyqmW7+e8=,0
qeo7/7ZRBmqaLuXtXmMaq9xMRmDIdpbdYnVfnuj9kCc=,0
ca4eKAp+tk3v+24JbgI/LEFyGJ4Ye688SZgkBS+7PZs=,0
5DQDcoAktYDfnlFU2k/k4pfcwbZIXRKQ/1+pgAhZqvA=,0
MREmErF3UNzF+d++vcIw5XsFzy8unkDlL0qcGasBumE=,0
7yZ5TH+zfVJpiltE2dw9U5Xuzgq+2znSU6r9inAszn0=,0
Cqxn2WsDObC37LHo40+XAvD95tNPJJn2C6bkT4B3YQM=,1
xsHVC9Yp+V78qVWExr5ZjSq7glx4uJwAlT2DYWrt6no=,0
igQmkj0eoWXehVb1HaIcTJm3j5Wx1LAde8nR9ncJiTg=,0
ANXpz1rBajXnPZ2cx34Yk0JK9BJ1gdoMFFwCMVTF1gc=,0
9HCPGWwleMelUud/ePakRZG0L3ieDGaAehio3xE1uPU=,0
/L7fJut/3lNxGTyfcDHMMeNLpnz93D0e8dJPEHLv4Nc=,0
4B7xJhLISd+dT3UtbnIAjUk/gl/7n3lvtljPEnTsKjc=,0
tSCR+ofvf64Yt3a6C1da5iDOxMr3loc0g5EADs8dMkE=,0
pCGsPMYdSxNQpxD+XY3D7NqHx+WiAWDB43x2OCL4fLs=,0
5fx8pZVDGPt7ZpVOjJw2/RnF96Z+lqjPa6RqV6Q6b/g=,0
+B2soXvvN+eSpexkDcRdg1ZlR32Eyg6EipLg+RCKZmU=,0
OKDvfckbc/r4o7VZnAKLWXIsUy0POjh/ltgLFGr4iFQ=,0
QiqpP+D5KQR0gL/55RfubwSKgLOcz//MnAeb9/5L8vE=,0
M+yCUn+0kBCUZNffoe25OWKrFpIcIVbIpxvJDG8gFH8=,0
IJa+817djpd2HUdGBdTVgHmSTvwm2CMhWSS5PdEuDwA=,0
DJO5W3YYUApx0F2xlfOo873Ikg7H3ZmHCJM1ywIXNgM=,0
UO5LUHzmOnNNa+xSt8rlTbf6+uTEhcQ/yMWHQFPD7Kw=,0
SQbX3AsqWvF116w0kE/PgTBc80OSmwofUyI1f4Kbqeo=,0
z7DxKhLoh7sdm/rsvg52YlV7/aFUxDaxpn3qZI6rjyU=,0
LhaHW2tidffz0iPux/HthBC7nNZ+XLB1WJyfZ/y4ckQ=,0
E32WudpwSrVWeWRETc/DiTiMTmvzdqQjKd+fuF+nwCk=,0
bYnPkQzNeZISayt92moyGHcwopodV3TgYy94P3QtqWE=,0
+v01ipIHmDytYNZXlzDQPKnW6nbSvP8WQHq4hulRCzA=,0
dqHqlLP9zOiVQP7qrdAVSFJq5076jxIsKa7uUsquc24=,0
6jNgQq6/hnIKE/lVz1eV/lsnQyElJw0+FC32/0g5v6c=,0
mrO0JwIfKiG7jaTuyJYTtsL+KexRzkMiSdYZZ86VjIc=,0
SIOTdmC8SsKfAprmV/Rzi+XOHlT/HXwZqygleP43Z9o=,0
YysTGMacV92eN47QvjvcTe29Zmz4DLrHJyQuzH0nJa0=,1
NzVMZ3HkOoNQLIyA1KSW3WBK5z+f4UhXx4ahIPzdD64=,0
7iQ4E0CDriXcmD6OEVX+f/LaLPgKC8dIsqssDyw9xJ8=,0
Lom2v7n+WgqHFvUc53U5bLPQGjl5YoaDowpnDq1rBYs=,0
83ltIlmWI4IDAvxkr8kSn4Hse60azb0WR1HXV4/YLWI=,0
oQKKVMM90q0SsyWugx3gselLjYqbUgLYzb0Y2+/zPNY=,0
24KkKEBYDd4K3gwaLCFG29AWJHSTivaa5DZhrEzh9Hg=,0
DSIP0bvOxL0/9NBHw/RN1s0ODAxQ6rDzGhHsS8yegv0=,0
GpsTESgLJu2YiMlozajtiVRmHMdJC74NKbhS0DgFGKY=,0
k40at9iH7kb+0yQltmyOJZD5etxTMjdSX4SoLEb3jyA=,0
bJ6/iF+pgWCqsnUNeIYZPSoMo2p2aex6bwZ/ceTmV8o=,1
YvpbtwxbPTcjFRC0giXmKWH1iVc+E2m5uh5NA3jadEk=,0
03v/2aHs7zeLS2QM8VSX+zIgVrEu2ncIyaxldvgMJNM=,1
wQX3w4fmyWhOnKzGM5FkuTcyk65KCTeZMeX6gYdlExk=,0
PImUGnSvxyEe1arGJcdLR4GN5qBl0/61gcURBuU0Cko=,0
0krtXHBNt0wI82uHvAoDzqB6Kc4IXnU7BIeV/DvJ/HQ=,0
/lantB7fYJ+gg352KlUg7OP4JdBhAy8C/yli7/ymUI8=,0
iIHpL3D4BJUFW7ma3+LZMQfQNkqrBlHz3I6OslS6zKc=,0
91xjhRcurqfX8PhPAND4HZhE5zP9LbmNuClkuRvvXC4=,1
PnYuGbg5k4rrFC2VeXOmarzN4pC/EMnxUVM9WZck+84=,0
dAhIi8OY9oJzJtQw9HPr/S2dB0atWoILMYVorQ2lyY0=,1
+OoaWS9Wi+rLHccfY10VpV3A+QLhVTEFRMWCfenwUFE=,0
zYOTItzCxeRkI9AYTg50bjU0MlfEYZzs5tgXrZ3KzKg=,0
nRvTp6jmryEgtfYeOEvTF0WUT1RBCmXKR5oKrY4tPS4=,0
ZlhNZ+uoGMtPsC8N3CV1DGsrvNqlqSOB3CLizyDKad4=,0
o9HoNnN1MjuYdL3VC8yN71bnd938Ox+1MKVJKkYCS24=,0
A59kQUiUrPNB5S19hh6h2k0bmI0o1G9x1sxrgCmixDI=,0
1H4ao07BzCXde4CEOygWjG9tRE9wOV5RH42wNFMeI98=,0
zRQdOIR/2hQ3yDFVZJnjZl1eSJhVUO9Kas+VL+Y8Dx4=,0
W9ivdlGcBTBR/ZG0gRig4jjhooxEmMQpTMGFc0rs8/4=,0
6YXKNTKJ4+rRDg59/1HkOBmjDI4P/3SGXniom+X8zbA=,0
L2tC+8NU/6i5iNjD2EzW/WVzTotD77T7weB9RNTTWSc=,0
Pghx4M9RndYrMOIY/FGlBrVDEkQadQI/XbO45JrwA1E=,0
iy7QCsKg/0fAfqh1RkopW18itG8pqopNQPeh4Gu2CtA=,0
+pYGk3g8uLaAGUF/kUvcswbwoShA+UBSP8AVimLZE7c=,0
4AyB4IeHdstgJG5NhwdGmxL2PqYEbsYDfxPtb3speW8=,0
vMx1Gqg/BMJSEqfT5TOLAlW64scDcr0rCzkMnpC/bjg=,0
1ExfFYKt7Br65QCl/yfHzjSfi7MHGd95c78V8TLqixc=,0
gTGfeG0m4IcUDx8qZnQ8/lmcGX+DfF+G+CVVnyk+4+0=,1
XLk66kgfQ2ywL2WacjJBIYPWOcv8rq038AHXRhdmEE8=,0
QB+3e1rMGs1BKXlM1x3wngIxhOSi3Wq1n0U/hMyAOSQ=,0
oxwZ6tYU0JybtsiI/X1LsFG5ifYSKwQUUmmxgptn/ck=,0
7Fa0h+SIG8GUoJTEzIF0hV1iGKudGztISof0WDzWbsc=,0
aZZ8LaBiRKuWB1JjMpZJLnorohEVN76PH2g3jHWCpMw=,0
BURpp3JAnHMjELCnEuuhSM0ia62QqQ8BxUU9X8QgS5k=,0
UASz/5cYSlRap0tpBLwU9RkEiIZxZVfSpm10uFQEQgQ=,0
qyM2X1u+Khc++s69qCcxLIsUU/DVTV9ajJgssEvDM9o=,0
yxzAsOg+O5OWBXERfkQ/EW5JKVl2MVK9fnJ6lWdqAqc=,0
vgIW0TFcy855iW1jA7qVnRqRC0+d21PgMHjJDpkLenk=,0
9/zJ3t8tMgTXWHKR3pMQxIS7M0e3lpY/Fc0iFoF7a8Q=,0
bwaignlKHpjGpaZwlmr/LdN+jz76rvCnkStTTbEqNog=,1
AKL7oSPcZbTZY98L2MkjHLTaQoaAUuh3BztfmdZeRk4=,0
LGhVlDMCDnlrTvKGg62t5778tRTNPBjLXVYgw2Wl9QU=,0
Jc2nGfNLAZa+tBW9RISXZREwcGPSz0+6a8s8pUSVgbM=,1
NtIPKQq9w7wFI66HGaROSnf17Ita1uxMzerrggXh6Pw=,0
FwINGgcgSC0ZJ+TxfbdBOhxa0XGXvn2WNhmxvaj311E=,0
r7ySJaGhpqVqI9GgBv/5lZpMIwfJhEzdkLRCKi6OH0o=,0
g+RWiNtLhOaTH2q0iFUIKzpQlGKFrmuDME7uhZpT1QI=,1
o8NAkdf4uKpGzXiZG8hxyVuV3XUJcUm+6fVzO4HXhw0=,0
UCXOGdmsGdLW9crmgnxtVd2rHSBcczoqSnPcKKACtnc=,0
urEl8zjqWfkxKu0lXGjFLDGerwP1Sg3q8hnU/HuSn0M=,0
mtEeEOrzAYC89oLV8B3OFKDQCr/gAIsgSkzWA0ioqqg=,0
kVWDXJpgjiFGQ9eUFWyErceeMT6KMO8Cg9Xa2lwZraQ=,0
Te00TGpf3doiTBOgVGl3OHj3PddsWe9xIig9jauL5Go=,0
FkhP0GuFIU6bvt4HLSTd2wPFmTLaOPaZMILliP25/88=,0
zaxIbwzXg7Dt/THHicj3HnTNlsg2R6ARfHxpiNow/Zw=,0
4UAsV1aOJ3BCNpcdtXsOb8MQ0vrOagTD8P+i1RkhSf0=,0
VsbrnPqDDxKxC+wNbsqpNSim065uy5IDN7LFfFQx7+w=,0
a2Ym2Qp8VweFiA6+/jxjRsOYrJpihzCsGSESVpgb+FI=,0
afiHicpwvXvrwL319A3r/PUbbSSqMhwnJ/lEOHT0e20=,1
gjS93DpTX5FUCNpuy2XpPfacOwDzsn53hnjY9dyjgqA=,0
KKE6lP4sx6RwlnW9jIb5zC3dB7R/UZytNMDofuSKcbA=,1
5Gtb2H9RKKwUXLer/7CZw0JB8jwUUtWEf3jDU1u3eq4=,0
NJILGQSPeItmXOpBPB73MFpYhIfxq+GqaS/Pjh2ld9A=,0
duuL4sC37bBF5P68jhXR7stOUs/6tc4kfzs2iruqJ1M=,0
HvaJ0ejnsV6PSUsmfqfv5IpIVYhXng3/nZG66JO3v7I=,0
/XSMUQH9P2TvjZKsKpXJIMM04iLNg1YWwW/nV7uDnXc=,0
9u9ZpJChJtDK2HxXtFL3J39dB5IkMMEDfoTYNZP8BYs=,0
OQyEqS1znTa7Ts2DX3YhgqeyHe5281sMARrA80cb5xw=,1
K1GzoFq1h8M69wwrfcSNWIMbllDJtP5M8DuM0tfGjQk=,1
HZmzcPYcDeV489gtsaNVHo3jU/0qcySqL0uQ7I03weA=,0
7YknRaW+HqA4VWWQsOtnL97dR6bqiB0FHOsj41dL0Ig=,1
VxxPGRYvzF0ecQl/M4NVE0wyf0Ft89AyY+VkAemDUWw=,0
RqoDG/8NjOFXDzqFIKO2xdzNm7j3PMSSXqQmDRMLRCQ=,1
GkzqQL4Z87ch8/vaIUcha+GOPTO3+bEGc6vX3jXdzAc=,0
Obc4zQXx1LaieW2vTlm/6Oe3cwfiVPuhyvR5VWzavnY=,0
XKGRdSx28AT60rLlF0TdYFNo+hh/g9HntqaTFDDdspU=,0
ey9xnSJkiiY5axlLnJT1NZCAYIG455uZby4sCi7NjuA=,0
Ri76LO8Bj7weRx1AfodO6gdDK1msYjOKyDFproFNd8g=,0
mGkGRPHs2FFHtQkoBfGWlxfOqedvvj0Ga8TlSzHf0Hg=,0
usDRziO3KyEb5YKb8P3K53xpQ7mmTfFCbRjoo9oPPK0=,1
Thi90DqRFc+amujyzt61ZW3VW4g30hrBe1xgIswDXwU=,0
eS/SlLxGAqnv/LcvMzI7y1hFwewQmmRn5sFrPl+fY6Q=,0
l161CT/4Cwn7+JP4xR1IBpnyPHRIRxIEvbupbCU2ar8=,0
AhSWMk9kNjqBkhoNR0zC9KA1vEXCkdZInQBbwPhFiac=,0
TLsFXRoERDslmeNodJoosNQ1FXF+8+MHrME3Eehm8WI=,0
8pbGYlruQBIx87GMq+WXDkfCV71tMR6rUtVTBUfvg9c=,0
yHPnv/wDs9kw0UEYNX8Jbn4ym9KPAujE4ZHiF14m9AY=,0
NMNE/rfBzRk1IBMJMIKl0cIFy9uhyvYJi7AM6lOXuH4=,0
0mH2z4C7lY91thzPifftR8TcnrBPxSEM5q3/rBMC75M=,1
3uBzFdjJuoFWsaYH5ttt95xX5rJjATa4/EXA5e9CNSg=,0
QquzXjgFqOnnlJFf2+cZF+gjI+l5CicQWhpM/RlQIsM=,0
coi+Q9M8k/o/oKixt7kh07XI0wFIXOzE3B+e1eztuhI=,0
IJqnjRxojitthZlwQAyV2WX6tHALpvSn/VEBNQJJtx8=,0
jA0nGDvYzNFophs/cAzWEKHJ++GDpJ5wIEVKYp2y040=,0
O+yjifJU1o/gWEkSy40zRpTHkmya05c0Weekk9o7nOs=,0
nW6W5YdEduj22w58A81dgr5fvfYMaWLyGozpl6Uncxk=,0
x6PNrqAdlqOBt9Ol0u68NZVXLC+m4z7KD+mR19YCHdk=,1
VTpJHm69uusoqt3mKae9Iq+A5Qjto0jyjCcE2Yoo+BQ=,0
oXrxVtq7U1RfGcEdj85q/5Eh4mOrwKLMJx4voL+s5xI=,1
TjbkYtAxRuhrTkU1kDK65ER3yPwTYBINdx6RNQakmio=,0
MSnVTCLtyVmkbYdzXk8xVobFyRT1lTwO+r9TSJh+NcM=,0
CCYq9wjIwKPTIRBSdbcVoY0q8kosqJxC62AzXoOa0M8=,0
muuvmbXz0T6kpTmkPFW+pVHhB8COQZRcGH4P3DK/Ih8=,0
RbSna3LEqnb4PIrDwh19T5XxxNHe4aiNw5X4zn5gwQU=,0
dxxIgoS8NSfftS5qoSPtIQmExI0WhqRLMHL0ZZ45tTg=,0
2eRgJ9gJf9XpWU230ZG0u4dh70VCsiEUHJoAhnHn4dQ=,0
5WEmOp3zJIMRvpryVAwiW0WzTbfXs2ouymg0NzGAxyM=,0
l1ILhvm/TP8dSNkrW4ixo3PtziNEnumSwAV+IMs/CFs=,0
qaYp/ST9EjKE7OhEKll4t0VIIHNTIwCSZP7F3xTN/6Y=,0
hy83LbHlvSoobJf4LGbTLuNhNOWCGEYsjbaxQ9RIvag=,0
Zw5YrOdkr89LAJ19bb52jubPbJU7Yn8L+3N4dNiVtmY=,0
QFTyqhLnAmJtlGkqb//uTQQfX3l/IjBkXtuoexqH+rE=,1
cBQDDhKsHwf+jt1t8G+e77ErAJ5C66gfzwPx/TYhJOY=,0
B/BL6u+Simc4UqUfH1dAAGT271VljNXg1DDfvLdHzek=,0
6ijNtd+BnCiIwN0ID939rjFQr+Qdyh4Erv3ajFLzamc=,0
OPX1fVNHEsfSunBmqMjWG9LHJ7MBScy3Zf+b2w2OMbQ=,1
FZALdizhgKUxWMDIjviP4YjEMeofD0EYqQHfCWDeCGM=,0
3J3PXBISDAjOth+dBzHvoXB1bMZi5I3GmmvraI29xuU=,1
pFHZ7N8wLI0b6R98belzGxZpJV35f7qY2uMj+x89UHQ=,0
oIafOXKbpORXbRLJk2jg6G8TrcGNCHY6X4GS5nAxh9Q=,1
l9ynY5QT3bGfLRCtLaXagbz6czzdlY3CttyxIj0d9Gg=,0
pUGDeYEAHC8mRt5TvNzNzkQ1hEcdfEYQ8hSk2uks014=,0
mRHlT/Cp/6LfYkQ7oUuFQdU2zr2wnpwNh2V49EX7Zvo=,0
axd7T9cBsgNMpKegayMV8yxBEJhImMoVy+olg34o+b4=,1
RcYmLG+JFnILGd6omZ+LOB8KJrIEpkHq+iE3nKT3/nY=,0
kGcEDfD6xpXKKGeQEvmva+y26HR90429FAvf4len0W8=,0
otUEopI5RTC0+81i7ZRzlxTxzsqYcVkRmeN0QCAjVz8=,0
RG8JgZZBeku5huHOt5GFmlfHvmTfDqYiiQYZEFf6SI4=,0
FMgIRNnL7PaQ+WvqtEMk/dl3s0IrWLf+AUuc1ndYdhc=,0
bYOSP6QZyCBzp7zH6KgRnvF0GNQHxlKJmLJuJ/TdLF8=,0
880gIY+EnIf66GImtwgzagenUbXopCo9E15zzZA82+o=,0
nMiBfJZyHOb+X3iayqCLxDIrKOKSjsGkLwvX0e+kAB8=,0
lnuZdJlp81acbGAkaKKTPqHGO1gyH4+v6DIU4NZaoTk=,0
0AqPO1hcH5EdX7ODVoHhk6ANBzyj8iizVbT8LB7P4B0=,0
EaDtBxX+2MAgw+sKhoguvQL4cnZceAfWk1tYFDhf1tM=,1
4+f8Ssh6PoncGPfPXvZaarY0CiYJQRYFmgk6VVqlOyA=,0
mfWkFcCwPPp1iHvqP8auTTQcB4L2kJwT42mv7HGkNZo=,0
fKIyKMAFX35jzxH9nb1+Mz/IUfbI4VYPV7tfWkZsYW0=,0
IQ8Hk57ggKNSFimGNky6+SbTy5MCkrJbxRB+JVUK2Dc=,0
7+c8BGWY6O+9pfw/pVyyP1wISk2aou8MK7kKYURE0tQ=,0
Rd/MwhMMyQuz1fl+45CKmzmgp+YhMUIXMloFPaweR+g=,0
CY052DsWckQ2TCTHrpFl9jL+YQhQyTFLrJckkDh9ulw=,0
z76d5tidIueZREd3ahTQjfce3wbaAz62Ata3fWha99k=,0
jw+dOFgMkVK4AiyhPqmFC4WxWn/jCt/+E3PBKSvn6EI=,0
+4JHum5+BdJekgnGDQK+78t5hk062ihA/ZshB3OGOjc=,0
ZXo+SLD98jmVM/2Qf+/7qi8F6KrNeCCCubPc/wGlZQU=,0
VCxQSuIUNxJ5guUH/JT7ymXp9WxbaYVWERl0XvrBkuM=,0
BqjI5fzvajUF1Ew7XaLQRulKZNBv/so05hTiPOmq8rE=,0
Nk3eIwlptMMA3A+A7/s2oOEEMk3iBwZ/hnqu/gLpnXs=,0
p3I3xlkM56dU6UvhLApQwj08bS0Om7IU3QmqQNGFYwk=,0
eYLGBYGV++wsqIEIvwR/iP/hx1vLKuP0gJBeOpCz1w4=,0
9q87NQWDO7AnvTL0JRuGg2ZLuJHrjYBMxtpBSCR0j18=,0
eW2F49dmC/ugMn3x1be/5zbweeTCjo457kI53Dg0tKU=,0
swROajQiI7V4y+et6BqQFEt0ur+oHol+0mHlI0bxIQI=,0
wEgkVKqe5M8CyE6XrSiZRa13ubiVj87G3nC9SL2WP8o=,0
iBLtbOyzfuFH37zGs++hQH4lbV84QiXpIUcvcuUjl5g=,0
MkbpAr3Uajbtpxn5aoVHqH/Jv1SibmkMkbu3JcvyONs=,0
7Z0jRyRUox8s0jl7bkW0jrdYuFKNXcKFwRweiILxC8A=,0
sjh8NBf6mG8m5of4+01VESkmnsCEYTY7k8BJVS95hLQ=,0
zIldU4YOYuXd1vzx1TEC+n66nmXUYh92JrkZulzgdjQ=,0
U+POnP54CxsrX62I0Snm8Dldt9nrqVWhe0/gl/PiVp4=,1
J7iD2Uc2JnCxshguBcz8M2Z4ABvUvL75CWTIYip6Cgw=,0
tSUn3TAFUswxkngPpsBau6N0AUJlbwuCHkC3RjJTdf0=,0
CImrfvvS3wkJtNdr8vXVvFAwSblbzSVFgcnx7FgTOMU=,1
MAFloN4qckabw2lXAwRswUbx3TxWN9x3L0p3sLxamJY=,0
DWP8MaR+MhyAcAC6YhF3Jf8VsTRRwCyzJ7dvORvAapA=,0
/Z+6vtlYu7rcdq05IOXsBkhAnoQgVRSMpclvgzFr7NY=,0
Aszeu0hIO4ZO30WEiQZ+uDyXSHq9JYWFin1e64EkC6g=,0
FQVjrVFhJDn9xuGSVJlgyBvSIIbSTwaG1b2kF1nGmvg=,0
P/SzSO9MRrgvafil/Xsd2scY3THQzCaSwhAC52CYD4s=,0
1UVr0Oz0kP3Y39X6yLA4mLut5Tyge+EKXkqhKwHV4kA=,0
XYvU0uWx2EePGhg+3fML4bzvAa3CfjPNlJHvlSc6sio=,0
FSXPa9IO37gLqyIpu07OnLqvVF0Cw1bmR3JlGzgCeuk=,0
AUZ/1govjBIXYXgQm5cnK4ES3nsk4Mstq5Q0+Aj/NNY=,0
WA58g2HvQ1cZC5bTuRn2FCegflAGIzYNYvD9uUxyxF0=,0
czfpK/ocpeNrIYw4DSR2fxC7t6VAvewpMIqqGJ6anN4=,0
2c1qrxa/JmLmU3Ixq8KIJDf9N9JRqF8b4M5CSvfjfn4=,0
qTPhkWkhWJHCSIqS5unDANpl6fyX8X2x3PYnqCjsvrM=,0
D+BrHpoMnYrw+w9rjIET1TkpJQGhXJh9fQiQ13kbTTU=,1
cpokAG0x77caccTOn8GOWhd0PCUiucMsPhLeWlbFJhg=,0
dNo7Jr81mI1b+54eZc67Z6lVMcp0n22ujTzkqXy5HoA=,0
/fpjK1MoeVcCZK/6r76e8icJhOdv8J+LbSH8EiBtoUo=,0
e/DV0++oKDsLblMZI+3ila1CP3SgXM11RIYqZ5QiJnw=,0
SxXk9nKeHA1+0Z8ZQISKPGdVzG7WTMwjKkih3LI1akM=,0
cNrTTemIN3Ky+zQusHAIjkAAGRkBHn2NQadvBbJoc0E=,0
txOlzIC7jBUDsYVvOlU1nPdzZWkim7QlxwmhqtB54io=,0
1u1N8RjVCjdsxU7ff8RPM3Eg3P+1W5DhvB3usrP39h4=,0
rG4/l6oL7jMuYoL306In7d5IxtMW+Lc6j1ArOEStlw0=,0
kKpKjawz1sCWNIt2AG3UU8IKzaVdnZDgoWf4tOrGWog=,1
G3JMbJZNypzJjkJiXRjLOR6ZiUqI8M5X460xB1FIWj4=,0
9SbS88inHaE3daHg3Kk7JnjIhCmPSeErsOLz/yNXvgE=,0
dkTy5MAz+0KztSbl/zbGKvm5b9yMjB1nMIbM6H54CYQ=,0
EAf0StpXL2hbzXC8l8eTaJEJizewvSISUHvFxjigiJQ=,0
5fkx3vA7UMIXrLoZ7sxJx6c0VNbSXS+6wrk/o7jFLXk=,0
/WRYr7gy0bcuBXUqAIDMSJzkNU5lg9bAELnQaOUyzW0=,1
GuvRj6f5Wfxlv41csTTE84f1xwKQFEnse0Hso0+dPh4=,0
kPImc2O/If8YMGYjsvpfCdbSYCDQSKqpbzeOf4O9zjM=,0
pI/B4uo5u05rL87kIarn1UU8fU0vj8NeTzPNopey2JE=,0
BTje29Z94zCuxHrO5qYy1DM5AuEgqiYnVnlPYDGmdKo=,0
h6k2ItoPNLf8kdr+ehNFydyMBuVTjIlP+zUqCrtsdtY=,0
7hTIJprTfWL4wEWwrnlyvsvYWQaxWXDU7Ic8kzvpNC8=,0
yBzXw5fI4p6GdOMb9rjzLAJveS/Rv4OAliaT7k3pT7Y=,0
m+o7zwOFFEQM6zkyCb1d858JBdTPQCqdURoiQJeD9WU=,0
QfSNyT8t3ENJUtwjCjqHqD4LD0m3RBz3DE4T6V7uuDY=,1
8N49zUB0SNxTm0dmDiMjaGxHt6K4guO/rBZxmikZcjM=,0
0b43yYY3joFDQFXd4ZqooteII35mCTQmKZCubi9SywE=,0
/hFU/a8PspFFAM1jU3bTI8XVU2vJVdoBzzC1LEAyF8A=,0
K86Rl49m/bJ+IbqxHQUiNu+1J2SWhblHH+hOxgXMPEQ=,1
nH+AVRKv0LFnFZjCuK1GZHtdfU9KdR9foEWZmui4Wds=,0
i1fUNQccKV0dwJyg8bV/S1zcc0iRXO5LCzG6ATkuSpo=,0
rqGg2J7IMysZhejUiMLY84muALm3+RAAEKPhVBzKKYc=,1
syj7rAdApXWz/z32x/a4JThvZ2HLJvQfXCPNwabthAs=,1
UG4fFADSIVYQiR0tLIDQephLn3npNAjBmPgZIugnUNU=,0
cpqA+SzBTmMF2FqqHeXTJQMRPLIOZ+VfbbCCPWNqM1I=,0
XRulr8LdV1EJTuVN/v7WDc7M2YaJIeaJ4/nIZ1KKLSA=,0
vpwh/Hhc7JyhXdMyObvvysZSGRS5S8eo+p9MRKCqRh8=,1
lQvGHvEc9Y5IHSBR1GNw17l1Yose9Qm0Py09B75BR5A=,0
t0GVLP7+x8U3eZp7V689ETLCG5lOeW2gHdLavhULER4=,1
S3KqOkQGQvh2Zk0ctaRHlnwhUQzCV8ZrvCGBE2+0T38=,0
hrokLDyxvqsqKM+BVJbYm7T5Xqws0HsksgU+OmISXR0=,0
sPIstVG5kRvIuVLrrP2/oe8vBQxEjZ29d20iGB2xVnQ=,1
ns4BDHndFn9NAnw7bq3/B6b6ILSVqyUzpu5+Vn16iIY=,1
2cCE+ADkc7FGlutxsExGyGgqGBsISAWw/5+pj3KIjJE=,0
1wmhM2fwaQp2OxYlpwVx4Ugi8bYSoQXAbSnDIqNLYS8=,0
IVVAWCpsV1qIbfRsfeqcqEGKtiKuYI8PuiQYLpSEnz4=,1
vOeE1aLh2CCgyVy37pkoQeT3ESXpZjJ0z7aCe7555FQ=,0
TmPrNk2H8dp1wL8wttNypsVkmI2aMd2w877tmwQYWi4=,0
9hFlpqAWyM7U7Yg56D8gI/TE5bnOSM5gzrO/FXDPKYA=,1
bTy1N21BnbVt3B+WQLS39fkUDA2a6jbOfXn91FIfGcE=,1
OjZBOCZHfhXgyMYrb3LbjP5RpSLrJSsJsZyvB7M5g8Q=,0
Dluiw8nM5Juey8ELvMvFF+BI9l7YPLqtyNY8Uq7PpMw=,1
H+Ol0EBlMmx5B17EhORwkK09jx23tYJFv9zrf2h/Hn8=,0
beGpzhDCkvXSrxpqMODwrwJVeh2q3tvQ4y67IfHmgF4=,0
0mdSyEz1tQsVUPW1n7nZtqWZBfPwEio50/H5zB9GzZg=,1
NLyXAJC0e5ixfGTTMAI0DwcIfF+cPLcNHBOztwi60aE=,0
W9Ut9FxrcRPvrnXmcU4++47TOjklgSwNNJDujDYArbs=,1
J9R94TcU1k1ZUgStWn+CpTsg7Nio/SjFNKUwcUoRMyw=,0
mHJ2PDmot+iu1AWzsduaSSfV3pHnMBqbXQfEmtRe8NE=,0
okGYE5vNVrEY6Zxfskvb+SnsJD4hDTz2dTJNup873Lc=,1
nFpqHYOLaYyYnGj6m69OnsF3GBCZMJWzdrMhrXwzwTw=,0
QltfDApbvb7LVpk4YVJa3LvjLnkYgZeGiyCA8BrARu4=,1
S78wBXch1rvtjQOftzpc3Fd8BaCLXzehkjh05+f3K44=,1
wmlqBW/0Mr4G+oq7MUn1bXMqzCEc2k0y8stugnEHBEU=,0
rauQpcwphWoAkYO3z6hmHVdtcBfsyzusb/qBI59W/uU=,0
Q6PxRL9s4Ig6bPjjckgWHS9J2CH54KbLDtiSxqv+N6I=,0
bth5OkF1K4yorh/LXhPG9uXFKtxWnuVXcATRKEGq5zQ=,0
fMRnceY6Lb6yaexIr3/k491eEYvbyxNPRIpv9POKHN0=,0
B371cVtRn64q5pHzrSR2yFjDlUebRtntLX6d4FEZZQ4=,0
Ia/QkHSdkNNook4jNs3S5gfOdyqHt7hTZwG7nnIPXPI=,0
1XP1xJoSTROFX9JHJLqmM85DMDSzkex1EyW2IJGGkiM=,0
J140BJY5EUhZw+jThHplWz7H6Bc+1DASmJGQ9IBw094=,0
+/y6g1/zLXyrVKarjzfUfUso5dLljoZI9LpdG5i8I20=,0
ruUG49pGWcI19eFjoyYEI8Srni6ZwfxKfUUVHY435WQ=,1
XzGJHJcDX4ICRrpAnm1sTP1qpU0+0Lgh0p/RApbFKbg=,0
nQEeQtzbg4sn942M0hxXmt0QGZfbLtsdMqJ78ZHi8xU=,0
pyPfH30JdmMDRQ9jZXs9kzlvrlw0yX75mi7abiLEmkM=,0
v5bDpKItpqFzUfqj6fHZJe6nWj8zJFt6QqHcc3Sgdl8=,0
f6ca8DynpqXhlsvRL/XCSm6ePa6Z291H9HPoexwTEs4=,0
OuAW1qJzMsiLaLrPn/XqA6edxCHJAwWO8UaSDV+Gh2A=,0
1J8vEhgh7u2jg1r4yZCvi4Ei+ipvjo3IemJE7ojMVWY=,0
+YdYGUOeUQYy4xgi3U4OZE7r08+Y6spR1uop/9jpkM4=,0
M9NfChUORWf8Fj8FIp8Lv7iO1w5bzgirar5Hv8DaZC4=,0
1noeGNBAFz9zoFDJxmpNdqy0Do72WXwJ9N3nX74j5R8=,1
LyNHn83C9uuHzUQtYOSZn21UkJh9z+tZij/dC3GvV7I=,0
aUhzfM0oV4eZhpZw6XoaHm7u3GnO73+9/d0fQznv8eg=,1
cjeW+C/pxuUEJB+GCiQVrQkbmZ2nq4TsRDXvnkIUAzM=,0
XO9ZwZITCvc7COwBXwgMWKg/paVUjSEE5YHfxIbWTSg=,0
lzSf/CQ4kxp097f6bxbh7twR+j+HkDCe0dGMaI2EG1s=,0
THRkaXTsm6OMRYG/xwX5yhHorMfmyyaMXJc+6VZSHcg=,0
f7gz7XMokOVBeqUQ+k6PiOjuXoEzAhLlcIL6GWJYaSI=,0
I9e/oFAsdu9Th8RTDtJQy/In+9U/JpH4f+A34NcML20=,0
yZzJQx46TUtBQ6QBSBjDuoM+7SHwtC2CX/2WMujLdWw=,0
FSmYDsIBh6hIjdF7aNCGgseOuouphVmgE5d+JNUWKjg=,0
l1AzQ6BjwOsl7KeHoFXfsZ/iu4q1/5Sr6b5oPpTGAAE=,0
baqTg1yBaO3A/PuirhMd6Ti1kXm6AgMkKtTpw8jZHwQ=,0
WduxCMynqJfffHzHz7TM3mwQWH2WwUxTj16+W4cASeg=,1
1gX772O1oHadER7UuletBadp8jlJ3w5io56gal0Gm0I=,0
xGtxZD4Ej/D/MfqpD1zkfoJ+ldnx45PeMkt6paeC+Ho=,1
X9031cZa4tBwOAXHT7pJgB/TO+ZeSRogWtSOr/SvU7Q=,0
AR9aHvW6TLDo49uUfnpho9+87qPjLR3Yr9ffe5mdFIA=,0
ufq8Z66QY7eqavgqEB+HbY6qpWoXz2LNbyDNf8Bq0TE=,1
ZDdSquh5vRkc9aNelNAT8wPizRHoeVqUEIbJl985wqI=,0
CWD2p9aTBQlcMOp7I1oWTmw+oZVjVqOOdHdheM2WfEY=,0
loyhoHSt5+nBpttNrk5h0R7/1lKl8up7EmWIdOJBhOI=,0
ytG4FZFcy100lh7CC9TPUHGLVF/aXaPYelVvhQckdY4=,0
s9PWKQgtLLh0qM7/nnPHAD+UoJ9h0aSElHuCHL2+9+o=,0
yH6B0ZIFRk5B/crakgKQSBaEbRoCVEbKqvGfNfPlV6w=,0
2H6MCDPkzubXlv7wuizvyXMiBM1v1/RTve3RHbjaa24=,0
22qtFzvxcKib2CfX1CCeQegFJWPBtmvMZ78UYAHae2k=,0
qBeeu+6eKYSWWfpfhpCslQBFlqdVOiE3+N9Z4iFlXiU=,0
p/uLjc+Kh3Xc0Snpll4K74X++FfcNRiTWpveMFQCbLE=,0
SB7mvoGNRoIdY9LhHu67XDOS/E1ArTf4JM4zL/6SCiM=,0
JdXTTomc9nPq/Ve2ntoRreojUqFKK9uLCdbu4uRhFI4=,0
mwky0yK11H4pThtzAqKEwtH5EvXvQp0ZnTU2nMS7aUU=,0
w5VYUALTA84eNkrH1xPF1LnFf/WC9OY38EsBfWtfXqE=,1
A5xyuEFONJKzkFYjtwGD7hcPAvX1xPhCpqQElHutRRY=,0
jTkIjP49fJ7RYmZvP7xVvZ9ksPwziq35mFT4XMfux7c=,0
qnHAnmQUgSJbAy5TysTtJsLV8S/be+BG9tRNikgqixw=,1
cPomRdFGm0DMg1PbTtkbYxMEsCOPI79CuXTSgfb/G9M=,0
5vASkReUfDxw7SRUJ9FK7n0fGYaBWOWacz/tmA0mLSs=,0
Q23DIXacax+AwZ7r8xO/8evZt53Xfl5LFb760btjJVY=,0
v1yys+HOQXkTBD+nBvyRccwF3O811V0fjo4/jBgjazM=,0
3KWB/zn3KxOWEMza7kC68QdbY1EqRNeb0iCvLlK5CRg=,0
fDXf5McT11gifyw/RmA05VoThlzWI/qC4eok7+WuLEc=,0
w3/hnXyotuPVZQ8LDBCBph+YST7YgysTtwThonl++DI=,0
Y4lykciQju7FAAeDFlj5Yu4QyBz7ejt1BJ/FNSC1GB8=,0
y3xFDas4w8oD7XNxRNg/71xDlPvhaSkSPQOytLkspXo=,0
CQ9TtozaONWtXeJEBz0QW85Su2AmOjX7rRwnpdqR5zw=,0
PADduBM2AFMAUJX4jKSBVXk4vEvpe9l7pKXzYM12sPY=,0
JB3eYRDFbsMmGvt/TqKFpVwTzl4mBkBh6Uic/sybhVM=,0
b05j6HxXxlzS34AswYk0wQfegWp5VVVzw1xChK4F72c=,0
hOtovjTZ2DvF+6WleJUZ/AeUNmwK8KBTLvqlRpUjnjc=,0
QPkfSGGDZdFk0Ap1yVzirpL+wsO/9ycYWUPy1mRXnbc=,0
CY4aabsxd0vl6OPYHR2oKQqSLy1LkM4TtHiQauaizVw=,0
23TEmBEFSwZUh4RlQSdOauCdUoytTioIZMBPY5gNxTU=,0
Mvif1hLrHSHbyQAEM9SoU65W8KrSINMjyEO7uk2QuVg=,0
N7z8r1eQ4NgNsd27H2g6riSBA6UdnMWaqsCqYSvx6oY=,0
kgKyCXGsGZNuP0GDFTZ8GHLhGZjjnh+cBxeaX1sgMgE=,0
WcF86fLoaKd7hJaYB0VbdUegW6HIyigvo8hqGFoHn9M=,0
RPS2BoSF8Uo14JlzMgKyHLxN1SG4Xd3YUvlW9y9C1pA=,0
aUTbjCc+CXK69Ih93ZQBASSae2XscxvrWWBuBRfOdGk=,0
F4+eTGpG69/CPKqv5tBPcJTj/dSmMf5wabliBYzenBM=,0
UdquG4WeCfCANw40Yig8IhI2uKkby/ObUgQxIVgTRwQ=,0
nkOncvl8fGrpSZT4atRdv5xCKE90dv+ThjHkLjStK04=,0
YziP8xrkAIZ2mdxJlb31U7G1FZ6D+NDOVojY8IxA64Q=,0
js7qSa5jegVmLHXmg/fgYJBKzCXkkbH4foyfO7+j65M=,0
Uqe+WKkWJET6eiJKyw2qEuy3pb0tXtw5pMllIl+V/Zk=,1
JjKHuRoNo/kayY86xukYSbEtynFJBXHDB4YVRkRrtXQ=,0
hRHJfN8JaVqN38LV584EO8vJKi9Z9IbcI+eSbCM0Lps=,1
cB1HWT/D02XbBl9DxFiA/sr3ls0upjwdPdGrCKWPhOI=,0
B/vdo7njYvZ9ob+btu6QjtQsOTiqZfZwMuq/v4biW/4=,0
ON/7JZ9h+Q1z4kvkDtu+YvICtYtYdfoORtHSTh7ZLdc=,0
PtaPXIugqY7LGoGiLjJ5oH7EogazeZZkrNH9PrDsl0Y=,0
Ktr5rnya5Njw5apSeIcu7dC2nxYW++RvBHAhe6B7kGY=,0
u0iyUkkKxWJJz32tzhqdwCKYlEnTHXdHYexTLJKpOWM=,1
GNMAigulETwZMor15lTBklXsHSf+E8lgnisQ8+7ujPw=,0
LVRMR11/uQ5Jf7WDFnrhVRP0A+0mrtcKfhgwjST7OVQ=,0
Js+ARGJSLj95fFvokT5sD/PBdUb8GJTZa6mjzQXggV0=,0
+quzjU9bF2FA35Aw6x5bW0lz/LAV0tvIqU7XdsYWBu0=,0
7IMLdVlieL/qQaP3ly14/Qt1MEzdjkSiKd0pNV3KaIs=,1
1xxa3YxfdqHmJlfA2+9y6zVX1+vzuRFkaXKjTYIs9u4=,0
KfM8Doy5Sdi3IL82uDM/JQpmYlY86yntXtRc5guat4E=,1
Ao5Lnb+k8vowsOWguqGv7dyAOoLdGw86Oatdm8jGZeQ=,0
DjrAkObRdSG4eO16bFvH6WmlG98FGLRPOQJyuycYUo4=,0
RaA6AACWxDDCdyx0ZNupsqK+/3Bh2lQB3BX4I4WBfCY=,0
0ukP+NvSvT6URJpTtXmE+N9aefi0ZHU7t+i5lxPTEeo=,0
J75nEUwRqbDfZak3SaMVtO1r/YEL77hgsCtRYLV0M/s=,0
sU8630g6HjOyWNyChb8lIo5HFn2zExEXY7VLX1KckZk=,0
Uuxx9pkcjXngqJHSYth4rR2M1jP2Y+sEh4Gq7e0qshU=,0
Zm0mfuTZsfOhRThAbIiq7an75qggQk2HL1fgiaKspjM=,0
oO8tl/jpPQKFvxjNZ/VMxaigWQ3SOvfaG/0rB3Vkf8Y=,0
dGpvZKfvbDg6lQYQmNWLMcrPULu6dnDeLAiwdQGhvxI=,0
RDhAOTuKvurNi879XccqmZ0izOgkdOzt5ggrgEdECNU=,0
U/tREHhbIFaVHCC1Ei17w+Qw3Wwvg39Z/3vGgx6WN6U=,0
4AkhakrnOJmUFJe+DW7RtGBI1KkQ1wyZKzuxGrBMyS8=,0
wStaLiedJ1U+gw1bj87uxA8odkbvMWR5D9XWG17vfxw=,0
ulNtw6EJOjfw+hGHXSaBlrWhWGGkq95PbQTzHU9Li2U=,0
6zuAOJnO6jeHjiWBG+sVKp5MPH3SOrh9Lf/VLKNHDIA=,0
RFsXqt8FUrQFoCsVulbif/mdreXjf0gu9Yy8AeGlths=,0
+z9ECWonODGpFuiJO/nfEuxZPocJxPw1974NEZ4JghI=,0
8Rm3aP+BaT8/bSn8LgGMvsQBKe61p72+mK8jIH8qEmU=,0
Tohz7att7LmpBEX9RtXpRdxFQZIJ283chzY8qFnraoc=,0
yLvsbQL3ErjdtzuSvz1qndjJtaVQQ7dDv2Bsibe5B7s=,0
LHDOdE4NAwrql79EVrewjsWBB4Zmk12/bHrsGBJbPBg=,0
7l8ySDp5fNZ4SxDfZ/f25JRP7/isKBhb75jklftq6eo=,0
9vJbeEG87aGdLgtz8qHUXc8xGy0miPJhtCDlM0t4vCk=,0
PE4aMjoc1CPxJUQ0stjcBvIggHnstenZ8UeZQKGNkzQ=,0
9EN6ss7ToXCmh5SPlCkQVpl2LGZtS2k+LZGPsh7Oa6w=,0
MKkpF715oB2Fm9yMRB/aMZKhM5FQH6GQHLr1LFLTY8U=,0
RD1syq0+Inj9LV4BGbNkvntpIPN7azCg7DHev9MlUJI=,0
vRFy08izVj/3+R5rf+zTXCJWUPgT8flB27ytOTS0fZk=,0
1Oi9web6ayJz9qpQ34Hev3AnUxUIUKO2DjpInf/uqNA=,0
oXxb2voWbLKHaCKJz3pwg5Da9m+R/kInExQPHcvimvc=,1
8HP+TYeAst4HpHgr067kvtiVMogD+KOSLYNZOhLKyuA=,0
u0/WcoSDAiPSrqyZvN0BsHO6Q703V9YGjQYusLnjXUs=,1
TbH7M1pF+OxSEJABhUdxQJruQzR23Ctw10HNiSu1BRY=,0
ExcuLHhpCdhGdacwpI8E0BR916KTQtHW335XZd0v91Q=,0
8ed/e99rw7O1np7zU/Dm+DrVYvJlTnVqxgb0klGtlog=,0
WaWhbP+DKmFJjfKdP5uxN/3dHiI0++4shcrATPO3Mlw=,0
2JbrzxfFkkhrLZDpywBE3IrEuwSZMD0IxsDhB2yk+DQ=,0
4JM2ZJKYgAgUGuW7QMXxxKfd8sunz6kBF0ZyZltE+r8=,0
BfE+2ZnNLxyfky8sGaavEi+TsFcuFKBM/NKOIJ2tc30=,0
5b/F4mT1iJDemZqSf3HJPE62v+I4RzvGHh6siyrtH6Y=,0
1H77PAT5PpJHNLdpE3WuIfmK8+LtqMbzkSZiOHoVkx4=,0
CVO7gx0SycKNTV+yjEXpC7BmuCytxKirjY0MHQYmRww=,1
XkUBaO9AdX2HEtns5IqabpsHHGaE+11IHv+GJ9uZW0g=,0
7yidN8cWzp3bqfnYIUoEjG/G7nk314XqflAa5OO+VNA=,0
Dz/T5CesNH6iKCDPmxehsSEJsFHmQW+1XIvK348DdDE=,0
kmkLODPJFeKxc2ohpQhFihbJsKP562amfpvysYZciag=,0
kBXGG4orYSbjsy7ocba2gS65CEjFHHjt5N45FctBJ1k=,1
iOeC0pSwfh8hkiBrY+ua3oO5YOeEhaMjbDxIPFCagTw=,1
R6L77rZeenLYEf6jOUBlH0KtLM1Xe3y+slONrnwgLh0=,1
DSHSsva20JD8YFTOogx8RISw4wW5KoP+Dv2n4C/vQ0k=,0
u2HarnneUa9k9fcrofqpgaItt+x12/jyubJP0YcNOv0=,0
TQlO40/3Q7so0IN71KK3oQldVy2D6VDM8zrVexvQb8s=,0
BSjRQtSPY+okQ+duhHM6Ud3UUYDMFatIgSsY7GUE4Nk=,1
AGGn65IdXiLx9cPcB0TbJiR+OujaFylWNnpOeoseJ1c=,0
8de9xOFEcFD09Sn6/N9rKSMLmmawnb2V2HPnTrb4CyY=,0
2UxBx1UxAgIVtgSHFaJciTsiUu0pMnvrevEXQgjbicA=,0
gmpbbFLk7MODC1D6LM4QlIgln2bcbQC2rNzn5WxzvyM=,0
nt0D/KLWlPvF4zDgWKTA7z18EF7jgJZ3CjNz6rpMmy8=,0
wg4NY3POad4+bWm6MCSAk5nHjpb+UmhyR71pbMMdfH8=,1
zURjKcnybtsw3eafF+m/FyZZkxUA+akfBsdru2YIWgw=,0
fEM655twHJidB8R4U3lSexwF21MWuyRHX24dEMYVow4=,1
tfOdaB08OOrVtdiXb+qcKTlgElqitEMhCx/045Sd8Co=,0
HsbJPsyZApALI0AOyxroTV0q7Oz0mA7Zxi4t0uN6jgw=,0
TInwbIpDQC+kNNZ9vG9AXlKjW4IYiQ0rL1lFW8sejJ8=,0
eOqeBI1gdQ9vtPO/LMu4EDoAzv6uNsHiLtjzm/CZXlA=,0
O/cqgjas1i4EFjhlGjkysf2armiJRVVersYtguqsy4o=,1
XbtH5QkkDx+E/kGMgLWpxXmW0V6QgxPOUqeW/BtAePA=,0
7HboARh3HMWmeQjlEol2le6j3keGvg8iSBWhtP8JsNU=,0
Z/Khf4n2usG36rDxIuyuAO9jnfRgZn3BWT69Ajepnhc=,1
//rV2pd3ncomJ2aiCrZvf7DTzvSh9WPtwoDblZqqKQY=,0
goj8lz80dqe6TW6BpBfe3A4Rpbbd5Io4UFgk4cIelIg=,0
45Faikitdt2n1C74Dcp3GZ0W6wEcWHW++g+dQlIIRf0=,0
xwbgUgGvl/ez0aylqT+ZQC5Bb5vrxzZln7I/Rni23Q0=,0
CxDDXtH1uCcL/oe24yf7mBczUMezOR8QGqwe5rO5zLw=,0
pdiharWpAdZtXoPzQzjD0srO3vzc9yZeNyBMIwqBK+o=,0
+Ug6f7WzyMBktweRt9HG/04cuCiIZJ81hMVcME1vcGQ=,0
Kn2tU80JPoUC6jCo/j7MLCC+6rcc/gpKRTK2xz5iV+s=,0
I4kMr9oCZaPN9X9zdvie07mEqc9jsaFaIpJry3B/wxY=,0
E3A4F9Cr34gsM57mTjHP+0a7YVJfW6hbq1yL9OIbpVE=,1
9lSpIRWX1318n928GADHoNUyTlI1zqmLa5SYqzo496Q=,0
NPSSqryiA41+u9PxmllIcH0wuR/c4pUOTMBRFHlzgzI=,0
j0dA7SInrbcccIfynvQut6d1RmjCPjXz3hzbK4t/tc0=,0
+MWa1PpPKwCmMm0mikK1g8Bc9V8y8Ytr8NJs86tH0Rc=,0
3UIhZl/SNoHuuqPrvhimWH4gHpEPvCZvNPlPs1bbrak=,0
7Je89az7PiOeVTlYqklNuyXJ7owwTend6kgv5xxDqew=,0
xCB7UVukrg562tXsZH0n8LCVk8AnMa0and7BZoGC6W4=,0
8gs8uKptE/4HR18Tem81YHyG6KNFgqEl2Rj1C3Miyw0=,0
cg++2z30FQM12rYuKsQKu9IYqpsKFD+YW5eTZtONbLA=,0
qE1Xuwg29WI/ZbF8IA2YcxLyS3ejDXR2fk6vMlua+7k=,0
PXsIRosxmyd40Rax3iNNPYjG5rNYp/B52b7Fbomm9jo=,0
8JWbcRtQ+jtJ19OosSvxD2DT57fiF9F7rMh88p7KULo=,0
35dP02/pjssgM4PbRx5dt54BTvZw7r7DDR2rveMly1k=,0
HcQn5fKT1pCf8UE7ARkkXgvrd+VfxAAiBskmJpyfihI=,0
RWinPY1b4Hdd/AC84snHjBO/XzAuKB3C3VzdbiLABLQ=,0
dg1E5FEs2e2iU26wAoO3iA9m5Rhbw/+6OOhoqnYLl9Y=,1
uzwX42mBXaRwAxVjNQXy8pQ4UNiMdfTbNQh+xL4n1EQ=,0
CL+pdYli40TUtxWx7312N2fNUqH7MfEqPBG1bH3aR2M=,0
l/1A1yamou37fAeXp++zWyIfJ0qgutdvIkFMdUEZwoA=,0
6dNTlI1dkpURqyf/q0nCQlIHv9H5ddHVsLZ/egFPcA4=,0
khfi5Rpd52s1DrM0OAAD/5yN3htdcd3bQvBwExYAOCI=,0
9E9gSarA2SZbSvB88Z8WdRvQmgW79REpiLjM/L3VDKg=,0
bKzXSGw0c9qaBm7tG0phpj8OtL0BsovjxyQ0tvuUFwU=,1
4Uh9xp9r0nrjtNOkr3cxCxPDMfO/HEFc4N+TGVGXdw4=,0
2Cj/jZtnHW3nSjKMpQW4kEfTYDD99nL+pghrEmsOMkM=,0
j988qKycb16T+lJWZfn5aUvAt/VftaoI+yh9JbVZzQQ=,1
41HhKUMw8qeB2cMP0g3jfwLO+s75hnynAAFpgGVN5Is=,0
ZJ3sJ+lR9uwrn9/aq3/nigyz2Uhg7l4sik2tXP5qDBo=,0
q3I113SQtJRgamVgRBgwJtiTAmy8tbd6Z6zTR+yU0iA=,1
filuG6YQeE6v3yPpeaqmdNqjfuI6GZxRF120iuBFgek=,0
B6qyhV4Io+7O7FpiGNdrh2JItmpQ4Htaobr7QWQ5Kag=,0
fYYrk1zuDQRYLTt7cf01d5mO39wMiVyZcj+uy1rc6m8=,0
vIaExNLXcUbiVt0bZxQAWE0Vi3UtHgghbFoIrQQ6/nQ=,0
/NX4SlU9nWU+jQpWyFJr5+vIaUuDP+qtIq8Bm0woOQs=,0
EJHAwXoVgEe/n/V/vIJFpRujb6CNX+7MP1UMzowrh2k=,0
+TjdBS5sOvtTkPhpauGPS5oS3seWQOA4/w3miB+f5AU=,0
5FSJ7Ew0JzaPk4h0wFkEkbZMdjYALLyOppiaom65dAU=,0
4cXcLmQoLW2RANMeMLQ1sFd0icAdpjQMsL2QOGkHP9A=,0
kkt3aFA/3zJfK7HQnn0jjArDi7dGI6QtqpMMsArwcVM=,0
qn7sv20/8nQHW53Ul2GNKeNVp4THkvbLCWzXScomUso=,0
IioQeeydL6urgVw8p7parYIV2oDMehZ6bUafB3GWy0o=,0
h9wX+rfK4GoQsMN/RX6QFpzfsqUz8A/7jBv7lUi3PRM=,0
7V+OE/oO5vkY3JJHReqVzJWjLmlLF3Ewidjz24cjYz8=,1
1SNeguZKxO2Fw7rGvy6MPwqjkl4uzkl3pOwCKcrdgs0=,1
gQ98jKph+hitOsCBplFanC7v/cKKZDJ/leb3tpR5ZlM=,0
smA1XAUllF6VYojB+uzrKlUkdW4PMiFAN7MRbVRbl60=,0
PhWocMP+3lhv+Gk3DjLIEUFryA8rqf7DVxrA3l1ePv4=,0
Rv6U2DVF+GwL1o1X9+mQcDSZbw3DQqa0nyba/1EZzzg=,0
utnfrxCS7K0lbCg6bR+sSfR0izl0VXuo7BcmVAcfl+8=,0
P9RlYpNT1E6WiKhPkr6Lw8JhJbp0Cssn4qfLQrcPIso=,0
5znH8wt4WglyjV9/Tbges+nvZ1GAq3GgJ1/zkync/Lg=,0
rF0NUrBJoUaAdRRzBU8ZXBZtHw1U/mQ0LfjO2pi8t+8=,0
EneStnyA18ro50YmyVXWK+lRVsSJZD1mOEO3eHRxyz4=,0
EjPwOeRYhlf+ZZYjIAVGnPmTKtdILZ6K7VDQUKZ+yYk=,0
fMDEUcE84PbT97LShpU7wngeWkD92K/Tj3Rl68L8/OE=,0
C8ZozAkFkUZ+YTmdWjcJSiZ6DJT9rNaQvuFdrkH7jrk=,0
wpQ3olsLrURqZjeFKGZptwTY9FkpQ9g7IKdp0fEyKv8=,1
i/hkB76eTF9pViXKPTR9rqEvEkQH6OxtThsidjaBmNE=,0
hZRe2xJN3TPPxsbRdHHewLH5xzQ5vaotlV4XoGjWxmo=,0
4W0WBdZS5gWI0GU3JU/k/9Ql5EtHBkTGYIxsM7T0HnU=,0
hwijMzUTOIGobFsXWBeF8C1LL38afz6NMpcHY9J826M=,0
LTQEd8N2Jp0UE63cZU/p/L9YAqIGdJsfz9pnCIjR/4k=,0
ho1O5u6lTVGBLo90X65WgYKqtfSAoEGJKVTL0auKj0Q=,0
71bzvwpyXXvdmiaBylkgCoBma7VbAcTVTNxpcm/H69Y=,1
R82whp7z4kifGli3Vkw+VisH43UIO2g23E+ZHgvdr5s=,0
gJ67g7tS/0qTcijQGZk6+qX+hb4Iuywg4SrVijqAVuc=,1
Ug7PT/E//ZO5Mg9lkCE81KKh8UyUdrdDDrpgWLSNEA0=,0
+LGeDI8w1roZHsvdwewCE2PHe7Bza58ufHtvxJVgNDI=,0
j84dKRN5PprSdrvAlJQvOcgM9ZOBOPgIe/cqU4Y+8tk=,0
6CQ1MvhbesDLkCLo70F8RPnc0GGuMVFgBH998jAERe8=,0
sLmETXm4pA1R/djZyfTrJMndXIUkAE3xFVybVvcbkwo=,0
tCe/bw1TfVJPdNjAO5KxYGtPSlmeg8+xwzzrgaYZbWo=,0
FCPVphhFPjh2p847fMDGK9M+1XWg9pDLY2tH4Chtm6U=,0
5MgWzTomS1+/NovsSXC6E5hcvVZ8po8avH7bFxIdtB8=,0
/aKn6LMD16yaTLjoMsN+LaXlrvbUdz12VDwnAs+xpOg=,0
LVDb2yjS9PcLDuJn2M0Fqesab01QF8Hd3Umn39L1GS8=,0
SYv75faIYa5ztL2GW86v9AkYuJFrcVFWCNCS7CmDu2s=,0
0ndeOJjJTWzl7CJEZP5zCeFn8FJxjnPxaPR31Sxumi8=,0
Zh/A38eo7WSjtKSfoOcObha94f0YwuE0c0c07Q50qCM=,0
qNryy8c3/5vEzN97An67oepHaYpMMX2JooMsFll7AS8=,0
5GNgyXPR9VRJATWGH/GJw9vNS5cCsNQwLhD+cxsCueM=,0
vTLw2qHljE81r8rRgDwWWZ7nsZjE+cIeMLgrQzHasZs=,0
Hk+1fjym4flWsdL+j3mZK7kgEmgKJJvJrIf55EZ8YXo=,0
9NsYvf+GgR565BQ9WtpJO4SIMhkNcdAlojggJznppyU=,1
DAziHx1qXzp1mwjqVpNeopD4lMxxeC+F2eK+BFr3TAE=,1
0a+VFqG+BwGO7dXpDofKvqoO3NdprHFhamYHEPK/FnI=,0
aYzNFTVb922pZJHoMuc5L0hCbB87jT0EkALxGnzdrPQ=,0
43J7alM439/K7B8b4rYIyTjEz533E2+2K0bf/fBc6M4=,0
Ql7Shm+C1yzzvkuaiTQllsUo231PRRoLTxfmSb4VDY4=,0
I+WSm5TqxAl8Dro3vFM5bKjHQvjxR15+3TV6Fmt+6Ro=,0
uaxig3rQHwPYFMVSoBTpGCSzjmBa2wSctUISbDNOHvo=,0
D2nZiOAQLwQkUESHztdZZZQLfU8SqhuxRLVHLSZ5eJw=,1
SWYDyO0nhi8QutOenSP9Dvt4mDGy2zNr7pouUcBQcN0=,1
/KiL5o4pWmYFb2uBNLsaJG4JoS/Xu8IltuBLBmy1/PM=,0
U7etEb7SjKWqLOUDp25hPoQE4GvSL7ELFOwsGKs5uw4=,0
cHcOsdI6CDdeHJn/jUWQ7LTS6SloHHYbqoPOM666oVo=,0
0PFAIT5EK1zVbuClOp6uIv+j1PuiFpW3uboPH6rBdc4=,0
2aP/STFr5rOAxjklkhjAGa7CnXDUKkUsJjB//UJ6J0c=,1
KGuf/XQQVSAsq2tB6vcIWruQmFLOqFrAvEG0Z2NnUuE=,0
jDbTF3DsgCc00IQnkZltwsSi/Ih+r2LOOAIXa06k/+I=,0
cnrVfg+bqxhFa66lkHyFqtzDlC0JBPJwfQakWvBGXKU=,0
AKXiK8j8kPQYVlRJ6Nzvx2Z25+2rwqki67IKGHxHHwk=,0
KY6Z9OWCmQUdslP53t2Q2ZaptYo+pw2FKLMbD1visqU=,0
pkcKafOhUfH3BEPuI9bFOXVllJpncPpNaHW03PsoGw4=,0
39YyOqqSF5gUAUDIZvSg4lMSdBNYi03DXs29nAAE86E=,0
98yLmdQYMkQ2GXFpuAwjv5KlhxFBFfDl3YDmg292ubs=,0
f6vVlzndF55BJmk1rVSmSlWFcsg8Wh4116gMuKucN24=,0
Z/hLIJWXNnmVjTMqXa9MczMYL24wzg/6QJxDxqPJpJE=,0
zaZhFCGgTe/LgNC79ZSqpWYPu+3ZbZJuYHc+GuAyge4=,0
m2+fNvSlbv5c6Fq5yrAGxFllEEQ22JsUGZNEYtfuTpE=,1
8J3q9WSAFQhu0P654qfGcczYtcCp6Z3Z5PbsjQD1Xao=,0
/rqrx1G2xYWhF8hUQos07PdFMk09EwEIyQM1WAZIn4I=,0
GJawORTbVoSBgz/OEH6lnJim1YJNud4DXLDkoL1g4HE=,1
qDAPYrLPrfSx9VoG3lVrZI0f8H7PKC8jzq9x6pupstw=,0
QGaDHMfDZViSU1YHZbRMLs/V4uXPU/I1N2v1sit8YcQ=,0
58iV6fAJvRR0Rde31r/DFNAyEZxjrpj11cyBfjjzGv0=,0
Vfc/iTOOMs8+RqUdDkMODniW2gsV6ZL2Xa/j5evY27A=,0
V+zLtXEZqlT8SRuB+7eVGqeq6/kZhYVh6YcvKHcLaas=,0
nOJxRVQPlsU1CHKw796CKFPKyOduw/r5FjRFLSSpigg=,0
jqM48+s098NJMCJM5IUvq09a7HQvK0IwmfF4bwN4+NA=,0
IjPwBZYSZIchIVzfSD6F8s5KOiR97cqMBW4rVMC0EhY=,0
r0kzKrz1nuGYYb0SZkoVlArtpPxdij2vJ29ujaAX12A=,0
GDbdINL0ZmuN6pLYT3V/yUKy2LYXJ9vMmuut5NwTbKo=,1
lffMwa8STIJeOXgU+56FPR8iLEVDf9G55dZh1uJ4+mg=,0
jRJlfABdE+MSmYaEpzk2TZBr2ZYgKVoZTKUOGsEIERA=,0
rSDyokNlw3lkVFE91VpwdVpLbV9oh8UburbffyfGt/c=,0
kSS4gmjB6Csss2vJYiuuES+SfyutLbJigOaGIds/dcQ=,0
g7FYSS/rqEDp0RonN/ppI9FIdYUobMnz+k28oQxFe3I=,0
oFp3DQBGCXOxiJqlgGeS/Vb5XEl1loaLmJodUB4jXKo=,0
rPssCdwxSiEshq55F2m0/g2yn18EqAWI7cdGx1cAKvE=,1
/rBiXMIgQ7jWET1e6IGgWSWpN70rfiwajpjBX8Wnmwo=,1
Fxenvc1lCl1jNk8Z5uZNE0f/+r0edMTC19JrbTFRN2U=,1
ew4yVB8gOojgZE5Zt4zgcw8C1Ewm37MORy+oDe15Kk0=,0
Y0QC7KsT+rMmwcvoRpjwPMX7jxycwBa6nMJVsiaB6do=,0
BTDdR5L4CUGf0SRuy7nfsOzQOXlspo6ZXmjmpP/ZqFc=,0
Q3FcUtncfbuNenHsV7YVbO21Fu84YlEMATVlyuUAi/o=,0
30cbFA2xFy/XDFcm2MPCu7yD0uRUTHwiQSVtfGmMWMA=,0
v1rlnvIYVTRhdDjjGwL06L3r25IWhkYjKABSbX5HAQs=,0
cUvU70wEPZar1KgTXkh/i7JpsMTCz1c62u5PTMfFVvw=,0
N8yn/W6I4n0NcbADzPCa0Y2tzV30vQm+J+3T5X3jQH8=,0
bkhLQZjyOC5WHOIFZPkNc01OOI7n0AzNjX7wO49xoEo=,0
Lk69JzpKMlGs6lq7Jnxqpxy28zR7GyMfkyZS4UNyuH8=,0
bh6K8OrjN5AlrWbv1qBvY6HTVAGrrYReJu1XotVcAsE=,0
6ODIbCvtKwxly2fuUIbgYVSzjCWZhR+a+kQ6La36/uk=,0
5sd3zegIHzRwPPZ+OgM0jFNfs1xrzKxxXnso0ZSUjTc=,0
LJwcmq87mg0J/7Wv+QkOBaogfgPTewguICqGmkNysWQ=,0
SrlGeteN5AS0oOMUBus4+evfRreX1aXqzz+XBr0RPXg=,0
8BkjjdOUaEX1cmD1SJd0H5mwjxK8vTd8mpHeBLD1g74=,0
YTHMlVEWto0NN0nQogMhCSBbMHM+Zj3Ye3DlJNv0fYg=,0
3GufJt9HTnHxztY2WU3ZEsee3R8ByCDQNDZSKkldl6w=,0
3X+Lt9rcVwnNUMS74xKE2zOWt6N4B0hS5fHC+kRkZQ4=,0
+9zunqlWdHAKJXSX2lxlx+SNYwNod3iLZIqu52BhFGA=,0
/d8tvMSffk4u3FJVTEotnclKCr81ncsoRN8u99q75Q0=,0
NztPKP9uynAPfYnG9VG32u3KLXtjXaDyvOJluY21meQ=,0
g72y0SC7XyKpUsWCMrabhjjDvzYapaFOM8HYOQcPpGs=,0
yjoHEqTcHyrWkQwK65A6TIcGdf692NeFEJkXav4+LSo=,0
eOihJT+mkxO3Ea4D9fiS5BWmWUXe48H9LgfMdqpnkpI=,0
ID/UBUswIUOuioY5ViPuxQkgu/2/dSJPnvfUBHDSlzU=,0
I1ic9OSNIgP4Q1QwkMV1cBWF7YGeEdzZ1WLgKHale38=,0
4JxAYCo76LFkrJVfXqE5Piwey583fRnVsLBFCQyXXCw=,0
+ee/xb9K8ApAa4ea1Q7HHhu0rvI8kGJly+A0HsXrDU0=,0
dWW9Gjy/SMktP80uPcLCb0PCr1y+UznjA13LFNn+d3M=,0
AGySsz5ztKTUdRvZq4ypLCWI8l5CpEZIQWJ+OCHSf8c=,0
m0k+g8gYMxLg7h7klojVoCoYnr5ADXeh8w1B8u8nYJ4=,0
/P/9k/EK9RNsMThtk0NOCHpIUDUvw82ALoxvV4SH7F8=,0
EIG0N/NhDkDeMhyCBdAJk6rbjUGof+KcV0TXwxAO0z8=,0
pGHaaSDXqXiXicrEUswZuMX0/gpOvRXBcF+jwVmS1o4=,0
8xwaohpFlCzpuPkAOrNFQLXTwW+xVcrfUaZKczHRyO0=,0
Opr4DG6ncIsbKpRqiOHjXfzDiudntBd/BIQrKAeFcYg=,0
V/kjvf5M0O2WmhsxvMsANaeeIQzpeCWihAP82A76VB8=,0
aGIuhyofj3JGEQoB6hoTBeHpEjwokvI0oD8+ntbMfhg=,1
HnFKUthzy3OEKMRaK+x3JzkRmbH1VTovgG1JjDSv5vQ=,0
kB0IDSCK+ZSonwjeYi4/kwd4EcIpIAmKNIpgvTzryGw=,0
wKUFX9ZW8+30Q6rnefu1scpiuRKZbxFtVIhQnwciGFI=,0
s0D0Z5DynrWcUS2o+5U8RIqTBcA7Dh81FH3lESUwaCY=,1
kYlCF0S9N/mcS9yqcStdxHrmV2r95X8bKYrWrZdKGyM=,0
bVeAonr2wytnLBAtixECH5Sr/GsT0lM9t8/lXpC2Dyo=,0
BGgOACdCNuD7Myh0Ji4STEKz+RUAlp5e+l9rCjTWe7I=,0
c3hhOocXlfqCquvQo2PppT4mNS+w3QL7yk7gM+gR4QM=,1
3VtKNQxgnYNV2eZxgn1MrK7ayPfr3kFnVb8/rL+apuc=,0
72k2mBue8bOmJ3BerYA2uqbkb6YimJc6rK0BKEtZp9g=,0
RsjY+jxChRY1jdKenvHnB78tq4mfWDg+YQ4KYwNg2Oo=,0
J2OmzkUNHfcU9iL4hSKHqmqp6uioYe5opswfE2Dych8=,0
jvY45p8rAggeW1DD3gH8ATFeSEEm04Tok/zN0OgpcjI=,0
/FvDPRE/d4+Hr6QDQ/VDiUfkXcVeWMhtdLv+DaX9P4E=,1
eiOXuEfqfQJHN24N0CXkWkpMrU4BNsGAJMTYfgi2oHE=,0
N1AhhDXTW3ik1mIMUEGwSC4n4kL3ghhxup6Z5VjvVBg=,0
r+3+jDzL34JaZKXQkktYqvigNRZ4fMVzDfz5AfJ017c=,0
S5nHzhyq/j2q5ZP4Q1PS4I91F6dYCEd0S5koHXKIc9E=,0
dLWjIVdIKFNgVsXPxbj79s0ihnXZOVkovy+8f6+8yQk=,0
a6eFdcxT+d0Q0NCdeMZIJ6OAM5FDK+Rw2cu818ImNKY=,0
F47kzR7+WDONpm3i41TsPz9zB0/7/ILfy6sxRjr++lA=,0
e1wjcMmmWGE5c8xYNxiygpsbQfCnqCMGTtvpwrg0vzM=,0
2JutTVtcNtXbGo5Ku0UKXcq97pfMHl9r4PWm7gRu1fU=,1
nOsMOWCWgycrkbup7WO0Mz5n9eKO/G7qe6dqkBJCarE=,0
aHdw1wLwnYnjfDMsoUzMKK1HoSDXl91yTh6TvtMjU/0=,0
GYocuOer/CG7Da75jTZfMXwTrruWeh4QsPaRSJS6WUQ=,0
bDKFJdklGqZwxwMJ8pf5jU7MYNzqUNFdbyV16+Z0Pus=,1
ozNoZjC8pF7RrHlBS7Mr9CZSrS5wzfyopbzrqAlivJw=,0
/tlanDL9b3Bu73sxxiFMfyaq5JFLOBNUkDEHeI3mkUY=,0
jfbMjij96GOOmZWkzh6X5+2ry15zAcqwGRypWc2RkmE=,0
ECtSJOzFJrdWCBB/aTC7n81gH1S1xVGuiiGOCFP2/O4=,0
dygEyXpX1Y4aArBd9DczxA695ZbLbKDjJiVzNBo30LE=,0
X8XdhgiL72nTYAOw1pbog0VuPEdtUoJpYBngzwZzi5k=,0
7lvrR1ikX7AITYgiYc4ud6TXcQW+0fKgHN6n1MMWnYE=,0
MSS9lPiJcbaKxlpfQf1z9U5NSLmQH9bYSda10Jdj3nY=,0
2oX2nTef1DlR7pfdqGlaV1ItdZJYR6DY1UkP8hu720Q=,0
pL3PgEi/DRo0bUZCNbS6upSYJJbDfYmv3pXeJfujaf8=,0
s+8Sp2ibaE87S8lbBnYcDb3If5OxOk68hPFOL+FfNP0=,0
NOpZNwFGFMFd74rY/yOAPwrAHm/4ibv7f/7IahhQJGY=,0
W8GfA+uDp/dNjKNJDphalD9DAmOb5tO+d+adbNQT4hY=,0
8lOh0OYo51nDDCLyKKHiuThM4CDdPMCBDUGIJBCi5/0=,0
+v1BwZH4UUqtwtVDuaPhgyKrLOVvrtxuz6nYeqjRGbw=,0
xdHuQ8L+pOZykvj4I7cKAJt9ydZwCdKer627eEa1wt4=,0
c2vvNqpumafigJ437+jZz9lYC7/wtM40OfZCi4RtwH0=,0
5sIti9TnlrBgcSS/95q1+g4TCnaXmsfjefQQkH3xL1U=,0
lPeYSqGiNCldjB5jMj+6aPqigMfvenmWv1VsLtChHpo=,0
PO6iOTXR3vK2csUG4a00p6WUrzZWwck+lRqNHIrbbqc=,0
8MC4qV5Pld0aLPk0KQ50T8uR6fH3m0/FlqhayyBV30o=,0
Pg3cJV3mFRol5Wgp+rCqPiNTzn1pnN3eukwvgBw4XxQ=,0
I0B/OpmYHOjDBxU3OE6xXblGHscuUnSATJWGNa3NL20=,0
EDx79Fwn3Sm1byx1H8zYs4UYK7ylUG/MT/T7clKAxnQ=,0
M3qMlrv+p2OEmBkcSZGIdQyEopqr0gIuPBB3A9p3H2g=,0
rCxRzGTwVGA5tUAEEdZy5JEhdV71ZFlgqmwF+btZmQ4=,0
ZKIETJN9PdOcHgzpRN0IrIR7tKTME5H70DabacY5DOg=,0
uBXlcaLqSgcGcy2HC7ejFao3qhkDpi72oYNSmgiNrEc=,0
p1nHasdvzOH7PBgjVJP/cZuEcqoCg6iVdq/qRtxaP7o=,0
c007Dp8Al0bGcC58Gwj3+WbY+dBjf+BYN/7mj2/8us8=,0
7GMnEHEOK64o53e5gvQUru2n/kzNSAcjKbehfkuBRAs=,0
oVk4s74Sw89GvivlIU0QHuq7AgQp91kYkVQucYsWnXI=,0
M91+ZkTHM8n+3z0q1/40TagqjsA3duekBAsydmJfdM4=,0
gcAoG0L8RDYT6JqvHXVeGtNr3yt+Gx4JGFBBNX5rPXM=,0
C3KWA7qLsIB5I5OK4gqhS51gZldSzUMdCY5KFGdVizM=,0
vHTAVEewER0Q6Gw1sFIcOT0iT+yGZ9+jua7/h2u9e64=,1
9l5zpMd4tauxvWlYNSxXl/5auKZuf7L2+KPAW/awyNQ=,0
BFFSLw4Jz8auPBEkcqydXNNZG5tpeXfb2k7EpeWMpAM=,0
T8g7ERDTSjU7DAmlq78rCGZihQQrL4SrbTeVQOhlTj8=,0
n0uFlATUx0wc2yL8mqSOeCSpID8T6lHp5JG2YZhud+U=,0
ydoT7Sp1AJwqW5irm5JlXJLBW9OILbCq9a6ktNajNro=,0
hv5cX3iJJJ68sqhksUOmlztVDss1UAq3fOzIkOTxtng=,0
7+I2jwTrz7LzRliz+nX6q/6uQ5GzWv+yM8Uqe3MTTeQ=,1
ISGMNMbYVyEIgrujLsGsD6HZ8WIqJiu93xyMN5L09l8=,0
q6R7/CmHvuDjtO2W6LwXfNQwjmKIt+iHroSW/AzQ+0A=,1
W1IfjW8sZmVUqgVlTVRy8xGJ4G+eHI41W14S5YrQyXU=,0
eCAqG0Q2kAuWVaIZA+t61DxEFUP7jf1i5viogcYrJ78=,0
hT0x6ax6N0xp87iPPBzexMlv9GdD8LLq5t5By9ryEfQ=,0
735/wYfOwvinnJvmZHyqeyYEJ9mQtg5n1XFGq7NQIM0=,0
HEW45DkvVDghR1rkP89Uk5OxiTwFl3/T90oofiRlzUg=,0
M+iouZhPtaGnA5BzQgC0PVAiTuF13LNx62pE2pCAnWg=,0
+SioD/tGZjbcr1R3VJd8MupnhBNW1H9UWTV8f3hT4GM=,0
XWo7GFimaD1GxYGTn+GrIpk0U4M2PVDnatv1tcBaP0U=,0
Zw8vBJRxitLYHUdDSW69/WqtCnlg+mobp3y9VtuVEmc=,1
HtrCS9nqGebUThzYenNvgTEUUafo3ic+CguqddqeBfQ=,0
gvFC2QqxZCoVg3P2UypqXawVUjzfBYr4C31HQtWgpkk=,0
XLZYstmxJM5LCR365cK8kiCGDUONp1qyNTSrXvStw9Y=,0
bSudDxXgIgh/A0tWv4uvpiNE1r/+VjGgK4CiEpySBlg=,0
24K167piahmlJAcgqKvryyIJBX0TVoK1PpBRpyw9tTE=,0
930N/ZZ1bc1R6LXzYXVmpkmwhxO5RgRKB/5VIQYGiFE=,0
NSLTpFUmCJQcRBungJiqoxUMxNGqyYufkSBiLvWArTk=,0
+OCyVDYXfIL/xGY5fHN+co4ZA9kW0DV66gV3ccZlhT0=,0
5DhHROWq7/eYtBOvPxCb50dg6O/186llpg9SyF1wk4c=,1
5MwjAYmJ/on3Qw0qdpY88vMVtf2qQeJQJE9RDDb/VLs=,0
+71ISTR2wbbz3KYmBASv80m9xg8ybD6sOeUFj4UJHxM=,0
nGiDA4GEm+h01t/ueBXPlbUq/w1goQ1vlRO7a7nRllY=,0
si01a5CxkQVXcdB/Jdgl/eBByOtm/PedJhTTB2nLb50=,0
YWVCwnS/QUUQ0u0zuxTHEnUOybjumWmUYSmP02pJCEs=,0
kOBVxWLCuCRAqJZFcNd9K4E/9M5rMdqJZnoTbG0rBic=,1
Mht19bTNrtFDeiLemlue03dI38G7T8jJZjtkb33cVG0=,0
0Ez+fXDCRzIpXsGqqgGs6FcKHoVe4mpZjyJjK3NsR28=,0
s5Cv1ruQf9YBx6OZ403bTSclpZUjbBjylS23AWynwv4=,0
2zgkoRHC5jwqMJThRtOTM7B1rfNFLH1gXFHoo5WRXeE=,0
0ZOTit1EN2pzMX+tSt8waTMy1W4wgWDKjvYw7vfnjt8=,0
gLgqaS1rfShCmNfacdyie6XEk2w94ODtNkjqw+pcnCw=,1
U1oTqAxzEWbjuH6rGvqNrdFDksRKZW8DNvRtt+mOIIY=,1
vEeI5xW7OxoxdGADh8Reb7GlB1EcpWjImHzL+wN4ukI=,0
1z9491KAqVOw/3I1MzR8zsIsiN7RGUfs1fv0UPVXCpg=,0
Sqe/XZABQy7HXNAlMgb2CprFAzpzpyVPCsiUfI0lPRk=,0
Yj4MkCAuH/MJ/B0Du9GQdq5i94IFpAPUBz8t4CCoLBA=,0
l8el7B08P9J8fi79dXyl0SWhrOxS8mVbmXuvbgWLHJ4=,0
6ZOIBVWJY+MdvKxcItiT3DT9KzpENZRg7cn9mT6EqJ4=,0
NfnaWUWzKhUBC5Ag//NwwMOETCLqJ/gGHKRWHZYJ35E=,0
0eayVyLaDXB7uqZhJjSXyP2yLSDCHrCzRdRFps8e/a8=,0
3uyGAfVYK1kvBOQRO4n9WTVpu+6NRD8DS9XKct60ysM=,0
UPxaE4XLzJT37L0T+xW7IM0WG4ucSrjJPRbDvCNMSdE=,1
i5niFnCmZLopkDxZku9RqCVPE4uhjj4MDFJ0253o3VY=,0
HA3HvWCoMMmm+f4QBD6B3VYHHxbEDvLPPOviJiK/gNA=,0
cvfowYdPFbFmDn/ZUuaS8+n++543hmn1tD4UeJuDdAs=,1
G26vChBIHlTkB8h4UR7fleL1ZP/0UDjTWNUDRpr9hsQ=,0
S/aOzXEu+SMrwSa9yysqC9tcUAvO/pVn2MTAjYoFv9k=,0
aaDrIq/ohYpUvirhP5e5PBDIzac3z/I198x6CLyObso=,0
BPGesQvG+7NpvzP8M9hOBvJt0L5qfpDTD/LS49txUgg=,0
VZCKuJ6/Xq0o3pF2phiDzuXt9k44pAcGEAYwb8EKKIM=,0
Bs5hbbOMN8YTg+1sMjCMWx75mdCqp6PzEWRcbwUeJ9M=,0
QjIuumznyq7X9zJSDsXHG14HDlwSwz685CfbB3cP1hs=,0
rdDr36N6eQtphGEBAjvQ/aG4HzGyZS8C0o3ydLGynWs=,0
F9Otmr2L9mY5gnrjiHrMAaeRalMcXbe2CyMlZ5RPrtg=,0
ZXX7OhdJiJ84SilqnpuzNGnPfzPuW1Ck6ZcIaAqwyLs=,1
Y6sIgTWIRH9xHEdyKSHNNjxXBrENE4VwLSpG3d4KBj0=,0
bEWK/ctHiFSn4PPWwPdIB7g3gGnQxETAGCcG7sbSKvc=,0
7uG0utCfsUDMx3BpeMZjEV768hYvKl+nZX72thnXX9Q=,0
6vWt8ajGuGFiyBgeZm8yyPYepSMIV9QyL438aJC77zE=,0
/FCbJjCcDTNHfA29FSRXoTKCFu070o/MW2MnKDmOWps=,0
4n5AnJNL4PZ5lMG3DDcSGXwqaUtgSCIfc/A1bPqXKfo=,0
5a4GURspsyBBKtr3dwH3HWk2hZ3KRZpPOkZX+HakkZU=,0
0HvEfwd3uHGgCWyHDzyLKnqHnBXLVukymC6zCs5BXJs=,0
NrJxbr1T6YxDJ/kYyGt3FZnlXYfh8yAk4Sa7z0gtxNw=,1
ccJsHQ0FLD8tmwECHGxpDFjsHhyK1BovkrmtNvlOxak=,0
MPsUPhpyHT7kIKi2jGZvVeIf8MfYgV4l64MBwyY5Dh0=,0
Cx9HZxcEi2jEebZ+tbfo9I/FEbMl7N9YU3giAXJnPS4=,0
xbS/Ycn5/nmJDDETwYHLNS8rvvxvDrdynzwQijkvnCQ=,0
uF1LgeGWA9DoBR9hgG2sLNU/yaOSbkopfHMP/BV+AkE=,0
O4LPlyh/XOsgEBID1qxwOR5x6CCDfyPVIh5i0zOHeL8=,1
GDt6d7sokd1DSxIl8b/WgQ8/kQCpMKr1hszKyCXcFzA=,0
Aqhl4w5jmmGdLKF6nN9kDLNTM8sP+iqx1ty6u7gwg+c=,0
3Ugp1FZcPyQLIVBCcPAOue2D/oq/FHYZDMX+/b/vLm0=,0
C0WBvLpjweNoLzwdw/bm6ir5ALv6O23MfmNqovuR2jM=,1
aSCMmJX/g7derS7qLK40oFpr1Fb6+KZ9KhzGDxnd0As=,1
KxqavBJrwpHd78e9ne6oBGWnOUIzXvMNNnpdIQ4dabw=,0
wvPPFX+hoEAfE1vTtkqRd8XV6Oevgu9yqke/vIrVaL0=,0
ELzsLPhP2UV5ECiw0ADlaSt5uoaB34816sL8WhrRC9Y=,0
5cn0Fb7ta/vEfiATOdtMnk6KnQlX3ToRvZO8GdePyeY=,1
8hSWPaXTtRO217XwFN9vJRU410iXBrI4Oa0k/v6f/NY=,0
wkgEssAkLsiTZyJ5eoTTQagJyEFaR49FvpxGRylP2Ow=,0
j9V/HLDks5HuY2TCu1zEuRyFl1/gUqjJLAVrJyCif2c=,0
TS1fmu0hP2EpDK2i/ziLwZJN3oUo2xNU19s0vXlWR7Q=,0
xLWFIgRbvqLrj4SHT0u/EZXYh/U8KwmQsDqxX2dXKho=,0
66tyfGj3/5FhrgbWD0CZFYy6ZMFCBgbKDWbNrM/ufdc=,1
zG47y0ajWnZaTVzgMNt0eYCvvkwiPV2HKLeVrDc0ryU=,0
EyJ8ea84X73f2eNzS/yutgtnP27yOcU4/OR2YWadgRc=,0
JORZZXP3UAVjPbOD4tBBirt000ToIqdaOt5BWc/h+Yc=,0
0QHxdyC8mwWIMbyweNi3Kv/bKRPNjE5M1bKySA9wmcQ=,0
CSi+10oOf9ShkR4frgIblgb0ffdGisgZR2bMNOH6YBk=,0
Fjud3m5bw/gAaSK5B7rrf1QcsWDEHFGnPeSVpUE0lcA=,1
cJp9mPzCGTMjFBTqBlFkX0ST9umorxaWEOalx5559Yw=,1
XjAovFd0ki/McRn2VNEHR7ADD7wNdLRjHAgxz0O674c=,0
BDVQNEO7Ys6uj2kYPnXoDcP9JotqjoIf3OLmPhsu+w8=,0
e98wuuY+n8C6+yEoGXmQj+lkOAw7AhXi3Z9EINTwBCQ=,0
vcvwey5j+ty06x7xPPRGI/p1KhQ/kEae9FTtfhk+53Q=,1
50YdJATbNqYa8Mk641dgoHdQtOLMnLvMSsSGS9stK/A=,0
ARM4EmEteirTrPCRpIraYR2J7sgxC7tjTef+dzV5Tok=,0
r+YI1RK0zI8w+cefxg5TsqXi/QwN5yJ57qyHh4EG+VI=,1
9EmX0fUxuMHxiKe543W48wRTIa1uHHwE0vuLgt0vCdU=,0
kPDSx9DG5ee9AlG33pRzoaQYuEBEFbbYVofeJtmFkFo=,0
txOWKoe5TwXTsPHGJ3g/vO1w/8ODhrabwP/2NwGMjEc=,0
/VN2frf1IAzRKJNgBZByDjLXaO8hOQKKcp8/gcubLZg=,0
GcEu40owNLH8QP/817J0ZVGFzLipzDU9fqjsWHzTujw=,0
y/mtnHV8aH1Yx8nPGXaSxbcjASc8AHKRyI/5ZBCE5MY=,0
wf/0WNENyhKZ9N20MTqJA148uQ6W5ii9d0UK+dwgddU=,0
ElQi4X8eD38Bh5KwT3uWwGjPVOnM/3b+/P5vIGcirSg=,0
FIPNOW3r+dHDZ+8+S7+2kUXumpxHnzDPrhPjYm5Up8o=,1
M8XRB7CX8Uv837m9WlTtaR1T5JtT34K+BGbhTe1m0iE=,1
ovg5hh4msRg58fZEjXFSNKqva18PYZ8KS17Ya/D9Wt4=,0
39j1uF/bgm8Zevj9idQQMtfJLb7nfK6TOgyCz9nh9ss=,0
wHekLYbdp5em5Adx0F51WlB5EvwNIgjqDF+uDRApl3E=,0
/TnPYPnBls8DspSNRuw5GV8tAYhdMeVqR0fkLIvi9p4=,0
659dxjhN7f+J6o9xKyOqOUbDXcn0XydwQOVpOhFIMkI=,0
5SJ835RxCSKRWUIpU+GeQdtS4V+bhITatXH9wZnNUGk=,0
eaH2kYY/QBvEoXyVibRsbiN17/fWxRVHowBbKm9oFdE=,0
LdvCMblMWYyPRC50YjNO97oqtA140wqfOwrpwQ2oY/E=,0
nz+QxPpNGB4YFbBtKpSlMAB7HFIdI1llA/jyCPTArkg=,0
mRSWvNSM8rkdJEMQYcw88iXfPbWTxMg/JEZQOl0PhbA=,0
SMgujADWOi/7H7AoRHWOwImeuy5+CuJ8E+mxUeAFk+s=,0
gWGjjZBTNwl2hKFVjKMYJTIs256f3dJ3BW3lnZgHBKA=,0
/ih5tZvYCjOus/GLjlisJTsZspL8H65wmNTZ+TIjfA4=,0
8N3zsi5QSNCVgrLf5xAS/OM+WfZUuGkmnsshuDRRsG0=,0
YV+YJKSmzky6gnvf0knpLPSFWXxCfJFKPcJV4zo2+to=,0
guzqdXZ1koDdmztRPwOOx7VOpW0PNRG5rO334/ySldA=,0
K1ThktSbQbt98YsXMyQ2LayQyxWUkn85MbKN58vRxjo=,0
NyGxJMxf+sz8PWaUjGqSRpZjde6AGwlf5o+5qFNICs0=,0
pCqB6gnO1/qzm+VSLzZiHOLbrfLS7A9AAXZoIqNEcLE=,0
FyUhjJN3lVJ/5goo5TIk6EfFm67tPyp/u/AiDK3AX9M=,1
4ONBBzqLvcxAPwl+5cp7qbmyf7aq3fmTK1c7Bi/u820=,0
5CAWNL84NfypXiUKWCMu1vcKnhoVaabUIScDQqtA2Mc=,0
8iP8jd354nq78/ixpAo5CJvSfpdlc4ZeJK32IAZZuPo=,0
uXx84PZFHB8HqQSgnHsQJnMJx4DLk8S5dHjXn1eiW8Q=,0
Abamiee624chIS65xanLIaEUENRvMGZSJJszZqiUmlw=,0
yf0P7Vw6o0I0GQg0DqK/lXQaHgb7MLp1Xxs2WKw+4Js=,0
N5MgoctrAJljidXdhrF/H/fDLtIwjXAMnXTcLu6NuMg=,0
fbaZ536Fn87UYJz3bZRRuTbzuuaJ8s1SxJrO8BzYNFw=,0
7DIB8UqM7LUaw3rPn51hRhK5rjvuGvurW81Bn5MqHhA=,0
hJwudaz8nVi7O5cj3/R17avjbBOJ/43XHI2l16MOvjw=,0
d10KcNa4jBxqJHy9eZHgHb+yZfGLRY2h0rYdxVUkcTs=,0
K9IZT1M9UxoyvwnzRwsnnruENZpcWa1sFgLqKxji5+A=,0
ypXOxH9tGqaoK17Q2NkyvwMr9RhvLtkknCj6BkfmH9w=,0
WZw2UxcjUi32i6EHKjx3OnGNBjuLHrVzcvSVcbEoVzg=,0
TJswbaVBBsK9ps2MeCZmtMr9iVvxnv6g69PHPnhPc+Y=,0
C0JaLOK0otKAK88LgDFtyXWYw/Ao0fSNK3AD+xccGcM=,1
vivcy30HU+EH5VQQTW+T6nXlTFv7F3iYjciLguDo350=,0
3X9Cp1F0AAHQX7ksCkr3uhefWWDB3cxKI9rPBsTa2KA=,0
yRE4IgURjDUIk2DAEDey4s7DxWaXTxmVze7B5e1UyOI=,0
mruhyIZTWVyqsWWcvr8F4Cko0JP+6N6UPWFmmzJ67EM=,0
9Y+NQLsUSlKmayzNEpTMdDf6PXlFZNdk0+Xo8Fm21ug=,0
OItioX4ohj7g82aXHiuCt59rPJYWVgTcIp/vXwTbYug=,0
swCu6ehAkzMOhJs10m8d4m9/1VAuDz9plCIghjjHLoQ=,0
8xR2HGsmJjazkOwhi7/hX7CQIyjgW/rVOVeaTNRyz4I=,0
1+zTGW0DxJnPSj97ekKCwR1LmbdGNiIGNS1qF5SlXs8=,0
P6mFSo7N3v99Vthg9FvuGmak4PV0CJxPidTwENhFDBU=,0
smPLiyCXBQzfkDqPPBeSxeA9ccS7XfN2qtCCbBxHQp8=,0
uISBDp8Kj7JlVrueujrztJB5uQDkKw/hCqTVEqGTZDk=,0
LipqsnFgpH2ShMdU09SfkAME7KrprEf+swkQWI8X7n0=,0
0rGXAUClsOisGvQ21bkO6D71Il2YzZveefb0yzi1Lkw=,1
Der2/cdVesg2+u1UZX/u11dZBM/FWtNl1TlKIK82puw=,1
NCWdIMd/TjJ7g+3ULnVrnnT6FzYLG6WtSNoknvVKu1E=,0
vpXfJy5+qbow5M0qIpt0VMu0G6oiiIDxXpVfLZSr7/0=,0
QlI9hEpCOxZ/4T3IE5QC9dOCUvG3+XAsrn2srBqTDaE=,1
HvCqG/BvHlkXCvk0CAS9HW/2u1OoY2DMSMeU5wfIVrE=,0
A1rqBcg5AdfgoliGPg6ijeAbFI4/wbPfd3O19heH/rc=,0
A7+9Ocm/YlP/OAHberiEweJfybLAOXHaaqu2ysQwml8=,1
NS+t24tx2gORqSYU5FQTOCtO8iv+VdyUU7BJXKWgUQ4=,0
7AEPrtDK045ThLWWQ/K/zSMi2QlS/BsdyPcrGCl1yYc=,0
K/ptL9dUBE4EascfZYPRmAFgJgbuS4hnd+OeQHASNi4=,0
lHd9NJXpuge3RHuEmptysRRCM3xKLT3rCbA0EQCH7rg=,0
XH/sJ/Ne77srioRoIaAGadeqwNeFTZl7tcuf3zUjrqU=,0
3or7JcwgHjCUGsKDo0qj3EISKKq5E0yisu1dUbKpC40=,0
oWjjILl5ZpL+mIyzmuOeFvrH8mxyopelJa/WhsfRlG4=,1
RhHrrG4j525aHkrxdDLkywt5rZTdFTHs9EO0/UbmE3w=,0
EioV3jfxXgrihpG48JiuwIDH67svHi8H+t+cUYGNbE4=,0
UfRAbeAO8dd0Wf7XjlPCu1uWhS2dhoB6fI1l4oqO7T8=,0
W5UfVJcqMTwpkEz38tmqbmPu+FZyHVx15fLIKnDNCKE=,1
D01eNLmMgSrFhE9lX74D+kEtRail/VaUWDvcru6lcWc=,1
eqjKLrhFHQHsCLhHXJkrHJwrEqhnifpfD7bea84jskQ=,0
4Jd37DIPI5uyANOXiE3i4j8Giq92Lch6uZfcuf8Y3VE=,0
orzwXfvrdXnCc/NYdMyvd1+wF0UH2QM73k3P5lt2yCs=,0
zL5lOJU43W1YrK2vJMCvbukMZSIz2o1X6HXY6jCSde0=,1
lB5T+NSAkoeHvM8K+EsfaQFMWqD1jDdfW3A0pl+teFc=,0
64SABv/5SgP4HO0IhdOG50Xxex5hPQre6/FPovj7Na0=,0
HXhtUzgYdHUoTcKdc2pAk5rvqm/95zA99vB9hOATGBg=,0
WSJYFTu/etpW7LgsPSn/a1rZNKF29zaeQZEqtDAowMg=,0
WS+G9CrJkRbN2Irhr1WaSGZIoPOLdjJZ+sVviVACD7g=,0
crNa4HvicliGLlUzed2FrrLhuyYLxh/pa7iy32RdBVE=,0
fUeipikNFz/gAL+cq9kIlmB/pHHh7zE67KUaQU+97kw=,0
VTDVZCE+2jyh6QGJ3KzWNQTibacvcdXy647vrNlGA0c=,1
ucjqbwCGmhYy4kGhbziloEJLywpVXIYTitN8R814JE0=,0
sT4a9GpY+9qF5iSlOa6PBhR/bcOJuL09JViGYpDSFf4=,0
S8IG5SB/Vl+sLeUZSjHrwQAtEonWkUsN1lT5kjLn7Mc=,0
NUKU67dKgcTZR3+WUpyN8QJoGbVS9zsVk+xlf3nXHvI=,0
MroJSv/ZJG7IIOtEFB33xxPW1cv8MVNJtrvZfEVqM0Q=,0
5W3M64DL+dk+jdBEm3sD86hXgWb8/BrXTtQa2zzrb+w=,0
ytRm7BjVLT/PQUBJVHFEo/nZK4jgfZWKqnLMdKqxFfs=,1
E5VVk1UkzsA0qtJXhZgE0+TgsIxmZQQq4ca9HYex2m8=,0
xzWcX8/ObuO7AleOEizVyH4FiUaYp8Ywd0/75hhpMNI=,0
3sLj0UYyt6dtoJymclU7PdDq1qLHocyKABu3dXA7VWE=,0
i+PGy2s0jcb8UbYdZ0vO3nPQtofKiqY4oZ1VoNStGbc=,0
hu0JQ9kHprRHjjDexROKEIKUHvX1Wr8aH6BflSY7G2g=,0
HzZnJH2/hByMlM6fRDzwnaYfXuoMxLbGefpVNBaMYMU=,0
Ii6Zke9Y3bDtAiZsOEt4/ebMRiWdHcCxAhpkwuXG8n8=,0
O6ux01BzveIB8GGo5849DknSgvSWUjfCTm1cv8vEQAc=,0
pwpnLKYxHbJS5SGXEEQHTk9UBfuKqVpRSzwREnuBMt0=,1
GXRGWwB6MZFBfgOlfnY9aQR/dDRnvUFh3uMV31K9fWc=,0
8nisc7zfndP1ahrHQpbYqEZQlCrcyZ6siefFK2N6pZ8=,0
6kF4Kjlnxolt5OyaLeRTLCMh2OyBFFMP7LfXSMxzG50=,0
nhv3mP+lcqnqQttFJuH2xsns4EcQ3clDVKHkRnOm2nk=,0
7kZ/wlhlJlWt2HBQznT7n7WT85FBRDfAxvrKL0rtItg=,0
8cCvR8cwDzLDMnICmsDxGj7tUDuCcxjX+gy72hcHelc=,0
woTZCYA7RJQXFrKW/wd6cutc2Jm7fLHx9+Cg9SA/+9s=,0
TIG9pcPNFgHn/iD/3otqZc4eXBHwsnN+FAYkovMYyOE=,0
NG90shmFXi+98p48bXnZoir09Ek6gcUJfatw9ngQkWs=,0
/3+F6uJhdR8hwdVSU/cpRDl3LYAM4V59f57/RBNG+aM=,1
V7JWP3fPP0rNWtnGzJ3rHnXWEyyF0GmqVEuL0Q3HPVY=,0
yriG98WKSL/Cmxrqvhhu3n34xrfeek/g0XvqVIDLA8Q=,0
A/aELt5oyXhhKHTQk3N980XteDLXlZJ51Hq4ou3lKqw=,0
TRnTh0wt9xgGqcLgw5iogPXfuak3APsOOh1hpggLGCQ=,0
03a7Efi4WhiqLR0RrBV29N7r1Cp0DZAP+v5Ary5B5t8=,0
vapGjBdQHhNfTxIZmJSywZAfQ+/VSyPtXMWepJGYmWY=,0
4WrMw/prQLyfLrpNMfjNzn23UcaENQzPRxf7c60EWFE=,0
XOwGsKuD2foKhHS9CD6nrnerjNQbGsAux+lvqpBzJj4=,0
KkfZig4z08VEVPnkZuLTESiKVLPc6PbMvUchsfb7UKk=,0
u5C3S5fcJziVShs95QR2Ma3Jwx3DnwyU1IEy/pCBRNI=,0
Pp+UuMYViP8sQJEjjRv+4Pm8rBqwEeuDCJWVcxWXllQ=,0
x3KH7wONE/lj3muIlmr6pFXscz62het+ouXPHDSXY4A=,0
6P9oY26aD4CdWgymtLl3Gq+/50urMyiVLae5t9t/cTE=,0
dD3vNdvHAADlWYWRuRd2N5sVQXUJxqeERhUvDyFEjWY=,0
dIfoaWof2A9VgZqr9se8u7dQIWUNYY2gMAsuqS0MhiE=,0
8EFJz9gFA1GuCGay1XHHt06teLPvobwuAwfAXPzjifk=,0
Kj5gRYiRQ+J/PuwosQKJbh8fsWiTDAKCmvK9uXRp3Ow=,0
agS+qvcMqqd8HwikqpKzRVCX8L0jqFh2kLp8ILFUoX4=,0
PaGE5O77FJNS0qM42wGfmFX8KNTdWwbcO9LYwDcSv34=,0
PcKgZs6KTrZovbNwAvbW/57EhpF0guQzsP8masjYXqA=,0
zIXMyQNzEBtJLml59cJji9ZXIkb0vxSNL+aZDSvNllY=,0
O90HjDwntzF4gatBnVbBsip6ts4nI/TjsbGolqW0JN4=,0
WIS+ocPJQwh2EDRuiVHQjE1Wncu+a/jWgsxh4H4fBIU=,0
UVAZ+F0yYZszwm1BYi65Z4LbX6LJe327aP5q0WpDeQk=,0
9Xq/g6iG2cvcBT3KcgGXQ2gd2bpxS2l1DqBeOzzrfpE=,1
g/F0sqc9UgIFmACMvuxXl0AUoPzK+jSwiHbxsS+n9zM=,0
NVZbfj6bJDxHxnmiV8YQLfmYAXvqEEj6R71hILS79HE=,1
Bof/86JD/7r9M8UTzbuy66r6VFFYfMSAJvRRREbRjU0=,1
A1evE6hjmnqOJoG8AfuH9JpGjJ0F0Jmf2+uoe1lwvuw=,0
K5UlEfA1H0CG+BN2Mnr8eGMu2m/5i+nQ0xuKKP7rkUg=,0
/pMYdiPDh8WZFT3chQzqCPgLAjUuP5s2XeKOp6wsIxs=,0
y7Z55mJUCsddZ0FopKEvz7CPrVN6Az0Pu0iqsb34vMY=,0
7IkrRo3SifSJPzGPisLNWGPQm6kj7myA9u94fResbrM=,0
gRwPj+Xy3IWRThYwP8CKV33vgiEqumMIrlGhlYH1h9I=,0
vxhQ1YwgoVZzV1Yoei6NoELEBjmjvbzzdc1edciMy4s=,1
GM4X4UYP6vGxuVkjqab7d4FiGcG0Zt9yBy99pVtiOr0=,0
MoNkctFQtl/5Ap/OepuUpc9QHWOhv+CxaJ6ppoLqV4c=,0
WSJYw/AjqY7QYtQxvCrXD1iXTSLO9z87AbiHBuocUQM=,0
VAE4nxTkcK1ynM14I7oJbuDFkk6z2sTPF1eOKp2s4no=,0
/3MyRttgKPWUvSz1M9iXPj9i6SqlJ/+neYCAjLcT1pg=,0
bhzLz6klc69t/HM7GTMxjQ3DSfgDldZrTqX7kclNbwk=,1
/H5XgcRmt315TS+E5UcKVmra9CCdUuOp6WHS++eX0Tk=,0
BGpewFCJHJsEflIi9GWjbEzRhaYhXFZtIQTuTApqCh4=,0
eRf7zNP4Uw3uM7+jhvgfosUqIub3Vby2WG5QIY9Z3Bk=,1
YWkQ0XIt4TnKwSzDwBWqpHYiadhbX659WrIvErVZKjw=,1
Xg8JXBwcn5S/KPRHrqirNka+NbpRSamJws4IXl65fmQ=,0
Z9NGpd6TxfyIstAWOu67o5/jjLMd16GCsbSuJzthWx0=,0
zxS4dTpLBmuGt9pItRjJeOY4Y++JiN9htLfrCXobnmI=,0
CBFkRYEDxlJ+is6N+lXyAmP03sCRE1IzZxJoJ8Ox6l0=,0
IrKhmgzXgwRobX6ipORDdV9mlYbdMX2mDdc36koDeaQ=,0
c6EUyJiRgjEwjOC2UMl4Z1iU+3LzK8m9VSY0hIXRK6E=,0
rnCCLzINX37qeqvmX+/7tEqrzAwDU4QlX9ID489UbIw=,0
U155ebjB5PjhBjP5C0tPpfoAIaF3BP+RzKCW3t/Fk9g=,0
rDxR1JoJC9ovZX7R0wfMwt2+PmJtHe/XI9R7KThiOIo=,0
jYTBawqp+PLHvcBUf9Bt6FDNWpfeCoaLL4DE6+ATids=,0
0yd/ReD8xbN2n5tC4UBHc/XlvCqKx+uAWkGujlV07eM=,0
zmJPsEX9oMUWpaR2TTgcx4sTjpgZBbFYuYfgUJf0Aqg=,0
dni6bW4CnLEie0M49Gdz4o62fsHzXEq7FnBQmZhdfKw=,0
lkuLjw85U7uqvYgDEqw3MDByQYufMpFiQdD/pD/huGQ=,0
zegwfGM0zCEEdhpe7GNm7M+8sGfjgGGGQhZTW4aaydM=,1
Uv1xUDZMSpVzajTqJ0BKuFUeSYeh/ogrhLXCJL6vLzE=,0
N/OpF8ix6MBHdFcEdoOccRbiz0T7nLkUUfV8wIBNOMA=,1
HzqhpfA0a5xl2u0jCpEfHlGCL9kJX/Vz2vlbc2j/sA4=,1
N9M2AvK1jGZBNiYFnDf/WwiJx6SG6WTUB+Hq/S+9RXo=,0
2pse+NcbzdFjedcELt9OC/7pNMH6dkGW6Kzno++I55E=,1
B0EGje87EBCyGoPJJsAg84DyGQd5dz9Jvgj1KD9KqDk=,0
PRhAGqeFtejxBgAytLLbkmvVorsE/ugMrWd7aeTjhgw=,0
/xLOVsEBQ7za3rYouEMX5UZLaDCHUJOrbhlnpsKkby4=,1
oEZVdHji/rg4EIbjP8X5AQI19lZEtD5BfFYbDT2VqgA=,0
5IxprRN8iuYMBfqe4sitxJ5vN320Fy80kMkmFLXtwAc=,0
Iv9QHm3PZBtgZxWV1wVmSc5CfBFgEwsflzavzi+FRc0=,1
qmY1h2gmV2fr0ls7JbjNbfPnkpTMZp9CgUScYGLEweQ=,0
HS9MzPunQ3lGFntguSsi6Sba/qTYBJyAKgoa/6IrEa8=,0
PR9NkDUA0O/wUPrXP6wATet7667EkmAI1IbXuMC2vPM=,0
XaeV/NgrJaoJ/wOlxJ+M+4Gz+hqq4l+WMrlFVkqc/Qg=,0
bWXYyykZlPdrn6uDlqN65YcrcN7KEfE/W+xI+c6tB24=,1
DlJeJ6IQo9b9/cVN2+T24vOcJT1r04SeY37kGdJyrVk=,0
w1RO879QCghG31UlA6okZJ0ylxO/fgWLvHczgTdRU58=,0
hn+M4vg+tJevYORzlZxc8u3GcFtgbV0Z0wCpCHI9HiI=,1
59gLnObS2QkR7sET/pgGNB0QVWuSi4Y299UJM8Cl+K8=,0
xFARDmu60qWIDrL6TEB5EqeyxTWPV7mhu5TBPak9YcI=,0
iWv9OOirbTdWgUkcVIIHAHaYVV52XTvOw7Gof24D66k=,0
Ni/jXeeBr00VCNSWiZe0Qj0ciwsnlKUAFF2+wurr6gM=,0
iaLIpV4XWw22jd1HPKVVgZ77G8LgFPgef0BJYwbM9kU=,1
R3MZUnkLr3lqDXl1b24V4bHpwkoyZpYyzmfmzOUDYEQ=,1
RhmMR+BE4URjxt5rMGGGhwpNfODLdBS312uTFPslcnA=,0
LwJ0Eq+J44n+aq2tClkdCZEZDfyXsMvFr2EN+niv9QE=,0
5WCJ5Ae8fpw96RHntGGKAk0fCoIWv6Rn+5EZZMQ/Yyc=,1
6TrFtkQ0KZbUBK0ufwnPfbWzMZdUPK/hf2lxln9pVc0=,0
pDBDjholAhgrl61n7IE1z79n0jdBd7HlBdJy8ynUHi0=,0
CYTI8mRJU1/YoB07hHwD1yZ7et/dTYL1NL4Whcz0gzE=,0
0Szu/NObD6kdGFna/phLrQ/Qv8oGLpR2MXh03ftf0jc=,0
3ScEKU0XG17stoP/ULorVpq+1SRQvpiPvDK0jYaWafo=,0
wOavxLJpDWnsjs2bdnVzmW/8/aeyqPS0oNCx+FOjRAU=,1
JPa8TZ6fsqn18avtz6nY0Gy/IJfVy5fsj0O2Eb/TFKI=,0
XSB4jkOVYWEBikPMVUHtnxZn6jI6Qv1ABZ090DJvmQ4=,0
RtjuUlxmnbLNV2CeGIV3PaubiBN/S+H/UCqqxfqv8hI=,0
/e6Q97Uyw2P3ZWDdH2lgMOeMtIFgacs2sSLwNIB+wwE=,0
JiFDHj2hvbZmR2F9Q+ArlhMf1iRAtcIBEjY7E6f6pJk=,0
5eGaOaqAWlkoUZCGSXXcyxt/21u4pNUl6eCyPCl9ezk=,0
5ituXmTY3AA/AuAPvCCFQWiTOW/C0b1O9XEUtnEHCPM=,0
JuVISwPk5wNBrzUgibtKCBb3vZF4kto+TSfUBALTiyY=,0
Wc0MwI3I/wkxbk3WyxHvyuVQiHzwj/o4T1T9ZukaPkA=,1
rBI0qht1u/Qma9mbjDkaPXNu35SHFgvHL29f9EwlGN8=,0
bOJyazsUozOkGpbcm8/epkeQf44HjPW5k2eqPMbr0dA=,0
Kipvji9g0Z1EIl9FiUwSCPylsn87OICrWD6sUWZByRQ=,0
wovKFgBu1HGeqlLuZV9mzk9ursyb7+/ReuEpAYqlL6U=,0
Ey+jmFw+a9KtJIgrSMSFuzhnVrDXuqOW5J6cdKLqYZ4=,0
s4yHbQSi3ZQbqn45GAAp08+x+60oWQWjRfM4mQT25Rg=,1
4CJMyrKcN0xr+wiFU4uyErNBlSDmDbmUy3IhcEa30YY=,0
5jDHBPXhfnEblF0H/8uLPjfMeRh0egZJOOLjZ5aQt0o=,0
neVEJMn/wPJ0wPtNHQO/i6zQceaKOAojGW+Oqrziu08=,0
w3A0wNQ0YjPcPH+9gmpu2QtIo2UWsx3Gnx1pFq9FDu0=,0
+LhPh6qjS1aRT55FisIT+IOtVLn1UHE+hTHtoN2kkho=,0
L3G0of5Au4on90suSLqXo4/G8qcg/XPeZLEnJ192yaA=,0
Vz8PEx9yvc3w75Re2rQTL/txle0U5bZ3ApUXIIedEuw=,0
PLvB74PfmFf6Qn8cYcZo3/GgXCbvvWuzvN1BiaN7plE=,0
xVuHoQX5SUg0UHpqDbcIJAV5qzX09Ow6MP0ns4k1qD4=,0
SsriGRjM/9SAEWjaNG6N8jYBTU2wi2tKWDLM3+0/3tI=,0
3gVHA1mN6O2NxVZO+nbPhKfbxPHFHMEP3T6rct4MIig=,0
5Jt0du3+ngO21bTd/oQI58bssT/u2tA7ni7thpkuGx8=,0
2tYk49IOn2R21KeGFyNE3P7IW5t08naJL388NivEL28=,0
4b9sTulhE5iILaViXg4dVq0ikKQ74u/jd6zq6gMSAUA=,1
IsQyDQZgmlbmLvFeI/trf+lb09X8L4V/gkW8bqavcLY=,0
f/dX1TU+53eeFL6QknPDsZjj6RMO0oq3D2e7zI3q558=,0
Grx+QifNZa0tlhPBd0Vp5EHSbF7fSnT2AItOs2icRQ8=,0
x9iUkpKWiK2dJdO/DcNK1RD2N2tIFMUNuTleSqqaN24=,0
qPtkrt1m/8tX815Lo1tTchWTA2u6kBIzmtWbaQkC3nM=,0
ExBfAbEm6u0XO798X0PrnXdeJ1mgGedJPJbQwV3mv7k=,0
1vJZJJq9NFrfz/q8K8cYiv4giDsETim9xj8dHQ7Vezg=,0
9sN2zlR3jXkrTEjHG3RTTa15owm4wNVllocbYxtVbjY=,1
m3uHvCxJEqEsEeuhC3ESywHTMUWl5byvaUGwjxqKrRo=,0
xn5426ewMPmeUQnpuvthKW4u0tIVCktMPdVKPkRuZyI=,0
Yb6diPaPkOqj7GIWABw18UMhNccIxWYDkOPiieNg31g=,0
XqbIa7HYrw7qvY+N7HkWJKMr0g2PJAvySh/DEmQCruw=,0
oHzREIs9dgC5QEDsAi4U6XKGXlGL+qVkjPpiIWO/kFk=,0
Xo2yiJHItaTSyhgmzEBvpT67Gow36X0yyWiJaIwVPWE=,0
xAol+/kpF8sDYTIx0vZsB+nM6wQQlITW8wgAX1wdiYQ=,0
yWRNlPFzx2BxRI0ewmULAeSj2sCoNNdSTC2m5O10KII=,0
QsDmUcvtQjimc4vNF8qQ0tE09I3sSfE6HNNs1cYNFo4=,0
BI+u42GtBLo0tbBrsDbA1LIYuq62QYfG1xssk5v7VWU=,0
MgsmNxqz1TLxn0UTGm/uqzcrh3ZEEqa17ITaDolu6JE=,0
TXSwE9TUJ9XHJOYCQgU44QY/l8D9BGEp5DQyDOgqVdc=,0
cSglE6YIWb5QkV2ylMO9m9ff+uqV17eI/mkvauTYuXI=,0
Z+1+k7ntFCdYd0k+k4XUGxFAP6wAD12ZBWwVxbJFLhg=,0
XwP5HVNS2ENwlKGtlh4cXQibS97WBbtI4beep8SrPXo=,0
xteQFp80bjbR1mGwiuUXuyROU4FlHDDus8YyZxL9FVY=,0
ohEVCAtuU85QKyVNcTZ3WLWPyP5HNE5qTZ76/2O8Zak=,0
ulbqUvEc9P1pBsFjGFXD0/UUbsWbccsGBSgLCYoTuJ8=,0
96GjY9ZjOqBDYVlksgjgX3jzWWBWranDCzF2MMAZxMw=,0
UPYctQzAdN/pwocxUYUvkPFH0TEx9Bu56m7Z5Vz+VtE=,0
ZHk1f7B3WqBMqjadhNPCJtLuPg1B9pBics9fcbx3OuM=,0
IA4RqPnyWT5/9b0ZgoiozLf3hP8f2HX3vdps2rtHB2E=,0
YspHsQXaQYG7GJdnhtYaQnwTY9O49xxJxOl+MyGaSpY=,0
Rl8OU9pVZKsva0pbnnDy0cBUbCqoFUqlrfCAv/vXx/M=,0
CJ52r3WpHJufNJ8g8+HE3nlaoFrNoq+hj5J1o/hlZMY=,0
1AFymwkfhWUpAQ2c4toiNU0NcwToUmKhmDOL5eW40H4=,1
H53qZNgac2LMV9wsCcMTUpAb20WALk3NAaPf8U7lWjU=,1
pgVPr6eWvj8Nyd+cjNtJeO2wpSFq8+LnqHdgJTVaq1E=,0
aWZAFQOwlbH9vdx8+1HAGJezzid2khj4AbWmi6uXgwc=,0
DuX65S03omYSTM6qwtG5hdkWUCuwSJytyNuuH9o+n1g=,0
5nuW1S2FOWPxff5h8QuzSWtrB2aWakUKf1tBPXnhmjY=,0
nGMDr2by1q0UZDbLp3ZVyKBiQ/d1hN2czIEVqhsLqRw=,1
YnHkCaiG47pIq1EuTQxgrHkJayN5rcfaMd42SjPUG44=,0
a7aJohNaWqcsl1wYnkB8yAazBXdyg56FNzwcyGE5XPc=,0
+yRW5bC79GLsHuViBJBgW9EHw2Ucto+dnTgC4fHewxw=,0
nz6ttDVVAdqeeLbX8UZfsVIQbhVEXyXZ2sxJCfiXz3w=,1
GwoaQyJG7XJC5sqbodzwKtGnpikQl00NWpdMbaCuJsA=,0
MDKybvSqDgZpJOv9cgX4du2KYN/LOZ3lLuMWfMk9L9I=,0
XYs3L9vcE3M4SQtA0wNDkc7ZdMDOLHvgumMQ3wUGAyQ=,0
3FVR83zHnFXgrid4RUxpJ8qtmY4UYtEDtAhuuxR/ALM=,0
eq3JGFP2eIbLMW/ov6iym1WI0kn2WzS1vg6Y4HD8Vsw=,0
EqE1MMgmvO01UMw2x18wsJfcXrvNU6SzJwLturoBD3w=,0
vpOAQUIcKqDRZIrUr0gxJV6NadT6Eg+IuA8d3TZnNh0=,0
hBLEHZSrovoJVtZyy3rSEDryeCi/T9GaV5Tr7uSEnZE=,0
MuKNOPu4mTmvjReEZHVGagJV9j6lPOZ36gwiGDTtmOE=,0
GDE0jowfukVr/WNuBIXnKLUnJ0kv6m7mahnSoeLi7WU=,0
Nf2OeLkl1E35exCoTQUGYXcaZlNBksvKe+GIZfRGwlI=,0
glpCCKeDLAZmTdFGcKRF6inVx/lh2w0N206tDAAlHw8=,0
zatMYrS6+tfPLN6mHQC7P6ZmU8BNS91QvMcWQEUcVJg=,0
dsfcf9Uqgl957zGZpekKQK33uj/pSM+kyCNuGiOQ96I=,0
zBNWhzjZnebpAq7sbVNnKTMseAFzsF/qUVANC2umQ/Q=,0
tKxaSxQeuFe6csy2WwfcMmMaw+4Yhrr0J162FEhN+o8=,0
OFqg6dD8Gf9F7JpeLAGlS+InnQYYSWt/I2zzTEO6x3E=,0
43RZWCt1FZhCFQAf5Y6O9Li0TVMBrkr5KTomweaXaIM=,0
fWlk/kG8rvAUtuCKZ0LNjed+kgrBDw806fp5wMBwU/s=,0
6SyMrD4I5iFTeNHKc+frihqVqQOwqz9xBo1M6UMubBM=,0
TlHGc4KNrNBeBiVzBvyhxPDtqHnY/71/PXP1nZMtKus=,0
ugfU93B3cC/7qIDyQfN8E9tFhEumz1wa1+8Epyia/Gw=,0
j2wg6rjNik7kyJ34eRzfdzuEWTV/RRM/Jico832k/O8=,0
7Wxg+6DvPQE/ZL8jSBxxAGiCJjEV3w8a45dC3W8UFyc=,1
wFZp+IJtPPLcewnm62xeuOYr3QpV8n7iEYte4cK+IXE=,0
Cvd8+VerXGrM42xKyo2txjirdaLUq5aGRJFeD57vjrY=,0
dO9Zsuk3BOxnID+k5vsTS379mQ2GFWBvlyn1EARpCh0=,0
KpzyXE4t1c0ef4ocTXm0GuYMEd1F1aRfS8TAhvlaCCs=,0
AA2G3vfgBxzJ/0+mL5gZ6xLjKp28JMJwa2mgu8ZewPs=,0
DaAKY1oQxDlbQmdfPQwdsDN+sWtBSjtUKdtjaRc9SB4=,0
iGZ6dnj44XuUwb1+erhB+Cy4GuDPhe9su0BZenkvC54=,1
sYKHV6RELPmV7q+iMx5B7SFFotLGPMtBUyOhXSlBmRM=,0
osetWRwTAsJ0y62TaRLVcQFngizJfdXRx7auDIbOy3I=,0
JiVhRhmE244ZbNu9+co9acsFXnPM7KH/aCZqh9TcDvM=,0
GiHXEnPBxveFbA4kyhnj1td9kSCcFwvyi0ZStH312Ow=,0
KpysorQoG++8RQ0E7VHGEzcLGiA4ij9AwD6jx3Cziyk=,0
VAVy6kp5sMz5VmxHPZM10Mo/h2+d6zdrOMgLS4lUbKo=,0
+jLmLDWL6MUJkutjLYBrux2b4dJRUfdyul+Zt7fE15c=,0
TGi4o/mWoLQjfAK1+Uwha5xNJNefl1gSLNoGP+pt4Go=,1
zejBGOMBihCRDaBYesHTIpBODgtuR0NbrZqLqfYjUVg=,0
gIwqqQNcolB/T2ya6u1emDCNDU0K+gE+w/GPziyXuYk=,0
Qz++EXPAQYnc+Q8pFYdawzH/LaqdlyLNw7oIV0lX2bw=,0
InbbtTNmszbyN9b17sGA8KqaJV5sfUfT57uC1EfdQzo=,0
+TSM0126yaPB9DYFk1ntQhSqEovZaixzwt2Lp6TfwkQ=,0
Jm/b1I3as0vsNLQiPg+wt4pOboVt60wqvAiD8i/7mgQ=,0
VN0b0PZll73P6hNYhnMV3j9qkjEIQFlBIqyk28dDE7A=,1
Gq2xvS8hHCSEreTMuDFHPO3jlBUkx1iyPNsbantSnMg=,0
z53ybH4hJRu/ftdadCX09m2hPzQCaKXxRAfOgQLEZL8=,0
3OQCApTZ887prftSQhZLwZCQK9DW1pK75eOE6n+m9nk=,0
WduGmB+edu+8xPdzUuQN0MnYt1gp02keGj0cIMP2bD0=,0
L+QSqEfilGHmhf1fAY84RViMmPjZkQ5sSsf2r4tyggA=,0
nh6W5bwACV7QSkCrbiKWTvNWAnAMkHH/bOchs/YNuZo=,1
IS0OFifHYlcogvefo1d9dB5d24g34meqNly1UX3yKFA=,0
0RG71ePmjUvxjsNMZ1GCbZPzhfWw1VLPGO+eMW/MrjI=,0
sDpfoWseVqBHkVxQXsRdl6+4d0pMYadtIheX9SC/nDE=,0
6QoSH5vDRF/6LWioobhMP97pHruvUSox/VQZJxD2hlQ=,0
6bXUYmtAAFxIw4Nxtf4obcoJx+4SO6lhyWuxrLkR6NM=,0
KlHA2dwjwS2wbRZ45XlnBwq8tQkJKEt34NX4QzwEDCM=,0
lWrfUDF/9m27hBPFwyAA5xD5tI56TIZT402Fe8X/G7s=,0
7XISUxElk5+QVejmzrHABOTM7QvTMJgn9xjKTIqyYRE=,0
ZO4XR6fcSlO+htrSqzr1KPMtgPZMjSoBPXtRNHn2UNg=,0
ZRDt6XwY0FKov9Pai2tBlQKWliPisEtQOR5+SqfIqeU=,0
FLOXbZ8M9FX6wWeBhFcymlNvI4B5MkdCBqQlegxbyHM=,0
SHGblPIYI3fJ1Q2/E2Ec9VfRdXV6Zlosay0vUBDUEf0=,0
nGlHsAb69kbLTjrKEH06t/O339Uje45khuOtCUzcgZ0=,0
uKFh4g40m3txhqX7Xn4bMKj0Q0W5Xd2iQl0DNayqMH0=,0
dWD8zYFMRFP7wGyR54+mlxbcTZDHLdeFPIaHWxCOWNs=,0
/kODDn6jbgQS9V9qIgVZ0gakVIdHtle/GGvFGZ45agc=,0
GfHSbparGdCIEFYdNH6I528fj9s+RLFndGmaWP+LHVk=,0
OcD2MoM6lokYeHi6I3TZachnwKbIUmERR5fMetNxWBc=,0
1Rl/bfzEX0bvqw9l0StXAp7g1mo2ECjMRjiuLWKTAfM=,0
JNQOQaXAUEyIy0bCciPY02hMSzMPfOSNnS8Nmk2PEFo=,0
33TWlBDzkCe738NsG+j1ney9+scQM0Me0wQzhpHdYOA=,1
qkmeiMl3TkhfyjsZ3tOsSt1ui3atn66p6mCnQUQ2xRo=,0
sbFYdIdXJZtXUxduzDgqOFeDvxX9KKhjF0vzSe0W2ks=,0
BzMbdP5H7kG9CtqkAYYhcSJfLLOdKkHfvB+EzhAeXAo=,0
7AfbachfUJ8t4cNSjaSVZ6eEPoCInBY8eBUlWQEVi9k=,0
DDSvF36rvtLefM1/g+GEoVSMF8w/RdKJUyUFP/X/gvw=,0
KRNOC9jtCjH2thKDvSM5ExA9fTkYv1g0k7cLLeuBI3U=,0
yk9ibj+uP5snPH2iUuXWCOwQUA2u7dmumF7NHNxSwRw=,1
UsoEkIHK5olyAD2Jtvwa7yTNHX+4f6Cmw6NtGsN9gVo=,0
GjKVM1E32MxRqj0YM5xWGkyx9jX1Od9BRG6VVENEeDI=,0
0DE5ciFzAbD+63Jg0TeE1h7yFBKnKT2p/7z7v+gaR5I=,0
bl8gQL2/fYbEeJsQzXIEvwDI36m8Wf95M+Y+Td3Xwps=,0
i+eB9rCpv0RffWiJ/y/wlJb0ne3rNfq618c5y+vecMc=,0
KvzQv7uTDVyxxxkbr9ZDYZC/2oQH3SjPlPX2Mj3/Z9o=,1
txLtv3bWsuTtCTqSjD7WpHyhYUS1cf3PPMcY+6rOCOg=,0
5ZqGltytObBDRDO2PNBtTcIJFWPK0IxsHLeTJo25kzY=,1
XG12HzOioBxrH8KG/gcH5pl5acGfL5YaPlYyyL/pxIg=,0
hEJlTMp/PkyW3/pUzacL3jNbTux9b8J48oLF6fDNEow=,0
2uG2HQ7+Ys6PLa4AgKq8awhLRXpqlOjNOASGzA+UW5Y=,0
NfYKaoOqn66LPWkFHfWQIlGPyEy62zgfg84zfzvyEe0=,0
TSnEkTyWkwIRhjgQtmmb+44ZimK7pbRq6diUb7pCFO8=,1
nxFgmoMvxY00PpiiZHH73X3Nz0BSelfP1zQaVy7pBJM=,0
2hHIlTTqEfovM6xksmG2zDuhwNzQ8yU7PBA66Hj0/h0=,1
WMx1QW1VGU14YYgWDwEWtlUh02KirZINmES/t76nXYk=,0
yoqbOe9m9SplIxR7DicHxs1ul+URCzg7+rqQC0+fvkQ=,0
YgHqIBcTRsFwII8oYDctSwF3DBISRGgYzWThOcSlK0E=,1
Oustv31WxicRPYtQGudJnolUprsH6NGMnZbSB9jRF0Y=,0
q0WeMnFjc/b8odBZ77H74HkCbFDz+1P8En8++boSdIg=,1
6wtKQS+VTMyYrkdb1jOI4wrr8N/35XlEl5N+q7x3oUA=,0
I0RPr5gdGCHeL5LAO1q+ElYx6jLjuSoS+70oboGqxXc=,0
LmlP4bbCz6JdzjcbYEqqFZto0GKVjJz7C/uD9zJi70k=,0
LLS1s1FuDmRh1mWREzJon/31AifFG8SKxY6/3+OLunU=,1
HsSpeA2+193sdqO/9m0/l271aAOQsy8DJWkFvOQ7Wq8=,0
H1m95PncdKLAaz4xDaOp7JPrWXY3EwwitH5b5sUAR1c=,0
aZoRizetaf3fH3B8vUjKS/naW50M1ZWCvIR1DM7ihqc=,0
IGS0JLY3DhwT8w5kNiROFLnoRj4vd562KyZXTvNx68E=,0
j7zB0tfO8DqzVflsV1TpcPWmOMIlZxuwnqMIyGNwz/4=,0
SbMnAiKLNyTF43PkyvkfZE6ZmC6O+UAjQM3O8xVjles=,0
Eomi3aPGV5fONff+4TwCLuBQUJSsLTmSdDhVouhbYws=,0
Szd+9kQ0g8XZ3NoC+ybnLtAJi2HnxbwDALepbM/XbFE=,0
Fykfb014GRd9p+JXjhBofODtfT/cTEXHmWGJTwEV/eY=,1
/6akyH5GWOQcwaMP25qkeonRYWr6We2im0KApRQAxFQ=,0
Ukt0Fup1rp671mKahnX4OELPJ5t3pglpDQLKHaTHUd4=,1
tFgVuGakt2Po+8Je/GwT3ni8qc/Mcjkk8oujcD+Hptg=,1
UYCwO6FsULUxTQmyAjQ46rO5zF+dqlfvasMlGd73YoM=,0
H30swxQqujT6FLpFwCelfdXhGW39V6Gxg5gfpW7M+sk=,0
Dfu3xG/euvmT/gJGLQz3Ro1iOzDiTkeTkb3GVgbpZHw=,0
4sallaqL38WAv4Z3wyYL6mmhdoFgjwjXgauc8Ws3gsc=,0
9rShw62QRKI+XLGtx2C385b868CEHKYvii19Z+Q/EgI=,1
G1B2Su0QwQzkO8giUHKiTxtRizuI8jhEi+NbRlULvW4=,0
H0JhkA2iqfV9e6uSCr96pzyYbN4hnFTi6ghslr5rkEU=,0
O35+9pnd0JZMU4vkg23YTmX4MdI35JChwv2W8FxsyI8=,1
cW45GUWW7NSKZ1KeKY+Dd2swPFJ4L+cUcXzFyMKLn5k=,0
jgWsWhZZCAI8sW5e9WI3jFlVRl9P39KdbmaBLgbxw04=,0
GkGXOtzgrYy93ojajCja+mCm5oWy5pe84XxIK9gKWSg=,0
VwCSxNLdUcmqgABYxAZBokM687Tv6I+3D+bEmHCe+Gc=,0
TD3CKoWz9Y3zmyXGWG3P58NC0ixkGbef99/zV4PoIO4=,0
umxG3bhZuQgpAU1AXSwwLswzhGtCOZSDJxCSW1kHP1A=,0
I4Qk7JyPuut3jzfUtjvk4LrHlxiWFDB58d/jFdivU6Q=,0
E8PhsWA+YfheAjMITaat0JrG+uAQre4RPZgaAdkMHRc=,0
MNJ6q6jkfwi6wZQIm21c+1PR8kJKtg4scYybI00P5jg=,0
y2goFNgQ6SjNnormMd5X5YYjNSnxjFb+o+rDRTODgsA=,0
u9P27Y+8y1mCg45Npy381Xapzvj53UyRiZvUn+h0UIE=,0
5UgVgh9umyku9LFgFyhrwGtWNpzVkckHtwdwqkGIJfw=,0
Vv9mQpibYqmGWx8RVXZwFnlK6r6L9AAmGNVfSFLcnnI=,0
0DjTNbeZkovertueGn54O34Gp9z+bB8J8x7M35poij0=,0
gSEtUVrZ6V4QEGkYr5copkevdYOg3Kb48f6xVhbvxIs=,0
g2T57KZr2VAQkdC5CzTQDEBheljF71cY2MGsYCDWQhQ=,0
1hzpaCoutQ/5N2rrMay/zIA0MU5jZujRmgrl/lIUAOQ=,0
z0qp1Ccq8zBO0ZXzoC4y9OBbAP3GVw4bC0ZOiFWy7jc=,0
IOy6rQ0nW+40yWJjgtQkjeBINjH9/+6Hn/zZ55J/m4I=,0
HEqsT+YuvZW0S4ty7SBy9zZD5bEu4LEwfUV90IkpgmE=,0
0XEbqzuz+GRW6TYNMXM9L44xOKzqy69aNcgfQrrpYP8=,0
sMkuOGJYWc1HGnS65Zj3YCCbh+oAGEqQQkV6J7xyiGc=,0
D3OY8o+jXYpU0urXJ2pq/kbHFbuH1Gra7VCZTo6SqLM=,0
XxrIOqUnn/9V88MefraoDjzJ524XMNYwAfahH6sdxg0=,0
4idYPFNh2yXfuJmeuRQPwfZ/O/f/aRnpWcnGYS6JqHw=,0
gRTcOUoRhKs4izhxcIDYQHQW3rBY6sIuNSOi7nQqwAQ=,0
767+TnKAI+ljkga32VCLRSaktQ+3EKlk1qjKz6XQ44M=,0
gk8Hc5Jsi6rXIg9fOOWmZsFbMslVIqTapa8FRVveVXQ=,0
o1M2CoEazSVpnqqZ8xDg1w8IcHrs/dR+ZcqZJOFXegI=,0
TkcCFQoN4u1DWMJV31jjMohC3yZT4QsR/ZAynyasuqk=,1
mv/4RBjvNUmVazCqEhpiVv9JGzP2Gcf+2TaPOUF3czM=,0
x0stAKYwSx0dftO/pWJ+KK5IOD2NT2srzcOKHrtQlvY=,0
vVFJ+XgJ+4r6wcTTfXtJZC15+mkmiZi7VwloYwQbVQI=,0
38yzGah0o1u1wmptAmfyWnBEo878YHdDg8oGCOasuz0=,0
e84/dYPCtrHmYknfef4d/SR6Hxs4DJOGLV6sMxTiI88=,0
yf0hZzg5Ou+Vq4QsmyfcI3K80sKfhcztJ0zJBPalTXk=,0
oaZeubYpAyIfRHUpg738R3xZvBmJdZxzDjm87uEDEhI=,0
vTpwD/ntHvI4aK2OCf2XtCoOFAt7Pf5MQKuKoIyfe9w=,0
D2P58C2whq+EUugek4q9j9FBBc5QgdIcgVKsu+LHUtw=,0
TrVTeyEAOuIRQhi8txD80oO1Ma6NvGm4xbnyPwcqBXU=,0
y5jUX4hz4QsvDCRNFVEQO+kah1s1BZdsJ9J+2NlvRpQ=,0
ZViTPl4wLwXx4gVpSlTIYTY0bo4KMEimvG/aWCtLIwc=,0
62DFwS+fitDnqF2Hk1VvnVguCyL52RpNLT1OnCbkaHo=,1
H5wG8uhddZqEV4Q/p2FfX3/q8nmBAiYFhuo7ipqBfKg=,0
s21tAks7MR7PAeEC+8al2b3jDslq6aX5f27eCJ8dA1U=,0
frBk6MLgl5+pkNXSitkQTo0JgV0vFviPISCau4uviXY=,0
5jm+ts1KMn9H8cjKOPax/oQlJgahH+HNdrb1vj5wajQ=,0
wU2u7DtyfVVAYCaoP9v0w/HJQmaCWNIxfAsC0CF5nIc=,0
eIK+1hugMVjZFwFpNB93LboiyTI2CicdgAOPf2iuCEw=,0
oF0CeLefy0fW8IXLZ1YqmNFJOhsqI+8RGz9gAybN1rE=,0
C8TOKgNUrwPj7UtEf1hx1HqlebXt2Ni2HY/zzTgGSfo=,0
n7svCo+7+Crasv0Zpe3ham328AaoQeKKmwKcPWKFXWs=,0
S6Nt+B9fiuZFZL5Opz7xwGVJ3GYqeUpy/srrarn/Fe8=,0
B0IqtoUpt8Us/GJVC3Lax97tWmLWd3+MOAb3TlpJGS8=,1
HHJkAgkOUzqzfWcAcH//if/nUnNeBt8k3JaercDMdzY=,0
faM9g2gj/687gtIsvZEUIU1+zMrPpHi8O7ZNvYIto4c=,0
xIn7d54e4ye0k8zwMx+zdwWsgm8bGZSEEexbdQAzPeU=,1
cvaec2poGanaF/HnMdVobiAT5sLWidzAyuf0L/gNyZ0=,0
F9b4FxpICCk8hVHQC375d5chCtmoEmLKhd26MlamW14=,0
cF/iC4NKteTDR/1rvsTmVLEqCUH1luxFye+buujk820=,0
nGtVYbZ2QDcQPU3URI2+6JSw8FAOuVJ0HS2cGvRPLEM=,0
x1xeN26kxp22U3B4jbwSS3g6Hih6pahip0jm5Q+rxcs=,0
oKk3tkab8Cn5MjLh8uUAo91PaAPsNwyJFzwi5LVoyrc=,0
XnK/l3AmhmMmHcHbZ/eJbsErLEtOiAncGsS+NZHdb0E=,0
eI7l5hUqcfgX+TqUAJ/SkK5MCDuZaTvQNl8a9CYW6e0=,0
QNNzWse2oygD79WSMd778RjVhMR+8FAmpTeYM0dKSuU=,0
gWQiXCwuzSIBifu32AhA/S3rPMbO9TUUz3wanrFnqc0=,0
LABXbgoFB/G3t+ZbGMwtR6BArwBBx80pJ8tA1wgoycU=,0
pUN8DftGRjbDLM59YdBg6y0VVE4OAqxAEfzORkx7j8Q=,0
qTNdap6jMXtIue8mI0cmA2SYt9fS0WfTpTQWJnFrwSg=,0
UN4MT+vuRkM09lCb4vUWlqURhI9zZdJofuKG33F6nbs=,0
QaJeeMBMtt0pzlDEahuucXe0wDxyCEX64C6nmMsykOQ=,0
LYHE2JUQWw29G+z4aQKX5BBLLvBS2DEW+wc88zBwukA=,0
/KlRaX/RgoH6g4JNo3hTp4qbGy+BbKblyPn/oFJ0uzg=,0
jlfHvH3UzKVmrTPiXHuQcb5LcuzKhhLrZcO1Lkmw1Gk=,0
7PosMdUjK3QKaYuaIJErLBrv8eP5O41IsalP2+Q/hjI=,0
QJRBo/kAAVm0L6Acq+RhZUxuNGsWGVITQM2sqDlM1Bk=,1
F6iA+hcxDWo0XNNkFaK3M05Aocv2jAHw+XrwhhyxQbs=,0
xkTVS6cKNhOoUjHjDHzoua+m9OiUUyQNQswJKJUqlo4=,0
hFwaTSbOsoCYVuIqEUYYTOUNB3oWlmR4YF9Rsn2cUw4=,0
katmq1R/JiiSViWys8DOPVvAPybEf6gvWVZmsUzW8qA=,0
vUpcf61Kbb/rkupIE2WLGyb/p4jaiV8vMZGTxM2oMws=,0
CgZg69fxtFAC22s3tyVBp9t514putB2GR3F4F3+uveo=,1
0saa4rIygkNVSfNxUai93q0RF/XkOt2QXxdefGwXYhg=,0
yrr30ebaPF9/ptGn5DsvSn5TcDhdAp9qdFXYRFvyNf4=,0
BZKFu6knm3HpZeZc1gl3AGoV6DqFrESt/TVSsuwswwE=,0
xbDI2Sxe1Um0WTXIsr3MQ6dmsg7tmkAmjP7GXTBDtcs=,0
OAXcZs7yOq0/QgIzPe487yjkqae/vitEAob+S4tXaj0=,0
5zcNLIsEGZeC4NfYTXzbNTCJNQI21nv1JHEKWj0iQ+k=,0
M7Rg2l+MaiwMG34Rn+b6ugrWJ/GN1bKIw5QP4qGUoBg=,0
oM0YoJx2s0OjdMZ1aE6YTajdklFuDCUKpEXC5/isqz0=,0
uct31+pX0JKTiFm+lRrZ2O9EdHUK7GX5Y6bXrJ5c3Tk=,1
tkdhougAt9vgKsFWqGR1mf2GqQ3K2gKkgGxK42TV0Pg=,0
GlDIybuijRHQe2/7tLKk7M6lr/4ZTynSpSBLumULq2A=,0
POjR5HeeAzTXTPFWDxmg+F8FIrWg3qBxdoSqg3J2ejs=,0
NmgkWaoDNvo5cYP321462wOSdacltwm+3eBgqcs1JY4=,0
op0d5Qs80Y1GD3e5yxTuPuxPidcSsnmIODiQ601ySks=,0
Hi3U+fWTSB2YlkOq6Lx3z2lif+eCwhL+hODNDgInyJs=,0
vLz9BC4BzUwxqtJ975tvpIfj2RczRPwmTk0OIqlVAgc=,0
24RK4mXV7XoMYSo1cAyO4tt09+vRlg5g188FGJM8Enk=,0
3+epmaiJsbNSflPU+zOs/yo6omnZykJ8gTbP9PkDbVg=,0
ql5ngzi3IxPlW4GT49FvEDtrZUFqPaZCvUvj6vd/ObM=,0
tknuQE2bxT1zSsLUWTOQdQF8hsMU4kCP6S5hy7TGyCc=,0
lc++naMYZs4tP8ivio4JKrjehw1BRNdlU3HrXW3KF/I=,0
RwGuCyouhjHG77H3Tb5gWmdjmynLUS5Vp64XPe8BeEs=,0
DTw7oOxTDtFDNbMwi0m3TU3YbfKFKnqKvQsIJGRHQeM=,0
+hg/rYWEx6UYnoojumVmNZT7uMcOhhHJ9mnR8INhBhk=,0
tDRVgdtgcisv9UBAofU3yqZz+Hb02aMMnKcYkfL+KLM=,0
RFEV5toMVdOu0mxCcnEr5zes0xxX4OK+1+K0Gex0EX0=,0
/Qfy3+Lig16vrpWuslN6sA8dULmqN8VHYJ10/dqi11o=,1
9hIGdhq3sth21Hvt6uD97PAWkqfehMsHtoTasRJCX8c=,0
k7BO9qnXBvxN50YnANoYHs+k3Gv3Km75p+Ct6xlAyuE=,0
mDpAMmZEyXacDlJSAPbRXFqoaddL+kidFNRwLEroXFw=,0
Nmjn8/oThcSP/uC5BqaHa9vHOAnbYK63EY++kh0Fq8E=,0
d+dJTNKIqHWusOaJI1u8mMz+OYiLEunRgFgLLP2UL0s=,0
+Ee3Z6oRlCNX6Kf4vKcWHfzCn3IwOj1dqflnyk9NYzA=,0
aYA0H8WSmkbF2VF7FpYPhbHcP3MT/wOHe5L2hUzc8mI=,0
oz+s82FHkh5NE5jZVAAq1U6WsEeZR+083KPo149YllY=,0
P03wNaBM8DyRE7tQMHaWvagPDcO4cvAXnAEQ27Vfy9M=,0
Err3fq2BDoKqZQz7QQg8LfwvT9DZBabYjueh/eo+VVo=,0
eYUjqzHEX1PziSAuccoPRhQhO+9VFgE9+qliv7Pw2Cs=,0
Msfeu6aBTZYtYRpSV8pcRrSx6eeq22hF9m67m9AWemc=,0
KmF8U4WAhUHDnAvaHHtPc3MEUnii1tbIkj+du6woR9A=,0
vJPLY2Pjze4jHtpbIZhc5sc0giTD+0bylsMI940z20s=,0
YZQ37zbZojUAolsMHI1EaDXXlC/u/s5TpEQl8ZGkyFM=,0
vq6eClJsfRsx+7BXrb7nuVy1fiZmiRBIh5jsnm8fBEY=,0
rvknzLUKIo6lmNdA0sQ00GO11XypZArcbbV/7AhA4B8=,0
EsqMdIzDY1GJRinwvsGYbj8LHI2Bv9mBzAooDLgeZG8=,0
cpcY995jVxYzhpdkPTcLUa2ClBHHBT2K+8CZGviyXNs=,0
p9bwyXv87aDogAD3aLZ3hsxWDxAJjIjQdjqxHL29ReQ=,0
4dOPxWBXO72iZrUq6WWMuuMGY5xptX+w/jO0VW+9k5I=,1
bPKdLDGjCf8I/zQ3iwg5121AT+f/JtTu1F7CzUSH8Ok=,0
6YBgmoROirpdzFb3z77uvLxd1WdX4bIkbOasFVT/uWI=,0
+oQ1kb5/fQd334YqjeiY5oAhugwcJhbZeNTrkTIaHlY=,0
Pur4SVcUvjTfvQ8b+xct/lhMSZcZPEtSLU8C9tnywIA=,0
n1SsuQwhIlgiXd68tXnuzrHui2n7spFqf96/flfR80o=,0
aF/AYxLwAbn6x5XnCJPg5g5ZExC8HR/qjyRux6yUoBE=,0
/0tciaSTWqpweanPvhrI9NsCPVCeN/19kb4xjMMWENI=,0
Acok4oR0vZzOt0ye27lhzKyHlyJTkwYyA3QQ0mHtlvY=,0
4EQeixYKWmuA/tWnuUwwEhpXTUhy+2AzKEyj28n/sgM=,0
hJsAjQVLY85qbNyN+tERfx/mQNe/6AuMTUHFd6owfbg=,0
AK+m9xlqmjuMcQWOdNGfq3K97RRGi27myS4VJ4l+83A=,0
sj38YnUeK/VdLOIEULe778qCUYaQ18AWk+tl3F/kVYk=,0
YNB7QpVoBA7s4tGK4GUksgFIjzJgTZInQifaQpKEx20=,0
fV7KANbCeOMuN7I5Y1wv30VKLtnC7NwNIC9j3NQ53Ts=,0
l8M+oK4zl/wCg8ZI33UyzTmINJOh2l/Az6qlUSTRSuM=,0
r3maHwndxeQb+IrqWTp9QmdPBl6/I7tx4yGuUVBOu7g=,1
xH44eyFlTkRkBJslSi5aAvKt96aXQejdq6pkkfVWHdo=,1
RxWYh+/u9QBiLz+xPkYRO3kBh7dxc6urnss9Gbc2YAY=,0
lwnJ+X+vuhuYGjvaL2ksQBBLTz/9yDGmcF12RWYFOis=,0
g+YUOo8fe3xQD91jCn25XCcJHIow+SVTny205GFj4q4=,1
h2q5RmIg4owAT1zzuaABSHNpxa1IOc9MO2ZhLv0s5c4=,0
/ors+ToffCy5UpUWc6njNcueXpmezG99MarjTM5sFPE=,1
0ynkMliO0OnY7F80mb/9pTTkdXf9MXsckDjQ/fABcFw=,0
LMp2bgwq+5rYzeQseNSSM+uzTAd7jLUjFaRRZYwRQ2Y=,0
/UYz/X/yaX+OkH95klCIXgYj0K1OSaBZdbdzhtjOprE=,0
SYP5skGi37SSXdWQbao/S1iDQjti8gsYxuQ6lLA0gNs=,0
XL0lnmqKHWzU+z76R2vvt2FtLlqgWPUdLJaG5gSgTgs=,0
HEg6b4gSCoY4lIyzzibwBs2BJ5L+O5qTSPrFXByRk7s=,0
CBhB14D1oMV3kAgd3xOGMP9QcOCV4amtu2c6nef1zuU=,0
2kTAAr6xBB67Q+PixX4EM3dfSyROnFQzSgMKHXCqyHM=,0
1Um2iytJJkt6J77SLJO3OKMNY6njUapKCxd4Uww+GJw=,0
Bf6qbqBvz+c2Enyvng7WMup5eDeDjrH8eQIHaXdwGzc=,0
QT4Yi/Wdc/6UzE4F/ccDsFSsC0C2vzsopwY6KHqVsCc=,0
PexIDop4JGISjNRuYxZ1I1T0VZL0p/XojWggKPLOiqk=,1
OPFayw71L1aaywHB3etz68sMWvI9rG0yY1URX5IKvGo=,0
/uyisCj/ZRruTHQkjWAjFlwPtKNFJ9RAb45vCiMFt70=,0
46tZ0FpBzHr99BkSO7Md8feHfT6DYpvqZfSLzumhqFw=,0
LpjemyAdDqE3NAhGw+kwLjBkYqmpyOVXhkYOka+sZ4I=,0
QyC8rhCmFKNqkkcknH+UyC61jw9hAtwAQLdyLklHHks=,0
Dr6a/mdsr/UlR8L2aAHHUrXs/wTmR8VIAzTto3slFKA=,0
X45MldcEmqBX1C5PHA+OgpMCN23zUq4qAx6ia5F8Qs4=,0
ECYQKCsFJ+XaDmJJwbiKYd++qUZ8Q9QQ/24b6fkE9kY=,0
M70pXdfMEBi1cEefDPIpsLCo53q5vmGYos3aE05e5Z8=,0
vUkyp/ulO2xXOfu53x9dJa3bw/eoqya7PRCOIv3O4ho=,1
UBwjMb16ZgitO8hkFPgn7xGeYAeZLAiM3qI+zWRt+vo=,0
mPBcB9e9a4mCKESv5xNOjJUHfRXYPAGn3k25tCfQ3cg=,1
SebTwnVwy79m/ML2UF0QCv7kNY+2+dwGXa9JTAcgwF8=,0
RRbW3etFIB6qjrKuVcr3JqJPXmRl7kpgSlfj7YVA418=,0
KGtx1jtmiJAzidyjhawZmUT55Ts4i54rKR+Q1o2gvWg=,0
ZDRPUiWm7V3BU8zQW7dLruthXvu2ohNqWLF1CyXoEu4=,0
o58LUITpTQToJipGtKS0jwfFtBlyFvS2ZaPSljFxMIo=,0
htOsoyXXQ04pqDViKsvIInlNmxfM2xEHqMpczCFPm9U=,0
5y4DVdRhljFrKo8g3MACtTzyok+qRb5PPbS2QkQgBFM=,0
KO1Xkvhrt+G4m19EqmQG3LyeXX2MAQOuDeOdIe0zuoI=,1
5+hSAh2o9SWo4HB4SnS7kwR1fw8zwp4eyh9tpU+6rx0=,0
2Q/Vmq3c08BgAOIEZFhK2hajiMp49SgrBh/zxX2I734=,0
2szjktMOeatsu7pY6QGJg2LggY0tDehhuG8aHdmdFbg=,0
+WXtPmt6nRVjhvXJFtfD27Exh/AoE7ATymWnMDkmmzM=,0
cpyPFfLt0Vz8wLZ7k6dMDZ4krwT6NKRO84bC22PbYnY=,1
tGi2I5yB/XqIbEOmdnR2sytiQ8NlJL+WtLxeZFHAlZM=,0
ZXMaHGeBE6WyndJKsjEwJFMi11goXdBCyuVZu8WWrpc=,0
aF/3bX51Hby9arLYty1opRScaDZ2auNBI2Ve1yhBuQM=,0
opLwH81U0uX219Dnd/tFAb8Ia/ETGfhAiNbiM28LOzc=,1
7rUO00YW8QyE3hOr+m1xXJY5JH6sB1AXf2swDN2D9BU=,0
Lb9gdGxFVBPd6yH5P5hvv0UiIB1zpFUeK9QTvIqWG0E=,0
7aIZEGd7BCI3nThhqUlUTy+tZOopXfir4kYTj3JJsRs=,1
YJN0fAnW8eMtp8XO71Vgx2aU37Ti7T28V8RiwchZlK0=,0
T+BQElFXipozi4tNEv1PkN0ZU4QI9rgsG7cJt1g280U=,1
7ZVIDvJKZNaIpy3zjOd+FWKRS6p6+jatYxHxtZUtku0=,0
IDbR+YDetKXWx2xBWAp3AWd0suEBL7ph4SdJA4CbHEU=,0
MaS16lpCBFX2V3zrI/N8eeY4ioRuXZJq5G7Mg6gDc7M=,0
XpuhEwqQU8SrV//6WjBwB1/O5Tk6AipCtAEXYmnut3Q=,0
6CopZ3y5gyPmbYm+Phc6jIOjYh6HsmathhhcACTS21A=,0
uo0IYTf4d1ZvfYEZ3zDu72Mi2xIqk6XhIpht4vQ1xG4=,0
akmKqTz5SkGUfYJ70QcAnZ3Nk0IjwC+dx35n21DaUQ8=,0
adsv8HE1j4TDcnG79r5Scz3/d563+Hn21i1Hcj7Yb/U=,0
XWlZ7fg8pDfmNy0ksiNMvCHw0U98mpX1EJaWJgAmKco=,0
FwV5kZUKBaQrYGsqZbWvwFst3e7AaTeGoOpiH6h2PCs=,1
N8WeykgkAga86rKio+5tKvOIG/24c996pykxGdcCdLQ=,0
AdzZJEwmf8fCefvj8An7V9Zs61RU86TInIaCKLm2AoY=,0
RSX6RNq5xRB6TIvSnIm/4QoX8UP0K6ENmz+kuvQVcx0=,0
G5qU6a8+5DECVs9dZ9Gs/qr6zUsrm7VR1AGPQqAxbQE=,0
kZwYuBf4ePWgGx80OUOsdMfexGHSD95wH5pZNXxrK1Y=,0
q8YYn2bAOSYzdNr12mjXIiERToS3y6tl7cqcZHsOAPg=,0
X/FkHwummUY1SXbEJ9VCNlwsUTHJtXaldmQVxAyVqzY=,0
p/74S2+bttcBjxmtOoUrw/a7K2tCZIO7z2rlByZXmuQ=,0
S487VkeK6tw7a3thojR62iflKjUnJMc8FaDSNrme/KM=,0
E9T4OLU8tWZmK7grquwklkNEATKcUGV9K/Gwl5BdNnQ=,0
yBaj7h6YIKdOrcOKlp53oovjbnLW34yI2/i7EJatiVk=,0
89LcWP5uXJ0NGrCA6zfZIiVqhpfEs1PBJ/Qfp8B3Gew=,0
aVgHJrtCe6gAnE3v8mkzRbgxj2OlvJjrHjxzgp9YrLY=,0
JEtqzJCbMSirQ/nGCaj/w61O+EHsSARvh2xFFUlyS5Q=,0
Iev0EcwYTb6R4joq6Mfwpg0kXHg4WOtfpEIA3dGxWkU=,0
LqhML//LTC0qROaM63vER0nMvq6d0DVVGV9B/4cpXJM=,0
GBwPoUMkC8MJTN2C/OTvYo/a2NM/uuJSyyz0urBdCO0=,0
H6+ujOy88Ug+e8m7n55AzRkMcwY7rlKuPrPWh6JUCUw=,0
F3KZzxxVI/tQVaAtMdu9YG2ozTZzhkiQPXyog2s3xBw=,0
rrUq79yWM5AQPwoJBBYI4yrvkD+UwP+wR0ti2YloMFc=,0
786FnZoElfP0OmuUkpBeFzRZ8wngTmZ83ojdJ8O4/aM=,0
oq4O3ME0ZFFS1FAujJKGS7D1E9Trs9XmftzcG7JBYAo=,0
N7T+oxm+FCiZUGsHfLmrfa0dXUeZmGnm2tauyB2SMB0=,0
cvsbC6ficxL68EPptFLV3BUu6LyyQYXjqmCIDMQ3rhU=,0
fH1lefAHUU1rSybluU6wb9jZBkElSxabyw58JnxOgic=,1
zJWD+TKP7wyL6Zo+HCZKoTiOEcAFg2C7fXu4R1WAmPo=,0
S4V5+1E9qVpzQfsITHofUKnJhtQdJVgNcKnp+/CyS8w=,0
Z/8G5lR7bvtaH1Rf0BwNmjhoMbuJN90P5hm2Yty7a+0=,1
eqZ3ms7P7iTrfIpkYQXz6GQTtdijQqzZEaesnSoes/E=,0
wtWY7CWhv/ByP8vyuS2zo8k4R99LXSxpkBwAWvr6AZo=,0
P4mo7QlbqOevg1lq8vVR4pyTQaZ8Lq2sm4KQOwQeR0o=,0
CdFRcanPsstKm4c4iSfzZmlpzaZXX+Sy5H2Q5+I9Y6M=,0
IBbA5t9fHQX8DrlA8PdjBl7J1TFjpRoVMwCul46NMj4=,1
joFM7J18l0H8kfR8H7ey8Ot4Ux/CiG5pMHP8FHUjrTo=,0
2SQ5gPr/U/tS7Jq+GT4DFaj58KGvHnFIHCw+yQGAHXc=,1
THtPqH1Xc4LzaswIZm8qFjduRSxQWqEHezxtLCCWS8w=,0
msJh+BGSayl2NMOPIc7sgMOC8WNHO8r8qnK0E+Ea5Og=,0
0iiAgZnO5169TWTXP2LfAfRgJxEU9tZ65Hd+MOWBSN0=,0
u/kM8qspuNsOqmIl/p8xbPR+DVXdIq4c377mBR9xERo=,0
3DQ5JUTMVx5qBEjqKn522pCoz7v2wTSlWtzPXMK0T8M=,0
HdhywV+dyItEcJ/WlZPUqA3ETcQzYG7z3T0IEerjWHo=,1
JhOA6Pvqz8q97+4yTrNMdYxE6EsRo79sM/by92GUJ1E=,0
VlECprB8EYbeAYWCUm/7UtAP7D/d7ESBv93Txrj45AM=,0
hKzm2PAhYc5yfGYV3pvw5Nqk4CAxnxuTHbzLbf2Bqeo=,0
IJ7jlvZozb78o5xKg4wkB9n+TVbnyixrtgekoTn/UX0=,0
A1oxCty/htJOm1aPB1vFZa9TmIVE9v868wlIZ3aHBmQ=,0
G8kvzZEdpQdmnpnp/i7mJAZKyt7Z7806VK0LKdput5k=,0
Qs0v3SvrR+IIvxiYEJhO+FaGdqm8FTdZRa/LDFxRO90=,0
MPxi7XWzed0m4FXQJIMdM+yqlSBTt+obUwbfGeefai0=,0
8SNLagOW0zFmT/6+KD3FTZpo7fsNEQ1uSnBedMSb8F8=,0
N1058G7grAK2EAHn37VT9UPHCwXIUToxsCu7eprGGI4=,0
J6ODACdWMwNOBTXpyXPXfWHAoZdWuxVP+v89JkG8RW0=,0
rJ6GslfhjLYntBOFPcCMgR1SfQKBSIo+xZ1jP6rCG7c=,0
00rP2F1P27B1R7rXqvoDkU3m+eAhe24PwG3lLlRXeJ8=,1
PWjrhRUiOVsvncTCALYKY56F0wFq51pIOebfvglRWe8=,0
h5YUDYB3IdyxNw5EDld8E+AZqKPERFyYTMeOoY/1a+4=,1
wUsNOx05CMFwAe9eptkvRhEQ9VZwoDPWTzVXGYZGU/E=,1
zrGBbO3FzG4qg7BZqTlfHFi0r6wb5qO4VIkbBKUqYRE=,1
8M4H4nCYIr/c0yNq9cWvtx2axhWHnt0IvFKQ4CZpYVs=,0
t5kgIQc1TcpmOF6CIrPscoEo9Rhbr0JZt7umpGYDHe8=,1
ha+d3a8qTvI3RwdQ47SVL4j9XHYrEQ+Aq6L4YcBD7rk=,0
I8fSMRMqBRHYxZicnhpwnWmaEfgH8OgeMWEzs9n1CUg=,0
rLbdBliPmfN+QTTNF51UxoLuaIe2KR893M8Wz4quM+s=,0
ZY5fPuax0WOmTWVXhsyu5mggOLUC2T9jAh1PRmAfhR8=,0
7pLEP84pIckNW6zhB5mBrcfeFnEYkjX6IKQV+AThAX4=,0
K200E0BB12h/r7Lj1/EaRIYVgrdXxiPwNonXE2jGe+Y=,0
spJlowY23RJ7MMulVn9jCjgJLKe0qD1sPbXAeLU+0f4=,0
LzHWlYuEkqe61rlpXXJyPH61p3aHg55A2xDHzE2A5yI=,0
BcmPKHXSNYgbc94BV64vBUlcNP/egm6s734bl7h9hgo=,0
JlLrNlXfg3MghX2ljokFBaTIiDh/RssWEr7TV/0T3Fc=,0
7nQ6lNHzYaK1e8UQb4ZQus9NjvxZHd6xaImYcY7APn0=,0
OW7QvwjtJSgntI8epuYDmvu7ykNoezY1zqJ72i0uQuk=,0
4SFRWhHwNlq+X/CEFVH04wsvfwvWJsUHwXp6P8aJChw=,0
jf0JY8WPwinQeDzmcc1+2fr7OZi5utu1hVUVc4wEUzo=,0
kVFlWNP2QzAtVPoRmvdTGLg6G5H+yUKHewklJgbIAdU=,0
yRlc7YdATz1dyW3+0SrIUGfVPh7DfKRwKugHXZP2+Qc=,0
KfaR590JDYCLU8XADba6btK8x/Y0gBvLI+lrlUNPXkQ=,0
N2fGeuznu7vxJ5mEIvewgf8tgaDzDLTW6zOYhuT8lNU=,1
mCf4o49ElYrdtM7qNTBdNTvwb/uebp/Bs08wLkWKleA=,0
Lg8WObnd+xDN2i+JXNLvrsw+wbzDy0t2Al4Tn6SWJ2M=,0
ZkvSIS9UvFgGSrD/v9jiZk3LLbtMPu7RgJe85gwThT4=,0
4DgaIlvFkixmC57BCV6ENSODxsA+QeBOtrRaWRDAC2I=,0
aMbYFNW1a1Ed0gTQnfaFih3L+h8fUMjrBd6MSX34b7E=,0
JV9Dcolu7x7YsM9crV9laH9/XzUmBIQ6RI6+TS3Nyag=,0
ndI5gut7apuct9tZj0fo9jS/Ct/KMxkAgw2B/gDOImg=,0
y4SgezmD7lJCE5po/9zEe2fRIE1X07ywigo7QTpSWqQ=,0
0QBt4uW5OYxCu9FIPCilNjoG1t1psligmFnpi05bIwo=,0
FDW6e1NENAAQM0h9te1AUrV4ZgUIdwq8ICNlSrp8rbw=,1
w2VXWdzwOIvFRrRNIHkwn+ImnKl5ZhYjAenahozGkV0=,0
IXXyELRa2raJtt0l7WaNMs7cieRjpy0ruabJBmC6ncY=,0
hGdz+ILepqx/dDiMdgzdwInjIWWfBtQV0326Mnl18nw=,0
DOwyW4q5DD4lNbLNMyMEWOxGcpEwbOZy571a+2LRiV8=,0
L4O9+RUiP0poDAhpXEVpa7N2Z5Bhy9BMY91bqOO0pdM=,0
xYD0gO3pJMQOQ4ul56l1rGgfsKomHLehkg64wKi9/cI=,0
daPHZE7hiaLhs/Ro946hQGtGJtEt8X+1tHmHV6VnnwI=,1
DmgnvQDTfZbbWmD/wYaXM4ECYtgkg70NgiWyY7Q0dP8=,0
eXS/K5sJC+M4JLJO5viyasD97l9lTec6qCth/4GdqHI=,0
gpWHzEnpXAtiwfy0b8x4p/ZxoF3mD6oVftDr+XKxQpk=,0
5KqKwIsYgdqkiL3QWvaluRArGtXFV+Neb40GiTWJVSs=,0
OVMOTza8NZONBhGwtb23CngbeQU8go6lztEpHhRurPA=,0
LsHN2HKepIPNhw7Js6SmUqej269en1Amb+vYMRMPAy8=,0
TuagJbpsecHkQy22ofpNyPRGAGdehApMQlwuV/ACcCY=,0
lCYKf724jhZGyjF07vB323kQMCUwLoe4tSjxHWOJ/e8=,0
UjIz2lfnvVQ6iXaLxqE54oOlZzz1zHgj7CiVS1InOYM=,0
42gLaUdCF3njtz9aR3a5Jb9PE3szAu6+oAWMTp3NfkA=,0
BF37I2vtFERVGe9716BYzGS6VCjt8e2ZG5g2YJ9RrVY=,1
7XBbzG5CXIlcz3spjgMJxKa2EMUvTMiG6+d2s4XGnlk=,0
FW6mJFF5mCNgmaDCHyM6PXNWH98JiZvi7eUQ7MWam8s=,0
SycOkidAS/y66OF399ECiiUqYAaMQ9zMO2TG4R+OOw4=,1
lF7UNmlADstEm3Hor2sDm9PQju+v2TOlC2yEUs2kEV0=,0
dGCZ8XavbUgRXT1OJb4B8V20ZXpMZMozC1eqCLYY/9M=,0
YIvGR9HCXqUMF1WyWM0Fnyi4+jh/Cf8dP1mlyEVALVE=,0
lI+KUBLdleaHaWHpvdXmyisecrrac3QULZNnAxT0CSo=,0
BuuU/U+OwEIpTux74hn//6vAzPffgQePS/0QrAs5K44=,0
Ozw98kZjWFLh3aY8ZMstc2b5pizf3n1m+YTSnAKUXv0=,0
dVo8zlwAbcyU8qj+s5AOZS+SuHZHeoiiTuU3xMaOQBQ=,0
eXFfr1Hwt1woaXAdDRdUJTVCuPjqBv2UUxHeIih9xlM=,0
KueO8B5p0A5AZXKT7MlQ1LyRoIEnxSf7rGJAxxCRCh0=,1
w0LqqEyyHp1ItE+DPRTcuDzmGNGwpo2veFYKI0DKwGo=,0
/G4T5nonEIgEkLvFtlelpjH5AgHcqWRa6qJRqhgzEq8=,0
a7qM1AKe67XogckRKSU/RHOuuemrXTZ7Td0DVyHaZ4A=,0
389GAvRe9TqbQa5lxjvOGa5HapVKl/N7cnSCe6m4Lws=,0
N9SYqr7w7nzi2JbQ0uGxeCOtUJAofPYW4CrPgAmm0BU=,0
UffTGGHMUfjbRTkuEHa1EMO9MP8ORkaiW1ecMz1m4N4=,0
QXrk6TTcDpIV8C39SAXsNEIjtJbPz6O1E8sITqLzaow=,0
SHiw0veXKt8kfnGGyin0kuuU1mmFxJJb9343a06Z0OA=,0
xLy3qrfURqrO8EwRXvtQ5oQVhzU1ejTsJo2EOX5U7Qk=,0
UZ1o0DcXbmiXYGZKffqq1ar1R0jr9v9akSJR1T3m9Mw=,0
5FVpkpy3hEtEn53on7w1hv5yTAQ7ZiEZYoogeeRV3Ik=,0
9572VrC6EFjLPR9Ij80S3omnO18yVWA5SxpeLpLt0aM=,0
5d+oDSIXuX3u697T3voXmC95daoUlIuwT26HvnupPPg=,1
aSkfmedaDrVi9p84ucB3WcbmzmW5cyinHv/l8q5PK1M=,0
c9RaI7TVmEQWmgyitpAw2e0HjEyZc8ckMgbm7nRhVyI=,0
CZLKoWMCCYOTAmdZgCkvQYBgDgoEpSVvrz+cejs5i1o=,0
PkwDzgpkXtlaiRaBzJkex2QnLiD/FeTeg//H1E1MxPk=,1
8J9ZkHneGyBg1CsZ2Hf9cNcYCOtO4fTvU5/fmX7xk6Y=,0
hIRE1b/SLrsR+PVYLXcbJLvhSv97T8su1Ee2IR0q7t8=,1
F0R0n7NJlH94v0Ck1BM4uDP8YUK2mfla2/RZgrNnycY=,0
P58cTjIK9zUHhWEBQBNGqFY4RUmt7GsaT3gM2DbW/wk=,0
Rkd6LEBn2LziODzS0K5e/iqLZisJgolJhGIpQG9nDlQ=,0
OwW9PPiKrv9Q9G+jnV7t26M7lUnU4i/l+zWt0J/jf4o=,0
CvTnX0Xdcv320FvOfsfvIA+Cq0urM7mD9tGj8qQkrrA=,0
JI46/RBOcuyC97o+2cyjR+LPAWLtWaajjTBGYW0wbKU=,0
EwvJu1Vbd26YP1sBmGoCI7a0TTyXk5oLNSKQS0ohmHg=,0
wdyxnvzGhoFFnvQlg9g/yHtvu4rpwePxV8+BBX0ECIs=,0
LFvH2yX+/VWxF0xEF9FPLcFRy5+DqUL/eCYe3KEGi3Y=,0
fPhqown09ba4tKmI48WgNqITui2HXFxra9WbwafmNp8=,0
ZyHYvcYTkaOY6m4THBTeu6XVnQxSTpadrk0PAVQNDdY=,0
mPXMVZxFHnQ8iz95R3T2ds9+qsGeI6lOmbYg4rcz8gQ=,0
p86ac5pC7hLFrjxI4XO5NiW2Cf7hQR6UgKiqS1j1FQg=,1
0PPCeTAWGVWXL8u4TjBmQCz5H7bAg3ZLrNgakcDNIkU=,0
4PVxR5tR8kUEhxfsU8GA7Z7vuHjg0s5xXMA3ifhmAIY=,0
fJEjR5qRaQCccwnZ3dvjvQAlVzzss6/ykER9CAUNRtw=,0
K9JG9DFqPYNXg9QYgow5gcVSjXsTAqhGjkF9i9BTaHc=,0
4BJjg1qzWcOxc+9+gIxkAYt7HAJJ9O94hDxK1hzokVw=,1
tv92cJ0kga8I7KDGi7PkGO6jWfSQRX1UWd3e+ld3GxA=,0
Dji08oGs1drNSHpVQgAMjjlWFTIpPYx6LKvDm1Pv11A=,0
IXguADkH7XOILjHXcuDPE7PnsKlVa165JBNSBPR8OF4=,0
ioNbPOEz+iYEE/tz3O7Qmq5PLAm4inVwPNWVcheI7xE=,0
yT21je0JB7UqsmnMSDaSmC7XRAgLlOCHPcWcrha4r28=,0
OgzdesXAS19DWGJnv+C7voU8IaLwRpSu/4O2iJGBFBg=,0
sKi6KG9XAqEiwiiRq0WjZ2UzCQGSw09q/Q7AR7FgKQc=,0
ZTcSGPDBpwlrSG6fSS6TnMdPVphpPOSUv98y5s87bSE=,0
9Q/4rAQwX1J0a8+ynHksg8zkBxD3XeDvDgQMLf6dJC4=,0
lTH3RFoRPYx/FLCPWzC4/1RFL5+sO5cbI6rJQbeCwBI=,0
o62msHtcP4v4KHm25lAr+6eOzicf9Pn9mWvg50J3f0E=,1
H5vmgNTa5rq+Ckt6MtpA8TONFhZXfuf8EyqqDCqPlMw=,1
5XTt1MuP3qKPULEgnkwo7Ll6RLS69gGagOdx/BDziUY=,0
ML4nmPIYmYWkrqSCgR+I7FdjPEn82CFDIlhjD1gjBzc=,0
EwYEI5oqrsbSF7cK17sCKPCaGA8+3LSuntiMZZ47hGk=,0
PqVB8VehmNSupeXiFkBzXZPWk3mnxjGMv1kfAxjQ8xE=,0
8YGk8foYyWXubLTxZssgSFaQJTQcMbgBIdheqmWeVCk=,0
Ee/JDH82YCDZTy/keZUYvvKCgX1GYc3W0s/1jHCO294=,0
P2zphOCECDSI0r3A8g5IP1y7c6+pTXHhs3hFTlukg+k=,0
5FNk8QpLs+vyTxObnpgJwq+i7emwEu5c2YWmGofOVME=,0
Ppt6t1MbSrvScHaN/nOSCJhJ1EAl45U2OjwEwTsdo2M=,0
kOjmZEdT+tht7A7083hMXuUUEJbxKF9kzYbjW6rL5ok=,0
R0icfetXq6EhA+MMad5qC2VvvjFp9tXbG818pZbpqn4=,0
/EmSGKMIP10EkLdPUdH2fbFg5ffkAurFMZUQVExwZIg=,1
P37cLUiUZGwGfOMoYrG2sfr/zGbsEjhcHC3o9nVh17c=,0
fIx8DzDbhl9gjJMUfhISbltrrhlPk48DxsZqYrURPQ8=,0
aEqX0qLEbmPy3gS6Or2e/5fEO/2kSD4Q1LTX4P7YSFM=,1
yUHAIhcCBeN2sPmXXDy+z5EGCNej3QjUF7StH2ETz/Y=,0
AHPrWee+eWptc3i6+wkToJOjgDEZsHujI4y9XTkBylc=,0
ezE8FU0/5j2zdZm/eIKnHwoVP/uz583KM7UgQ6OpGoQ=,0
kh60vhr0/oqQbCyke5r1drf/FQBC3OpwpQnzIJAJCUA=,0
iPVe4ZhNP8RNEwBClmXO55OBjyAb2o4+NIF69ebF/Uk=,0
YTDFyg73MUvHoDauOVTY73xT3UCnBjEyf759j8imBnQ=,0
f0Vtww7tor9cGgemZgcuemTEduLXntfQJENVQgVt/O8=,0
ayt7ZV6iCD44S+3UuS5n4SdahdpZMXq8T7WeAuijG0o=,1
+jq0p7+Z2I3xJ20xgYp2/Hl4vofLTcyHirWSUUrBOWU=,0
7LkUCaEgrsIttU+TlU7IxLlOHjon1t4N5V0CiwE4oOM=,0
tz+U6/1hgJlp7dqotT7ZTcLdEQ5jL7KZTmqve1C4ke8=,0
T8u8htFZbEAJpRdbZcenBOF17Wmnb7XJ2noWLXAdJJg=,0
heo5IJLXezfmLu1h9bYb3xVz4gsQ6sY3rD9nkJ5HeYs=,0
Z8sGc+CCScLUPiwWb8+eCvlfTvsEiLh4qtWLnm4Pky4=,0
4VyQ2X24oJ8FdLX9PcaR7bNGmDpBEK7RX67+EA3q5TM=,0
YlDkV+3AX4m7c/iJGLcN37/G8tZPqIyYbAa7TIBpKaQ=,0
qYNiht2SJdENwHLPJfuI0Qtq0wk3qO4HWKHp8q52xeE=,0
XlkBiE2jmRRXH4TWD0WktOeW3zYTHj4Jmo6HwPvOpSI=,0
gJ3bpKUsR4mLTFaBkNTyv1ZzMPlpcmrY/wRtvXCh0f4=,0
CLCflaU7C+tqMtjRxTsb6vh2zwZDUzk491lrwSfAZZM=,0
vEdR0Yvocrv8mG1QsOgOyMTCT6/z3oMXRA8V4OFpBSg=,0
9O46juHLEKTNzylwctYHtAwm7hnsedrBlm1CPLaiXpQ=,1
HxQeOAX6Vh4zODyxfj18fE6Ak+Rsf1+s/DT7uIIE4Lc=,0
vbK/Sour0rbfUGbYUKXjo0/sA3P6QNxJErwZxEG0cxA=,1
D/CWOStwCMEmaMwEl2W1CxLVpMd9FVdJ89WnSEWpQEA=,0
3vpt98ap3e0+ZBLudEa3tY6c2E7lK8CX6tPYv9DtNAg=,0
3kpoVA97o8jFoGBd/PNJd+2cC5lAMWwxGsvbGNYRqTo=,0
uEIGsvjI6bBXexNybvwmKPGKO/8AYg3NsPxy1PYiBlM=,0
lfP7/yiFlYwo9yDPE4Agm5Y4KTrobp+xn2LT9lZ9Rfg=,0
UuqUK2Sq/P6B8A1DmyNMaPkuJkYh8Dej9fxekwIe6TU=,0
FtmF9PtWAEbvNQebwjUPdZqWOMWV0lBUq3a5LM3pDWM=,0
smQeUS9iEUtNRcYFbC84+vetCAP/wswJQ6iPOBcL7iY=,0
JBvOZegZVAxZycLWsm/GaKoAuBo2eIbKwMZpG/+Iqqg=,0
tF53JwKGojd6jJmpjKSmJ5374FjBpIxS4t/6qK7J23A=,0
ni9EfT7T2nzDrI3Vd93kYt4FVlTDdohC1MUoI1a+1Ao=,0
1knDmxudjpmx5pz78TtwxJwCBPwe2vKX8fn3FkxeXtQ=,1
v+XdJCB5GI3htGP1xJGl+jVyRu6sZlD6BwcUc7gpMgs=,1
zbnOMk3AGyEFtf3/oCoXhsMUou/JK1nGsNSAFtp1C7I=,0
stw2a73VzJ2YverLCPvq1Q9JKNlIUuDiVwW102+PELQ=,0
f1YG6VY0SXElwlGdZWIkobb4qRuejvZdUF4KiCEeIgM=,0
w7yIt8oGte80NBe5lfU1qc88Mq1UoMvouqiWHTeSHJY=,0
7jRHLCQ5dUFhQP58M7OOVzXmCoTcAKe6N86x26ChRpE=,0
gRyZ/Dj3Mn0VNU4cUwcbE84eSnjV36PSuoPhYrCvuWs=,1
e8LstQ5/MxBKj4ihX2XXcVWFLFZdZDl8C8l2lqw4S/k=,0
WbxNr3WlIhvCI1Unil4/o+ex5AsfysX999SJVlKX+os=,0
coFGR7jaBqHrr+J4q97k91BiYi1Rn6ElmKuR3F2lPm8=,0
MLN2bU3r+Usonz9uuQ5otC0jIcdQA8AG/kEeA9VuD9I=,0
+w8LKEUCnoeTY5NngRHQ2BJCdMeGCbJbhAK7KkOwjk4=,0
6aL7Y80IIdw9qGslGTc6ySd5GDfxM0abZjNIkHXoLJ8=,0
TgqSXotuKC3IWaMF+YcI1sQGBO/mRzgub2/iiEAdzA0=,0
NFgC4BEQvy5RAiW4cf8pg9lXolIe4OTR2OsG0bRevN4=,0
6JUmFqU5UYcKbE0XmK9CQ+ofkCUHbI0SDm7gWk3BgAI=,0
gRPvfnNe1cuikuh0K5rKrzFw0ri8YpecorcreXip5Zw=,0
nLoaa89JURHNqV9N0aX7EPTJLZ3h61DWhO3L6/z/rYU=,0
E5c60v5cSrm0K5TxizPlAHygtErI6OlhkhcTDdk3IRE=,0
hf+nwd0Z94RtqnsqHFmPxRPfofVyRj2OWzpM+M46TOA=,1
/jZsJbo+7qqFMh/yB+Zp+ODRn6zvv5JPP2RHIqK5CeQ=,0
oY6mQp1yHMYtIJJWEVMlOcW7Dful+nMmXqidzhk8KxY=,0
eCj6BWA+4KG6LoH92cibR3z1hB7h0N0VX3g6Qm0WYN8=,0
67BETBDYekE+7CKO3w08Cq2HMy6PVHnh66zGr6oOnwQ=,1
dxmsA+ZvNhN65on++0LGhGqOmOoc5wx8jbzMQZtRItA=,1
aVvouZYjuqWgZBYRQPABCOz8yJk/VrVnT+0rLtOcuPc=,1
2RgrIiTtx4ERawqmuHwidvWwnmsAVvXlN2vVxRnYf/A=,0
GgLJT/dLNF51uUUfqzmWhUGNqnV5UVL+A99+byrpG8Y=,0
z8vX5YpKqzeQUwpGH1kYn9TL861LKkvyQ/x/H1rIv1Q=,0
18EZDjGdF11iPcfULQ+94FCnJgHeaOLX3vNLda7bies=,0
vjbmuwMsXvrIug5KQnlO8QtPtPT6BfHyNfZIfh58860=,0
wSxdF8fdazXquJEdxs9Adz2l+E8jAntaA8ciSA/0wsU=,0
QKuENEldA8Rpax9RnGHtZlZ5vROPQTNzO2sYyQwQpZw=,0
IlNTdRcce70o9qnXK3cmEAI09gx8xA+DJI0HohLC6YE=,0
hxKoGbCp2OIL51gK2wymVNrcKj45vQHTFc37R5SYmyE=,0
iGUfJIO62O9MD/vlZnQUtzfropTBMp9xUZHuMwKbzB8=,0
+n0Jvbe1pjqp4ScDYbI0puQLzRbNV0+1EwlH6TFENlU=,0
NVw/p6yjcvQQ2nAZeYoaB/hkIwF2ArxzMlesVI93qnc=,0
ZVNFTPQfh/m10EY5ugO4AIIq2H2vYFeHO6RE+WYfBL8=,0
RbwPByWCClSR621EXsHWdW+lqz+6BWZagViiwyec47Y=,0
+Fme3+URyUf1iseuUhWwgorHgtvxDH2PKQw0jeJJvTU=,0
7s62LrfnQGFT6cc9os47jLPSs8jZqjBKI8a6EmjVwYo=,0
7rg2Lgd4ks60BKw0GhZMuPR+gpn4sIPe9BbxpEBNYh8=,0
pwqiMXEwmPJJrfnJBubghwq6O2r0uZnM4gvKLj1elXw=,0
4xXgEKHgFuRhBklvXjMBPj6JgR7MHlKdRl7TG/DqdlI=,0
RcpModTQzoZWGr7iqbJnzwluG33kOXZONz2D8M0uvIc=,0
5UiwkfRadQnO9lks6eMJDCwREqnMExLIor9xAuteJcs=,0
wKsAiJMz8qEP4UUvOBKMr48tL22gwdeC1qRTpRHUpBw=,0
WIr24QWE2OdA+KytJFDxN0MvL9lJbdLlxQD126WUV7Q=,0
mtXnrGxTu/a1CQewuUL+hnWcWEOxKJHkFvminJ05rzE=,0
amO5aI+iw8XgVKoMf3A7JZ/DZJKjZR8kXLxmGeQgFCE=,0
G6U5nVIf6jmRqgaUBd2BBSBVM8X/Vwfk0Olmo8zol4w=,1
nBHmBAOySEIYZ37N7G83O8j//q0WVEs/HvkV7XBp2E8=,0
Lg/+i/j2sz4M6btBA8kg2d1k6vfdNKkVH+EsUM5P+3I=,0
VnUbwAhvXhugjt7PEQabc4t9+4HculzQEOiKf8AAs/0=,0
KzdFJZHT1i0X1m+TSrLI6Vwl1/0EMWE7Mij9Vu4IvLg=,0
4JBHK/S387EgCllOWAeuT0LDH20p+D6PuoFHpNckAmU=,0
RMcXOh+Yhjob60R78HOeLgGdOegqWb1ebO94AoTPEQM=,0
XfEriVkY//tcQrv1x+V6cygxdc2CQRocjg+gK8aghFo=,0
b+oSCI/qo39iMwoL5xqSiVv+640J+nFm2+5Yt9GnGjo=,0
c/WUDhS7GFQoRvzAQSaIvbaFDLs+F75wC8278OEI7GI=,0
ErIhTWVihWrsEf+b/s2IV6MVBEJSc2xhjVLaCWtOfVQ=,0
ykacBEshkZ06mY9SHIu4jxhK8ohv31NfNNH00UkSL9M=,0
uf0MEdoHil2dJQS6/qRf4LhcwDnOE6sehRufNbZ8e64=,1
qBU+KIYiB5YRp1Q3RPWMWCM28x302HKnqOfN8wZvJRY=,0
+fy1tyrb7hTaXzxgtB6pgle165r3G97XhX/eTA5o0KI=,0
u15+BMAzA8YR5rivBnOAItZTNdApIjdnxyalUj/LySo=,1
GOY9EfOkqMH6Rx/DiaHpoHATgWqS8mqXK6p8G0lRCz4=,0
QHcRzXJ/8lKX0oTBnzfYcmv72LKm2f+7OJkdTnHGcY0=,0
y0MPe3xF6cCBSkt8NQvZK+ecPaNYQhD4HbuiCSVFhvk=,0
a+y6omzjThnoCe8hqSk50PQLeIoV5NHWWMXYZ3t0ip4=,0
d0cB5uoHlP/G4ZbjuG/CHF4kD0ozIhMHsQRc/anQHE0=,0
1yoCpg2vCx+5NGZoMkPkAeiavpx8D6SKpJpEuQAEiKc=,0
dAvfRqkbJjLGX89hEWO/i0h5Yte6VK14z+RD+gZLa2M=,1
rD9Vc7EJ7yE5ObazGiQzmLMob/I0DPaAbkV8bwh3+38=,0
p9P9EQVgVZ1muCOQS79ForC6Mlnzt6gcSverT5p6xII=,0
9JtZvAtzh8dRI6/Emly5i/vZH5TBwnDrYOXjswh+HoQ=,0
dS1oM3+O0yJtG2Hn3F6xjYYKHPgpF5ihXyoEpLmmVfw=,0
a9B+6dgKJGS2/wuQEOUcANGAZb9wZ7xMcVdRENfn/zY=,0
2LBCGj7IYn11Mu2T/8SwYvoGnFB8fzWY/NtzuS9m7vM=,0
wOXhCe+aKmOTwPzTQqsMBMfkU09hpZhgrd+j6XEuShA=,0
gq9q/Zsn/ylmXZUb01f6BINMtwhMZK8H/6NfOeRxSXU=,0
/B+wLwdVb6pIu9N72vNm/qz71JjtsYE9TZFcaXnjN/U=,0
fJ0ow5DvjYQ5LePxllAgmPwXVtTehrgCb7LeghuiScM=,0
bZDqjkx3s9yiLZ/SjUKbqNUOaejHZBiuP5GsW/PlWwQ=,0
97s08BgYhAzvl03eH6Thdspne9LMCXlrxCvIm77NUU8=,0
tSFZ2SB6UNt1u5Y+X7ykIOGIy5kZ4gNLZ0MpYZCslxs=,0
3+A6HG73GoIZl4O0nWuncBUvpwawzKCbQGyQynVfTjo=,0
1PZYIC3ef+rRhBso4ndnKTL5OYrnj5V7ZgsE0BYi8vk=,0
OsG8a3ijRPYlJgIfIhk5+ipWt5uachURn4vcuS17lpU=,0
qO9nYFiSFs87hcokJ/VzQNTUxvOANsEA9I0OKLkXE9o=,0
CI49Fl1AAjxQEOCJNmHQhkWCENTcB35LhdsvNltqtCg=,0
m4Uox9EFwbjPzDSfulik/3h4ibPHFiVmapVD+7Xp4zQ=,0
6EZN14I+Bgtz1IITbDb67406UFkzCrDq+ICB1kLPuVQ=,0
YOdhgCsEP7xHO+VfOE9bJfHomQep3W49vlSmTGkYkwM=,0
uVIQVTQvPZwOMb9XXVqxTQ+pmNqvv8KUs2MzzkBoUJw=,0
UKEnnbdzDjySbEY96QK4joJgt2/9BgCJLcMF+QFYfNs=,1
aymzUgK1hdeB4OJxkb6fkv7wOfNGDqimPaXdpvUsGJw=,0
WX6893KDFliYfvQULQSjaED3aChZteueBv4JwWI3Uw8=,0
FGl11NDFhum44oSO4Ja9O2CZzhmZR6mVir6nVq2WgvU=,0
kQt7riUWmxNimjiIZf6cYr538xpCOQ306Gtp15StUPA=,0
Lt7ECoOUv2F4UMcxE9Bohza7ToNuqH/SL5zctpOccLY=,1
526e+YqM/595MrHud5o/3tvgUaaipRFp8t9ysg6H0hk=,0
4KKBe5cgxEN2M8eckcBffPCea/C9GYw3I65eSIeAJ7I=,0
KKAuIiz0PfekBzJQXn1hCSzOGseyjuxZKZ4iTB7yxNA=,0
vYuBAp7nthdSnotbA24SIXxgIPY2uPod46NegJ4FmSs=,0
xW9NUVrCUt2eHEwg5yM3NTYiYZZ+7UNN0G/y29u9H/M=,0
7BY13oa2OyzrTt/9cq9ISMCeh1UtfLaJ337oniu71pQ=,0
Rn71dw2scdWqlmupRkKqya+X0lBDMJoFd3MVxBwaLuY=,1
NvVktPXb1IYLqcbALrmcFqogvrc8wVREAH2JOVPtHLQ=,0
3+9IrVukr52rQBgyMd9F+uUNTgZXHBB4yc07CFHpQvM=,0
B2WT9eJU5glOoUWaAkinEydUd9fjaM3fGAu6DybAHT4=,0
wkbjKvVA8QQOKz9GtoPYwIPURxz4HA8n63VpSNyxkKE=,0
VzNvWd9oUeIEzmBM4RbipwlMBoW2f+Ixqq3jCmBWWWQ=,1
MqOF0QHKpkkTSNe6RhQxnU8lWaVRZWEhjkDybSxAOmE=,0
JaI55yZjVdNe1yVcbtfVltAbGaIWRQiFS8HRCdjo05c=,0
4Fiu3J7l5L89VLmVuZ6YZ8w1tIbo30RWQO9tJeFhMn8=,0
N5EgpItqcodsfEffeQRZVIOsJD1ak0+boy53jFUYIxs=,0
c0w786NsjePGz80/+XfOXG09h+F1KbN60NICwrZWf5A=,1
QUisjkZS3mVdNytwwcZHVW8Rg+ZvH7ESDRMPEkju+Xs=,0
1cxUW7edsCyBqCVLyx8rEwvHDbuwmG9Obu7RtGhcLtM=,1
hEQvLgxJ73CRNOHbZCqXU/ViUwYDz73EmfbguEzQt5Q=,0
jp/MoYwwh17OgTcbnKbPrARY7D3kq/Uh7EYsHK4YhqI=,0
2Y70+b8xmdcbQPEbG8RGgVFWXi7Inr28FAq6c0W149E=,0
YV7JZtOOfpk6GP/Q+u6frwGv5MlYXyMnLusKztc2jHs=,0
o8aeLz+Kq1O9KLj1AWKwlozsZr8okqiuLV5cWJf10Lk=,0
wHMH/+ylTpF3p3sCwpMh0KtpwILxDeRu+v3Y4mNChQk=,0
uRc4ObpGnSjuHA/UTQnYEyltb1upfbBd59qWebANoMQ=,0
zNwGyygFpA/SMAxIODX3sHmDtviS6FzW81ngZug7wUk=,0
B7eB9fTVPDqItN7CU3hrDkJz5M71l7UzzHwHazE8baw=,0
lj8hW78SXjD9OaI6+vaeOk4iJGKj6VNA7LPXCw6aGnA=,0
DkFCMPqTldlvtBG4Cug+S5s0NPw0UT3cXPRW2ssrG3M=,1
moON3a5jZu2wKmJwgr++aCSeLHQxY1SjkfGzbI3NGRk=,0
e3BqqOxOuzsHAu3blWcVYmnOdK8kF6J2iiWT4sS8ViQ=,0
7z71vsDPX7ZHdKvbZbZCN1YCTu9JeLG49ddijsA5H0k=,0
MXXpynKNSo0sQXjX884GEMZRaUfPXt/K9Ec9COnhRTI=,0
p01PY7y25K4j1SbYlTejgJQN3seNc5J8KPk32C6I+Yc=,0
uU7RdOgv/wEFzJwlj6FrAyFBSi3QA/Y4UAEt11dRFZ8=,0
2bWx0COco/iVWrs3Y/bB9p+HU4BT1QhovKtFQYyZQLY=,0
tXfbR6wQ7c1iO5oBlKLZ15ndDetH6n529qrABAW0XwM=,0
a6BkRK3dckK0HROuI2f5yZOBO/8Ni2DsaCZdp+/DPBo=,0
jbeyRJZzwthJOMwx2a2UpEZ+LaWOM2/D991R26uv7ug=,1
HApxo4HVlQbkLcpbyFP0NFy5dgbXJYCTGBM9kKKXcco=,0
B/aMws7zY6lQPtNg0X40uQHCT18T3MzmZXwButBqYCg=,0
M61s/6YgNf3jm4vYoX0WkqzA7U2VDUrlbNfZ0PlseJ4=,0
5Hw4m52VvwvykK7ibdZQ8IaMjQvg96Q5EJ4VMje3lTY=,0
q+7uBu+75rXmjc5pKT/F31CXZ8FuXrYiWi4HwaY0M4o=,0
w0OjlFJMPBbM3eU8IaimSLimJLvZG0wjFXlA38jQ58U=,0
36pYHHCpo5XVtfJMOBjoNclnTdgheIty4je8gGrX96E=,0
UPxsIc4x7Qjp5uVSNEZH4NQiUKMPJzc7gcZmPHE4a9k=,0
ByqPizelojl4/25+rAlvwOt3P04bTw/7TQBu/zxhIHo=,0
SOXuGlqauKB38KGewyR84PMEPw66lWo1dV2tBUY8hW0=,0
SVBNV2yRWUGQP2yegeNPZD1loAWhYBEVzj824Ehoaqo=,1
TbZRRG+i4kAtFl/4DAEQG7S5ubLD9q830RWKK8e2XUs=,0
JzHctklnC8jJhKecwMQrF6EB7pC6sJYDYuWXYI9LigI=,0
qVlxL0e10M/pCVcPkJp8g2m/ofl2mHiktKzyejpzw5Q=,0
jNX0DBP3Zuk0UeV91ZYJD8przAl437KjMElTDhLusBY=,0
OjSzvgf5G+WRx8mDKZQO4h9JN5qKp1p+FtkvUTxRj1E=,0
fsYyUc/SWFvGVqg6z+69Go17tz8RmJq4BO7Gmmzkz78=,0
0nGYT4XM+z/3rCPH0mDyBXQ0VR0ZG3Aai2adlagyo0o=,0
nOtv5aVYQ020keBjD4I9kOmUC/Uv+QpuxiMFb0onCRk=,0
o5xE4ck1HaK2bb006+HbUo0MiyMsaa/SbBi7c04P240=,0
UFKCbIITiSUxqAx3VZDS3f5fUmKTjPkQM8MZZkyxcTE=,0
rOHL8YkjTdWP5/qPdN18f57uy5xJ88IlO8dV0VFFYJU=,0
BrUxJfeeYtkTG1LBCbbK5qMbdwJLQ/bkXcppyofAzSw=,0
9PX8VZnpzeDt6BOE74Y2IUujhm96AEjiGTGctVFbOUs=,0
7hluyiSt8KOKaeLpQlS44cc8ZriInNcgYCvW1N7P0jo=,0
7aKhhL1vMpRqt50pWOZ1QtnTdusoVbhTEnUp8Y6BiKI=,1
jMW3fwfmhL5bMs7AEOTHvvaexWwV4Vjq3grhC8vXA0g=,0
EcuDPtgaPNtp2E4Bn9TSAkTvasBPuvQUcbTioIp9vPk=,0
cogM1b22H0VkRB8r7b3U9wVhbw4IaCkQ0Ce4Xolr+Qk=,0
JCK5le3pJTFZ5IoVRBwglEa5d21eHb1N/RkioPiWKQ4=,0
q4c+jB13VDR5ayRDyk6Wo9Ooj6ikvSdlqh7h7M1f2nA=,0
EsWK/+QxhNhDUTzYXAX+CYTekRT2jWDA1c4Ss61YSc8=,0
YUiQ17+iU+eov8kHzP4JNmQxEzXulfTVTL4Yb6a0XEQ=,0
Q1VzEaEcT+T4dOZITMaVgwk+XlYjptqml3dhvxnx3tk=,0
uXqyex0syNbtZQlxdSZO0S1db1lTGAV9jMBTDou3XeQ=,0
lCzCz4c8uR/++USL9Qtx0ueYJ83venhRQoH/3WJXuBg=,1
NdQktgQwSWjOm5QVHv5E++OWER/UloF5RIfwx3bomx0=,1
TuoH4MwfJW7ZQ9aoLH4faxrqnr8A1BZoZzeKazSyizQ=,0
8AHLQv/oKtYTvfECgZFzj4o5yn6o/knztMYu8VK/jeE=,0
ymPVljXk2e+1lV1og4JoDRnmrl4JypNHw7JZMb63Nsc=,1
wNVkReD4Dj5N7nkoOin9U8uMhTZ8Uhs6rcbMI/F+HGQ=,0
IeczMBekL6y+vV1BY/K5hSDeYyeVKdoYTe77FQsK8Dk=,0
s2B1JRhJWF4etcS/IrJWk5bQXVu//dOi1q+nw6UeFDg=,0
zcAziDbXPOx5buHY1Z+A5PoqdD0okpXUO64IWiJAUUU=,0
2nmDhc7XPfW7FIMaP+5OMQU+kPuWX2zTE2ZwdvKQ/lE=,1
zxbe0LTfIHM+D2M4cKT6tZOV+zD2kWEIVw/QxI2yT7A=,0
6NoPIsPhivgKHOMTKMmaNmbjMV+qkmsA7Uzsen+Gv5Y=,0
n7evhvYqCwiVOgKRksVLvdnn1jFqehf/vAEO76/gPvQ=,0
ujrQD0CK5BUyLyPt1McD5E7D9RPAt11QDC9X7Q2nAag=,0
8wT+zucMBUppJMW1MIE9ISmcnCYFERZEyjcUuLRFxdk=,0
z1ggYqNj1vWE2ZCXeZpubD/bZ2bKw5NX1HM3sz0yF5w=,0
Ku5QvJIQl3M8r8wg5ZmFkIxOWqlhRzXQfshJ8wkdChU=,0
OnHg3dFutfO7laj360lAPcC0upUaxMxdMIfOJua1Sbc=,0
/QP/7DK2tHbHWwTL5zzWMDFw7hNY2lJ3jPuJHo3BMOA=,0
Y0mb30G5nmXiqF0NwW67WZO1PGMNbG+fTwMFKF8V4cg=,0
80BPCESFDdSwjC2yychaBSP9aTJAzcJfimPvgzjvwzs=,0
8fnuUNzTaBQ+d8G6rbw+4SnFO6kzSi9gm06H6Q64EQU=,0
tU19ghnQZZh9NuGHSg/8zC3AWYX2Jrs1itGAe4xmtvw=,1
ZkpedrsrO5m+jn5S6un7kTlpfTg9/CHphmwaEkqChdk=,0
KqXL5HI8KPUm3xu+pkMMwzSFHxqKddqtDVONiL9cDk0=,0
H+BZOKGN7PcvFnZRITKO7CDfvrNhuN4s5kwJnXGKin4=,0
iK77WC6M4stlLvs8jM1VJCh366mKZbhkUc3J4pxfnDI=,0
69ozXx7FnLhaRQGeigjH1Q4TJt/ZTSU6ZowHpzxK/r8=,0
5IAlE+lu2rfke8/u/o8op3Fo7gGbzhNW2SiJeNQUZWg=,0
fVzG8s1D3isrkyDxXzJJCQpnHhQ56/0DnJk/6W894mY=,0
XbOz+MR7T9ZiPWFggVPL+dw87x6YlpXMguTLx7dzolo=,0
aCOPheJ2BNiGoUzHqpPQYLesA/XSEaJkLCoAjFcZCAI=,0
josJuzfFB5DrHEEJBiYlon9fQqZASxL5rVbBS1gEe/8=,0
4QRBdqANQUlMVjCkNuKBSKQOOgr6sSnpWbUbe3RBvKs=,0
/d1+i2hMYgs0gNxg1nnHtpTK6TQ+BDvO8jCySvLEn4k=,0
ZP5XDp0cW9OYidBazOvxLmkF0N0wn9jCXMSMBNkIUeU=,0
KgDo4hQ9YohSUNTl8ixUT27zAxkjpIQ3h/m4DPacm5E=,0
k6Gl2XACEHt93GFaEepxTpGLjIeCWtxwmgWcq3oF5OU=,0
zccy+cHP3F322PCmqTbszp+AE96yVl4AzZhedjmxEoU=,1
rZpRZUwlHUI7LS9+mrLYrseN7ffuPT00TDnKRqvrqsc=,0
rWYqYynQstHPMFT5EUQM0nb0addCz6NT2ug8MoWbU/0=,0
71hXZGtyWW1SXJl8mMG4wym4jk7SG7+EsQG11Ls33q4=,0
8rP3LtnN+utr6GmgLmeYMfPK/rZ42OM9CZJB4xC8n6w=,0
hJfl3M07KIQ6Cd3n+QXwv4nVDMBctNpO4H4T/XjvHJg=,0
ylXya1aH/s7A9Ukluexdr7+I1ySVwm1UK83zJM6m5ss=,0
NwTH/sIsCo2mu3EK9oEaCxF7j6HwldzB+3LXCh01ZZI=,0
UvbygD9n858nfwTlCItW4NOEmkAyeLg/q4Wuo7TRxFc=,0
dV/gFBlg+fA+3f0/8eIcvokk1tjTxKkMvp/GLMQNOJI=,0
JSzBFRuFykkjHfdzhWpMJ4vN+CKdlimNESeD46mUtT8=,0
jSSfHpgXbCzua6yFzTKUToKFEC38BJjJ0VN2VOj8dAk=,1
XGrD4pxr5Uewt7PGeTwfEumA+TXNAb390GUn7v6zEg8=,0
YY/xJWCgP5c3SGH7KV4ASC7EPjme6Szjb55LvYmhAf4=,0
qEp2AyB/P8WwJX/FUWO1EgPhj2qip8gVH9NmJwOaT7A=,0
cNsLEPoh3aODLH+0kST06qlTlOXGI7CAq4eTq6GmFyw=,0
FWiD35bO9uacDEuZq/LuHrgBWRaD9Hjlwp48JbN25oU=,0
zFlEiLege4YazBShU2R+o4KcD8Pku/DJAW+mtj3s96s=,0
a43AlfJY5BuFIKdXR1+SvcvzfvpNWDexol+209YVhWo=,1
KkUx/lY6z90Mu34lPspArWnsRm1Wap4Rh9plzstbMRc=,0
+/h6LSa4uzjMFwo5x0QgWNu23NVEJ5ggXtfconqnP8s=,0
tpIP84q4IMTT9WbjJ8DCbD4seoiBoLrcgYJ3ZKdKCoY=,0
vNGc0Pbv7lr01JR6ZexsZFcT3MW87OnO0HvsrLnZCEA=,0
7kK3x1Sg47sHU0RFQSGyIpiDNnHa05CzOwi/nFnmkv8=,0
5o5IpXvKrpo2+pevRojhKuA84NRCvlEcSfrQBu5soOw=,0
exNLtKWlKcYyGOdcmKg6Cvlnu1ZGqe42f+VPxrCV26E=,0
UYWh6OcqYietkX7ukAJ3gpS8U23FSHxJFFOmvWtzTCc=,0
YyT0iD1sUUkaE+4ev5oil83lHc5c3ixnWIMeXttZ3g8=,0
s/O74Popnb25SKlkkrzoF5eZF0pY5IqAIG84XdJRTTk=,0
l5WcfwXeHBPohssQx1FNzpBvU407qbPFEOhvBWSoC7o=,0
4wbpd02WqAGMLrGLUKlqnzq+W0jWAsY5MclRQMtOMuU=,0
chccqjn1iSVi5vc9rEFdl9A8onfTVrwXvuln05FP0UU=,0
xKE1TOypuGomdx8v+lwHCb+V4u7TBkcwx5y1zhRRSKw=,0
Cz2GqDQOhyL78pnYt2J1Gq636hyAT+7MXXoU1ezf8m0=,0
l8b1cOXXeakKM67gC8W3z0OyPFru94wblovHzBHYOT4=,0
wBpuCbbng/tpzycCsaTpUTymeSUR3dokGdwQSvdj6mw=,0
Dqa6RJkx+aSx5/6Cb4jtw4qYMze7EoveXR4XhAKTABU=,0
5atK/VIyzGu+YwhckTWaBws4zQnZrX6tbfBOLFKPlS8=,1
GlQz418I3nk3scKdxVfME9ajU4XX2cJRzDcqfIJanvc=,0
Vs11OP2fPsTGpNN3byE3N5IDTTDnWvxkrVxqvLNLW3w=,0
ggd/UCeDczs7rd1iBdKUSr1OgMUbBClHXlbPFPhuxMA=,0
eKnjb8PBRZxgQc0+OraNx9KRLmAVve4E38OMMUNYIoo=,0
rCJSe4m1TIPzclaZR9fjZiSVUJWrRtFJ3N5x7Q/hpmI=,0
PKczTXcac5vjTa3b8YOcbcBfJFN54kmIM/cB8nMPLy0=,0
nyprAij8vKUppkTZ/SrEHwOHutdWUgazrOVhhRW+yz8=,1
mLFBYgErzyRaQd01lLpm0Sa8cUDFORAbMZi/iky2RwE=,0
FCox0nz4lOb4zy1bheQHJ3etp7Y9jd8LRjQCPjsqFFI=,0
4QuW+kRHO27rD3gRl1l/r1jtvypXlm4+UlCHq9IE1ks=,0
wiYj1fkAtZHGPjedmm7VM8R3/TXIHKwL+uI9uJu/3qU=,0
x8lwz6qkzlV3ATYbWZm9u1tLUJuKlaMWNYH4mbq5M4k=,0
hghVNBGMjm/3lfBn7Gqx+EpmnVSAttAQAlf92TXgsOA=,0
epkHMzX4yDqL8ROihz8MDUjU5MCpR1EHyE5Uzeobj7k=,0
gHs8Z1Eta6Xe6V6IS06XXtP1Gky+lDhjGXZSF2qvWj4=,0
SK21EXE25jO8Z1GNy7hnFY73zqmKw54VrzjloU3CNDo=,0
UWh8sdXiN7MKJ6iHcElA7JId7xe07NG6qybO5s/TKyM=,0
XvCNBYx2u8Pwb68mD/UkKuP3xIK/JYh2vtKy7o9ZA3g=,0
IJ9qa/CIQkDmuk9UPIg62V4x7WRpE2m+S99lF8fgu6g=,0
9ji7ccYbDCxnGNKm2geg7JC1ywVdnO8hTIrBKGU/OAQ=,0
LGs6K7GmHCyHof5s20/LHMs0859hreyrEpCFn9u64GA=,0
RujTqds7RH3nKHymRk2fO4znTnSF+0ZbOit3+fJPNB4=,0
VGLbkOLlY9n6oC1bUL+q3DzHNaGc+9snIwFfXPW6njA=,0
1NIoDe3sth/vich2PIre4qjahacus3LDUdgDNd6ZFBk=,0
eb65E8W0bI0BROvIYT+ZJ8uhnKifhf8Mgo4CaC3FgEM=,0
MGWKzh5dpcx9Po0/m+wkBHR9n9jHL3ME+8qsLBlK0dU=,0
drpuz1oSQtfjoS5dyDLipGd/QBS05gtASiMKSuc+x70=,0
4CDghengMeIis0XPRRGZm0fKTlVkd4qS34KRkyh+f3Y=,0
zZ/43wv4aAUIf+F8sfycNjRCdxxBAW1Fr7eWQP4ehOI=,0
edukCS/E6V0A+HdR7WbCgqxAcJpT6XfeqP+3eISofAI=,1
vjj5yHAMM/1HWRhyanJD2a4NleGCPslG3AxjcbQmGWw=,0
g3DLO6C8aW+m54qHL6rRR7pmFA4xIA0m6NldVl+Wv8Y=,0
fYcQvX1BA9kXXjvZUy8qd/gS3JGI84WrKLIjbMLvxbw=,0
IHdx23mmkfK3bgmZ8QNwRjchKkBdFV62vZUGxephyf8=,1
E0NsK70UABai5SsModeSR/24YMUwZAmZlVDmKRUmbMo=,0
jFFKpH0BKYHGTXxEb2lakQupD/M0uccB+tSnTgy8wFI=,0
zdc3zy3Kv/jAZJF+2ioLMu4JpjBG4y7QWWalIMcRlG0=,0
rfoAoOOUyGbZKg61LRTksBYfVEAYIA6RjDiGhIs/oEo=,0
gwBQxo34y9/AnQOF3cPVEOptFL54tQHn4oG38xt8qME=,0
+spx8iMsrYCZIEQn2Txfe12SXPnvqAX51GeUv1UFHaQ=,0
NX8e0D6J3ewdDoms36yFU65doRvFRds+GiNq86ld5eQ=,1
smw8hTD7fKkx6YGRcygvfKT2juv8B7k5cs8JWfWR150=,0
k1o0zcF5Y5+DAp5GwZMlrRtbjcqfEQWKr1D1VLXm1KA=,0
u0a7yuiuNeTcRCXgv+jDGZza8TTcnnW85PZOPN+q6x4=,0
OctKGsuCX++NdzRsbQtbzK0MG5LxZWimuGR0YooIIoM=,1
FheRCkGGFiYQ1XYq4C/1w3LIZpLLVY1dQhaEeKNDkjg=,0
pFKj3wvM0BHago3/erOBDYE41gMJJZDHngYrwIUXWgM=,0
IyVM/nGvj/xVRyjm9LAHM2vzRvm+g8MAkpDYgmwnBcA=,0
rRIR47bYJ3OHh+LR4Xe87OuPyBWvi3P54PdQ7R+OZyc=,0
HUaRVkz26i+Uul+bdFgOseTvLG8Ii1FMLN8TxM8hvWg=,0
tKYg/hMo+QJxvv9HrGRDnKMgojD4QznjREEKxgIV3XM=,0
g9pUQe2JGZTrvImYmMAdNDWLxq+fCPp8NDa8+VK0pkw=,0
Pj3HGdiBVdwM+wk/urJ97F8djj2xcU0wkYkZfyEiDRU=,0
cs75JJR+IBUFdBMFzultTSeQoQgU0E1arB8Mct1mERw=,0
qp1TQlZTkAuc9/SgYF+hhitpEC6FqC/jKxWSWGHVWVY=,0
9O4wyMGQBc5dv7XElcTBqvlWzhZGUmJXH7hHLNNgfU4=,1
bX7Lt0QVIqSicTuAE1T4gXulU5a6wCQe/MLkm0rhaS4=,0
mNn5tOO0NZQxOzaiuJ7oHVr6bUjF2YJNFywgfDVOct0=,1
pTREmg2vVfKJGwXjMhmlWLarAakY8p5ic0q1LozrmZE=,0
Lv3pQzeuNG5L6GZw/T66pRXt1wjMgYMrWSt6ASiUVw0=,0
PVxdWGilU9Z9RUQwj4WxpnjVJSPWanj0vYrq1pgOvak=,0
LejwTrAt9ZnOMTyvyyIjHdLlWBpUDWo8rX4VFz6hP5U=,0
yWLuYtzvLQ2npiNwFST1geap9mUAwtkl/B9ul68bnEs=,0
qOP+MHjJk2zSj/PHyJBt36yzZs1fTOr05u6eviOXlvo=,0
zSqDvuXG1ug8OmNMzPZEiV40WloLKwXl/pVbx/Zv5/A=,0
SRfryN6XCzfY4JV6aHZ2iIWH0Vgb3iDkg48IHnvOFHM=,1
+gmdPXpJDHS01ySEPFvTrb4gFXS5/eXaT93vaUu7b5M=,0
q+rYXP72kG0k+d4WfBdW36imiX4VDPzTX7jxZbWoCHw=,0
0kI2gjWs55gKeMsSmKgAzz94TBZySiuu/ehPNNJ0j0Q=,0
YzF94BpiYl2or2hjX0Aow3zYfLWT/TumnWZZaU2W1pg=,0
qK9xKatM7fUOMo3tyXmys05SWNO4Qqr3YpOPDEvT/bg=,0
K79jfjf1gVT6D6iHZlDjlAj9wuV34HKXxj1PJCBx+ic=,0
NtkTIXRDLcLgwcEv/D2/fC1wJZoPxkLl0Goso9y0slE=,0
mZpabUYpjLGOpsKebKjVRO8nNaQf3xKcYqy43gpouVQ=,0
Xh/0mr0uRHtTEBvX6l0oVqTSrdHMCYg5+G1pfxOcOZk=,0
Jri+rBhqrZviTYYHs+rxL2yu6bOAqYVdeQWP0Ev5dO0=,0
0GcothMyoJAJhzUscuOe1T7Q3RumUtHWAMV48FdOOS8=,0
hh6qtgJOuykeaRvSUX+u1ZgdrLFQpdFQw30YaNw+t7s=,0
JVdkvJ8VBIs/TU1rFvhIxgkfr5+dWfCtdGBKeWn7id0=,0
+0PFkru2UpsbwRoqF6eHpLNNUbfhJax1z1NjPyJwZ1Y=,1
tvCvt2fSyIX5lIz+bjEcpbLbBaLStGM9hhHSzg9yKoE=,0
Yren1L1OkodGc1cjdS/0YTWoM3r1DQxiP3qrIxe8xBM=,0
+nzUk+sl7saNtDtwhRK8NT0cJPbhU2HTItyMpTDuWa0=,0
S6WDXtaUYmdfuKBuq8ADmB2bQACBNH0bDeXiNRghXN8=,0
o9CzXCDPi4QW55ZbPm0Ih2Uot7FTEdIxW8gp3ODObhU=,0
l/xrKgDI/WmzSH5Tl6pj0lplN1tDLdD1Gvv+Xu8M+xo=,1
FMF/whcIUFRwQw5wpH3rZfwlich65ygYPzm+t1T3/Zo=,0
gWBGMCrZ88vDNhG+qQ2dnoJJB3XbyjgmW3VtxTRP9vo=,0
ekj5elQAmUNSF8azGWx01HK9QmjP1/nt9CE/YNZME4M=,0
0Y5DWhaqawKiLSD3g6KAv3n+ZPOCRvbwyjABx1mc8FU=,0
KF2BF9fhp8nnNufdDhcbsylAMoObQrSWW8r0sn3Euh8=,0
0jdnyVd7nWfKUZBidg6SvuI9+Npny14OeF4B/S43Vfo=,1
VjaMJmZcDhwAq6gEdB7RZK23qgTt1M4j0BWNUbRJQMY=,0
h+mI+HJbk1XBAcJ5Lw03sc9R0NnOSWfjJbby6g8SNaA=,0
CPSbEgB+Ivs5ZNjpZpa2zlnW08mN+d2A86pHYzoUSko=,0
4zmxvOkWj3pMgWRz2UBoVO4tGJRHStljqKBLnHVWBrI=,0
vBwCeFg9fNh4DxoN5MRWysZZM8HBUq3OqtLEZHEVod4=,0
FO7uI2S089IknDPsR78bFv/3TXeSlZv5w8NU0VDbuvI=,0
qCL2sv4DQ2xSkZVpTKgTq/iINBhT8/xG46WnOoANVj8=,0
08a+4Rkl1IFSU6Pzae5Qfl1NklMWAA91WypZYgZWkw8=,0
ytgGmQM+koxgOKaGkqu4b6IyjF49K/AczMSQymmI8fc=,0
2hzlem2PTmazETFKOUjWQDxcq8cuQw55sESCFiIG//Q=,0
oYQyyWI//H4GcxMEQf7IsIJtjmhRcxqwnYaJ0/N7AlU=,0
9Jmsn2WC4ibiSsKlm3danqzTMRtX6kqE2yr4y2iOMzE=,0
brx+aGca3afRpxOdMuliYj/OzwZhpjSR9fUnpecC3K4=,0
qTtzi5aKPPx+nxnmRAcXXkfhRY/FY/3r0s0VzxIk8bA=,0
fe9DYooVZXpg0ugU7Fs1+0CfYPvXd1drsNqgsBIZpiM=,1
c6Fo1Ami3yS3NUHxWEfJpPa5yJfy6MU9XPPtKyNazww=,0
SAUeO88AkHVrD7pNWbFb+bWmMUh/WjPZTaAU3wMlCaI=,0
nnrIeJ+Ja1ki77rgLJbYj1J8+g+OBNwykquKq5EwHWc=,1
3CA9ITogPgELCy7/YyxbTU9deLPztgquNgp9DRLP1C0=,1
du6FKLu2pdHCVd9AWpkRYEt44SkVRI/bBSZ1yqb10jM=,1
E7jIpe+YEUgraCOwgT7XhD7Hf2+mBjv926GNFHdpoRk=,0
G6YbDG0LysWqqneD9FT0U8jwzvQvdglFzGlWqApqRSc=,0
AZd3RnrMSn3klrTfrnPWnzW25MN0hB4wpqoysjfn8IA=,0
ZyloidNl6RG0rvSiApzqJb01hrJKT577K2tdmmTGPec=,0
c8Eozvswhi/nGK7Y0YOJ8QbAy776S8Z2Omi37pBKG7c=,0
5o/v84zlPGxxaLWQM4rNtCwYF5eAEjg6DhJ+JYHS278=,0
YAGM+WSzyprX7bVL7Bl9jzjOcuHTGhREj0k91Whm2ZY=,0
jrEvsD64sATV2mh2D81b4tmnmsop5Q9ogzHV+lNOCn0=,0
99HVsfMR4YTd3ghRAHw4PtavOKTeWs+PO5FlheNIHF0=,1
IbUH/pLWl75AkfXMPX9knSx/7igTyS13TL+LE+dbP2U=,0
S0kFldr/H8MzeoeLKEJm4v1yEssPAeJW0JCGfdIrGjo=,0
tyjglFSFkAe/OeFax2PjY8OOTS7mcTg5Ee9Os4vaFQo=,1
+3TRd3wrpfNWTT9FxgPmXYaINUFOEV4/KEsjqe2XTLs=,0
iDCMGa1OQA9+MT49CJu81W+JxPWSq/LRJ10ioxwuJDc=,1
KmkVcbwBl8jQAeFr42PQb5C/bBULFIyqG+0PIWbMVJI=,0
A59BQuAtZcT3GR9rwODpajZqelIHQktBzo41Tomzkt4=,0
UjSibuNLEQwffISjTNyrst9qEP6CY+4uMskBf1VG/7M=,0
HUmfwWhbWRlg4LjalOzAINl5vT6IKiB6ehymgcJm8uI=,0
v6eEbfB44dL0zdmbrXOZXdXt2uPk3RGyjSGDt3hmEEg=,0
+R9eJJF6XJbeyfEsWBdvl5EpiJBL5YuhAl4LuCpyBzg=,0
IgPkPbItRy8nbqSo180WzvlSlPnimFe8caU7PrK0xsY=,0
Mh/PWa4RUwxxEFo6lNRm63650Cmqf3HQ1lX7lJhxFZc=,1
GthaNDOV7XxiyLrIPAvLIMwm0rI3bBwApvQwH/YWKNs=,0
S7cTwJg3rBPq/xmYY8PpRbglEWHHoPIojs1Up/JBvks=,0
U940F1qBqDsSqRXhlYxd+9hBGXXl5gfzeCmgUrNpZiM=,0
dJdubM4aCKl5Jf+uFr7D5P0VTexV1Ui82Q+fzi40u+g=,0
QiijAv2SAHfuUin+2xvQnZQ+eZ+wvFw/YLIPXmwbCsI=,0
e9nDb3RUZSSt2vpSsR8qbFytBOa1vUjO/uAbtb+z3mQ=,0
UfJn/Hd4zlTNh8JMW12EI8bfnOVre1WZmgvoSdwSfdk=,0
dEPT6Ki6RIimMvKFy2B/iLhNalAIQVvVEznJwqcI5xg=,0
GhMetIUmh8qYXb/E+sVjLIq0jQU09zs3bV32mdvbZFs=,0
bD2Er25HwFbAGAYEbK/WwPCda7TXNN6Ka+wcuh4YPHo=,0
srPWwbJ6pxVFJW67R/3kVk/3HksHCo0wQ1xg1sOOy2M=,0
wqnu9ez5z1w1x85bM7X7SZAj9aJ6CILotwE5NujQmQU=,0
hQD2nOTxDx4/S/Uxbe9pGpuBYRrCZhpkuJGev3USeSY=,0
9BTUb93HPlGV7QV7oaDy0pdOPrxUb8dlNVNZ2UG3Hps=,0
OByQfXFy2SJ91nKfsERhK00fhCWiZQ57WptoKIUBicQ=,0
oThfeZaOImvnSYIkKfZ4NZXWmW2gHfq8XxKljUtY620=,0
s/hBqJe3BMbCjvvx5QDc/1uiFA65rcpGUIyTRKupGdk=,1
4fjo/U4KZZy8A3S1PNOqwmyV+GiZ4IHC0zhnGMx+UUo=,0
3ooT97z01V8Wda2sapI9CJAPqcYQ4rH1UFtBRNTKIck=,0
5qsLR1meqeqqbfNgHsvJzlNF3wtln2WQqqToUwlGmtA=,0
dTuGqCyMcnyRTPtK1620AKFxlffwy7OtXbEB5I3hMN4=,0
CmX2Z9mW+N30AcuWOV4+Membz+76fNeUlWnCR3kPyjU=,1
zIPJ3lxH0xJ2Mrhz8xmat3qY4zZqcU60f0WkQfUKJAI=,0
F1cMpABGCPPH5hYF363cgCfcKkK27ZBf9ymrToJtYT0=,0
GnI1Ed4t83sCXAPp/rW4sLJWmEyMdJiY/1hucnB2X0A=,0
GvvZ8wt2kASqSyinO5CmdUUqI4420xoQBR1MK4SXI3c=,0
pOtv6yLkcJt7KW8sajOLnVLfWgG3l8vd9m2g6Bell34=,0
JBqGOiFq+UzHImcsj4CucXf0E2jOVyEHlnnoWHTI/II=,1
xqJwOrsuL32v0gYNDUxNKMnRf9J3WIZRVKRZKs0sXAE=,1
F4yezs6x/+dTL/Hsy5bR1O31M1e2HKw0josIiINYNnE=,0
1KdWdvfKBGshhrRvvxFk+/yr4yhJoy8xB7n1odcjxIw=,0
Fm1hkUySMS5nQJfDDy+Baj30HcN3r778abD6BaqwjqI=,0
Hp+yhnpS+e3L5EbmYWC/QmOpiwUDg5d/ZgdblKUBcFo=,1
lRhQEpYFfQ7Jwod+iG/PXilJC5TIXMaogwc+FYqR4w4=,0
yvMOqFyY4sv6qLhh1wJNfb8Taz7oYaUcslifWnONtXI=,0
ITy0lC3hQQ4Ui7v+X7zMzL1Lv0cCO16xHzT4Efvjnqg=,0
/OIs/k8u95yTbM1QLPmzTHjHBnBSjkkYk/uA3ug/vYM=,0
MOBy1QwkHjrkAVY3zzqqc/b7uAh7nvfWOaIdbC6pGh4=,0
Bed/hCvgWX6bgYhm4j9AlV9QQGaBtnOxGw0eLLBgAno=,0
sAkVtX8zWGpteh88Th+Pvd2sQSTcSId6Kc9Ll/ZVq2Y=,0
VFWjMFhJeavddyXr0+0D4O8zi58VNkSOxZR6iImiqfY=,0
QycX/dKNgpqgLBZhWjd/iW+yi1JQXFQPEvwlynQrZ+A=,0
XrPXM8gampiYoEicPR1r20/HT2jPFjYCkA/H2TNT6p4=,0
nq50tQ0lkOTnDeNtZ0j32TzRGfg7LMS5rzbIkHxAM0E=,0
n+ip9jJ1E1AefcsFr65dP9eoXLclgO16zrYo5hiFjLo=,0
K6SdcGZv0kwUTJ8HuDUGMM7UkNnnrbwOkdqnd2ZNX08=,0
3yBNvNTwONKxRMV05ZF3cmR917154XOSjHVeIRKMsqM=,1
3KmHwuDJTXXVgLDs2M2j4FtQ9vQRqc+2JBUfYCyWLVI=,0
jsgFcswOv6O+pnCLkcLLF+GiV+LtWd4U6QD+U+oPWMo=,0
qeMCoLy6AqxwQkffUyo3kXlzsAGDVw+IFXiy9JotZWM=,0
YgtSYnzWv1fDUoQ1QK854/jU62iwMrKZWX7ElLOXhrc=,0
bA0TP/+j56UenAVBy2M620/8NTtTRZGr1D+gAno/5RI=,0
BP2P026eFRantmfkK6b900WiVyTMxQcCkxykowrtYno=,0
OQ8Gvz/3fUXAa69JQfU8H6KR+y/q3U/4xHYN0+OGjM4=,0
PHYz3AJZ7n5pJ2/xU6T7Z2vtng7bPMq3ccfVpHelSSk=,0
y0no36kMbDYtZC9IvKLH6jxU9DV0hmQscbpGXBsyKsg=,0
+B3nmAtlBp6+vSd6lt+qoQsjd2RuehuhmnbC9J48jMA=,0
ibs9rGZcRTaFz9oiNVpc7H+gP/auIL/l6hGMakeiAYo=,0
CqtQAPWERQPmUcZ16EoO4ai3RVkT4dh9OWHCm6p0Syk=,0
vKd3yssHBgd+wvVWIqkM3zOe/LLBwUtFCj0D5N6L90U=,0
1mnoDbY+Nu+Cim0RJHH1hu/KqtpbyX1aGk7LgCWWOtY=,0
2c1cJbs6Qq/AgZqyChN3QCjny5V25s2SfD6tvEbQtrA=,1
y4NwDNT9jSfQ9AG1lHM5mRgVAMNYWitusTesQN5Xx64=,0
t4vFx8KKsrmllG9yFv4UEoWgI6NkN8fEUf+SpOoE2Zo=,0
AxbvYtZ56h9sqWFem4WfcWpdqf1f+ZXr0pyKt5ras3Q=,0
ygFHtU30/BYaD90IPUlHNPt8QsR0U92zLhhL4wrLzgY=,0
v1GIbFn4rgcuLRhDTaFhQ4RPR1f+OYjPF6OjI+cx+1g=,0
8r9IMqAmH1etP2nWIXRKl/Yf9cC/d1Wt0ijm3TyiOkI=,0
Ga/AgJKZ55Fj3Naa/zlJwF4s5mCHpy4/AVLWZrzVC4Q=,0
AuOvRlvW1tVjcA9q3E9Lca8AYkXSGrTlrW38fwf78EI=,0
MIEhg31VnH0ym8xPdPtHo8a3QZrsRWm3Ufdh8AuNLnE=,0
X/42GOU2RvJdecekZeEiIgd3DVxFDjfxcNGtNAWBpac=,1
Sfz/YwL1uqH7Nftb0txWsjH7RTo6ZHeA5p13cKbfuKM=,0
bR/XL+wlIzearXKmMREB1HL/fCnzSuBe9BU9kGkrtLc=,0
28cAsEPSFVEewKnyNLeYQEVHdpuWqLnzxdDHcTZB4Ag=,0
61NFTGbBpPNxybwyF5zLnAmaEng1d/HhsGTuTQQjPlY=,0
qtDGDSA/9YwACMsnbGKrUwOikWulkosDcpP8yq23Dvo=,0
sF6zFssKUC82V1gTfNLYkYM2+e8/qRuDM9srEgd0H8o=,0
SNRMObMsxifOrBXZ185oyy9Ok7evbATcVw3scLEffrk=,1
hhuDBi3Ea/2VjKlSHGQcQVHMIlJkYrQsyrhYJV/B2bg=,0
r7GBjRpIRwe6rbJzjbKIQiz/SKAwRxLYRjvzfH/i0hk=,0
2CCcPrylIcfIhpKWZmcoi9JDHh+W8Cvrfgi3ghh1WHQ=,0
axuLkOHdNo2uP6TrYhcgvTUD+/msRWZyfQlXpnEiulU=,0
T4xiukbN5iZHZc3B49FRlheTGvjdbVa3mEpwHltubLU=,1
iU9oj+CZYMxhY9YmYFKS9QdyoWZ0PwVJIJ2XlNG4yCM=,0
kzZl86f4kIsr9o6WDPPZQq9c1ewRqs0t8abGE61+BAM=,1
x87MWL1t/T+2Dd+VjxV1JI0g14MwpD5G2hPNh9pKD8s=,0
+cRgyJJJrXfOLZdOdXQAWIbYaJR7XCmE/YxUUtwY3c0=,0
o6czJ9LHJEM9x7xzoYEQ+nAxxPmd/FFZ8hbnqSxHEXc=,0
Q3fDxbLEdEa3lEnBUaTkfSkYFloBVYAGnRvyUgrt57U=,0
avHRAFCU3rvQT4QsebOlpwxXtb8viBiviwnbpT2ERY4=,0
oczuLUQh0h+pci5fzzlzhPnP1al8rIWFtaU5IZUoK3E=,1
CoxdyEBHEy4bzcSaiA3nP5UVpVcpAL3D/iHN1OS2DOc=,0
4gB7oW8DpSCSxXcUbnnK7IaP7pZ03sd9CvOk6tDZO5w=,0
2TRjgoFS93S2RTP8YV1tCC45MlbIBj9coyYvHuj7XYo=,1
PoVi8LE3dWR3OT8PFx38P9sQFR9UNA6FHSru33gExN8=,0
Wd00Shniktgh1QkmTOStdIOQNiyx1Rh/y3J8qIaLs/8=,0
ndJO7KhqYVCSzm0e4cf+t+SvM5MSCPmDwzw9usCEF5U=,0
xPyrPgu1v/x5v/5Q9npAYtfcQvP5VS3W4PEDzXYbUlw=,0
K0ar76z51HEYTHT0ypzapAH773K2RrG3WDvSq04K29Q=,0
snrpYqcC24QmBNq2c8Ty4RvBSGSr2gDm7rgmlZ2LMXk=,0
uekmdHQJzFamm8rxY2QCS8ciTvgzozKm+TYT4YTR+9M=,0
ucK1LoImCWpUGAv9vqOhSQBpSz/zJ4eJ3FPU1YZgeQo=,1
+wjJvSbOMPsRM8kjaUCimpRm7CZrvmjKH4HR+Bl1cWE=,0
IVXUnY7TxWZOlBevMmm2WKl/9p36r++aeCipXFfXzQQ=,0
VDTXSrLtatipSnqyP9BOnFmOk9Osig8SWJ8xVo3pGJI=,0
yzoQLIFilJpVWEBN6W929n9y2k771nLK9hxpPMrnRX4=,0
soSosnTro6mLtClBazoQGe+D5CZkeQp4mf9IKnLezvY=,0
G/vwn0bVMWZEWJAMomSCOgByANq/UO1orIXFf/SCcG4=,0
WeYmONwLA2QHA2e5Wbf+k9dvXqstgtQKThyOeiImEMQ=,0
49dhr3+RwF8s2SDN4bhuCp82yYoqN26fpYVuX+XR0ak=,0
mR6eBkADhmwzniPZyhh8aQLYrRkcBpMftiEDQAMZtwI=,0
V8O0oi1MaPA4GRRiwKot/3BSSa7JuRfhPcqXs//sXCc=,1
nWZw6OkPfl4PPglinHDrjkgf5RcYebEGB/dnJ+lPe2A=,0
ifSAA1D+7huOU2afp62VyTfCPx+6+bCQSYHShmgVVp4=,1
rbaAPEbFy/OmfA2RDJid5B4j9TzBj72+4FWb4zx2hpo=,0
OUf+Dj/0DcMCFU8XOTwqGdbw2jG3uarKj+hxiCDhiM8=,0
T/nCllTWMtbFjoDrrKx/JC7qFWjg7Dr8tfivXX6mWRI=,0
n/SFy2gDVM99vIvJsSYzRh2FZZFFnRl5uaLx6FmzgjU=,0
8lDQ4MTh4iARfEKbSVuVadkVih7kQfPcA0KnOD8J0No=,0
bGhWgS4I+U5GF8cSUCzMuTD3hizwCQZFs8BhJAqrioA=,0
i/qOzkR58Pt6vpvUXA27tN4uRdqJuwy3J88HEn2aP4A=,0
wzj2RdGrRQKy0lHqH47ybhB1rpv+tDh7DZZzY3LZRpE=,0
rlpUJYM3w5ITkWivfE7N4p2+CsyZencOYYZTPCSAE5M=,0
Zj0GMh2ySnhmeKWlC8rurCidrL6iGWE4iJ4MvZAffqU=,0
RZ58qAeZHNAjobLWN4YZ6VsXwXG7PeZR36ysqlA2HFc=,0
EgVDMor2/HORcbgIGbncbkcLr8hZjcQ0tDprfDy3qoo=,0
LBBbquMqttAWL4Bpfq1v2KVEv55YeD56KxACMs+Xv1M=,0
FSGD5l2uDnEt6QKXILjWkcS1dS4TqfSPtwxGQzLqOIc=,0
72bH3Y1dTsWmae/TWZinLYgqIAoTKLAVdoamTc8ua40=,0
RrOVVPVZtKYmgtyG/IOgSs50YL+qiLEWjxZRWBkIRq4=,0
oIE8psF4R3kYsr/WV6jPZT0Mq+5dVvZ+JGNXcYuIUAM=,0
UO4MHU1PkFZIcY0OGOBcKNHseSwLPWqLw4Ze0p52Qwo=,0
cKjziQy9eLBZAslRXSlURm+5ICYCV/QfsBLMQakE8x0=,0
SHm92CIeOW/USmTYMDB3fY5naoeia/YxmoSE4wauNOU=,0
+PW9ofkAxxsjuC5mqlgxt9OKqJr5KjojEK1rEwcm+UY=,0
j9z39cXzGl1I4q6+LeHv0KNRTR0i8ss2CQh6Lx3YI3Q=,0
CvlrGNLcdkJr1xP37l2BnDO6d8u/ndbDkQFFb3R0PQA=,0
vGvgq8VRyK0UPFL5I8HUTAFHhxotsrGY1Iw0AwkE3Go=,1
63OIZ4QCpl/xXl8NjfIGGfTkJo1aDvoSRoY4JOBm/4Q=,0
DCDGJVDw16jeWvW0aPRBoue4hQnXwIZJMvLL0di2aAw=,0
VxTCks0qNTXR8ijKzYmY1H/VYAbWuoSHr/fuYzGwemw=,0
yNKsCQEHUhintyZkdsjYeFG0N6h/camSflk5tPlC+MA=,0
K5fQLJyQmt3EJ7DXsm2Qm2NmDlwc7x36rK7pbfX3Jrc=,0
b1SUSwPExjSqvZy9mvJDk5HhUvqExtR96GTiKj/S62M=,0
FblXodUgBjOFmxpmjh1vulid4uEBfw42VE4zGNalKqU=,0
NbK6RBBixb1xYO5JJcfOSAUHaR91pVfl6kcHg2k7bxA=,0
ZnkodARhV9DNoHqNuK+aztpPcorXCuYFqr16dZ8Y7cw=,0
nMSll2JK+dMJp4BO2uo7j7mEcFpFIJBDday6Gakg0sA=,0
l9qTWl2CKUDWJldCbMnaSFYAz53GjqAbreySU76YCKM=,1
V88v+Uu1fbGN6qxp5SrkQiGb6RGVQTq9WkVrfBnVsdg=,0
8Ca0/1+407JGB9HrpPY+Y315aA9+Ftd1B7Z7zFb6KZM=,0
dorRUH8z+RMg2GO+IAWXVIOWhxa53tYuCKowgRPEe8w=,0
WLvitSpMx4RPZXBg3XmHYoq521t3y4iG7EEx5uWPdOg=,0
1PHxWv/UDGuF6Myi0PtsznK2JjTl+olcmoLl1sj31nY=,0
25X/YW2wi0k9k13b/0Scgn3o5xZeXr/+4y9y0Fr3TuU=,0
gSPBBBFHXYJB+1pwdtXLOfh8S4aNaG56l4MsWn5RXjc=,1
BY6c4m6J1vvRbyrqXzJplMZuucXaTJT0wsn1154YAf0=,0
+tr8TGqmPHExpNUe68dL6iHDft5sBKpu8aNRqvP6Zyc=,0
uH+rkcSeOJPsKEZYE0Cz4S9Lmq409irQWLZEh/fgn2w=,0
B9lua6MEwNHY2UTF/l41/9NoQR6Ad/y7EeTFdKb/yoQ=,0
OZgGmEArDclBXhgVlr2QyOtvrH+UtCHIR8honjQbJ5o=,1
UDhSFMJhFKwmv9QQfwFnltFgsPvbQEGWjxltK3yR2E4=,0
qeuA3WMF2/lojApjORjP+oyWU+DDJyslE2CWbqikPko=,0
JxdepoACcq+MVQOy1uFgZpxJSaRjoL5ZSOnTvDyTBVg=,0
UrbTVwhgro5kdpiN13QhSIDBbyW4rQnlkIsljIh35+4=,0
u9m1J9vQXrPUL7ZZwcoPdrx6KmnKXsZkklGp8RHw9Os=,1
Tmp/BQp1esPw12D5SwlqnGmxCfTimwxgFc+RysR+ZB0=,0
3LQcCqScMOn4uw+iO3KYIZ4kDlcUEDfyoWQz1av9JOk=,0
p36eDMbUNv4EFwIbmNVOdTEITufFNGHspt5yKa0JJYk=,0
3hGjaRs/o5SKo/PT8uuAuoOVz6ng/KgiYaK+g7OCb6A=,0
maM+GAEZ8117fK6Rh2tw343S9v21koAQRT3QOMudIis=,0
lJrkGpp8XYsqrpqTPm2W5AbzmQNf+r6DjkH03bqwSSg=,1
s9As2gA6ZX4GMaeWDl+untaOYWBct5n7txJtOLRu1BE=,1
zxUA0ljhckcZOx3eZwb9Q5nJ7nNGFo92PzLWbbsJW7E=,0
z6XNm0pTY55ZH56ByA+OKPJSXrc5l2nCIOTS8hZYbc4=,0
46UK15tauCVM4RxF5teMeFUCvf/tSiXqsslgSgvYxXk=,1
Z4H4fLlk83N7M7xrvQfcgRPkllotRdxw1YZ/SFM5R9I=,0
g+BENkxtTT2OesuEzEz3SqhxVFj2pIwEIfQE+uYK8v0=,0
OAJPYlqmFjVNH6kuIDEU77P/Flsyu3Ns6FX3RDGkaes=,0
4UxGBxgI1OdcTSFOTWJaZRnKXhLS3ITb6hn7f2Lui5c=,0
oI/Xv3LEFbAJm/aV1KGUFYNG4Wxc/bmQ1wqdvumq/2c=,0
skfLrR2HxEdU6xoEmpGqAjt4WplmwIen1smP6q1e4BY=,1
sPzE/PlzSPBxLiyzU//QJPtZodbbGWLgeoTlgNVG7gk=,1
qUuICaW5cTlxPwZizAnkpP3Rx81n43OZIRC9SN07Y9w=,1
sIYmcCz8nKxyafRuvGjb7oA2Wi+7UeeaJ8EzZKUAmBM=,0
810IKzSrestsOjCFXEViZl11CWUlmNSCXDPgONFLOss=,0
ycxkkCJQVFzP8J/59t60SkiiIz+nw0wkH8P4U3Wy35U=,0
T7JZt3HbC6N3lrLdE8C9Le6qp7gZ1mlyOhNoAHVGNBM=,0
xy393BygRgF0BiB7mFNcOxhMGmojdO9CWgDwkY3Xvxk=,0
SEmgQrVcyDx9nVdD/JhgvPLOp9oayY4ArsGTC+Pk7wY=,0
rsBo8Cge2C+LedzNY3NKe/LI9Kfwb9d+UhUj3B51Haw=,0
qW1u6GaxiDCISq0vjCGt3SjZ7t2ccBVk0gKbBNGz8VY=,0
o2LzDB6z436w4/uyidO1eJZP6X6q1JoX3RF5t8PUFVc=,0
iWUO0SaGvmgPqk/xCSWKrzISZzbi4fFg2dkLmXaPFCg=,0
O+ue/qQddmfbdYGuO7y0kYrci6k5Sh0iZndM1dx8Ups=,0
X/VNeS6smgnGZa34BR0+Kmah6GaAZmzCbtsNlpdlzEU=,0
7GyvBDZy0BU5S4u7l0xCce0KiJJ1huvRNhZMpz68BRA=,0
89hFjrUDAFpeR4gAQA2Wu/ChR/kivAL1jdCahxTkUXs=,1
AM0yvvgNOZHUxlZuMAZysUV2QBvNtnaM2F7HOARwMlE=,0
r4JBymw7pMYaQ32NiXPXrXZ3mB7/T19yIx8pJwGiZF0=,0
dZqsRZtfwqb3BAmq82IWbFOHjxsc9bAQYcXHijmJMsU=,0
IM/OMgAaC2G2f/Fg6L9OH2ftvvCH00QwQtovsEf91PE=,0
fdUY0fz/CfOg6sHqHJmekKXR2BjZ2uiHrR1xAsgNYbQ=,0
LP6bJ3NzjZuG6GVqcbKNjIUEGOnJvVZIo8DLbGLKTMo=,0
VFwj4cmI7+T8C0gzF8LN/xmM9MqWru3rebSz8ikzt/8=,1
5fHA6BGZ1gUOz508bjhyrl/+/OcTEfokuERXQyCt2K8=,0
iiIoaE7aLk4UHni0eW4cs+wBROoSqigxEimw5hfx+oM=,0
UAVkYImfH4os5S5VTtCI54ut7v+g3qCLUPt+6C+tG6A=,0
TeJaar1GZM8oF4h3hHX1zCMQl521KHUg56gyF3S2XxE=,0
k50rdsq3cRjF10rXEosQhIqeM7Nw0XbDD/ZKbxiCH68=,1
oCUz56cdP5Wg5iTlRQuKw/wYIWxO/PTvE3FNl+NIeMw=,0
5CrMn95X1vog0KPx/lgnI+8nHNLzCMo6s3LtgV3EOZ4=,0
L3cFFv0F8ZaMCWAFbZTejA/8k9UR+EGfu1PJvEiQfCo=,0
uLVJrV7ItX3JSZjLgF0fsMEHnlOq6APumZHiur7P/SI=,0
zwR611C3b3eT5yu91uVgYB9Cw/KfyhxBGnSkhCtR2ME=,0
W42pFaWe4wJSfABIFRXHApyaiHxFHdCRD+0RElbZAuI=,0
UWm9dvFma1e7Skdd3bnFDMNWTCy/Z36c++jLCxELnLA=,1
dwMEyfScuTEHWsJIOKGThYBhO40VB7ERzSP72/dsYBU=,0
CHzgqeDNVdlG5Yz7ymLwlPf0ci72+y4AvmJI8FgpdpY=,0
Lj6VQslIuCMvBVt4iWmOuxd6UW0uRmnnsOmHTFo//lk=,1
dcN7IKTqQQCIqoMoMkE5PeX0/+jo24rXnUmwJiMXka8=,0
7Wky2fg0DE9Etb+csDKzSiM/QWjL1NTn60V9YCb5TcQ=,0
Mi/7J0S9qfOFYaJBP8xS21O+yWwpnzdAhRTmdLLjejU=,0
NhXuFKZnpTUDGrhq0uVntSDsHV2JX85atlCVJF39rT8=,1
YYYG6PyQQzAoKb95DNLAZfKc84fyd5O1rfzPlgw/Bo8=,0
lu00nUjZZY3XfJBUFiKInykQF912GFaE2lThKg6u7i0=,0
QSimNLwIlnPZJA0p/DgfJFDvin3eJGRR7H84zDDLq7o=,0
1ThphaQk0aRcl9vbzrOxbpPJ/yZKyLQmmCVHaR4VS4o=,0
JM59GoDHYn6kDTno+mgg1DPLB0Ab5mH24DnVH6D3M/g=,0
j9h1L4pxPJAmzV1fiajAKsHY6TfsSegUaW6j0InaU+s=,0
3Ouk5ZjgRE0d1n9BB0B1mnSSZY8BVn7f816c2Js1dCs=,0
JgGGQWOwhHyyxdHWQ/H0HwA/ykuJjmYZcKNdTyB5fHM=,0
EZuOmx5t1tKDX+Hs2OesqJfheUtSc8CiiqkOT12FaS0=,0
EkJdMF33lIyHwJAqU2aGsgMF0pOozRYwUDBtvhR+F6g=,0
ltCcGgnmo28mqqOJrlwtizSioJdMuJnvcNEU8RQa/gA=,0
kmZrjFjxdoQIgx4VNnOlLVSBpw9/HKTqrQ6iS9zTjd4=,0
nAf+ETA/I+WqAz1PXYcYJzPQ+kf4sB0MIFBWzPZioEo=,0
vA3f+OG7gXskzIt1sK1oSJC21eq8Mvte9m4Xif5Vauw=,0
qRRsI/W5OAC1BYz0MTrNTHx845CCfAwIzf2hTT5U6V0=,0
bKSuT6NPSspxtkqbvDVHY84mfGhbJ2HIiumbCWnvwLE=,0
w1UcgD52POs1OwF9rEJh9KmJ38Q/Q32UTDAftrjqhnM=,0
nMPi6sI/UU7o3LSxFtQ1cKaq1itk+siOOAlO6cxPd3w=,0
gL5PRtnyhFbgdCwK1hn8NrnLsCqvlYWztEp/jqALga8=,0
i5xabRryI7ad7ezGmewBSZnPUkmSgBfx+1jASk+JGFc=,0
MT8N91lnNH55lk0FdkwgLoHQQAoLdUM27w8s5/2p+No=,0
tHTL+j2tGwvXAKU5AJL/FE75dXDC6UIORANNodLHCdg=,0
ZgC0tUnRvA6N6+DJUmlKM4Cc14osSsq74aWsHb+XRlQ=,0
1VjrPQ1aMQLOaftMYm/lKHUMJg8qlDXaEMVP7x7xA30=,0
rmR1fRRI6MJoATp7gMxF/sR6R7NKdTMPL2Br0ilO3co=,0
q2ln3HTZsDL+mtYlZ0ILNWQMpOtczLsHWFUZ08EQGvY=,1
qmGeqDYEVQ9SbBo3ywrTiHirA++7h3ksPv+/Hul4QZw=,0
dOaUE7ZWPdyAr+pF8a3SRVC45cHu+9k/sy2PC/hBdmw=,0
BApBpDKSIx9X0MLL00fRxfqzPRFUCcMtqWS1PJrX7rI=,0
37ITnVJIYbYRU64tprcmHl3z8/5DLULS09tpktJUKws=,0
Mbku2B9m4uCytVi96XwT3iR6Sl3VB/YB9G87wRPULg4=,1
CgU0SU17435rc62anK4ljR8UukM7++hCGAMn65lIR+w=,1
1qFVW1syy+VxbDEQ7ErwHm21Vh2f7wgkoZWK4ite0Uw=,0
0N54GbanL+/E2TTuyiJc/VNPq6N86gB8+R1gMfXhck4=,1
cJHrA92lIyaV9l6cSYmOv04SVqJK4mUqEQExYy9e7fk=,0
g8/XzhHPTPJJfqdr7siIiNAqGvzRZCTeRWMg1H4fkQM=,0
C2fRfrHNlyVGzg61hyvuntIAbIvHRYuCjcce0Tua+w0=,1
d7w3bcW6KEUTKcqXFyKctVCISd92291gprBqTv4EjJc=,0
aAjVhkCBmtXiYfCJSC9xbFcQ7DAS0r68DWRjwWMWOgI=,0
jjr7zdD1DbPDIx64soE/uneWEpcsgyCpM/PJ4hya+BA=,0
pNNHf34kajerdKNmYAO85f9erB/abSE8UnFj6F/p4lM=,0
NbvUXfrpBqA3lZynVwKfET/Q9hBpUj/luOQmAwh3Y0A=,0
acS7MmiaY0D+o681OkdJ3f1nY8abp3sTazWJ/GQYyv4=,0
eWXdHMSFmDKtvYNaRW2RJy16D5EgaALAyfJxSfz8e/I=,0
iD8kKbL3LIMD385qWJpn2pHAoksuR68y76cVK9Nxe0U=,0
FUe52n1tEFyrwD+JD9WlEVK0cmg8/DR5po7WGLW5MNg=,0
pUaoVoruvQkn9VzEa/Mv8XmOHn+cpSAcJ9f48AHGRxs=,0
szLFwbM7xkn2vUVv5l4+PI2CHDgayenbhlwiNGSm49I=,0
qJ7YLXUpwEJKYQFbMzsSzetF/QNmoT15VqknJOtfILk=,0
9J8Qx5dZPo8twUqNroiWIAE3C/bnblA5MGABej5AZas=,0
S6XevGtDIi+uvDfcGhLrm2CX/RLwQodLd8PfQOKdQEY=,0
PWotzrcD965oPD+Lc6CsoaJAA9es0VLyP3ny1KZ1+q0=,1
Q64sKuhKE5khBQxzBxGzZI+506RDeKlZzawPoWIjKrw=,0
iQ/XkiQrJZeK3vShcJXgF1u96Zszu6u+Lj6eh5qqB4M=,0
Fl0wNgJpG6cQTRFnYQvLbp8FcO+yK/LWKUgb+Hs/GVg=,0
pw5VEdC0kh0t56cPwUSfz6ZUKkhI9uo9WJf2dOxo3yo=,0
NBk4vkV3p/kXXR4r/UAJJZj1li2tWuqy2dJROhLqWHE=,0
V+Wja4PTKdthf6u5JcMIFFcmCwJ6oI6VRcAV3PAW0c8=,1
4XJ638jolTVwiaMkfeu9CTAxr899STrFWrxmbVVqCw8=,0
b3EzDISMeUX/NBO6Yqn+G7T0HEs4hKxLsVHoRyHC/DA=,0
KfM3t9Y8EOyQ3BbPwPFYvI3tZJpIMr+bPgt2DF1ygPE=,0
C6Uel3AmiwremgQRmzDsLgJvmcS6ZCRyXgvNXNYKcXU=,0
mnIagjHwD/hvrEA/hiAFmPY8nJwx2l41+kBoDvgYIQg=,0
4CHj9lb7SxWYEv8fyXJToZyQJkATb9MWMKz3abulst4=,0
Rx1MHIg/jHVD1DnL0KhaUwI5/vcnIiJP6hrGT9whGns=,0
WldwSS77vSD/Fn2xLB0IhQ6sGof8eBLuW9L8IyOHQHk=,0
ss9XD/Yw8AYeIN7Ek3L07vpj/xYKEiiwhnBQc+wxbsc=,1
eaQiOrbguf74KrLslRgFC7sw9EY0+X3FoMjPouu/AOI=,0
Try3zwfDO6yl33fzXUw40Z/eRGtBnI68z/Jg9fAkVi8=,0
tVreKcLl7N110c0WLkLhNYld/A/EWh09xE/FVkfzu9E=,0
Hh860fle0LVR7Jm+Lo9T3VL9pPdvta6Iz73S9JGe0L8=,0
hb+/C934Rk8NxbSLaAyG/3D1rwICVU+NWfXh3Z2/IHU=,0
3mqC062+g+kZNbcBdtLm+TNN1qZnjDAQJN0xXq3vDqg=,1
9M5t8s8XKO3jUEnH2YXEyQN+vGBmx9KTc0BV0c/+x5o=,1
Ia3q/SDj+9HMDaGvAQNbrSunWGtxqbNxoA3dT58aLw8=,0
lqUwnaNmopYIgejIXDf06u/hAXt2ofTAq2xyK2nmYlY=,0
whXh91T4eu7zZxrWeJB5IkbWinVB4uYao6yudPvnxm4=,0
almu/TIsn1TaPYvY61Xr0+EvU7hY3+141hihK34LeFU=,0
aA+qIWMls8YYi0qAoebFOWNVwst7576N1YjiQP+wGHo=,0
sH1B7/h32g7Eg2k97i4SyJ8IgGbKaACYpii3WYtDVT0=,0
Sc6GczDwvO49g1Mtorc8HlBORcRI/9LFIk4hYxbHRvQ=,0
+qhvGkdRce1Qab1mShNOzUB9HLjySe5uCuKEv+WOb5M=,0
oWYThqLp4HNe3RfRiGo0b1TRVLxwU9g0FDtTJviBQmA=,0
rX7oPUJMqa6IbnpmRrNBfCqGqPxICI5AMDwKhfRmqLM=,0
bkCAjH9hkyGB8DdKThnqX9NnX7I0LanhAg51JrjLyZE=,0
3Lx6QKMeawpGZR8YLiJYSRYOrWbkMx9V3ZdJsV9iu0E=,0
n1mRp6F24QqFwiX8k7ZOaxyO6HC5ZpXpJF6h3DLT+yY=,0
dhRRxU6ZvyhZMUXNMYswKIpFL4tBZqH4VngIrfaSSNM=,1
RvTir4PxAsrwNF5zzhkqRdmjNRhrIkP4Uao9s1Ku+os=,1
yAe7X2xIkWdJC5NubVJvUljQaOB1cItjEdmc0P8EMxA=,0
lT4BFBmdRXgyqPTuiz+nbf/EnzzUATfzo4kkJMyq9OU=,0
hdwr73WnjRy9pik+DBn2eMZqu4OpYrjJx5DmlHfqBpQ=,0
ltrJhN6VWxe3hg4GAihSd8PwPKKD70BhHwZw/+9B5NE=,0
WMhilHBqtrOg8SpHOpevA+FZQ7CVhq03S0deiqD2HMQ=,0
L5pFyoLrzk8i5JLE0CyjKxcyj/GWUZx2yso1E6b4ceU=,0
pRjiA7yBUH4XtuBJBVeBjv5KCoZF02sfoGjlV66BEFU=,0
LfMiXUeKvTxvamgJO/d0k2zAX9psZkuu9b47uGxARwI=,1
mi96oktAVQEUYqWwGOXZYeML2NHWSccmgUB+pVt018s=,0
D/RgNTL3ZJDKymM3VV7rLbzPS7azC44Pxtj8HGv+cEM=,0
4efDtsa6GNZ7BtAA4M5NVQzLstNWoEw1TE1BodGSXJw=,0
3ns0py7+NXxkAPRdobP2cTlZil2Zd3mcpxysJOQ4ZlY=,0
oQzWogHJ55WXdoPG8pVaAZrxI6/NC7n6u5c/8OuKvd0=,0
7UYOUSl7sDGliYyr21cdrxzC3SI9kV8Y72w7wA4gKAA=,1
py5VA7gQBNlOlx+6JEKBnCLRFfKBOLdreqjJVDoPF4Y=,0
PnWK8SWSFzwkSq1Q0ZUrsRly7y4BYMNvdrxiaj8Ijmc=,0
4SGw0dO/9xssK8a4gA405rXEeu6DW9y4Y84fJ8JPlwU=,0
OL7qhBt+LjilPbmZQoi8j4FH1/J7QP27hQzIauB5ydU=,0
TuOJAlixaObUVS8NkPLJRzxdcnGmzq4ebRWOm0vDoDY=,0
h0DqJHI8L7u29ql/gXG4mjD9VPBHKXxKiZUviymZ05w=,0
okSl2/Z5xe7o040AOa8JqSV3KThkCwGxfcorqvJgs3A=,0
asxKETq1MuHpWDt5zTr+dcHOScYj12bRfOPJErCmzm4=,1
DhkYyTWqRT74vey18+4AmZoo0gukSFUUiveno1J602Q=,0
3VYdrLsnKSrNeIxZC3z49pdXPo1sTFRwvAZGe4arANQ=,0
soQaVQNv5R1I+/oZGGJAg7Brx+DWGvIOKXuw9zy5RS8=,0
2k2VwUNrTRKP5vx1FTwI4oWCQTprh5BP5SAkkVl99Kw=,0
7cKJOjMPqbEPi3hGkz0Vj6MneGOkdEDxSwgdvdiWebA=,0
dHFEG7ljKJ4Z6GnjCj2vzlh/zUhw5jXsu73dtdVQo+Y=,0
PxOZooDaNcROhERIx2BhbPG5xS69w/Fz7Hk36eG6HBM=,0
xZEypVZ6bentljlsw692t+pVeqe06aUOQG/nFHRJ1FY=,0
tr0XAXInENXjIjc3woovZi+NQKoTiOyNjmIue1iDh38=,1
f6wFbynQ0K2IF4iJNJ6Id3J6Qa7E/SIniWeC+Z8Q3j4=,0
CYk3qKQnsMpOsVS3Rt1jY3BOFE/Wyt5fPxr+1GXf6+s=,0
yHjgVMq+Qf8Czd4R5QDKHvvoucnQdUq6ZYV6Xf2gpCk=,1
fTHQrVONOdHv5GQcnVW7SjuGI7ycq39y2MVRpuaAGdk=,0
Pdj4MgO4AKF9FXaEgdvKibOncZp3MWTvC+/mRh9lxZo=,1
HYm0mhhff5sWxB5bIUWyXO6A4Vo+ltykOnyuk5Tpa+o=,0
TLDEj/Xu/FCgN8Z/JPzmiMCAvbL+k9rCe5hzxOseEQA=,1
gAe1fbhr/P4OJLCs7BvKnZaPJGbn5xS34f7xCtBguKA=,0
4cFuBeGOEdKn4MiX/yhr7Z/BvbdRufQPDCO01YRGRTM=,0
HZsPpMrfsl1kTZmr6uPxWm1x9s5gsKjroJsFQsTApLM=,1
K8gq0HL+WceTx/9DCCXBVnOjxRE0Sx5hBMQ/hTmUQlg=,0
as3hBlpikSJ+qiMF8XxGvZfIA145HQfv6M0QyWRhOts=,0
GIuchH+Qg5qVVuencoZtXeZpt+d2oQSUUyOh13vMHDk=,0
1D9suozeBMorYdOiO4/B6+aRNj4gRmS2wKFrOIL4JJU=,1
u0VSJySvd1zX1TCN7kuRat9CokPdpUaMQQNErNAG+JY=,0
vYQIuhFXyVTrtdBK/tAzhU/t1KU1PObKdpfjC7UE9rQ=,0
q4n2F1WqNHLOmw42pxqCZFgjsZ8bbNQaVjmMre/TqW0=,0
EfuplNWqu9ujDhtmrG93xcSakLoeX+BoIpY5bSRap0U=,1
BQEe7KyfvYDcgErP/te/uV9WYeD2vmQtVIJDUqKikQU=,0
voW/qK9wbbvDhxWwFjgKv5IYzzIj6RyGgOKCujRRUYw=,0
0CaZ7T45DmGBv4DOqGzmGypEwdXe8tZVRiAxnIQUae0=,0
NHpQxrbvfmHxb6kzJ7wxXN8nJgz4dn5UzUD28PzxETo=,0
A33flr9VCxp399lmRnuPkaznnUIRVt3DVx5GSTaT8jE=,0
J3bZVkFq0+nAoXljUP1I/hwRzv5jKzUTqtStPp4JzMc=,0
bp0Gv9Jh1cb7yeOH59/4D2cKATwzlfeBAK05/KWPfIg=,0
I4SyfzvmSwqdAGhHweTuJx9BKH6PJGf7mayDJycjaKw=,0
EjcVM8ESgjxdeLmDu1EIk56ACoa4IfxIHYdc0ztsMQg=,0
AwoPf1MUsXKhcYAhzBH6Zg0DrI5hHVaIXcKUnOwZwTY=,0
p20Pp8LLSS+hhhu8gF96+lNmZq8mcRMKCOpQjsVY5sY=,1
hlzppoY7cxp3SJO9pdawtwaWITZV4puJO9hqz2oLA8Y=,1
tWdW1ytGycObZMurzhNFyRXLSvWg4vJn42Rg8TZTqoY=,0
JxKbSbqfmxJ2p6OCbzSNWvoKdsH89zGVreJyD+bNL6k=,0
pOxns49LVGMyOQrUvt1+afSls6oRVhQLZ5gveE9Y/C4=,0
RaaATQkrvHv2EzX/mxzo2T/FokYN9HcEmBKsqnQTZ1E=,0
uLPXmqG3m+ePdHNnhyYaLt798DhnIkcCHJlFYUpcw3A=,0
c8pXPX+R9zW0hckFfgWX7f1zOV2XKIReRACMsSpPops=,0
1qD64v5afvDYn0Bh+M3rnU43KS1YBlPjfy4hlKq7Sg4=,0
eO55CzplvZvvOiEvdzkqOkj6f9w1ciPxNN9SAbQwvh8=,0
wOYJDdmPSl4x9jKqOVC95Z6xNZzI3kSYqMPK7fLer20=,0
xHSY4ojfc4OC1dNk1sp1kKV3x2fEz4w6KiqPySR0Eu4=,0
tg11BRpdClar4z2PBgcwgEQazKdpFJlZTe12Ecv66fM=,0
cX1a+j1NMvd1u+TDXuH8FqBsOrZ4aw9YKNAGjSfRP4c=,0
DfG0Jth48QWs1i0mVmERBYIAVeh2MsgEAm9y40bGN7w=,0
7nkEL1NaQA7sfJrtJ1UWi5X1w7iZQiYCRhjctmXPigY=,0
Dl9j2+EvKuvFDeKemn6dbVQRP1q+fBzNpDNOTV8Nzvs=,0
s/4GTeqNzrXiRgzj74yoowH2yYUr7K6nm9Bur40vF2I=,0
GrMICZx+yVCbSlxqQ5IkhVfcQCa0/CIqICUXDNPmKD0=,0
ROicP5C48WkBtT5wrxXQWy2tTCI1prXMp6OzCgXnP1I=,0
dy8ErGBkY6BZegM2vv+iRdD4noSdXat8dV/6s8GH30w=,0
FfqJy85dtelyo+nmWg1UKmrfpO2RCCMxx/l1vD5m8EA=,1
yzPVPuodTHM2trwpUiIZ2dnDitW00gwEyLbQt2zhT18=,0
zFaAM/0k3WBH1Fw4zRPME6GrXwP1E/iJdWC411bXV74=,0
hmqqUkv+MS3XN1WbKz6Cxa9XSCy4dC2uQs/oeIv9hKs=,0
Z6hHtcOBzqAnNrrqasnE888xRw0ECicnjB3LYmoAzcM=,0
QKeCfpwliD4WdQl+RGbEZPysHMIXYUd6bWLipIsZK/A=,0
UUpZOayb7WDvmp3bs2dQ3TtNsym5KmWaZtFd/okRE4I=,1
/RH9VFXuBOmtsfU9Y4F0ueuUui+LVn0syXdt875696k=,1
MQUkOsIGoKyl2PTLpjLDaG7HVKaQnWvEAHY6W0xbzWo=,1
wv411LHs1l92vtJiwjHq6CfrshkT9kydfKQAXUJ+nYM=,0
rGuC9yjRuMVjTrRA80tCn/Pi5MC+pXJsuiUBgio/52I=,0
1ln4rjVsn+uV/NhkIAzR+2AW9fvOnjmY7ch7YXiHceM=,0
g7k7J+HzF0zIJG3uC/ZSAa1FSBhh+iBf8jhAqMIZvL0=,1
+NL64LWREmRDbrFoEtCylGBV+C8B2lGUcaHPl5kTlGA=,0
Srk0oRvQd0dfbQofls1WKrwadG6yBEWlz1WMnUlA3Hk=,1
pFL7AiBqpTbY4EYCKzG6Q9fPqTPGSX8w0atooNxdXMQ=,0
LlKI9jA44hy7p0hH1y2mHewalQRMQ5TINNsvBjcWJaY=,0
eqEfP6r3G8pwqStA7HQAwQG1lxGvYKaDdQGLFSM0cS0=,0
NdwLXKvGlDm8VzaPdu51V0/YeG4qSNwlHgH6jHzQNG0=,1
XIh50q5m4dWomo4qSmYCAOweNOiGOwb5oEG4uXTfBy0=,1
/3W4KsBOUlzWPFTXLsQoukoANy+HG+79qiuLHzJQcgA=,0
qgPrpsxOAL1xLQTLOCtvqUKSOraZRNt1mL8VIeBcWlU=,0
MkGMd7IuMfSCDvc8/SoDB7+PZ6kQts44gl/+/+SccwE=,0
8oM7RLfx6woBpQX3ulqWokvYwt5yHO1lt1Sz+SnQVGs=,0
elRbeBGPoCGpqDW5x/9+y/8oTqgQ7QzCBKhdYzslbxQ=,0
yTesUrcdzEMlIe8daB3dynLJhKk1WkBsoNNL2VoVqEA=,0
15Sid0yzhqFuuIqlCJjaXlyDcM57OPpwg1LzFkI2YeY=,0
Gzv+6lKiOdT1DTJp6L8lvDm2pPchM+ubIirb0hQoAXI=,0
f89VvDh+0cB2mPOdYby42fkzldINYGGX+ukpO/fgfBw=,0
Yue8qsqfSmN+yHtDoGRcT7ZWW3lEhKVtPZzddC413w4=,0
+40NZFLVGI96pEx90PCB8QXldhjpYoVSFOOnMxO70e8=,0
jb3y0FBe23PY1tzEGSNgB6nzdd9o0h9gsY3ew2f4CTU=,0
ihqkJP/eql3pEDB9hflCn9fU/duY8GAEy4qXz3Y+rxM=,0
URvQhgPkiRNeozCgEulp0SB7b1bvkrvbk3RXg6UThFE=,0
ccujipfAsvAisWqwmBkYuCOLXxED5UNLrxhbILINgQU=,0
zteze6c0L5h1wUP8ma5eVnlXQR+6O/j5cKSOKkBCvNY=,0
xRtwA5rzw5A/J1qVM6iTexyiC6HLcC4YjrDQdSutsLE=,0
JP7t23sxwyGwj1f+doAs9LkCSNpsITZLk530q+dlV6w=,0
qcDJOeM6ySUCb+JyBAErKi/djikVEIdtsFu0uPJNNII=,0
rHXy4hDydEBeBCNh5pSR6zDGc/CXCuAIfHR5gS12ROk=,0
6DCHEJxQkZvyozLP9Bib2vs6bgcAvYil8PKu/H0rwW0=,0
AKaG0g5OiTizqt+FcyD2pRJCvK01TFRqV+1i99esEbE=,0
/3FZ2yrvO5Q5lvTFz8LxDLOXIJ/BRurJfISK79m7Lp8=,0
6UAkKkb9woWtn/p1ebcM7gYjz1yXYKQxlIFuGuSpy9E=,0
/DTmhXN/r6MXldF4EOGq/0hstlLJo2GPhfkG2W/OEUo=,0
TljYZm8sBM3HSflKQEVrv3zpmZyPpBGx/Qe5DIwPYNM=,0
K/yc2v0mhaGQba86X4+KrAEdM6pwzmNkHGroNiAoDxc=,0
D2T067Cn66AfXq7PjRCUDgBco45tzv4IKlaxv9TC2AM=,0
gJWKko9TbDXsKiC6WiJBbZ1rsYmvqfqmuiCplnc9gQ0=,0
aD+KSIaf7j/vlhEKnJVIGngXCri7C2pIjRmSwiAcEKk=,0
nUtS955jPofRfNqyaRpoynQTbd2w+r3ipNB3KwU7VcE=,0
701zjWo4gi0IdfS5V8oRrCn+nWBDm3zptb5b2wQTdho=,0
Uh/zwFkMCvS5noCgU7XWdLWKOdAtxcbE2FFsI3KVNtc=,0
RuatfXc8HczsZBCDKHgSF9EaZh4PAozBDGiCtATTsOI=,0
Dn0ikofvC8g1QuP8V6eSQ67dwoT4tAeRh5sS/prwKF4=,0
mJ1tAMeEejhbj1+FOE0Kio2rs/Nq5pUS5T8NfTcgCrE=,0
wPD7b4+vi9VMfiVztP0lyll19eIhDA0/xbyMeTccvOM=,0
5OMti+tTSr1/YrKgAFVrgweH9bAC8Sjl4XbXGbVZCkY=,0
KF+rq538Z1NjKo5IKy+kij5/bk+4QSqcR9/zOFl/DlA=,0
78A2YmQTbp8gF139A3qW/pND3vk6gefoirVSZiRR9SE=,0
XculpRrbo/7BcT0a6eNyHcy5F8243qrjn2EJIopy+O4=,0
9R8AwIbJN2s+pnOCHoqkb1qZHR/tVoNnV1iCaxg2V+E=,1
jh1FKEyZlU6NEqac0WISbP2HnsUZGAZa8YH1y8XfknE=,0
CBKx/LuFO2MwWd8SX5cYFRfL5mSBjtWEi1X5QBNA4Ac=,0
24+ikkIhsBgupUsEPOdTbyK01p3OjjHGGBEjr0+BHqY=,0
SNhuTIl3T4C4PFlQ9G3phlpWU/+gxodHqPY63BZVkK8=,0
j4eIxXEi4sbFU3UYxQncfOdlDR+iCn87IVOoB84tq2g=,0
3k3n84aEabMwoPM3V5Tmvz8PcPzLrHbX9pYg4233Uyc=,0
5kdXn8QnZGL61gx6+iPYs3pnYT83tmCMzKDzNP+yRF0=,0
a4u473YEnLQTHVJ23gIHxW7OTLbCS7Zw6V4MP1/lEB8=,0
dDAtlfjGfdDjePuFTfDiCmK926FzYB5aexXmBWOsQFA=,1
2ma64X0Qp3uOmwmWIKa8s2YEc2SZKOjSaIZusl/dK2Y=,0
HCqGkM1nJeh6h/eqqOIs6299DvZr3xk/wP61oTGDVdI=,1
Oc4zh206Oa+pdFaaNnZWh1ZBL5ghRVVZzubbgHibD84=,0
ygBYbCnB9qCC/QBAJ/oUyoyUEC0Kprdtcfr3FCdMa7I=,0
J466fsAB76Y6GVhbdryCdaAkWuuvUuw6CZJlW0W+Jio=,0
gCs/6SpVNg2ecOTCY395HRNpT7fwv0Xjai+BNlO/pqU=,0
QnvUdN5I1BpgToY7fLjCmyYk990DR2NgnDgnuqcFMqU=,0
7sNJ+LdD7S7gmS6O+PqL50atG/NDduvQ/f37WFg7keI=,0
BnExar5r1e5+Viwk7korPTVZijDevn5RnjZLGm5NXDo=,0
b4I0vc5RboDoMApUymsoCpbztQm53svUMjN9HwmmYZM=,1
7ztKmYRw9HKSF5HFQ4zwomrlmutv6xQ9J7yz9V1kcCA=,0
mgzckoa/sgOl0a2Cd6lSnEx+fIwNvDNHYDoIXNlHerE=,0
oVH8FDU/h1MMx7O44UFekmVAZAvLrWjoJbvFPYya4/U=,0
FQQZvveXqFBukR9q3hndXuebipMKWp1ye8psjB8dJ1Q=,0
UeKFqBT/FYx9GJRg1G1rq0zT5Bh6O7IlshOHT1PXOBM=,0
kX4bqts6Puu2hZifWgh3+eWBi0spTZo49ApJxKlxu7g=,0
8dJR9LW109eMp3g2F4caIsWxyKL6C9N+MaUrlgiROkI=,0
gLBuhTpeBdmneupN14JXbjPTMKgxH99ys3LEKAjDYWY=,0
UtBVD08MX1KHOS6I9WtPbTgTCfHDyjhZSeY5znJWb5g=,0
SD2o5tmIeGeEW7BBhzE+PjO2S1PX7v695v25vtw3ga0=,0
lwCMmRshNTAoQ9UEZ8LYO0uaV6uvpe1XOZ+z8TraD50=,0
EK0OSymFEyBDBkFKFleLOPrbCtKCF6w0gnYj2guq2hA=,0
j3FdzcwoayZrniPzBqqPtFxbbaV2OJXZ+wNEYY6xmjo=,0
bF+wzexkAd9dSW8G28Q3gqFdc820V+VY8S6hGKgtZXc=,1
tmlp+hfKEbPiYc01+t7lgavFYp/6VcnzX7hVTKB7YEs=,0
RrdyQYmXfr/yomuXbSu2PL9twkdU5TyjPP71fDp92uM=,0
qCDk4QS6/BTYETWHFnFeJngjZ1A1wWLbk8AGJUBgXAs=,0
0g9cJKmbCkOVQWGRbYUO9ackqzobF6F5FcJAIrPg0wk=,0
rpSKypBlNCPPBS0iF35383QpzMmp7eIM/M08FyVyqwg=,0
nw6U3WXo5YnG2Kf87cw5iuw3d9lBJ3FNq32ojCkjS4c=,0
bLpka86lHRF9p+naJmYJYq2diTQ9qcoz+A3XCcH4pYU=,0
